GPU,NVIDIA GeForce RTX 5070
Resolution,1920x1080
Frames Tracked,12225
Total Avg GPU Time (ms),5.12034

Stage,Average_ms,Min_ms,Max_ms,Percentage
1. G-Buffer Generation,0.707674,0.264064,1.4369,13.8208%
2. Ray Traced Shadows/Refl,2.74451,0.251776,3.8137,53.6001%
3. SVGF Temporal Filter,0.31313,0.055552,1.20614,6.11542%
4. Composite & Skybox,0.0521705,0.036224,0.367168,1.01889%
4. SVGF Spatial Step 1,0.271747,0.259936,0.9184,5.30719%
4. SVGF Spatial Step 16,0.263671,0.249728,0.87744,5.14947%
4. SVGF Spatial Step 2,0.258355,0.246656,0.640928,5.04565%
4. SVGF Spatial Step 4,0.253969,0.241536,0.7136,4.96%
4. SVGF Spatial Step 8,0.255117,0.241536,0.661376,4.98242%

Hardware Metrics (Averages over tracked frames)
Total Scene Vertices,1232844
Avg CPU Frame Time (ms),5.13891
Avg VRAM Usage (MB),3873.42
Avg System RAM Usage (MB),1505.29
Avg Fragment Shader Invocations,6435028
Avg Compute Shader Invocations,12009884

Per-Frame History
Frame,CPU_Time_ms,VRAM_MB,RAM_MB,Fragment_Invocations,Compute_Invocations
0,0,3873,1726,0,0
1,8.36182,3873,1726,0,0
2,1.83868,3873,1726,0,0
3,1.44196,3873,1726,6549994,12165120
4,1.3504,3873,1726,6549980,12165120
5,4.0741,3873,1726,6550316,12165120
6,6.05011,3873,1726,6550746,12165120
7,4.37164,3873,1726,6550350,12165120
8,4.35638,3873,1726,6550583,12165120
9,5.27191,3873,1726,6550472,12165120
10,4.56238,3873,1726,6550248,12165120
11,4.47083,3873,1726,6550597,12165120
12,5.36346,3873,1726,6550392,12165120
13,4.76074,3873,1726,6550912,12165120
14,4.45557,3873,1726,6550722,12165120
15,4.73022,3873,1726,6550639,12165120
16,5.05829,3873,1726,6550804,12165120
17,4.5166,3873,1726,6549585,12165120
18,4.43268,3873,1726,6550126,12165120
19,5.04303,3873,1726,6551139,12165120
20,4.53949,3873,1726,6549808,12165120
21,4.5166,3873,1726,6550075,12165120
22,4.73785,3873,1726,6550266,12165120
23,5.37872,3873,1726,6550295,12165120
24,4.26483,3873,1726,6550227,12165120
25,4.57001,3873,1726,6550879,12165120
26,5.26428,3873,1726,6550394,12165120
27,4.57764,3873,1726,6550192,12165120
28,4.50134,3873,1726,6550170,12165120
29,5.01251,3873,1726,6551880,12165120
30,4.89044,3873,1726,6550869,12165120
31,4.98962,3873,1726,6550644,12165120
32,4.85992,3873,1726,6550935,12165120
33,4.95148,3873,1726,6550068,12165120
34,4.60052,3873,1726,6550846,12165120
35,4.82941,3873,1726,6533429,12165120
36,5.34058,3873,1726,6550410,12165120
37,4.98962,3873,1726,6550095,12165120
38,4.84467,3873,1726,6550616,12165120
39,4.69971,3873,1726,6550262,12165120
40,5.27191,3873,1726,6550381,12165120
41,4.80652,3873,1726,6550593,12165120
42,5.10406,3873,1726,6550701,12165120
43,4.98199,3873,1726,6550743,12165120
44,4.66919,3873,1726,6550418,12165120
45,4.91333,3873,1726,6551020,12165120
46,4.89807,3873,1726,6550656,12165120
47,4.60052,3873,1726,6550667,12165120
48,5.08881,3873,1726,6550071,12165120
49,4.56238,3873,1726,6550968,12165120
50,5.31006,3873,1726,6550641,12165120
51,4.68445,3873,1726,6550231,12165120
52,4.82178,3873,1726,6550569,12165120
53,4.86755,3873,1726,6551092,12165120
54,5.1651,3873,1726,6550519,12165120
55,4.63104,3873,1726,6550571,12165120
56,4.58527,3873,1726,6550765,12165120
57,5.28717,3873,1726,6550096,12165120
58,5.22614,3873,1726,6551651,12165120
59,4.60815,3873,1726,6550861,12165120
60,5.32532,3873,1726,6550495,12165120
61,4.45557,3873,1726,6551571,12165120
62,5.01251,3873,1726,6550723,12165120
63,4.55475,3873,1726,6550590,12165120
64,5.4245,3873,1726,6551071,12165120
65,4.98962,3873,1726,6551274,12165120
66,4.7226,3873,1726,6550128,12165120
67,5.31006,3873,1726,6551911,12165120
68,4.61578,3873,1726,6550722,12165120
69,4.83704,3873,1726,6551059,12165120
70,5.37109,3873,1726,6552045,12165120
71,4.49371,3873,1726,6550606,12165120
72,4.83704,3873,1726,6550306,12165120
73,5.17273,3873,1726,6550899,12165120
74,4.4632,3873,1726,6549900,12165120
75,4.80652,3873,1726,6550224,12165120
76,4.81415,3873,1726,6550991,12165120
77,5.20325,3873,1726,6550727,12165120
78,4.4632,3873,1726,6550956,12165120
79,4.83704,3873,1726,6550631,12165120
80,4.92096,3873,1726,6550923,12165120
81,5.10406,3873,1726,6550242,12165120
82,4.73022,3873,1726,6549790,12165120
83,4.9057,3873,1726,6550013,12165120
84,5.47028,3873,1726,6550599,12165120
85,4.43268,3873,1726,6549894,12165120
86,5.15747,3873,1726,6550630,12165120
87,4.70734,3873,1726,6534410,12165120
88,4.58527,3873,1726,6550471,12165120
89,4.84467,3873,1726,6551215,12165120
90,4.95148,3873,1726,6550175,12165120
91,5.36346,3873,1726,6549774,12165120
92,4.79126,3873,1726,6550449,12165120
93,4.73022,3873,1726,6549783,12165120
94,5.25665,3873,1726,6550742,12165120
95,4.5166,3873,1726,6550337,12165120
96,5.10406,3873,1726,6549944,12165120
97,4.9057,3873,1726,6551412,12165120
98,5.09644,3873,1726,6550331,12165120
99,4.80652,3873,1726,6550385,12165120
100,4.76837,3873,1726,6551665,12165120
101,4.87518,3873,1726,6550456,12165120
102,4.76074,3873,1726,6550818,12165120
103,4.66156,3873,1726,6551655,12165120
104,4.92096,3873,1726,6550594,12165120
105,5.15747,3873,1726,6550786,12165120
106,4.54712,3873,1726,6550327,12165120
107,4.47845,3873,1726,6550748,12165120
108,5.47791,3873,1726,6550150,12165120
109,4.47845,3873,1726,6543787,12165120
110,4.80652,3873,1726,6550213,12165120
111,4.89044,3873,1726,6550618,12165120
112,5.13458,3873,1726,6550376,12165120
113,4.69971,3873,1726,6551249,12165120
114,5.1651,3873,1726,6550681,12165120
115,5.02014,3873,1726,6550513,12165120
116,4.78363,3873,1726,6551054,12165120
117,4.52423,3873,1726,6551361,12165120
118,5.37872,3873,1726,6549808,12165120
119,4.70734,3873,1726,6551291,12165120
120,4.92859,3873,1726,6550825,12165120
121,4.98199,3873,1726,6550663,12165120
122,5.00488,3873,1726,6550339,12165120
123,4.98199,3873,1726,6550210,12165120
124,4.79889,3873,1726,6550986,12165120
125,5.50079,3873,1726,6550121,12165120
126,4.776,3873,1726,6550478,12165120
127,4.6463,3873,1726,6550533,12165120
128,5.27191,3873,1726,6549559,12165120
129,4.79889,3873,1726,6550229,12165120
130,4.85229,3873,1726,6550735,12165120
131,5.14984,3873,1726,6550271,12165120
132,5.00488,3873,1726,6550733,12165120
133,4.67682,3873,1726,6550667,12165120
134,4.95148,3873,1726,6550386,12165120
135,5.53894,3873,1726,6550958,12165120
136,4.69971,3873,1726,6549845,12165120
137,4.74548,3873,1726,6551016,12165120
138,5.18036,3873,1726,6550726,12165120
139,4.95148,3873,1726,6549805,12165120
140,5.00488,3873,1726,6550081,12165120
141,5.00488,3873,1726,6552053,12165120
142,5.0354,3873,1726,6550355,12165120
143,4.78363,3873,1726,6551301,12165120
144,5.05066,3873,1726,6549985,12165120
145,4.86755,3873,1726,6549981,12165120
146,5.08118,3873,1726,6546741,12165120
147,5.10406,3873,1726,6550635,12165120
148,4.92096,3873,1726,6550862,12165120
149,5.05066,3873,1726,6550601,12165120
150,4.91333,3873,1726,6550684,12165120
151,4.9057,3873,1726,6550853,12165120
152,5.18799,3873,1726,6551256,12165120
153,4.89807,3873,1726,6549945,12165120
154,4.61578,3873,1726,6551141,12165120
155,5.30243,3873,1726,6550631,12165120
156,5.82123,3873,1726,6550633,12165120
157,4.15039,3873,1726,6551888,12165120
158,5.07355,3873,1726,6550940,12165120
159,5.17273,3873,1726,6550538,12165120
160,4.80652,3873,1726,6550639,12165120
161,5.11932,3873,1726,6550453,12165120
162,5.14221,3873,1726,6550278,12165120
163,4.89044,3873,1726,6550876,12165120
164,4.76074,3873,1726,6551043,12165120
165,5.63049,3873,1726,6527625,12165120
166,4.5166,3873,1726,6549002,12165120
167,5.10406,3873,1726,6550635,12165120
168,5.21088,3873,1726,6549914,12165120
169,4.65393,3873,1726,6549885,12165120
170,5.0354,3873,1726,6550315,12165120
171,5.02777,3873,1726,6549606,12165120
172,4.92859,3873,1726,6550672,12165120
173,4.80652,3873,1726,6550901,12165120
174,5.21851,3873,1726,6551196,12165120
175,5.23376,3873,1726,6548442,12165120
176,4.69971,3873,1726,6550714,12165120
177,4.87518,3873,1726,6550907,12165120
178,4.776,3873,1726,6550619,12165120
179,5.27191,3873,1726,6550359,12165120
180,4.71497,3873,1726,6550263,12165120
181,4.82178,3873,1726,6550066,12165120
182,5.30243,3873,1726,6550896,12165120
183,5.13458,3873,1726,6550357,12165120
184,4.5166,3873,1726,6551118,12165120
185,5.19562,3873,1726,6550215,12165120
186,4.85992,3873,1726,6551253,12165120
187,4.85229,3873,1726,6550468,12165120
188,5.14221,3873,1726,6550887,12165120
189,4.99725,3873,1726,6550097,12165120
190,4.88281,3873,1726,6550859,12165120
191,4.92096,3873,1726,6549620,12165120
192,5.34821,3873,1726,6549714,12165120
193,4.6463,3873,1726,6550795,12165120
194,4.69208,3873,1726,6550489,12165120
195,5.25665,3873,1726,6551558,12165120
196,5.06592,3873,1726,6550547,12165120
197,4.61578,3873,1726,6550157,12165120
198,4.88281,3873,1726,6550532,12165120
199,5.25665,3873,1726,6550741,12165120
200,4.73785,3873,1726,6550234,12165120
201,4.74548,3873,1726,6550108,12165120
202,5.40161,3873,1726,6550516,12165120
203,4.92096,3873,1726,6521874,12165120
204,4.53186,3873,1726,6551912,12165120
205,5.34821,3873,1726,6550410,12165120
206,5.11932,3873,1726,6550292,12165120
207,4.98962,3873,1726,6550608,12165120
208,4.76074,3873,1726,6550759,12165120
209,5.21088,3873,1726,6550384,12165120
210,4.83704,3873,1726,6550666,12165120
211,4.55475,3873,1726,6550790,12165120
212,5.24139,3873,1726,6551618,12165120
213,4.86755,3873,1726,6551234,12165120
214,4.58527,3873,1726,6550345,12165120
215,5.21088,3873,1726,6550789,12165120
216,4.84467,3873,1726,6551637,12165120
217,4.56238,3873,1726,6550643,12165120
218,4.61578,3873,1726,6550512,12165120
219,5.28717,3873,1726,6550259,12165120
220,4.62341,3873,1726,6550653,12165120
221,4.57001,3873,1726,6550619,12165120
222,5.11932,3873,1726,6551139,12165120
223,4.54712,3873,1726,6550829,12165120
224,4.63867,3873,1726,6550722,12165120
225,4.63104,3873,1726,6524939,12165120
226,5.38635,3873,1726,6550106,12165120
227,4.57001,3873,1726,6551184,12165120
228,4.69208,3873,1726,6550061,12165120
229,5.14221,3873,1726,6551506,12165120
230,4.87518,3873,1726,6549931,12165120
231,4.80652,3873,1726,6550396,12165120
232,4.76837,3873,1726,6550704,12165120
233,5.11932,3873,1726,6550737,12165120
234,4.85229,3873,1726,6550692,12165120
235,4.4632,3873,1726,6550705,12165120
236,5.24139,3873,1726,6550548,12165120
237,4.57001,3873,1726,6550300,12165120
238,4.66156,3873,1726,6550583,12165120
239,4.81415,3873,1726,6550799,12165120
240,5.11932,3873,1726,6550381,12165120
241,4.60052,3873,1726,6550940,12165120
242,4.50134,3873,1726,6549878,12165120
243,5.2948,3873,1726,6550526,12165120
244,4.83704,3873,1726,6551249,12165120
245,4.56238,3873,1726,6551005,12165120
246,5.07355,3873,1726,6550291,12165120
247,5.24139,3873,1726,6550838,12165120
248,4.28772,3873,1726,6550724,12165120
249,4.50134,3873,1726,6550534,12165120
250,5.34821,3873,1726,6549875,12165120
251,4.69971,3873,1726,6550465,12165120
252,4.34875,3873,1726,6550463,12165120
253,5.05066,3873,1727,6551654,12165120
254,5.31006,3873,1728,6550312,12165120
255,4.29535,3873,1728,6550390,12165120
256,4.86755,3873,1728,6550653,12165120
257,5.31769,3873,1728,6550354,12165120
258,4.43268,3873,1728,6550858,12165120
259,4.53949,3873,1728,6550259,12165120
260,5.18799,3873,1728,6550462,12165120
261,4.92096,3873,1728,6550103,12165120
262,4.58527,3873,1728,6550482,12165120
263,4.67682,3873,1728,6548339,12165120
264,5.24139,3873,1728,6549869,12165120
265,4.54712,3873,1728,6550909,12165120
266,4.63867,3873,1728,6550614,12165120
267,5.2948,3873,1728,6550088,12165120
268,4.74548,3873,1728,6551285,12165120
269,4.57001,3873,1728,6550572,12165120
270,5.01251,3873,1728,6550820,12165120
271,5.11932,3873,1728,6550273,12165120
272,4.60052,3873,1728,6550726,12165120
273,4.60815,3873,1728,6550242,12165120
274,5.40161,3873,1728,6550224,12165120
275,4.54712,3873,1728,6550875,12165120
276,4.65393,3873,1728,6549338,12165120
277,4.79889,3873,1728,6550927,12165120
278,5.19562,3873,1728,6550319,12165120
279,4.54712,3873,1728,6550709,12165120
280,4.68445,3873,1728,6550682,12165120
281,5.13458,3873,1728,6550334,12165120
282,4.82941,3873,1728,6550635,12165120
283,4.63867,3873,1728,6550608,12165120
284,4.91333,3873,1728,6550593,12165120
285,5.11932,3873,1728,6549789,12165120
286,4.71497,3873,1728,6551178,12165120
287,4.47845,3873,1728,6550691,12165120
288,5.14984,3873,1728,6550768,12165120
289,4.95148,3873,1728,6550429,12165120
290,4.5929,3873,1728,6550793,12165120
291,4.85229,3873,1728,6551098,12165120
292,5.22614,3873,1728,6551059,12165120
293,4.5929,3873,1728,6551433,12165120
294,4.58527,3873,1728,6549877,12165120
295,5.34058,3873,1728,6550566,12165120
296,4.63867,3873,1728,6550719,12165120
297,4.54712,3873,1728,6550483,12165120
298,5.47028,3873,1728,6550341,12165120
299,4.54712,3873,1728,6550299,12165120
300,4.53186,3873,1728,6550269,12165120
301,4.98199,3873,1728,6550768,12165120
302,5.04303,3873,1728,6550451,12165120
303,4.73022,3873,1728,6550586,12165120
304,4.3335,3873,1728,6551671,12165120
305,5.46265,3873,1728,6550112,12165120
306,4.63104,3873,1728,6550308,12165120
307,4.60815,3873,1728,6551193,12165120
308,4.94385,3873,1728,6550675,12165120
309,5.04303,3873,1728,6551433,12165120
310,4.65393,3873,1728,6550625,12165120
311,4.75311,3873,1728,6550698,12165120
312,5.43213,3873,1728,6549711,12165120
313,4.40216,3873,1728,6550893,12165120
314,4.78363,3873,1728,6550420,12165120
315,4.87518,3873,1728,6550805,12165120
316,5.13458,3873,1728,6550415,12165120
317,4.53949,3873,1728,6550571,12165120
318,4.66919,3873,1728,6550628,12165120
319,5.46265,3873,1728,6550973,12165120
320,4.32587,3873,1728,6550735,12165120
321,4.5929,3873,1728,6550853,12165120
322,4.88281,3873,1728,6532070,12165120
323,5.18036,3873,1728,6550683,12165120
324,4.63867,3873,1728,6550208,12165120
325,4.85992,3873,1728,6550427,12165120
326,5.35583,3873,1728,6550514,12165120
327,4.31824,3873,1728,6550460,12165120
328,4.53186,3873,1728,6550394,12165120
329,5.11169,3873,1728,6550303,12165120
330,5.35583,3873,1728,6550703,12165120
331,4.4632,3873,1728,6550097,12165120
332,4.48608,3873,1728,6547251,12165120
333,5.07355,3873,1728,6550084,12165120
334,4.69208,3873,1728,6550162,12165120
335,4.79126,3873,1728,6550774,12165120
336,5.01251,3873,1728,6550280,12165120
337,4.97437,3873,1728,6550827,12165120
338,4.75311,3873,1728,6550232,12165120
339,4.86755,3873,1728,6550484,12165120
340,5.24902,3873,1728,6550418,12165120
341,4.43268,3873,1728,6550522,12165120
342,4.52423,3873,1728,6550068,12165120
343,5.43976,3873,1728,6550692,12165120
344,4.52423,3873,1728,6550823,12165120
345,4.5166,3873,1728,6551068,12165120
346,4.92859,3873,1728,6550238,12165120
347,4.74548,3873,1728,6550197,12165120
348,4.79889,3873,1728,6551008,12165120
349,4.3869,3873,1728,6550770,12165120
350,5.31006,3873,1728,6550940,12165120
351,4.60815,3873,1728,6547638,12165120
352,4.55475,3873,1728,6550319,12165120
353,4.98962,3873,1728,6550393,12165120
354,5.01251,3873,1728,6550861,12165120
355,4.57764,3873,1728,6551079,12165120
356,4.61578,3873,1728,6549862,12165120
357,5.47791,3873,1728,6550175,12165120
358,4.41742,3873,1728,6550740,12165120
359,4.60815,3873,1728,6549723,12165120
360,5.00488,3873,1728,6550694,12165120
361,4.63867,3873,1728,6551571,12165120
362,4.62341,3873,1728,6550481,12165120
363,4.75311,3873,1728,6550924,12165120
364,5.24902,3873,1728,6551138,12165120
365,4.58527,3873,1728,6549651,12165120
366,4.78363,3873,1728,6550363,12165120
367,5.14984,3873,1728,6550859,12165120
368,4.99725,3873,1728,6550620,12165120
369,4.31824,3873,1728,6550179,12165120
370,4.76074,3873,1728,6551368,12165120
371,5.56946,3873,1728,6550698,12165120
372,5.00488,3873,1728,6550973,12165120
373,4.34113,3873,1728,6551210,12165120
374,4.9057,3873,1728,6551479,12165120
375,5.10406,3873,1728,6549783,12165120
376,4.54712,3873,1728,6551784,12165120
377,4.85992,3873,1728,6550927,12165120
378,5.08881,3873,1728,6550291,12165120
379,4.65393,3873,1728,6551287,12165120
380,4.66156,3873,1728,6550765,12165120
381,5.31006,3873,1728,6550435,12165120
382,4.73022,3873,1728,6549737,12165120
383,4.58527,3873,1728,6551454,12165120
384,4.9057,3873,1728,6550484,12165120
385,4.89807,3873,1728,6551186,12165120
386,4.58527,3873,1728,6550777,12165120
387,4.56238,3873,1728,6551039,12165120
388,5.25665,3873,1728,6550740,12165120
389,4.76837,3873,1728,6550883,12165120
390,4.45557,3873,1728,6550730,12165120
391,5.02014,3873,1728,6550454,12165120
392,5.11169,3873,1728,6550743,12165120
393,4.60052,3873,1728,6550000,12165120
394,4.44031,3873,1728,6551879,12165120
395,5.48553,3873,1728,6549903,12165120
396,4.56238,3873,1728,6550264,12165120
397,4.52423,3873,1725,6550929,12165120
398,5.24902,3873,1725,6550487,12165120
399,8.13293,3873,1726,6550601,12165120
400,2.26593,3873,1726,6550646,12165120
401,5.78308,3873,1726,6550793,12165120
402,3.43323,3873,1726,6550170,12165120
403,4.53949,3873,1726,6550552,12165120
404,4.76074,3873,1726,6549894,12165120
405,4.92859,3873,1726,6550320,12165120
406,4.61578,3873,1726,6550762,12165120
407,4.55475,3873,1726,6550086,12165120
408,4.60052,3873,1726,6550748,12165120
409,4.94385,3873,1726,6550868,12165120
410,4.62341,3873,1726,6550185,12165120
411,4.57764,3873,1726,6550564,12165120
412,5.05066,3873,1726,6550247,12165120
413,4.7226,3873,1726,6550333,12165120
414,4.63867,3873,1726,6550938,12165120
415,4.7226,3873,1726,6550633,12165120
416,5.10406,3873,1726,6550818,12165120
417,4.60052,3873,1726,6550587,12165120
418,4.50897,3873,1726,6550984,12165120
419,5.10406,3873,1726,6550544,12165120
420,4.39453,3873,1726,6550472,12165120
421,5.21088,3873,1726,6550485,12165120
422,4.18854,3873,1726,6546105,12165120
423,4.85229,3873,1726,6550285,12165120
424,4.50134,3873,1726,6550722,12165120
425,4.65393,3873,1726,6550553,12165120
426,4.95148,3873,1726,6550352,12165120
427,4.67682,3873,1726,6550625,12165120
428,4.60815,3873,1726,6550127,12165120
429,4.62341,3873,1726,6550715,12165120
430,4.79889,3873,1726,6550458,12165120
431,4.57764,3873,1726,6550415,12165120
432,4.82178,3873,1726,6550467,12165120
433,4.86755,3873,1726,6550215,12165120
434,4.65393,3873,1726,6550637,12165120
435,4.50134,3873,1726,6550355,12165120
436,4.60052,3873,1726,6550479,12165120
437,5.13458,3873,1726,6551718,12165120
438,4.49371,3873,1726,6550121,12165120
439,4.53949,3873,1726,6550325,12165120
440,5.06592,3873,1726,6549877,12165120
441,4.69208,3873,1726,6551119,12165120
442,4.5166,3873,1726,6550441,12165120
443,4.54712,3873,1726,6550969,12165120
444,5.15747,3873,1726,6549870,12165120
445,4.40216,3873,1726,6551128,12165120
446,4.54712,3873,1726,6550113,12165120
447,4.82941,3873,1726,6532674,12165120
448,4.776,3873,1726,6550689,12165120
449,4.83704,3873,1726,6549987,12165120
450,4.41742,3873,1726,6550686,12165120
451,5.06592,3873,1726,6550418,12165120
452,4.68445,3873,1726,6550894,12165120
453,4.52423,3873,1726,6550962,12165120
454,4.88281,3873,1726,6551079,12165120
455,4.83704,3873,1726,6550190,12165120
456,4.47845,3873,1726,6550779,12165120
457,4.66919,3873,1726,6551184,12165120
458,4.92096,3873,1726,6550728,12165120
459,4.52423,3873,1726,6550393,12165120
460,4.65393,3873,1726,6550916,12165120
461,4.60815,3873,1726,6550967,12165120
462,4.9057,3873,1726,6551003,12165120
463,4.67682,3873,1726,6550563,12165120
464,4.66919,3873,1726,6551066,12165120
465,4.73022,3873,1726,6550340,12165120
466,4.63104,3873,1726,6551425,12165120
467,4.7226,3873,1726,6550401,12165120
468,4.74548,3873,1726,6546155,12165120
469,4.70734,3873,1726,6550420,12165120
470,4.66156,3873,1726,6549907,12165120
471,4.69971,3873,1726,6550318,12165120
472,4.92859,3873,1726,6551030,12165120
473,4.57764,3873,1726,6549989,12165120
474,4.75311,3873,1726,6550438,12165120
475,4.42505,3873,1726,6551233,12165120
476,4.97437,3873,1726,6550526,12165120
477,4.80652,3873,1726,6550752,12165120
478,4.53186,3873,1726,6551311,12165120
479,4.70734,3873,1726,6551200,12165120
480,4.85992,3873,1726,6550963,12165120
481,4.60052,3873,1726,6550666,12165120
482,4.61578,3873,1726,6550422,12165120
483,5.04303,3873,1726,6550595,12165120
484,4.66919,3873,1726,6550743,12165120
485,4.28009,3873,1726,6550812,12165120
486,4.76074,3873,1726,6550296,12165120
487,4.776,3873,1726,6550384,12165120
488,4.85992,3873,1726,6550564,12165120
489,4.49371,3873,1726,6550196,12165120
490,4.89044,3873,1726,6551584,12165120
491,4.97437,3873,1726,6551234,12165120
492,4.57764,3873,1726,6549907,12165120
493,4.776,3873,1726,6551463,12165120
494,4.92859,3873,1726,6550371,12165120
495,4.3335,3873,1726,6550093,12165120
496,4.82178,3873,1726,6550727,12165120
497,4.89044,3873,1726,6551366,12165120
498,4.40979,3873,1726,6550259,12165120
499,4.78363,3873,1726,6551412,12165120
500,4.69208,3873,1726,6550458,12165120
501,4.5929,3873,1726,6550464,12165120
502,4.9057,3873,1726,6550704,12165120
503,4.28009,3873,1726,6550755,12165120
504,5.18799,3873,1726,6550224,12165120
505,4.5929,3873,1726,6552254,12165120
506,4.37927,3873,1726,6550502,12165120
507,5.04303,3873,1726,6550304,12165120
508,4.96674,3873,1726,6550147,12165120
509,4.24957,3873,1726,6550513,12165120
510,4.91333,3873,1726,6550457,12165120
511,4.71497,3873,1726,6549323,12165120
512,4.82941,3873,1726,6550614,12165120
513,4.776,3873,1726,6550120,12165120
514,4.18854,3873,1726,6539496,12165120
515,5.11169,3873,1726,6549936,12165120
516,4.60052,3873,1726,6550905,12165120
517,4.41742,3873,1726,6551102,12165120
518,5.30243,3873,1726,6551056,12165120
519,4.23431,3873,1726,6550778,12165120
520,4.75311,3873,1726,6550310,12165120
521,4.57001,3873,1726,6550518,12165120
522,4.97437,3873,1726,6550607,12165120
523,4.83704,3873,1726,6551140,12165120
524,4.52423,3873,1726,6550523,12165120
525,4.7226,3873,1726,6550260,12165120
526,4.85229,3873,1726,6550678,12165120
527,4.36401,3873,1726,6550730,12165120
528,4.85229,3873,1726,6550276,12165120
529,5.20325,3873,1726,6550523,12165120
530,4.24194,3873,1726,6550661,12165120
531,4.95911,3873,1726,6549823,12165120
532,4.89807,3873,1726,6550506,12165120
533,4.47083,3873,1726,6550357,12165120
534,4.53186,3873,1726,6550441,12165120
535,4.99725,3873,1726,6550341,12165120
536,4.66919,3873,1726,6550635,12165120
537,4.71497,3873,1726,6551083,12165120
538,4.3869,3873,1726,6550732,12165120
539,4.97437,3873,1726,6550378,12165120
540,4.69971,3873,1726,6550227,12165120
541,4.44794,3873,1726,6550527,12165120
542,5.08881,3873,1726,6549997,12165120
543,4.66919,3873,1726,6550924,12165120
544,4.3335,3873,1726,6550830,12165120
545,4.99725,3873,1726,6550743,12165120
546,4.60052,3873,1726,6549697,12165120
547,4.98199,3873,1726,6550744,12165120
548,4.7226,3873,1726,6550795,12165120
549,4.19617,3873,1726,6550135,12165120
550,5.36346,3873,1726,6550288,12165120
551,4.66156,3873,1726,6550570,12165120
552,4.40216,3873,1726,6550694,12165120
553,4.67682,3873,1726,6550618,12165120
554,4.89044,3873,1726,6550431,12165120
555,4.57001,3873,1726,6550288,12165120
556,4.73022,3873,1726,6551038,12165120
557,4.95911,3873,1726,6550729,12165120
558,4.58527,3873,1726,6550446,12165120
559,4.66156,3873,1726,6550432,12165120
560,4.3869,3873,1726,6550793,12165120
561,5.30243,3873,1726,6550124,12165120
562,4.21143,3873,1726,6550862,12165120
563,4.68445,3873,1726,6550127,12165120
564,4.93622,3873,1726,6550866,12165120
565,4.45557,3873,1726,6550507,12165120
566,4.60815,3873,1726,6551402,12165120
567,4.83704,3873,1726,6550421,12165120
568,4.82178,3873,1726,6550607,12165120
569,4.62341,3873,1726,6549880,12165120
570,4.50134,3873,1726,6550910,12165120
571,4.97437,3873,1726,6544046,12165120
572,4.73785,3873,1726,6550797,12165120
573,4.63104,3873,1726,6551060,12165120
574,4.62341,3873,1726,6550763,12165120
575,4.97437,3873,1726,6550294,12165120
576,4.52423,3873,1726,6550270,12165120
577,5.06592,3873,1726,6550914,12165120
578,5.11169,3873,1726,6550396,12165120
579,3.98254,3873,1726,6550572,12165120
580,5.09644,3873,1726,6550510,12165120
581,4.13513,3873,1726,6550958,12165120
582,5.31769,3873,1726,6550797,12165120
583,4.47845,3873,1726,6550922,12165120
584,4.45557,3873,1726,6550661,12165120
585,5.02777,3873,1726,6550162,12165120
586,4.63104,3873,1726,6550949,12165120
587,4.44031,3873,1726,6550579,12165120
588,5.06592,3873,1726,6551031,12165120
589,4.52423,3873,1726,6550307,12165120
590,4.776,3873,1726,6550861,12165120
591,4.39453,3873,1726,6550605,12165120
592,4.76837,3873,1726,6550382,12165120
593,4.83704,3873,1726,6549700,12165120
594,4.61578,3873,1726,6550274,12165120
595,4.69971,3873,1726,6551012,12165120
596,4.85992,3873,1726,6550453,12165120
597,4.56238,3873,1726,6550667,12165120
598,4.66919,3873,1726,6550628,12165120
599,4.86755,3873,1726,6550483,12165120
600,4.71497,3873,1726,6550951,12165120
601,4.60052,3873,1726,6551247,12165120
602,4.5929,3873,1726,6550657,12165120
603,5.09644,3873,1726,6549913,12165120
604,4.48608,3873,1726,6550308,12165120
605,4.42505,3873,1726,6550856,12165120
606,4.98199,3873,1726,6550202,12165120
607,4.55475,3873,1726,6551438,12165120
608,4.73022,3873,1726,6550789,12165120
609,4.48608,3873,1725,6550465,12165120
610,5.05066,3873,1725,6550919,12165120
611,4.60815,3873,1725,6550508,12165120
612,4.76074,3873,1725,6550534,12165120
613,4.50134,3873,1725,6550894,12165120
614,4.81415,3873,1725,6550356,12165120
615,4.58527,3873,1725,6550282,12165120
616,4.74548,3873,1725,6550905,12165120
617,4.9057,3873,1725,6550779,12165120
618,4.52423,3873,1725,6551028,12165120
619,4.73785,3873,1725,6550410,12165120
620,4.70734,3873,1725,6550828,12165120
621,4.79126,3873,1725,6550004,12165120
622,4.60052,3873,1725,6550048,12165120
623,4.7226,3873,1725,6550320,12165120
624,4.81415,3873,1725,6548849,12165120
625,4.62341,3873,1725,6551316,12165120
626,4.57764,3873,1725,6549692,12165120
627,4.70734,3873,1725,6551109,12165120
628,5.02777,3873,1725,6551182,12165120
629,4.63104,3873,1725,6550894,12165120
630,4.73022,3873,1725,6549749,12165120
631,4.69208,3873,1725,6551063,12165120
632,4.93622,3873,1725,6550707,12165120
633,4.5929,3873,1725,6550675,12165120
634,4.53186,3873,1725,6550528,12165120
635,4.87518,3873,1725,6550279,12165120
636,4.53186,3873,1725,6550606,12165120
637,4.76837,3873,1725,6550395,12165120
638,4.76074,3873,1725,6550606,12165120
639,4.66919,3873,1725,6550578,12165120
640,4.76837,3873,1725,6550727,12165120
641,4.52423,3873,1725,6550810,12165120
642,4.93622,3873,1725,6550535,12165120
643,4.50134,3873,1725,6550482,12165120
644,4.82941,3873,1725,6550790,12165120
645,4.63867,3873,1725,6547598,12165120
646,4.79126,3873,1725,6550258,12165120
647,4.54712,3873,1725,6551186,12165120
648,4.66156,3873,1725,6550844,12165120
649,5.07355,3873,1725,6550387,12165120
650,4.56238,3873,1725,6550735,12165120
651,4.63867,3873,1725,6550315,12165120
652,4.79889,3873,1725,6550958,12165120
653,4.95148,3873,1725,6550362,12165120
654,4.57001,3873,1725,6551491,12165120
655,4.57001,3873,1725,6551012,12165120
656,4.82178,3873,1725,6550806,12165120
657,4.57764,3873,1725,6550641,12165120
658,4.63867,3873,1725,6550856,12165120
659,4.71497,3873,1725,6550488,12165120
660,4.776,3873,1725,6550568,12165120
661,4.80652,3873,1725,6550141,12165120
662,4.44794,3873,1725,6550357,12165120
663,4.92859,3873,1725,6551123,12165120
664,4.52423,3873,1725,6550498,12165120
665,4.63867,3873,1725,6551147,12165120
666,5.20325,3873,1725,6551028,12165120
667,4.42505,3873,1725,6550682,12165120
668,4.60052,3873,1725,6550512,12165120
669,4.56238,3873,1725,6550534,12165120
670,4.84467,3873,1725,6549112,12165120
671,4.85992,3873,1725,6550687,12165120
672,4.62341,3873,1725,6550616,12165120
673,4.49371,3873,1725,6550904,12165120
674,5.08118,3873,1725,6550258,12165120
675,4.50897,3873,1725,6550406,12165120
676,4.71497,3873,1725,6550549,12165120
677,4.60815,3873,1725,6550581,12165120
678,4.74548,3873,1725,6550500,12165120
679,4.66156,3873,1725,6550400,12165120
680,4.76074,3873,1725,6550096,12165120
681,4.88281,3873,1725,6550745,12165120
682,5.12695,3873,1725,6551363,12165120
683,4.10461,3873,1725,6550628,12165120
684,4.76837,3873,1725,6550003,12165120
685,4.48608,3873,1725,6550661,12165120
686,4.58527,3873,1725,6550821,12165120
687,4.82178,3873,1725,6550556,12165120
688,4.93622,3873,1725,6550695,12165120
689,4.53186,3873,1725,6550391,12165120
690,4.52423,3873,1725,6550062,12165120
691,4.84467,3873,1725,6551129,12165120
692,4.7226,3873,1725,6550971,12165120
693,4.62341,3873,1725,6550182,12165120
694,4.50134,3873,1725,6551123,12165120
695,5.13458,3873,1725,6550550,12165120
696,4.44794,3873,1725,6550659,12165120
697,4.60815,3873,1725,6550197,12165120
698,5.50079,3873,1725,6550555,12165120
699,4.10461,3873,1725,6550392,12165120
700,4.57764,3873,1725,6551802,12165120
701,4.66919,3873,1725,6550721,12165120
702,4.78363,3873,1725,6550845,12165120
703,4.55475,3873,1725,6551510,12165120
704,4.54712,3873,1725,6551077,12165120
705,4.76074,3873,1725,6550147,12165120
706,4.89044,3873,1725,6550181,12165120
707,4.66156,3873,1725,6550459,12165120
708,4.63104,3873,1725,6550569,12165120
709,4.68445,3873,1725,6550141,12165120
710,4.9057,3873,1725,6550265,12165120
711,4.43268,3873,1725,6550553,12165120
712,4.7226,3873,1725,6550064,12165120
713,4.91333,3873,1725,6550689,12165120
714,4.50134,3873,1725,6550574,12165120
715,4.76837,3873,1725,6551005,12165120
716,4.69971,3873,1725,6550518,12165120
717,4.62341,3873,1725,6550773,12165120
718,4.5929,3873,1725,6551031,12165120
719,4.80652,3873,1725,6550341,12165120
720,4.73022,3873,1725,6550066,12165120
721,4.57764,3873,1725,6550702,12165120
722,4.6463,3873,1725,6551114,12165120
723,4.69971,3873,1725,6546800,12165120
724,4.92859,3873,1725,6549928,12165120
725,4.5166,3873,1725,6550523,12165120
726,4.45557,3873,1725,6550591,12165120
727,5.08118,3873,1725,6550713,12165120
728,4.47845,3873,1725,6549961,12165120
729,4.71497,3873,1725,6551187,12165120
730,4.43268,3873,1725,6550877,12165120
731,5.15747,3873,1725,6550916,12165120
732,4.5929,3873,1725,6550254,12165120
733,4.84467,3873,1725,6550692,12165120
734,4.73022,3873,1725,6550363,12165120
735,4.73785,3873,1725,6550118,12165120
736,4.65393,3873,1725,6550962,12165120
737,4.28009,3873,1725,6550662,12165120
738,5.32532,3873,1725,6551179,12165120
739,4.37927,3873,1725,6550628,12165120
740,4.76837,3873,1725,6550409,12165120
741,4.75311,3873,1725,6550230,12165120
742,4.43268,3873,1725,6550588,12165120
743,4.85992,3873,1725,6551394,12165120
744,4.52423,3873,1725,6550045,12165120
745,4.71497,3873,1725,6550527,12165120
746,5.06592,3873,1725,6550772,12165120
747,4.14276,3873,1725,6550160,12165120
748,5.25665,3873,1725,6550858,12165120
749,4.43268,3873,1725,6550502,12165120
750,4.50134,3873,1725,6550739,12165120
751,4.92096,3873,1725,6551212,12165120
752,4.87518,3873,1725,6550574,12165120
753,4.53186,3873,1725,6550234,12165120
754,4.93622,3873,1725,6550005,12165120
755,4.3335,3873,1725,6550467,12165120
756,4.76837,3873,1725,6550547,12165120
757,4.83704,3873,1725,6535736,12165120
758,4.40979,3873,1725,6524074,12165120
759,5.41687,3873,1725,6524446,12165120
760,4.67682,3873,1725,6516346,12165120
761,4.73022,3873,1725,6515818,12165120
762,5.18036,3873,1725,6506456,12165120
763,4.84467,3873,1725,6500460,12165120
764,4.58527,3873,1725,6500301,12165120
765,4.91333,3873,1725,6500810,12165120
766,5.15747,3873,1725,6496512,12165120
767,4.6463,3873,1725,6495404,12165120
768,4.67682,3873,1725,6496648,12165120
769,5.14221,3873,1725,6496752,12165120
770,4.76074,3873,1725,6496757,12165120
771,5.00488,3873,1725,6496745,12165120
772,4.5929,3873,1725,6496413,12165120
773,5.12695,3873,1725,6496136,12165120
774,4.92096,3873,1725,6495065,12165120
775,4.52423,3873,1725,6496361,12165120
776,5.43976,3873,1725,6497045,12165120
777,4.45557,3873,1725,6488131,12165120
778,4.95148,3873,1725,6487853,12165120
779,4.69971,3873,1725,6483179,12165120
780,5.10406,3873,1725,6476170,12165120
781,4.63104,3873,1725,6477852,12165120
782,4.95148,3873,1725,6475233,12165120
783,5.17273,3873,1725,6474288,12165120
784,4.50897,3873,1725,6472848,12165120
785,5.07355,3873,1725,6442530,12165120
786,4.92859,3873,1725,6283363,12165120
787,4.92859,3873,1725,6364943,12165120
788,5.20325,3873,1725,6344112,12165120
789,4.78363,3873,1725,6313067,12165120
790,5.10406,3873,1725,6316285,12165120
791,5.37872,3873,1725,6132078,12165120
792,4.92096,3873,1725,6116430,12165120
793,5.24902,3873,1725,6110043,12165120
794,4.92859,3873,1725,6089277,12165120
795,5.22614,3873,1725,6093237,12165120
796,5.18036,3873,1725,6097160,12165120
797,5.25665,3873,1725,6091869,12165120
798,5.20325,3873,1725,6321496,12165120
799,5.43976,3873,1725,6321723,12165120
800,5.00488,3873,1725,6440634,12165120
801,5.38635,3873,1725,6631624,12165120
802,5.33295,3873,1725,6843926,12165120
803,5.58472,3873,1725,6842150,12165120
804,5.43213,3873,1725,6727554,12165120
805,5.46265,3873,1725,6563599,12165120
806,5.52368,3873,1725,6567586,12165120
807,5.08881,3873,1725,6462111,12165120
808,5.90515,3873,1725,6548562,12165120
809,5.14984,3873,1725,6720777,12165120
810,5.1651,3873,1725,6717841,12165120
811,5.6839,3873,1725,6812828,12165120
812,5.8136,3873,1725,6838152,12165120
813,5.19562,3873,1725,6836944,12165120
814,5.11932,3873,1725,6796477,12165120
815,5.98145,3873,1725,6785104,12165120
816,5.48553,3873,1725,6805257,12165120
817,5.34821,3873,1724,6805098,12165120
818,5.37109,3873,1724,6860727,12165120
819,5.51605,3873,1724,6898403,12165120
820,5.34821,3873,1724,6901274,12165120
821,5.39398,3873,1724,6900223,12165120
822,5.50079,3873,1724,6902688,12165120
823,5.34821,3873,1724,6897842,12165120
824,5.37109,3873,1724,6898699,12165120
825,5.28717,3873,1724,6898001,12165120
826,5.45502,3873,1724,6898096,12165120
827,5.69916,3873,1724,6897633,12165120
828,4.67682,3873,1724,6896952,12165120
829,5.5542,3873,1724,6895184,12165120
830,5.67627,3873,1724,6898387,12165120
831,5.09644,3873,1724,6899491,12165120
832,5.18036,3873,1724,6898118,12165120
833,5.8136,3873,1724,6898882,12165120
834,5.21088,3873,1724,6897891,12165120
835,4.92859,3873,1724,6897071,12165120
836,5.66864,3873,1724,6896867,12165120
837,5.47791,3873,1724,6895659,12165120
838,5.24902,3873,1724,6895527,12165120
839,4.85992,3873,1724,6898381,12165120
840,5.6839,3873,1724,6898737,12165120
841,5.02014,3873,1724,6898427,12165120
842,4.99725,3873,1724,6898055,12165120
843,6.073,3873,1724,6895682,12165120
844,5.24139,3873,1724,6897998,12165120
845,4.61578,3873,1724,6895881,12165120
846,6.13403,3873,1724,6896546,12165120
847,4.96674,3873,1724,6898408,12165120
848,5.25665,3873,1724,6897368,12165120
849,5.2948,3873,1724,6897490,12165120
850,5.43976,3873,1724,6899324,12165120
851,5.28717,3873,1724,6898852,12165120
852,5.07355,3873,1724,6897186,12165120
853,5.50842,3873,1724,6897210,12165120
854,5.08881,3873,1724,6897933,12165120
855,5.36346,3873,1724,6895974,12165120
856,5.25665,3873,1724,6899541,12165120
857,5.44739,3873,1724,6899577,12165120
858,5.63812,3873,1724,6898927,12165120
859,4.98962,3873,1724,6897157,12165120
860,5.61523,3873,1724,6898655,12165120
861,5.13458,3873,1724,6901281,12165120
862,5.70679,3873,1724,6897436,12165120
863,4.78363,3873,1724,6898564,12165120
864,5.34058,3873,1724,6896523,12165120
865,5.85175,3873,1724,6898257,12165120
866,4.86755,3873,1724,6896114,12165120
867,5.72968,3873,1724,6899083,12165120
868,5.40924,3873,1724,6896569,12165120
869,5.21088,3873,1724,6896386,12165120
870,4.96674,3873,1724,6896507,12165120
871,5.71442,3873,1724,6896928,12165120
872,5.35583,3873,1724,6897677,12165120
873,4.7226,3873,1724,6897967,12165120
874,5.98145,3873,1724,6897288,12165120
875,5.17273,3873,1724,6898137,12165120
876,4.73785,3873,1724,6896866,12165120
877,6.30188,3873,1724,6897831,12165120
878,4.79889,3873,1724,6895932,12165120
879,5.10406,3873,1724,6898630,12165120
880,5.53131,3873,1724,6897741,12165120
881,5.32532,3873,1724,6898027,12165120
882,5.00488,3873,1724,6897757,12165120
883,5.33295,3873,1724,6889517,12165120
884,5.27954,3873,1724,6897287,12165120
885,5.31769,3873,1724,6896732,12165120
886,5.11169,3873,1724,6896596,12165120
887,5.82886,3873,1724,6897965,12165120
888,5.0354,3873,1724,6900753,12165120
889,5.15747,3873,1724,6897725,12165120
890,5.6839,3873,1724,6898508,12165120
891,5.20325,3873,1724,6896562,12165120
892,5.15747,3873,1724,6898512,12165120
893,5.50842,3873,1724,6897011,12165120
894,5.08118,3873,1724,6896873,12165120
895,5.18036,3873,1724,6898025,12165120
896,5.53894,3873,1724,6899269,12165120
897,5.1651,3873,1724,6898131,12165120
898,5.24902,3873,1724,6897468,12165120
899,5.52368,3873,1724,6896268,12165120
900,5.24902,3873,1724,6899163,12165120
901,5.30243,3873,1724,6896128,12165120
902,5.57709,3873,1724,6896531,12165120
903,5.20325,3873,1724,6899368,12165120
904,5.25665,3873,1724,6896241,12165120
905,5.53894,3873,1724,6897366,12165120
906,5.28717,3873,1724,6898731,12165120
907,5.11169,3873,1724,6896537,12165120
908,5.54657,3873,1724,6896483,12165120
909,5.32532,3873,1724,6900302,12165120
910,5.22614,3873,1724,6897185,12165120
911,5.47791,3873,1724,6877168,12165120
912,5.24902,3873,1724,6898003,12165120
913,5.25665,3873,1724,6899606,12165120
914,5.30243,3873,1724,6896728,12165120
915,5.79834,3873,1724,6898219,12165120
916,4.96674,3873,1724,6899056,12165120
917,5.05829,3873,1724,6899288,12165120
918,5.66101,3873,1724,6899870,12165120
919,5.19562,3873,1724,6897865,12165120
920,5.18036,3873,1724,6900457,12165120
921,5.6839,3873,1724,6897401,12165120
922,5.22614,3873,1724,6899184,12165120
923,5.14221,3873,1724,6896346,12165120
924,5.59235,3873,1724,6897010,12165120
925,5.23376,3873,1724,6897644,12165120
926,5.30243,3873,1724,6897226,12165120
927,5.41687,3873,1724,6897722,12165120
928,5.43976,3873,1724,6897535,12165120
929,5.10406,3873,1724,6896839,12165120
930,5.36346,3873,1724,6898051,12165120
931,5.58472,3873,1724,6895595,12165120
932,5.10406,3873,1724,6898150,12165120
933,5.30243,3873,1724,6899089,12165120
934,5.6839,3873,1724,6919229,12165120
935,5.05066,3873,1724,6917572,12165120
936,5.49316,3873,1724,6917222,12165120
937,5.6839,3873,1724,6948722,12165120
938,5.32532,3873,1724,6946364,12165120
939,4.98962,3873,1724,6948727,12165120
940,5.84412,3873,1724,6923068,12165120
941,5.46265,3873,1724,6877541,12165120
942,5.14984,3873,1724,6875965,12165120
943,5.66864,3873,1724,6877083,12165120
944,5.23376,3873,1724,6771304,12165120
945,5.51605,3873,1724,6771483,12165120
946,5.23376,3873,1724,6746449,12165120
947,5.63049,3873,1724,6714828,12165120
948,5.66101,3873,1724,6716774,12165120
949,5.24902,3873,1724,6716134,12165120
950,5.28717,3873,1724,6733418,12165120
951,5.27954,3873,1724,6758907,12165120
952,5.67627,3873,1724,6780881,12165120
953,5.28717,3873,1724,6780759,12165120
954,5.30243,3873,1724,6797360,12165120
955,5.83649,3873,1724,6797347,12165120
956,5.07355,3873,1724,6797321,12165120
957,5.13458,3873,1724,6800883,12165120
958,6.00433,3873,1724,6784201,12165120
959,5.05829,3873,1724,6761886,12165120
960,5.28717,3873,1724,6764309,12165120
961,5.93567,3873,1724,6747317,12165120
962,4.85992,3873,1724,6734663,12165120
963,4.93622,3873,1724,6735417,12165120
964,5.41687,3873,1724,6722523,12165120
965,5.05829,3873,1724,6723602,12165120
966,5.11932,3873,1724,6724404,12165120
967,5.14221,3873,1724,6724548,12165120
968,5.43976,3873,1724,6723562,12165120
969,4.95911,3873,1724,6724605,12165120
970,5.47028,3873,1724,6725031,12165120
971,4.87518,3873,1724,6725916,12165120
972,5.09644,3873,1724,6725805,12165120
973,5.26428,3873,1724,6726638,12165120
974,5.26428,3873,1724,6728904,12165120
975,4.95911,3873,1724,6727234,12165120
976,5.02777,3873,1724,6727389,12165120
977,5.47028,3873,1724,6726288,12165120
978,5.10406,3873,1724,6727234,12165120
979,5.05066,3873,1724,6727725,12165120
980,5.30243,3873,1724,6726801,12165120
981,5.13458,3873,1724,6727527,12165120
982,4.99725,3873,1724,6727948,12165120
983,5.27954,3873,1724,6727660,12165120
984,5.23376,3873,1724,6727913,12165120
985,4.98199,3873,1724,6727842,12165120
986,5.07355,3873,1724,6729877,12165120
987,5.43213,3873,1724,6728180,12165120
988,5.05829,3873,1724,6727635,12165120
989,5.21851,3873,1724,6726693,12165120
990,5.24902,3873,1724,6725018,12165120
991,5.09644,3873,1724,6723983,12165120
992,5.17273,3873,1724,6724860,12165120
993,5.21851,3873,1724,6717648,12165120
994,5.11932,3873,1724,6720881,12165120
995,5.08118,3873,1724,6720239,12165120
996,4.99725,3873,1724,6720624,12165120
997,5.54657,3873,1724,6719456,12165120
998,5.24139,3873,1724,6717521,12165120
999,5.01251,3873,1724,6714438,12165120
1000,5.28717,3873,1724,6715115,12165120
1001,5.24139,3873,1724,6715390,12165120
1002,4.92096,3873,1724,6713788,12165120
1003,5.867,3873,1724,6711801,12165120
1004,4.60052,3873,1724,6708075,12165120
1005,5.09644,3873,1724,6705933,12165120
1006,5.33295,3873,1716,6708892,12165120
1007,5.0354,3873,1716,6706327,12165120
1008,5.09644,3873,1716,6702466,12165120
1009,5.11169,3873,1716,6704859,12165120
1010,5.31769,3873,1716,6699369,12165120
1011,5.04303,3873,1716,6697629,12165120
1012,5.08881,3873,1716,6696741,12165120
1013,5.38635,3873,1716,6692690,12165120
1014,5.0354,3873,1716,6693049,12165120
1015,5.0354,3873,1716,6687256,12165120
1016,5.51605,3873,1716,6687237,12165120
1017,4.95148,3873,1716,6681280,12165120
1018,5.24902,3873,1716,6678358,12165120
1019,5.18036,3873,1716,6672416,12165120
1020,5.24902,3873,1716,6668267,12165120
1021,4.85992,3873,1716,6667732,12165120
1022,5.37109,3873,1716,6664542,12165120
1023,5.09644,3873,1716,6657586,12165120
1024,5.34058,3873,1716,6654064,12165120
1025,4.85229,3873,1716,6647053,12165120
1026,5.47028,3873,1716,6642352,12165120
1027,5.14221,3873,1716,6636866,12165120
1028,5.07355,3873,1716,6631171,12165120
1029,5.24902,3873,1716,6626211,12165120
1030,5.11169,3873,1716,6619565,12165120
1031,5.02014,3873,1716,6612742,12165120
1032,5.82123,3873,1716,6606589,12165120
1033,4.98962,3873,1716,6600453,12165120
1034,4.98199,3873,1716,6593795,12165120
1035,5.43213,3873,1716,6587217,12165120
1036,5.18799,3873,1716,6581678,12165120
1037,5.06592,3873,1716,6573026,12165120
1038,5.20325,3873,1716,6567297,12165120
1039,5.22614,3873,1716,6557515,12165120
1040,4.96674,3873,1716,6551405,12165120
1041,5.21851,3873,1716,6540809,12165120
1042,5.30243,3873,1716,6535584,12165120
1043,5.30243,3873,1716,6528580,12165120
1044,5.06592,3873,1716,6519749,12165120
1045,5.49316,3873,1716,6510307,12165120
1046,5.11932,3873,1716,6502312,12165120
1047,5.08118,3873,1716,6491081,12165120
1048,5.48553,3873,1716,6488162,12165120
1049,5.31769,3873,1716,6483407,12165120
1050,5.02014,3873,1716,6480124,12165120
1051,5.24902,3873,1716,6469818,12165120
1052,5.48553,3873,1716,6476137,12165120
1053,5.08118,3873,1716,6479296,12165120
1054,5.20325,3873,1716,6469326,12165120
1055,5.21851,3873,1716,6473852,12165120
1056,5.66101,3873,1716,6477200,12165120
1057,5.08881,3873,1716,6455871,12165120
1058,5.2948,3873,1716,6450325,12165120
1059,5.31006,3873,1716,6465919,12165120
1060,5.33295,3873,1716,6464256,12165120
1061,5.17273,3873,1716,6449854,12165120
1062,5.43976,3873,1716,6442062,12165120
1063,5.2948,3873,1716,6431052,12165120
1064,5.64575,3873,1716,6416586,12165120
1065,4.95148,3873,1716,6407217,12165120
1066,5.37872,3873,1716,6395555,12165120
1067,5.76782,3873,1716,6392864,12165120
1068,5.08881,3873,1716,6376892,12165120
1069,5.37872,3873,1716,6373811,12165120
1070,5.66864,3873,1716,6385517,12165120
1071,5.15747,3873,1716,6369362,12165120
1072,5.10406,3873,1716,6373787,12165120
1073,5.52368,3873,1716,6385491,12165120
1074,5.25665,3873,1716,6383678,12165120
1075,5.12695,3873,1716,6375969,12165120
1076,5.47791,3873,1716,6386081,12165120
1077,5.45502,3873,1716,6394158,12165120
1078,4.92859,3873,1716,6385322,12165120
1079,5.53894,3873,1716,6402875,12165120
1080,5.38635,3873,1716,6407900,12165120
1081,5.2948,3873,1716,6404295,12165120
1082,5.13458,3873,1716,6435566,12165120
1083,5.61523,3873,1716,6458337,12165120
1084,5.23376,3873,1716,6493277,12165120
1085,4.92859,3873,1716,6487618,12165120
1086,5.92041,3873,1716,6526113,12165120
1087,5.22614,3873,1716,6567883,12165120
1088,5.17273,3873,1716,6564533,12165120
1089,5.37872,3873,1716,6596329,12165120
1090,5.71442,3873,1716,6622372,12165120
1091,4.92096,3873,1716,6635683,12165120
1092,5.51605,3873,1716,6625961,12165120
1093,5.21088,3873,1716,6640111,12165120
1094,5.19562,3873,1716,6646048,12165120
1095,5.72205,3873,1716,6631302,12165120
1096,4.92096,3873,1716,6642058,12165120
1097,5.56183,3873,1716,6622897,12165120
1098,5.50079,3873,1716,6643801,12165120
1099,5.07355,3873,1716,6629853,12165120
1100,5.47791,3873,1716,6630750,12165120
1101,5.56183,3873,1716,6630832,12165120
1102,5.28717,3873,1716,6612065,12165120
1103,5.08118,3873,1716,6613427,12165120
1104,5.45502,3873,1716,6589814,12165120
1105,5.4245,3873,1716,6605963,12165120
1106,5.1651,3873,1716,6592140,12165120
1107,5.39398,3873,1716,6581315,12165120
1108,5.80597,3873,1716,6569139,12165120
1109,4.98199,3873,1716,6547366,12165120
1110,5.07355,3873,1716,6534816,12165120
1111,5.96619,3873,1716,6522903,12165120
1112,5.17273,3873,1716,6505315,12165120
1113,5.02014,3873,1716,6491383,12165120
1114,5.8136,3873,1716,6468487,12165120
1115,5.25665,3873,1716,6449953,12165120
1116,5.14984,3873,1716,6431563,12165120
1117,5.48553,3873,1716,6418957,12165120
1118,5.5542,3873,1716,6410271,12165120
1119,5.11169,3873,1716,6394693,12165120
1120,5.5542,3873,1716,6381019,12165120
1121,5.53894,3873,1716,6377726,12165120
1122,5.30243,3873,1716,6379562,12165120
1123,5.6076,3873,1716,6370016,12165120
1124,5.10406,3873,1716,6372348,12165120
1125,5.47028,3873,1716,6378136,12165120
1126,5.85175,3873,1716,6386173,12165120
1127,4.85992,3873,1716,6388018,12165120
1128,5.82886,3873,1716,6403468,12165120
1129,5.25665,3873,1716,6414601,12165120
1130,5.10406,3873,1716,6425170,12165120
1131,5.77545,3873,1716,6452296,12165120
1132,5.2948,3873,1716,6469028,12165120
1133,5.1651,3873,1716,6485762,12165120
1134,5.13458,3873,1716,6501512,12165120
1135,5.54657,3873,1716,6522074,12165120
1136,5.51605,3873,1716,6532351,12165120
1137,5.17273,3873,1716,6538981,12165120
1138,5.57709,3873,1716,6544142,12165120
1139,5.80597,3873,1716,6538295,12165120
1140,4.89807,3873,1716,6532119,12165120
1141,5.45502,3873,1716,6534350,12165120
1142,5.76782,3873,1716,6522143,12165120
1143,5.1651,3873,1716,6521318,12165120
1144,5.47028,3873,1716,6502178,12165120
1145,5.46265,3873,1716,6504858,12165120
1146,5.53131,3873,1716,6491978,12165120
1147,5.05066,3873,1716,6480104,12165120
1148,5.63812,3873,1716,6465026,12165120
1149,5.34058,3873,1716,6459810,12165120
1150,5.90515,3873,1716,6442023,12165120
1151,5.08118,3873,1716,6431159,12165120
1152,5.49316,3873,1716,6417705,12165120
1153,5.27191,3873,1716,6419666,12165120
1154,5.69916,3873,1716,6401445,12165120
1155,5.22614,3873,1716,6385969,12165120
1156,5.43213,3873,1716,6372427,12165120
1157,5.83649,3873,1716,6354623,12165120
1158,5.34058,3873,1716,6346331,12165120
1159,5.37109,3873,1716,6329041,12165120
1160,5.79071,3873,1716,6322683,12165120
1161,5.43213,3873,1716,6313336,12165120
1162,5.66864,3873,1716,6301693,12165120
1163,5.40161,3873,1716,6293480,12165120
1164,5.48553,3873,1716,6279122,12165120
1165,5.41687,3873,1716,6270145,12165120
1166,5.83649,3873,1716,6250725,12165120
1167,5.18799,3873,1716,6247636,12165120
1168,5.48553,3873,1716,6231290,12165120
1169,5.83649,3873,1716,6221676,12165120
1170,5.43976,3873,1716,6210744,12165120
1171,5.14984,3873,1716,6202094,12165120
1172,6.04248,3873,1716,6191445,12165120
1173,5.26428,3873,1716,6173045,12165120
1174,5.45502,3873,1716,6169724,12165120
1175,5.80597,3873,1716,6158365,12165120
1176,5.58472,3873,1716,6153152,12165120
1177,5.12695,3873,1716,6141266,12165120
1178,6.15692,3873,1716,6132281,12165120
1179,5.27954,3873,1716,6121125,12165120
1180,5.57709,3873,1716,6113519,12165120
1181,5.8136,3873,1716,6097865,12165120
1182,5.43213,3873,1716,6093615,12165120
1183,5.26428,3873,1716,6085309,12165120
1184,6.31714,3873,1716,6074518,12165120
1185,5.08118,3873,1716,6074977,12165120
1186,5.4245,3873,1716,6061764,12165120
1187,5.7373,3873,1716,6054355,12165120
1188,5.56183,3873,1716,6051773,12165120
1189,5.54657,3873,1716,6044297,12165120
1190,5.50079,3873,1716,6036623,12165120
1191,5.58472,3873,1716,6026444,12165120
1192,5.36346,3873,1706,6023248,12165120
1193,5.85938,3873,1706,6016671,12165120
1194,5.47791,3873,1706,6009745,12165120
1195,5.47791,3873,1706,6004785,12165120
1196,6.01959,3873,1706,5995859,12165120
1197,5.35583,3873,1706,5988001,12165120
1198,5.54657,3873,1706,5982065,12165120
1199,5.72968,3873,1706,5978751,12165120
1200,5.6076,3873,1706,5971442,12165120
1201,5.80597,3873,1705,5967280,12165120
1202,5.4245,3873,1705,5960243,12165120
1203,5.47028,3873,1705,5954749,12165120
1204,5.4245,3873,1705,5948227,12165120
1205,5.83649,3873,1705,5941108,12165120
1206,5.54657,3873,1705,5940999,12165120
1207,5.40161,3873,1705,5938146,12165120
1208,5.74493,3873,1705,5935317,12165120
1209,5.69916,3873,1705,5932251,12165120
1210,5.50842,3873,1705,5930166,12165120
1211,5.76019,3873,1705,5930857,12165120
1212,5.53131,3873,1705,5926566,12165120
1213,5.50842,3873,1705,5926718,12165120
1214,5.9967,3873,1705,5925023,12165120
1215,5.44739,3873,1705,5924728,12165120
1216,5.53894,3873,1705,5926149,12165120
1217,5.70679,3873,1705,5923262,12165120
1218,5.63812,3873,1705,5924882,12165120
1219,5.34821,3873,1705,5923015,12165120
1220,5.76019,3873,1705,5917985,12165120
1221,5.64575,3873,1705,5912447,12165120
1222,5.30243,3873,1705,5906913,12165120
1223,5.92041,3873,1705,5904209,12165120
1224,5.47791,3873,1705,5902793,12165120
1225,5.52368,3873,1705,5910854,12165120
1226,5.56183,3873,1705,5920135,12165120
1227,5.50079,3873,1705,5924825,12165120
1228,5.43213,3873,1705,5931384,12165120
1229,5.72968,3873,1705,5937973,12165120
1230,5.7373,3873,1705,5941157,12165120
1231,5.37872,3873,1705,5944977,12165120
1232,5.79071,3873,1705,5949483,12165120
1233,5.46265,3873,1705,5946945,12165120
1234,5.37872,3873,1705,5945552,12165120
1235,5.53894,3873,1705,5944652,12165120
1236,5.53131,3873,1705,5942560,12165120
1237,5.28717,3873,1705,5944565,12165120
1238,5.53131,3873,1705,5945058,12165120
1239,5.33295,3873,1705,5947119,12165120
1240,5.43213,3873,1705,5949196,12165120
1241,5.46265,3873,1705,5946669,12165120
1242,5.40924,3873,1705,5958167,12165120
1243,5.21851,3873,1705,5961557,12165120
1244,5.52368,3873,1705,5968711,12165120
1245,5.37109,3873,1705,5978491,12165120
1246,5.17273,3873,1705,5990351,12165120
1247,5.72205,3873,1705,6000522,12165120
1248,5.11932,3873,1705,6009576,12165120
1249,5.30243,3873,1705,6019237,12165120
1250,5.74493,3873,1705,6027816,12165120
1251,5.18799,3873,1705,6036908,12165120
1252,5.24139,3873,1705,6044699,12165120
1253,5.59998,3873,1705,6053276,12165120
1254,5.19562,3873,1705,6060829,12165120
1255,5.14984,3873,1705,6070261,12165120
1256,5.45502,3873,1705,6081472,12165120
1257,5.24902,3873,1705,6089598,12165120
1258,5.1651,3873,1705,6098473,12165120
1259,5.36346,3873,1705,6106452,12165120
1260,5.50842,3873,1705,6114831,12165120
1261,5.67627,3873,1705,6122118,12165120
1262,4.73022,3873,1705,6129882,12165120
1263,5.43976,3873,1705,6136977,12165120
1264,5.10406,3873,1705,6145692,12165120
1265,5.11169,3873,1705,6152409,12165120
1266,5.50079,3873,1705,6160218,12165120
1267,5.18036,3873,1705,6161804,12165120
1268,5.11169,3873,1705,6167224,12165120
1269,5.49316,3873,1705,6171290,12165120
1270,5.8136,3873,1705,6187607,12165120
1271,4.69971,3873,1705,6187879,12165120
1272,5.39398,3873,1705,6191916,12165120
1273,5.25665,3873,1705,6196465,12165120
1274,5.30243,3873,1705,6195410,12165120
1275,5.34058,3873,1705,6197556,12165120
1276,4.88281,3873,1705,6200209,12165120
1277,5.34821,3873,1705,6198402,12165120
1278,5.21851,3873,1705,6189453,12165120
1279,5.21088,3873,1705,6193964,12165120
1280,5.27954,3873,1705,6178976,12165120
1281,5.50079,3873,1705,6167528,12165120
1282,4.98962,3873,1705,6169629,12165120
1283,5.48553,3873,1705,6142956,12165120
1284,4.97437,3873,1705,6125498,12165120
1285,5.47791,3873,1705,6127961,12165120
1286,5.05066,3873,1705,6103633,12165120
1287,5.40924,3873,1705,6090872,12165120
1288,5.76019,3873,1705,6093859,12165120
1289,4.91333,3873,1705,6092694,12165120
1290,5.59998,3873,1705,6085340,12165120
1291,5.37109,3873,1705,6090448,12165120
1292,5.43976,3873,1705,6091043,12165120
1293,4.776,3873,1705,6094188,12165120
1294,5.867,3873,1705,6098126,12165120
1295,5.1651,3873,1705,6097478,12165120
1296,5.28717,3873,1705,6099211,12165120
1297,5.6076,3873,1705,6105804,12165120
1298,5.6076,3873,1705,6129583,12165120
1299,5.27954,3873,1705,6131285,12165120
1300,5.28717,3873,1705,6154942,12165120
1301,5.88226,3873,1705,6195756,12165120
1302,5.02777,3873,1705,6232708,12165120
1303,5.21851,3873,1705,6228748,12165120
1304,5.92804,3873,1705,6265517,12165120
1305,5.19562,3873,1705,6269812,12165120
1306,5.40161,3873,1705,6269991,12165120
1307,5.56183,3873,1705,6272709,12165120
1308,5.72205,3873,1705,6301748,12165120
1309,5.50842,3873,1705,6317530,12165120
1310,5.4245,3873,1705,6314775,12165120
1311,5.18799,3873,1705,6323486,12165120
1312,5.89752,3873,1705,6351098,12165120
1313,5.49316,3873,1705,6363321,12165120
1314,5.58472,3873,1705,6363130,12165120
1315,5.12695,3873,1705,6376098,12165120
1316,5.98907,3873,1705,6389769,12165120
1317,5.44739,3873,1705,6395932,12165120
1318,5.41687,3873,1705,6392937,12165120
1319,5.43213,3873,1705,6393796,12165120
1320,5.92041,3873,1705,6388390,12165120
1321,4.95148,3873,1705,6382251,12165120
1322,5.71442,3873,1705,6381568,12165120
1323,5.54657,3873,1705,6375332,12165120
1324,5.34821,3873,1705,6370169,12165120
1325,5.7373,3873,1705,6360810,12165120
1326,5.36346,3873,1705,6360998,12165120
1327,5.59998,3873,1705,6350336,12165120
1328,5.58472,3873,1705,6347165,12165120
1329,5.37872,3873,1705,6344832,12165120
1330,5.52368,3873,1705,6336432,12165120
1331,5.78308,3873,1705,6331628,12165120
1332,5.58472,3873,1705,6325271,12165120
1333,4.92859,3873,1705,6319703,12165120
1334,6.06537,3873,1705,6307082,12165120
1335,5.37872,3873,1705,6297272,12165120
1336,5.30243,3873,1705,6293745,12165120
1337,5.34821,3873,1705,6284995,12165120
1338,5.58472,3873,1705,6273770,12165120
1339,5.39398,3873,1705,6265076,12165120
1340,5.72205,3873,1705,6255119,12165120
1341,5.09644,3873,1705,6242682,12165120
1342,5.80597,3873,1705,6240621,12165120
1343,5.56183,3873,1705,6224001,12165120
1344,5.82123,3873,1705,6207746,12165120
1345,4.75311,3873,1705,6209061,12165120
1346,5.71442,3873,1705,6200362,12165120
1347,5.59235,3873,1705,6205463,12165120
1348,4.82178,3873,1705,6204755,12165120
1349,6.24847,3873,1705,6198936,12165120
1350,5.12695,3873,1705,6196749,12165120
1351,5.56946,3873,1705,6194593,12165120
1352,5.11169,3873,1705,6195796,12165120
1353,5.53131,3873,1705,6198148,12165120
1354,5.2948,3873,1705,6202497,12165120
1355,5.59998,3873,1705,6207666,12165120
1356,4.98199,3873,1705,6210839,12165120
1357,5.61523,3873,1705,6219342,12165120
1358,5.71442,3873,1705,6218310,12165120
1359,4.84467,3873,1705,6222713,12165120
1360,5.58472,3873,1705,6218478,12165120
1361,5.50079,3873,1705,6226188,12165120
1362,5.31006,3873,1705,6223592,12165120
1363,5.1651,3873,1705,6231346,12165120
1364,5.90515,3873,1705,6230347,12165120
1365,5.2948,3873,1705,6226477,12165120
1366,5.08881,3873,1705,6226503,12165120
1367,5.8136,3873,1705,6213741,12165120
1368,5.5542,3873,1705,6223293,12165120
1369,5.53131,3873,1705,6223555,12165120
1370,4.95148,3873,1705,6226476,12165120
1371,5.79071,3873,1705,6227313,12165120
1372,5.18799,3873,1705,6223139,12165120
1373,5.49316,3873,1705,6215523,12165120
1374,5.47791,3873,1705,6208251,12165120
1375,5.59235,3873,1705,6201886,12165120
1376,5.11932,3873,1697,6206543,12165120
1377,5.63049,3873,1697,6205463,12165120
1378,5.61523,3873,1697,6221509,12165120
1379,5.11169,3873,1697,6229607,12165120
1380,5.87463,3873,1697,6239769,12165120
1381,5.23376,3873,1697,6245736,12165120
1382,5.49316,3873,1697,6259136,12165120
1383,5.79071,3873,1697,6271284,12165120
1384,5.13458,3873,1697,6285720,12165120
1385,5.24902,3873,1697,6296651,12165120
1386,5.65338,3873,1697,6312680,12165120
1387,5.47791,3873,1697,6333961,12165120
1388,5.08118,3873,1697,6348179,12165120
1389,5.88989,3873,1697,6374110,12165120
1390,5.1651,3873,1697,6386616,12165120
1391,5.06592,3873,1697,6406592,12165120
1392,5.8136,3873,1697,6432143,12165120
1393,5.19562,3873,1697,6441502,12165120
1394,5.79071,3873,1697,6462392,12165120
1395,5.95856,3873,1697,6483701,12165120
1396,5.53131,3873,1697,6484084,12165120
1397,5.59998,3873,1697,6512703,12165120
1398,6.073,3873,1697,6534437,12165120
1399,5.0354,3873,1697,6548529,12165120
1400,5.58472,3873,1697,6558938,12165120
1401,5.57709,3873,1697,6583222,12165120
1402,5.9967,3873,1697,6592698,12165120
1403,5.34821,3873,1697,6619847,12165120
1404,5.66864,3873,1697,6631085,12165120
1405,5.88989,3873,1697,6659762,12165120
1406,5.36346,3873,1697,6679523,12165120
1407,5.95093,3873,1697,6705400,12165120
1408,5.41687,3873,1697,6725471,12165120
1409,5.24139,3873,1697,6746950,12165120
1410,5.66864,3873,1697,6758658,12165120
1411,5.36346,3873,1697,6766635,12165120
1412,5.53894,3873,1697,6781607,12165120
1413,6.3858,3873,1697,6792826,12165120
1414,5.2948,3873,1697,6804105,12165120
1415,5.00488,3873,1697,6818359,12165120
1416,6.65283,3873,1697,6832696,12165120
1417,5.58472,3873,1697,6844926,12165120
1418,5.31769,3873,1697,6858668,12165120
1419,5.7373,3873,1697,6873399,12165120
1420,4.95148,3873,1697,6890415,12165120
1421,6.14929,3873,1697,6892573,12165120
1422,5.43213,3873,1697,6888787,12165120
1423,5.18799,3873,1697,6897330,12165120
1424,5.85175,3873,1697,6889371,12165120
1425,5.9967,3873,1697,6880070,12165120
1426,5.92041,3873,1697,6886695,12165120
1427,4.96674,3873,1697,6880506,12165120
1428,5.83649,3873,1697,6869273,12165120
1429,5.93567,3873,1697,6863538,12165120
1430,5.54657,3873,1697,6871399,12165120
1431,5.71442,3873,1697,6839644,12165120
1432,5.69916,3873,1697,6823650,12165120
1433,6.22559,3873,1697,6817932,12165120
1434,5.19562,3873,1697,6812365,12165120
1435,6.36292,3873,1697,6831041,12165120
1436,5.5542,3873,1697,6835801,12165120
1437,5.77545,3873,1697,6847514,12165120
1438,5.51605,3873,1697,6648064,12165120
1439,6.1264,3873,1697,6663022,12165120
1440,5.32532,3873,1697,6576738,12165120
1441,5.90515,3873,1697,6447363,12165120
1442,5.97382,3873,1697,6310759,12165120
1443,5.31769,3873,1697,6313883,12165120
1444,5.98907,3873,1697,6267756,12165120
1445,5.50079,3873,1697,6238822,12165120
1446,5.65338,3873,1697,6237034,12165120
1447,5.33295,3873,1697,6234873,12165120
1448,6.78253,3873,1697,6236580,12165120
1449,4.62341,3873,1697,6271934,12165120
1450,5.88226,3873,1697,6314500,12165120
1451,5.6839,3873,1697,6380421,12165120
1452,5.83649,3873,1697,6378835,12165120
1453,5.19562,3873,1697,6464830,12165120
1454,5.9967,3873,1697,6493074,12165120
1455,5.62286,3873,1697,6495674,12165120
1456,5.83649,3873,1697,6500121,12165120
1457,5.45502,3873,1697,6519504,12165120
1458,5.7373,3873,1697,6478481,12165120
1459,5.37109,3873,1697,6452080,12165120
1460,5.50079,3873,1697,6448518,12165120
1461,5.1651,3873,1697,6405920,12165120
1462,5.54657,3873,1697,6404400,12165120
1463,5.44739,3873,1697,6395798,12165120
1464,5.11932,3873,1697,6399193,12165120
1465,5.54657,3873,1697,6373996,12165120
1466,5.76782,3873,1697,6380972,12165120
1467,5.39398,3873,1697,6382165,12165120
1468,4.89044,3873,1697,6414595,12165120
1469,5.83649,3873,1697,6478925,12165120
1470,5.49316,3873,1697,6549492,12165120
1471,5.26428,3873,1697,6558541,12165120
1472,5.96619,3873,1697,6666804,12165120
1473,5.38635,3873,1697,6713521,12165120
1474,5.51605,3873,1697,6711627,12165120
1475,5.44739,3873,1697,6754163,12165120
1476,5.72205,3873,1697,6790108,12165120
1477,5.18036,3873,1697,6825764,12165120
1478,5.63049,3873,1697,6835420,12165120
1479,5.39398,3873,1697,6809728,12165120
1480,5.47028,3873,1697,6810288,12165120
1481,5.92041,3873,1697,6819443,12165120
1482,5.21088,3873,1697,6838201,12165120
1483,5.32532,3873,1697,6807549,12165120
1484,5.98907,3873,1697,6832482,12165120
1485,5.85175,3873,1697,6818036,12165120
1486,4.98199,3873,1697,6809801,12165120
1487,5.61523,3873,1697,6816931,12165120
1488,5.32532,3873,1697,6818345,12165120
1489,5.6076,3873,1697,6816776,12165120
1490,5.82123,3873,1697,6818889,12165120
1491,5.26428,3873,1697,6817625,12165120
1492,5.31769,3873,1697,6819292,12165120
1493,5.76782,3873,1697,6821342,12165120
1494,5.25665,3873,1697,6809354,12165120
1495,5.48553,3873,1697,6815760,12165120
1496,5.67627,3873,1697,6804456,12165120
1497,5.69153,3873,1697,6836892,12165120
1498,5.11169,3873,1697,6839294,12165120
1499,6.01196,3873,1697,6830715,12165120
1500,5.15747,3873,1697,6814906,12165120
1501,5.80597,3873,1697,6819185,12165120
1502,5.5542,3873,1697,6817019,12165120
1503,5.6076,3873,1697,6819547,12165120
1504,5.35583,3873,1697,6820379,12165120
1505,5.58472,3873,1697,6820212,12165120
1506,5.21851,3873,1697,6812207,12165120
1507,5.52368,3873,1697,6824349,12165120
1508,5.91278,3873,1697,6821838,12165120
1509,5.05829,3873,1697,6824946,12165120
1510,5.95093,3873,1697,6827753,12165120
1511,5.5542,3873,1697,6824519,12165120
1512,5.24902,3873,1697,6820153,12165120
1513,5.31769,3873,1697,6812544,12165120
1514,5.88226,3873,1697,6819062,12165120
1515,5.9967,3873,1697,6820476,12165120
1516,4.84467,3873,1697,6806189,12165120
1517,5.56183,3873,1697,6816516,12165120
1518,5.44739,3873,1697,6809627,12165120
1519,5.50842,3873,1697,6825424,12165120
1520,5.83649,3873,1697,6814363,12165120
1521,5.38635,3873,1697,6820491,12165120
1522,5.58472,3873,1697,6817522,12165120
1523,5.44739,3873,1697,6817713,12165120
1524,5.23376,3873,1697,6837816,12165120
1525,5.91278,3873,1697,6820036,12165120
1526,5.76782,3873,1697,6818988,12165120
1527,4.92859,3873,1697,6812701,12165120
1528,5.53894,3873,1697,6823680,12165120
1529,5.82886,3873,1697,6823560,12165120
1530,5.47028,3873,1697,6820187,12165120
1531,5.27191,3873,1697,6838177,12165120
1532,5.62286,3873,1697,6832392,12165120
1533,5.51605,3873,1697,6815223,12165120
1534,5.34821,3873,1697,6810839,12165120
1535,5.58472,3873,1697,6837381,12165120
1536,5.24902,3873,1697,6818232,12165120
1537,5.71442,3873,1697,6833031,12165120
1538,5.58472,3873,1697,6836313,12165120
1539,5.41687,3873,1697,6823456,12165120
1540,5.6076,3873,1697,6815859,12165120
1541,5.45502,3873,1697,6813590,12165120
1542,5.48553,3873,1697,6832111,12165120
1543,5.26428,3873,1697,6822251,12165120
1544,5.59998,3873,1697,6826024,12165120
1545,5.82886,3873,1697,6810917,12165120
1546,5.18799,3873,1697,6828859,12165120
1547,5.66101,3873,1697,6816086,12165120
1548,6.15692,3873,1697,6808543,12165120
1549,5.1651,3873,1697,6803412,12165120
1550,5.24902,3873,1697,6815996,12165120
1551,5.65338,3873,1697,6806195,12165120
1552,5.54657,3873,1697,6798107,12165120
1553,5.40161,3873,1697,6774494,12165120
1554,5.98145,3873,1697,6771636,12165120
1555,5.1651,3873,1697,6755264,12165120
1556,5.6076,3873,1687,6749073,12165120
1557,6.23322,3873,1687,6729557,12165120
1558,5.2948,3873,1687,6722678,12165120
1559,5.23376,3873,1687,6714481,12165120
1560,5.78308,3873,1687,6713590,12165120
1561,5.59998,3873,1687,6697562,12165120
1562,5.58472,3873,1687,6689192,12165120
1563,5.34821,3873,1687,6693651,12165120
1564,5.78308,3873,1687,6690089,12165120
1565,5.37872,3873,1687,6671768,12165120
1566,5.40161,3873,1687,6665423,12165120
1567,5.79071,3873,1687,6659532,12165120
1568,5.47791,3873,1687,6654155,12165120
1569,5.71442,3873,1687,6657033,12165120
1570,5.02014,3873,1687,6658272,12165120
1571,6.02722,3873,1687,6645082,12165120
1572,5.67627,3873,1687,6650508,12165120
1573,5.27954,3873,1687,6641921,12165120
1574,5.44739,3873,1687,6652700,12165120
1575,6.02722,3873,1687,6648513,12165120
1576,5.37872,3873,1687,6657340,12165120
1577,5.4245,3873,1687,6660529,12165120
1578,5.57709,3873,1687,6647391,12165120
1579,5.76019,3873,1687,6658497,12165120
1580,5.24139,3873,1687,6660355,12165120
1581,5.54657,3873,1687,6655062,12165120
1582,5.25665,3873,1687,6639854,12165120
1583,5.88226,3873,1687,6638772,12165120
1584,5.1651,3873,1687,6637746,12165120
1585,5.38635,3873,1687,6644188,12165120
1586,5.72968,3873,1687,6643052,12165120
1587,5.63812,3873,1687,6648257,12165120
1588,5.21851,3873,1687,6650241,12165120
1589,6.04248,3873,1687,6657521,12165120
1590,5.05066,3873,1687,6658948,12165120
1591,5.48553,3873,1687,6661612,12165120
1592,5.5542,3873,1687,6663239,12165120
1593,5.45502,3873,1687,6660842,12165120
1594,5.5542,3873,1687,6668215,12165120
1595,5.27191,3873,1687,6672003,12165120
1596,5.65338,3873,1687,6665585,12165120
1597,5.10406,3873,1687,6671219,12165120
1598,6.03485,3873,1687,6678122,12165120
1599,5.38635,3873,1687,6686175,12165120
1600,5.24139,3873,1687,6689771,12165120
1601,5.56183,3873,1687,6705513,12165120
1602,5.72205,3873,1687,6719527,12165120
1603,5.38635,3873,1687,6725766,12165120
1604,5.37109,3873,1687,6747847,12165120
1605,6.04248,3873,1687,6771302,12165120
1606,5.4245,3873,1687,6804929,12165120
1607,5.40924,3873,1687,6795571,12165120
1608,5.72205,3873,1687,6800568,12165120
1609,5.66864,3873,1687,6800983,12165120
1610,5.53131,3873,1687,6747393,12165120
1611,5.77545,3873,1687,6744721,12165120
1612,5.23376,3873,1687,6727691,12165120
1613,5.76019,3873,1687,6738245,12165120
1614,5.82886,3873,1687,6762855,12165120
1615,5.76782,3873,1687,6761503,12165120
1616,5.37872,3873,1687,6786523,12165120
1617,5.84412,3873,1687,6813974,12165120
1618,5.63049,3873,1687,6861854,12165120
1619,5.43976,3873,1687,6862453,12165120
1620,5.79834,3873,1687,6932547,12165120
1621,5.54657,3873,1687,6953737,12165120
1622,5.48553,3873,1687,6973949,12165120
1623,6.13403,3873,1687,6969684,12165120
1624,5.07355,3873,1687,7002494,12165120
1625,5.82886,3873,1687,7021637,12165120
1626,5.6076,3873,1687,7036776,12165120
1627,5.5542,3873,1687,7034982,12165120
1628,5.00488,3873,1687,7062484,12165120
1629,6.17981,3873,1687,7067654,12165120
1630,5.26428,3873,1687,7084184,12165120
1631,5.34058,3873,1687,7088608,12165120
1632,5.47791,3873,1687,7108324,12165120
1633,5.59998,3873,1687,7121042,12165120
1634,5.52368,3873,1687,7132398,12165120
1635,5.6839,3873,1687,7133560,12165120
1636,5.08118,3873,1687,7148864,12165120
1637,5.58472,3873,1687,7157874,12165120
1638,5.77545,3873,1687,7166289,12165120
1639,4.98199,3873,1687,7166783,12165120
1640,5.63812,3873,1687,7170539,12165120
1641,5.69153,3873,1687,7173629,12165120
1642,5.11169,3873,1687,7166773,12165120
1643,5.45502,3873,1687,7169263,12165120
1644,5.66864,3873,1687,7174179,12165120
1645,5.18799,3873,1687,7171867,12165120
1646,5.18036,3873,1687,7162980,12165120
1647,5.82123,3873,1687,7175932,12165120
1648,4.97437,3873,1687,7181763,12165120
1649,5.4245,3873,1687,7184801,12165120
1650,5.6076,3873,1687,7181843,12165120
1651,5.09644,3873,1687,7187873,12165120
1652,5.40161,3873,1687,7193371,12165120
1653,5.66864,3873,1687,7191782,12165120
1654,5.23376,3873,1687,7193511,12165120
1655,5.09644,3873,1687,7195270,12165120
1656,5.66864,3873,1687,7185635,12165120
1657,5.17273,3873,1687,7194874,12165120
1658,5.38635,3873,1687,7198788,12165120
1659,5.62286,3873,1687,7199198,12165120
1660,5.25665,3873,1687,7191899,12165120
1661,5.41687,3873,1687,7199315,12165120
1662,5.56183,3873,1687,7200975,12165120
1663,5.10406,3873,1687,7202067,12165120
1664,5.25665,3873,1687,7204276,12165120
1665,5.62286,3873,1687,7197442,12165120
1666,5.44739,3873,1687,7200078,12165120
1667,5.08881,3873,1687,7206035,12165120
1668,5.69153,3873,1687,7206610,12165120
1669,5.14221,3873,1687,7207427,12165120
1670,5.43213,3873,1687,7205638,12165120
1671,5.21851,3873,1687,7206104,12165120
1672,5.49316,3873,1687,7200702,12165120
1673,5.2948,3873,1687,7207800,12165120
1674,5.18036,3873,1687,7210830,12165120
1675,5.53131,3873,1687,7211534,12165120
1676,5.22614,3873,1687,7203547,12165120
1677,5.20325,3873,1687,7206416,12165120
1678,5.71442,3873,1687,7208065,12165120
1679,5.20325,3873,1687,7214265,12165120
1680,5.34821,3873,1687,7215168,12165120
1681,5.56183,3873,1687,7201527,12165120
1682,5.21851,3873,1687,7208712,12165120
1683,5.23376,3873,1687,7217845,12165120
1684,6.04248,3873,1687,7216859,12165120
1685,4.69971,3873,1687,7208871,12165120
1686,5.26428,3873,1687,7219300,12165120
1687,5.62286,3873,1687,7218194,12165120
1688,5.09644,3873,1687,7219007,12165120
1689,5.34821,3873,1687,7216119,12165120
1690,5.40161,3873,1687,7218217,12165120
1691,5.37872,3873,1687,7218363,12165120
1692,5.27954,3873,1687,7214854,12165120
1693,5.31006,3873,1687,7215108,12165120
1694,5.23376,3873,1687,7213771,12165120
1695,5.37872,3873,1687,7211738,12165120
1696,5.56946,3873,1687,7194577,12165120
1697,5.39398,3873,1687,7203127,12165120
1698,5.17273,3873,1687,7206489,12165120
1699,4.99725,3873,1687,7202988,12165120
1700,5.46265,3873,1687,7203119,12165120
1701,5.20325,3873,1687,7200937,12165120
1702,5.20325,3873,1687,7200208,12165120
1703,5.56183,3873,1687,7198815,12165120
1704,5.09644,3873,1687,7193703,12165120
1705,5.13458,3873,1687,7187361,12165120
1706,5.69153,3873,1687,7186637,12165120
1707,5.20325,3873,1687,7185953,12165120
1708,5.15747,3873,1687,7183576,12165120
1709,5.34821,3873,1687,7175659,12165120
1710,5.27954,3873,1687,7166997,12165120
1711,5.43213,3873,1687,7163693,12165120
1712,4.89044,3873,1687,7155333,12165120
1713,5.40161,3873,1687,7147698,12165120
1714,5.27191,3873,1687,7140839,12165120
1715,5.1651,3873,1687,7131991,12165120
1716,5.50079,3873,1687,7124799,12165120
1717,5.09644,3873,1687,7116773,12165120
1718,5.51605,3873,1687,7113948,12165120
1719,4.92096,3873,1687,7107833,12165120
1720,5.37109,3873,1687,7102562,12165120
1721,5.15747,3873,1687,7095285,12165120
1722,5.24139,3873,1687,7086625,12165120
1723,5.22614,3873,1687,7080725,12165120
1724,5.13458,3873,1687,7070953,12165120
1725,5.43213,3873,1687,7064055,12165120
1726,4.94385,3873,1687,7056615,12165120
1727,5.24902,3873,1687,7044361,12165120
1728,5.48553,3873,1687,7037246,12165120
1729,4.89807,3873,1687,7025924,12165120
1730,5.30243,3873,1687,7017322,12165120
1731,5.43213,3873,1687,7006804,12165120
1732,4.96674,3873,1687,7000884,12165120
1733,5.65338,3873,1687,6991607,12165120
1734,5.28717,3873,1687,6983180,12165120
1735,5.37872,3873,1687,6975718,12165120
1736,4.76837,3873,1687,6967659,12165120
1737,5.30243,3873,1687,6961781,12165120
1738,5.64575,3873,1687,6953451,12165120
1739,4.776,3873,1687,6947159,12165120
1740,5.21088,3873,1687,6943409,12165120
1741,5.47028,3873,1671,6938426,12165120
1742,4.88281,3873,1671,6933317,12165120
1743,5.4245,3873,1671,6935362,12165120
1744,5.24902,3873,1671,6934351,12165120
1745,5.11932,3873,1671,6932253,12165120
1746,5.08881,3873,1671,6926657,12165120
1747,5.40924,3873,1671,6923058,12165120
1748,5.23376,3873,1671,6924524,12165120
1749,4.9057,3873,1671,6923534,12165120
1750,5.35583,3873,1671,6920945,12165120
1751,5.6076,3873,1671,6919309,12165120
1752,4.6463,3873,1671,6914413,12165120
1753,5.20325,3873,1671,6911704,12165120
1754,5.52368,3873,1671,6908270,12165120
1755,4.89044,3873,1671,6903236,12165120
1756,5.4245,3873,1671,6901202,12165120
1757,5.43976,3873,1671,6897980,12165120
1758,4.83704,3873,1671,6895367,12165120
1759,4.87518,3873,1671,6892612,12165120
1760,5.59998,3873,1671,6890803,12165120
1761,5.53131,3873,1671,6885115,12165120
1762,4.93622,3873,1671,6881279,12165120
1763,5.28717,3873,1671,6876884,12165120
1764,5.40924,3873,1671,6874342,12165120
1765,4.9057,3873,1671,6868903,12165120
1766,5.56183,3873,1671,6864460,12165120
1767,4.93622,3873,1671,6862513,12165120
1768,5.18799,3873,1671,6858372,12165120
1769,5.56183,3873,1671,6856204,12165120
1770,5.14984,3873,1671,6849104,12165120
1771,4.71497,3873,1671,6848351,12165120
1772,5.12695,3873,1671,6844664,12165120
1773,5.59235,3873,1671,6839944,12165120
1774,4.97437,3873,1671,6834954,12165120
1775,5.27191,3873,1671,6831429,12165120
1776,5.11169,3873,1671,6829329,12165120
1777,5.08118,3873,1671,6829337,12165120
1778,5.35583,3873,1671,6825798,12165120
1779,5.08118,3873,1671,6823432,12165120
1780,5.27954,3873,1671,6817716,12165120
1781,5.37872,3873,1671,6817268,12165120
1782,4.69971,3873,1671,6810745,12165120
1783,5.52368,3873,1671,6810033,12165120
1784,5.05829,3873,1671,6806276,12165120
1785,4.92859,3873,1671,6803399,12165120
1786,5.79071,3873,1671,6800782,12165120
1787,4.81415,3873,1671,6799939,12165120
1788,5.07355,3873,1671,6798228,12165120
1789,5.45502,3873,1671,6794759,12165120
1790,5.19562,3873,1671,6793615,12165120
1791,5.08118,3873,1671,6791345,12165120
1792,5.10406,3873,1671,6787403,12165120
1793,5.63812,3873,1671,6785338,12165120
1794,4.93622,3873,1671,6783626,12165120
1795,5.24902,3873,1671,6780981,12165120
1796,5.43213,3873,1671,6778044,12165120
1797,5.11932,3873,1671,6776871,12165120
1798,4.76837,3873,1671,6775651,12165120
1799,5.867,3873,1671,6779215,12165120
1800,4.74548,3873,1671,6777939,12165120
1801,4.7226,3873,1671,6776987,12165120
1802,5.63049,3873,1671,6775529,12165120
1803,5.25665,3873,1671,6782378,12165120
1804,4.69971,3873,1671,6774636,12165120
1805,6.08063,3873,1671,6779102,12165120
1806,4.94385,3873,1671,6786878,12165120
1807,4.7226,3873,1671,6782991,12165120
1808,5.72205,3873,1671,6771693,12165120
1809,4.94385,3873,1671,6794969,12165120
1810,5.19562,3873,1671,6795968,12165120
1811,4.92859,3873,1671,6798181,12165120
1812,6.05774,3873,1671,6806720,12165120
1813,4.776,3873,1671,6813431,12165120
1814,5.11169,3873,1671,6809759,12165120
1815,5.72205,3873,1671,6813992,12165120
1816,5.14221,3873,1671,6818572,12165120
1817,4.76074,3873,1671,6816955,12165120
1818,6.01196,3873,1671,6818332,12165120
1819,5.1651,3873,1671,6820256,12165120
1820,4.82941,3873,1671,6819596,12165120
1821,5.47791,3873,1671,6820184,12165120
1822,4.93622,3873,1671,6824616,12165120
1823,5.35583,3873,1671,6824647,12165120
1824,5.19562,3873,1671,6823935,12165120
1825,5.39398,3873,1671,6825354,12165120
1826,5.21088,3873,1671,6823091,12165120
1827,4.98199,3873,1671,6822134,12165120
1828,5.2948,3873,1671,6827883,12165120
1829,5.57709,3873,1671,6825698,12165120
1830,4.86755,3873,1671,6823441,12165120
1831,5.52368,3873,1671,6822456,12165120
1832,5.23376,3873,1671,6824799,12165120
1833,4.95911,3873,1671,6822785,12165120
1834,5.64575,3873,1671,6821639,12165120
1835,5.2948,3873,1671,6822048,12165120
1836,4.89044,3873,1671,6818382,12165120
1837,5.53131,3873,1671,6819387,12165120
1838,5.14221,3873,1671,6818763,12165120
1839,5.12695,3873,1671,6816553,12165120
1840,5.31769,3873,1671,6817475,12165120
1841,5.1651,3873,1671,6817244,12165120
1842,5.21851,3873,1671,6814581,12165120
1843,5.43976,3873,1671,6817791,12165120
1844,5.08118,3873,1671,6813234,12165120
1845,5.26428,3873,1671,6816209,12165120
1846,5.18036,3873,1671,6814002,12165120
1847,5.22614,3873,1671,6814863,12165120
1848,5.33295,3873,1671,6812925,12165120
1849,4.94385,3873,1671,6810211,12165120
1850,5.70679,3873,1671,6812226,12165120
1851,5.09644,3873,1671,6813573,12165120
1852,4.97437,3873,1671,6812497,12165120
1853,5.47028,3873,1671,6809108,12165120
1854,5.08118,3873,1671,6811656,12165120
1855,5.19562,3873,1671,6807910,12165120
1856,5.49316,3873,1671,6807298,12165120
1857,5.11932,3873,1671,6807146,12165120
1858,5.11169,3873,1671,6810262,12165120
1859,5.40161,3873,1671,6806568,12165120
1860,5.09644,3873,1671,6809794,12165120
1861,5.2948,3873,1671,6806181,12165120
1862,5.26428,3873,1671,6791438,12165120
1863,5.21851,3873,1671,6811035,12165120
1864,5.21088,3873,1671,6808358,12165120
1865,5.11932,3873,1671,6806832,12165120
1866,5.43213,3873,1671,6808400,12165120
1867,5.11169,3873,1671,6806062,12165120
1868,5.08118,3873,1671,6804572,12165120
1869,5.6076,3873,1671,6804052,12165120
1870,5.15747,3873,1671,6803443,12165120
1871,5.05066,3873,1671,6802371,12165120
1872,5.50079,3873,1671,6801612,12165120
1873,5.08118,3873,1671,6801768,12165120
1874,5.32532,3873,1671,6801276,12165120
1875,5.37872,3873,1671,6802797,12165120
1876,5.22614,3873,1671,6802710,12165120
1877,5.12695,3873,1671,6804223,12165120
1878,5.14984,3873,1671,6805264,12165120
1879,5.09644,3873,1671,6803191,12165120
1880,5.24139,3873,1671,6800405,12165120
1881,5.50842,3873,1671,6799904,12165120
1882,5.24139,3873,1671,6798420,12165120
1883,5.22614,3873,1671,6797698,12165120
1884,4.85992,3873,1671,6802094,12165120
1885,5.63049,3873,1671,6799973,12165120
1886,5.18799,3873,1671,6797644,12165120
1887,4.95148,3873,1671,6798849,12165120
1888,5.79834,3873,1671,6801539,12165120
1889,5.27191,3873,1671,6799762,12165120
1890,4.92859,3873,1671,6799263,12165120
1891,5.83649,3873,1671,6796331,12165120
1892,5.15747,3873,1671,6783480,12165120
1893,5.21851,3873,1671,6781650,12165120
1894,5.31006,3873,1671,6777103,12165120
1895,5.67627,3873,1671,6779614,12165120
1896,4.92096,3873,1671,6792806,12165120
1897,5.82123,3873,1671,6793321,12165120
1898,5.18799,3873,1671,6806854,12165120
1899,5.34821,3873,1671,6806961,12165120
1900,5.71442,3873,1671,6822225,12165120
1901,5.15747,3873,1671,6831517,12165120
1902,5.49316,3873,1671,6845820,12165120
1903,5.95093,3873,1671,6870042,12165120
1904,5.08118,3873,1671,6863440,12165120
1905,6.01959,3873,1671,6878687,12165120
1906,4.86755,3873,1671,6897905,12165120
1907,5.96619,3873,1671,6916519,12165120
1908,5.20325,3873,1671,6919130,12165120
1909,5.52368,3873,1671,6934775,12165120
1910,5.59998,3873,1671,6950167,12165120
1911,5.59235,3873,1671,6965746,12165120
1912,5.34821,3873,1671,6973078,12165120
1913,5.77545,3873,1671,6982474,12165120
1914,5.20325,3873,1671,6999955,12165120
1915,5.82886,3873,1671,6999853,12165120
1916,5.2948,3873,1671,7017574,12165120
1917,5.72968,3873,1671,7020204,12165120
1918,5.6839,3873,1671,7033092,12165120
1919,5.50842,3873,1671,7035078,12165120
1920,5.24139,3873,1671,7043833,12165120
1921,5.91278,3873,1671,7031295,12165120
1922,5.6839,3873,1671,7027894,12165120
1923,5.35583,3873,1671,7022555,12165120
1924,5.5542,3873,1671,7024597,12165120
1925,5.98907,3873,1671,7022033,12165120
1926,5.37872,3873,1671,7011102,12165120
1927,5.80597,3873,1671,7013619,12165120
1928,5.36346,3873,1671,6995273,12165120
1929,5.56183,3873,1671,6978940,12165120
1930,5.84412,3873,1663,6964054,12165120
1931,5.40161,3873,1663,6966260,12165120
1932,5.27954,3873,1663,6966627,12165120
1933,6.14929,3873,1663,6927168,12165120
1934,5.2948,3873,1663,6912954,12165120
1935,5.46265,3873,1663,6909566,12165120
1936,5.70679,3873,1663,6894890,12165120
1937,5.8136,3873,1663,6882380,12165120
1938,5.6076,3873,1663,6872976,12165120
1939,5.80597,3873,1663,6873875,12165120
1940,5.00488,3873,1663,6870875,12165120
1941,5.82123,3873,1663,6852876,12165120
1942,5.63049,3873,1663,6847202,12165120
1943,5.63812,3873,1663,6850827,12165120
1944,5.40161,3873,1663,6832190,12165120
1945,6.00433,3873,1663,6823165,12165120
1946,5.35583,3873,1663,6810229,12165120
1947,5.48553,3873,1663,6818206,12165120
1948,5.78308,3873,1663,6792550,12165120
1949,5.59235,3873,1663,6786368,12165120
1950,5.57709,3873,1663,6767585,12165120
1951,5.82123,3873,1663,6768613,12165120
1952,5.24139,3873,1663,6768942,12165120
1953,5.74493,3873,1663,6747139,12165120
1954,5.53894,3873,1663,6730683,12165120
1955,5.75256,3873,1663,6731052,12165120
1956,5.2948,3873,1663,6723710,12165120
1957,6.02722,3873,1663,6722633,12165120
1958,5.46265,3873,1663,6703304,12165120
1959,5.34821,3873,1663,6694770,12165120
1960,5.63049,3873,1663,6688343,12165120
1961,5.77545,3873,1663,6674975,12165120
1962,5.38635,3873,1663,6668141,12165120
1963,5.76019,3873,1663,6665948,12165120
1964,5.18799,3873,1663,6660027,12165120
1965,5.59998,3873,1663,6656178,12165120
1966,5.79834,3873,1663,6647107,12165120
1967,5.1651,3873,1663,6650904,12165120
1968,5.85175,3873,1663,6642189,12165120
1969,5.54657,3873,1663,6635853,12165120
1970,5.6076,3873,1663,6637189,12165120
1971,5.31769,3873,1663,6631544,12165120
1972,6.17218,3873,1663,6632135,12165120
1973,4.95148,3873,1663,6627043,12165120
1974,5.66864,3873,1663,6625674,12165120
1975,5.88989,3873,1663,6625944,12165120
1976,5.35583,3873,1663,6626507,12165120
1977,5.49316,3873,1663,6635610,12165120
1978,5.67627,3873,1663,6641134,12165120
1979,5.34821,3873,1663,6642010,12165120
1980,5.4245,3873,1663,6651961,12165120
1981,5.85175,3873,1663,6662116,12165120
1982,5.51605,3873,1663,6661106,12165120
1983,5.17273,3873,1663,6672596,12165120
1984,5.97382,3873,1663,6676003,12165120
1985,5.32532,3873,1663,6685553,12165120
1986,5.11169,3873,1663,6681944,12165120
1987,5.92041,3873,1663,6678074,12165120
1988,5.43976,3873,1663,6675251,12165120
1989,5.11169,3873,1663,6671784,12165120
1990,5.43213,3873,1663,6670682,12165120
1991,5.54657,3873,1663,6668397,12165120
1992,5.51605,3873,1663,6670034,12165120
1993,5.47791,3873,1663,6670693,12165120
1994,5.08881,3873,1663,6656335,12165120
1995,5.4245,3873,1663,6642570,12165120
1996,5.65338,3873,1663,6610418,12165120
1997,5.28717,3873,1663,6611876,12165120
1998,5.18799,3873,1663,6610584,12165120
1999,5.50079,3873,1663,6575586,12165120
2000,5.32532,3873,1663,6575082,12165120
2001,5.02014,3873,1663,6555325,12165120
2002,5.64575,3873,1663,6540474,12165120
2003,5.40161,3873,1663,6526334,12165120
2004,5.05829,3873,1663,6527038,12165120
2005,5.26428,3873,1663,6518970,12165120
2006,5.57709,3873,1663,6513977,12165120
2007,5.22614,3873,1663,6513870,12165120
2008,4.95148,3873,1663,6505721,12165120
2009,5.71442,3873,1663,6498152,12165120
2010,4.93622,3873,1663,6496219,12165120
2011,4.95148,3873,1663,6495411,12165120
2012,6.02722,3873,1663,6495401,12165120
2013,4.75311,3873,1663,6493054,12165120
2014,5.1651,3873,1663,6490513,12165120
2015,5.50079,3873,1663,6489153,12165120
2016,5.05066,3873,1663,6489153,12165120
2017,5.19562,3873,1663,6488350,12165120
2018,5.30243,3873,1663,6487474,12165120
2019,5.1651,3873,1663,6488232,12165120
2020,5.24139,3873,1663,6488534,12165120
2021,5.11169,3873,1663,6488618,12165120
2022,5.38635,3873,1663,6490379,12165120
2023,5.18799,3873,1663,6490184,12165120
2024,5.11932,3873,1663,6489512,12165120
2025,5.31769,3873,1663,6489389,12165120
2026,5.18799,3873,1663,6491039,12165120
2027,5.09644,3873,1663,6490192,12165120
2028,5.33295,3873,1663,6489882,12165120
2029,5.20325,3873,1663,6490212,12165120
2030,5.04303,3873,1663,6488290,12165120
2031,5.51605,3873,1663,6487127,12165120
2032,5.25665,3873,1663,6487667,12165120
2033,5.07355,3873,1663,6486842,12165120
2034,5.43976,3873,1663,6484163,12165120
2035,5.24139,3873,1663,6482693,12165120
2036,4.95148,3873,1663,6480202,12165120
2037,5.19562,3873,1663,6478591,12165120
2038,5.37109,3873,1663,6473464,12165120
2039,5.25665,3873,1663,6472057,12165120
2040,5.13458,3873,1663,6470263,12165120
2041,5.28717,3873,1663,6465235,12165120
2042,5.18036,3873,1663,6462817,12165120
2043,5.21088,3873,1663,6458231,12165120
2044,5.25665,3873,1663,6454891,12165120
2045,5.15747,3873,1663,6450328,12165120
2046,5.10406,3873,1663,6442732,12165120
2047,5.63812,3873,1663,6440179,12165120
2048,5.26428,3873,1663,6435181,12165120
2049,5.17273,3873,1663,6427833,12165120
2050,5.21088,3873,1663,6421224,12165120
2051,5.10406,3873,1663,6416445,12165120
2052,5.05829,3873,1663,6409575,12165120
2053,5.59235,3873,1663,6403698,12165120
2054,5.35583,3873,1663,6398981,12165120
2055,4.83704,3873,1663,6390900,12165120
2056,5.20325,3873,1663,6383945,12165120
2057,5.57709,3873,1663,6376623,12165120
2058,5.21851,3873,1663,6368473,12165120
2059,5.02777,3873,1663,6360294,12165120
2060,5.53131,3873,1663,6351087,12165120
2061,5.33295,3873,1663,6341620,12165120
2062,5.12695,3873,1663,6333672,12165120
2063,5.57709,3873,1663,6320937,12165120
2064,4.66919,3873,1663,6315099,12165120
2065,5.18036,3873,1663,6305693,12165120
2066,5.79834,3873,1663,6296570,12165120
2067,5.15747,3873,1663,6289698,12165120
2068,5.66101,3873,1663,6281387,12165120
2069,5.08881,3873,1663,6274448,12165120
2070,5.18799,3873,1663,6263538,12165120
2071,4.95911,3873,1663,6254986,12165120
2072,5.70679,3873,1663,6246154,12165120
2073,5.30243,3873,1663,6241928,12165120
2074,4.87518,3873,1663,6226844,12165120
2075,5.75256,3873,1663,6217887,12165120
2076,5.17273,3873,1663,6220244,12165120
2077,5.01251,3873,1663,6204097,12165120
2078,5.50842,3873,1663,6204869,12165120
2079,5.95856,3873,1663,6206952,12165120
2080,4.87518,3873,1663,6195116,12165120
2081,5.11169,3873,1663,6193176,12165120
2082,5.59235,3873,1663,6204148,12165120
2083,5.41687,3873,1663,6216459,12165120
2084,5.14221,3873,1663,6196691,12165120
2085,5.77545,3873,1663,6202543,12165120
2086,5.34821,3873,1663,6212217,12165120
2087,5.27191,3873,1663,6194206,12165120
2088,5.61523,3873,1663,6212895,12165120
2089,5.37872,3873,1663,6219665,12165120
2090,5.40161,3873,1663,6236366,12165120
2091,5.56183,3873,1663,6216927,12165120
2092,5.14984,3873,1663,6221364,12165120
2093,5.59235,3873,1663,6219992,12165120
2094,5.67627,3873,1663,6213644,12165120
2095,5.20325,3873,1663,6202873,12165120
2096,5.7373,3873,1663,6206249,12165120
2097,5.66864,3873,1663,6213365,12165120
2098,5.24902,3873,1663,6198623,12165120
2099,5.33295,3873,1663,6195638,12165120
2100,5.69916,3873,1663,6199927,12165120
2101,5.46265,3873,1663,6190930,12165120
2102,5.34821,3873,1663,6178716,12165120
2103,5.69916,3873,1663,6152978,12165120
2104,5.46265,3873,1663,6113788,12165120
2105,5.47791,3873,1663,6079025,12165120
2106,5.6076,3873,1663,6070017,12165120
2107,5.11932,3873,1663,6033266,12165120
2108,5.58472,3873,1663,6012331,12165120
2109,5.36346,3873,1663,6003171,12165120
2110,5.36346,3873,1663,5995328,12165120
2111,5.50079,3873,1663,5985458,12165120
2112,5.50842,3873,1663,5973146,12165120
2113,5.35583,3873,1663,5966462,12165120
2114,5.13458,3873,1663,5984264,12165120
2115,5.47028,3873,1659,5991266,12165120
2116,5.77545,3873,1659,6002738,12165120
2117,5.0354,3873,1659,5991727,12165120
2118,5.46265,3873,1659,5976952,12165120
2119,5.47028,3873,1659,6010039,12165120
2120,5.14984,3873,1659,6001739,12165120
2121,5.28717,3873,1659,6016049,12165120
2122,5.75256,3873,1659,6037082,12165120
2123,5.25665,3873,1659,6051283,12165120
2124,5.1651,3873,1659,6040161,12165120
2125,5.96619,3873,1659,6065397,12165120
2126,4.95911,3873,1659,6092362,12165120
2127,5.32532,3873,1659,6080569,12165120
2128,5.30243,3873,1659,6111389,12165120
2129,5.34821,3873,1659,6146927,12165120
2130,5.37109,3873,1659,6185771,12165120
2131,5.67627,3873,1659,6176508,12165120
2132,5.19562,3873,1659,6169762,12165120
2133,5.02777,3873,1659,6237503,12165120
2134,5.83649,3873,1659,6263423,12165120
2135,5.26428,3873,1659,6256156,12165120
2136,5.53894,3873,1659,6251388,12165120
2137,5.49316,3873,1659,6295567,12165120
2138,5.33295,3873,1659,6286779,12165120
2139,5.14221,3873,1659,6299803,12165120
2140,5.64575,3873,1659,6316482,12165120
2141,5.43976,3873,1659,6336373,12165120
2142,5.08118,3873,1659,6327268,12165120
2143,5.63049,3873,1659,6336888,12165120
2144,5.44739,3873,1659,6355167,12165120
2145,5.09644,3873,1659,6346548,12165120
2146,5.02777,3873,1659,6361376,12165120
2147,5.77545,3873,1659,6374843,12165120
2148,5.12695,3873,1659,6375414,12165120
2149,5.08881,3873,1659,6371562,12165120
2150,5.61523,3873,1659,6385639,12165120
2151,5.47028,3873,1659,6389414,12165120
2152,4.85992,3873,1659,6383882,12165120
2153,5.79834,3873,1659,6389834,12165120
2154,5.08118,3873,1659,6395886,12165120
2155,5.41687,3873,1659,6392448,12165120
2156,5.28717,3873,1659,6391140,12165120
2157,4.99725,3873,1659,6393188,12165120
2158,5.53894,3873,1659,6397102,12165120
2159,5.69153,3873,1659,6393517,12165120
2160,5.35583,3873,1659,6384956,12165120
2161,5.21851,3873,1659,6388998,12165120
2162,5.25665,3873,1659,6390267,12165120
2163,5.14221,3873,1659,6384141,12165120
2164,5.15747,3873,1659,6397781,12165120
2165,5.49316,3873,1659,6397438,12165120
2166,5.39398,3873,1659,6394552,12165120
2167,4.98962,3873,1659,6391482,12165120
2168,5.48553,3873,1659,6391987,12165120
2169,5.14984,3873,1659,6393974,12165120
2170,5.21851,3873,1659,6388762,12165120
2171,5.37872,3873,1659,6394307,12165120
2172,5.53894,3873,1659,6394899,12165120
2173,5.00488,3873,1659,6403332,12165120
2174,5.33295,3873,1659,6405429,12165120
2175,5.41687,3873,1659,6406605,12165120
2176,5.32532,3873,1659,6412419,12165120
2177,5.17273,3873,1659,6409811,12165120
2178,5.63812,3873,1659,6419865,12165120
2179,5.23376,3873,1659,6422630,12165120
2180,5.34058,3873,1659,6432230,12165120
2181,5.47791,3873,1659,6435245,12165120
2182,5.08881,3873,1659,6439912,12165120
2183,5.38635,3873,1659,6448907,12165120
2184,5.59998,3873,1659,6456703,12165120
2185,5.11932,3873,1659,6456682,12165120
2186,5.14221,3873,1659,6467611,12165120
2187,5.76782,3873,1659,6479619,12165120
2188,5.05829,3873,1659,6486883,12165120
2189,5.41687,3873,1659,6497227,12165120
2190,5.35583,3873,1659,6513744,12165120
2191,5.36346,3873,1659,6525175,12165120
2192,5.28717,3873,1659,6529684,12165120
2193,5.53894,3873,1659,6538478,12165120
2194,5.21851,3873,1659,6554788,12165120
2195,5.43976,3873,1659,6568485,12165120
2196,5.27191,3873,1659,6576851,12165120
2197,5.78308,3873,1659,6580980,12165120
2198,5.1651,3873,1659,6592436,12165120
2199,5.26428,3873,1659,6603479,12165120
2200,5.6076,3873,1659,6612665,12165120
2201,5.13458,3873,1659,6626283,12165120
2202,5.30243,3873,1659,6631169,12165120
2203,5.69916,3873,1659,6636375,12165120
2204,5.11169,3873,1659,6640785,12165120
2205,5.11169,3873,1659,6653899,12165120
2206,5.67627,3873,1659,6662677,12165120
2207,5.17273,3873,1659,6672102,12165120
2208,5.22614,3873,1659,6676735,12165120
2209,5.61523,3873,1659,6690663,12165120
2210,5.14984,3873,1659,6693745,12165120
2211,5.27954,3873,1659,6695271,12165120
2212,5.63049,3873,1659,6705103,12165120
2213,5.14221,3873,1659,6713386,12165120
2214,5.34821,3873,1659,6729003,12165120
2215,5.62286,3873,1659,6735469,12165120
2216,5.22614,3873,1659,6743037,12165120
2217,5.33295,3873,1659,6753325,12165120
2218,5.54657,3873,1659,6758862,12165120
2219,5.1651,3873,1659,6762348,12165120
2220,5.36346,3873,1659,6765770,12165120
2221,5.31769,3873,1659,6775789,12165120
2222,5.43976,3873,1659,6780194,12165120
2223,5.23376,3873,1659,6787667,12165120
2224,5.50842,3873,1659,6795129,12165120
2225,5.34058,3873,1659,6798742,12165120
2226,5.24902,3873,1659,6808944,12165120
2227,5.40924,3873,1659,6817755,12165120
2228,5.61523,3873,1659,6832003,12165120
2229,5.39398,3873,1659,6837211,12165120
2230,5.25665,3873,1659,6842611,12165120
2231,5.63812,3873,1659,6852040,12165120
2232,5.21088,3873,1659,6860257,12165120
2233,5.58472,3873,1659,6864258,12165120
2234,5.5542,3873,1659,6874349,12165120
2235,5.40924,3873,1659,6879096,12165120
2236,5.30243,3873,1659,6883342,12165120
2237,5.7373,3873,1659,6893551,12165120
2238,5.33295,3873,1659,6900173,12165120
2239,5.34058,3873,1659,6904520,12165120
2240,6.05011,3873,1659,6908422,12165120
2241,5.33295,3873,1659,6909961,12165120
2242,5.20325,3873,1659,6913818,12165120
2243,5.6076,3873,1659,6916276,12165120
2244,5.43976,3873,1659,6913133,12165120
2245,5.47791,3873,1659,6919174,12165120
2246,5.82886,3873,1659,6918050,12165120
2247,5.36346,3873,1659,6914693,12165120
2248,5.34821,3873,1659,6915113,12165120
2249,5.70679,3873,1659,6916200,12165120
2250,5.47028,3873,1659,6915828,12165120
2251,5.59998,3873,1659,6915560,12165120
2252,5.95856,3873,1659,6913083,12165120
2253,5.34821,3873,1659,6908650,12165120
2254,5.50842,3873,1659,6913653,12165120
2255,5.92041,3873,1659,6910464,12165120
2256,5.14984,3873,1659,6906399,12165120
2257,5.56183,3873,1659,6904848,12165120
2258,5.9433,3873,1659,6907244,12165120
2259,5.46265,3873,1659,6907238,12165120
2260,5.51605,3873,1659,6905322,12165120
2261,5.66101,3873,1659,6901318,12165120
2262,5.69153,3873,1659,6902845,12165120
2263,5.33295,3873,1659,6900547,12165120
2264,6.03485,3873,1659,6901376,12165120
2265,5.56946,3873,1659,6894621,12165120
2266,5.69916,3873,1659,6890868,12165120
2267,5.64575,3873,1659,6890915,12165120
2268,5.37872,3873,1659,6878752,12165120
2269,5.57709,3873,1659,6867111,12165120
2270,6.27136,3873,1659,6868062,12165120
2271,5.50842,3873,1659,6864603,12165120
2272,5.30243,3873,1659,6863073,12165120
2273,6.11115,3873,1659,6856597,12165120
2274,5.79071,3873,1659,6844327,12165120
2275,5.53131,3873,1659,6842863,12165120
2276,5.59235,3873,1659,6825850,12165120
2277,5.95856,3873,1659,6808547,12165120
2278,5.59235,3873,1659,6800028,12165120
2279,5.93567,3873,1659,6800619,12165120
2280,5.27954,3873,1659,6796266,12165120
2281,6.17981,3873,1659,6795828,12165120
2282,5.6076,3873,1659,6793072,12165120
2283,5.63812,3873,1659,6790122,12165120
2284,5.75256,3873,1659,6792065,12165120
2285,5.79834,3873,1659,6785674,12165120
2286,5.66101,3873,1659,6779190,12165120
2287,6.21033,3873,1659,6774534,12165120
2288,5.47028,3873,1659,6767030,12165120
2289,5.49316,3873,1659,6759687,12165120
2290,6.08826,3873,1659,6743003,12165120
2291,5.40161,3873,1659,6734267,12165120
2292,5.63812,3873,1659,6735177,12165120
2293,5.7373,3873,1659,6725175,12165120
2294,5.69153,3873,1659,6715264,12165120
2295,5.62286,3873,1659,6699034,12165120
2296,5.98907,3873,1659,6698710,12165120
2297,5.18799,3873,1659,6693979,12165120
2298,5.61523,3873,1648,6679725,12165120
2299,6.08063,3873,1648,6665572,12165120
2300,5.56183,3873,1648,6666885,12165120
2301,5.17273,3873,1648,6655082,12165120
2302,6.2561,3873,1648,6643560,12165120
2303,5.44739,3873,1648,6639017,12165120
2304,5.37872,3873,1648,6639212,12165120
2305,5.80597,3873,1648,6628728,12165120
2306,5.88226,3873,1648,6628043,12165120
2307,5.38635,3873,1648,6622373,12165120
2308,5.66101,3873,1648,6627631,12165120
2309,5.40924,3873,1648,6623675,12165120
2310,5.96619,3873,1648,6615347,12165120
2311,5.59235,3873,1648,6611206,12165120
2312,5.43213,3873,1648,6612179,12165120
2313,5.21088,3873,1648,6611041,12165120
2314,6.22559,3873,1648,6606175,12165120
2315,5.50842,3873,1648,6597108,12165120
2316,5.45502,3873,1648,6596448,12165120
2317,5.74493,3873,1648,6592098,12165120
2318,5.72205,3873,1648,6588785,12165120
2319,5.69916,3873,1648,6582440,12165120
2320,5.53894,3873,1648,6583594,12165120
2321,5.21851,3873,1648,6575746,12165120
2322,5.72968,3873,1648,6574852,12165120
2323,5.98907,3873,1648,6569979,12165120
2324,5.34821,3873,1648,6571612,12165120
2325,5.40161,3873,1648,6565158,12165120
2326,5.80597,3873,1648,6568948,12165120
2327,5.71442,3873,1648,6564646,12165120
2328,5.36346,3873,1648,6565510,12165120
2329,5.58472,3873,1648,6562348,12165120
2330,5.34058,3873,1648,6556435,12165120
2331,5.80597,3873,1648,6560208,12165120
2332,5.4245,3873,1648,6555874,12165120
2333,5.37109,3873,1648,6557978,12165120
2334,5.70679,3873,1648,6555791,12165120
2335,5.66101,3873,1648,6554670,12165120
2336,5.2948,3873,1648,6553236,12165120
2337,5.59998,3873,1648,6540185,12165120
2338,5.67627,3873,1648,6549478,12165120
2339,5.27191,3873,1648,6550447,12165120
2340,5.69153,3873,1648,6549363,12165120
2341,5.88989,3873,1648,6544943,12165120
2342,5.37109,3873,1648,6544202,12165120
2343,5.49316,3873,1648,6540660,12165120
2344,5.72968,3873,1648,6536532,12165120
2345,5.41687,3873,1648,6534072,12165120
2346,5.76019,3873,1648,6530696,12165120
2347,5.46265,3873,1648,6525933,12165120
2348,5.30243,3873,1648,6527690,12165120
2349,5.56946,3873,1648,6522398,12165120
2350,5.53894,3873,1648,6524097,12165120
2351,5.45502,3873,1648,6515723,12165120
2352,5.31769,3873,1648,6515464,12165120
2353,5.76019,3873,1648,6516319,12165120
2354,5.46265,3873,1648,6512149,12165120
2355,5.54657,3873,1648,6507488,12165120
2356,5.56183,3873,1648,6504726,12165120
2357,5.40161,3873,1648,6501850,12165120
2358,5.58472,3873,1648,6501440,12165120
2359,5.7373,3873,1648,6496699,12165120
2360,5.63049,3873,1648,6496332,12165120
2361,5.15747,3873,1648,6489375,12165120
2362,5.84412,3873,1648,6486439,12165120
2363,5.40161,3873,1648,6484437,12165120
2364,5.54657,3873,1648,6478789,12165120
2365,5.6076,3873,1648,6474573,12165120
2366,5.72205,3873,1648,6472551,12165120
2367,5.14984,3873,1648,6468875,12165120
2368,5.76019,3873,1648,6468529,12165120
2369,5.40924,3873,1648,6461881,12165120
2370,5.2948,3873,1648,6462597,12165120
2371,5.84412,3873,1648,6458595,12165120
2372,5.27954,3873,1648,6453887,12165120
2373,5.40161,3873,1648,6450725,12165120
2374,5.69153,3873,1648,6447528,12165120
2375,5.37872,3873,1648,6443263,12165120
2376,5.58472,3873,1648,6439258,12165120
2377,5.79834,3873,1648,6435396,12165120
2378,5.45502,3873,1648,6427291,12165120
2379,5.24139,3873,1648,6423980,12165120
2380,5.76019,3873,1648,6417851,12165120
2381,5.40924,3873,1648,6415978,12165120
2382,5.4245,3873,1648,6408775,12165120
2383,5.62286,3873,1648,6401438,12165120
2384,5.47791,3873,1648,6398720,12165120
2385,5.21851,3873,1648,6393559,12165120
2386,5.66864,3873,1648,6392098,12165120
2387,5.50842,3873,1648,6383568,12165120
2388,5.24902,3873,1648,6375077,12165120
2389,5.78308,3873,1648,6373963,12165120
2390,5.36346,3873,1648,6371249,12165120
2391,5.31769,3873,1648,6365106,12165120
2392,5.72205,3873,1648,6361461,12165120
2393,5.36346,3873,1648,6359668,12165120
2394,5.32532,3873,1648,6353072,12165120
2395,5.80597,3873,1648,6353647,12165120
2396,5.48553,3873,1648,6346560,12165120
2397,5.40924,3873,1648,6344326,12165120
2398,5.83649,3873,1648,6345222,12165120
2399,5.11169,3873,1649,6341674,12165120
2400,5.31769,3873,1649,6335844,12165120
2401,5.58472,3873,1649,6333076,12165120
2402,5.27191,3873,1649,6330779,12165120
2403,5.49316,3873,1649,6323385,12165120
2404,5.56946,3873,1649,6321264,12165120
2405,5.47028,3873,1649,6313051,12165120
2406,5.22614,3873,1649,6316119,12165120
2407,5.63812,3873,1649,6307669,12165120
2408,5.23376,3873,1649,6305412,12165120
2409,5.35583,3873,1649,6300285,12165120
2410,6.05011,3873,1649,6300691,12165120
2411,4.9057,3873,1649,6292433,12165120
2412,5.36346,3873,1649,6290310,12165120
2413,5.56946,3873,1649,6288844,12165120
2414,5.53894,3873,1649,6289730,12165120
2415,5.27191,3873,1649,6288497,12165120
2416,5.79071,3873,1649,6279757,12165120
2417,5.09644,3873,1649,6289989,12165120
2418,5.35583,3873,1649,6291211,12165120
2419,5.54657,3873,1649,6292277,12165120
2420,5.37109,3873,1649,6290686,12165120
2421,5.37872,3873,1649,6296846,12165120
2422,5.12695,3873,1649,6301908,12165120
2423,5.63049,3873,1649,6312225,12165120
2424,5.40924,3873,1649,6315746,12165120
2425,5.0354,3873,1649,6316383,12165120
2426,5.69916,3873,1649,6324662,12165120
2427,5.25665,3873,1649,6329566,12165120
2428,5.24902,3873,1649,6325161,12165120
2429,5.49316,3873,1649,6334038,12165120
2430,5.45502,3873,1649,6334002,12165120
2431,5.11932,3873,1649,6330523,12165120
2432,5.79071,3873,1649,6330988,12165120
2433,5.00488,3873,1649,6331159,12165120
2434,5.51605,3873,1649,6330730,12165120
2435,5.63049,3873,1649,6329946,12165120
2436,5.0354,3873,1649,6325204,12165120
2437,5.41687,3873,1649,6327041,12165120
2438,5.41687,3873,1649,6329522,12165120
2439,5.30243,3873,1649,6322410,12165120
2440,5.10406,3873,1649,6326954,12165120
2441,5.82123,3873,1649,6328500,12165120
2442,5.37109,3873,1649,6327692,12165120
2443,4.75311,3873,1649,6319973,12165120
2444,5.8136,3873,1649,6326435,12165120
2445,5.40924,3873,1649,6331258,12165120
2446,5.18799,3873,1649,6325617,12165120
2447,5.21851,3873,1649,6319662,12165120
2448,5.53894,3873,1649,6315631,12165120
2449,5.21851,3873,1649,6312293,12165120
2450,5.40924,3873,1649,6302726,12165120
2451,5.57709,3873,1649,6298830,12165120
2452,5.24139,3873,1649,6292517,12165120
2453,5.48553,3873,1649,6282304,12165120
2454,5.21088,3873,1649,6274864,12165120
2455,5.35583,3873,1649,6275447,12165120
2456,5.28717,3873,1649,6269736,12165120
2457,5.51605,3873,1649,6259485,12165120
2458,5.22614,3873,1649,6252217,12165120
2459,5.43976,3873,1649,6241455,12165120
2460,5.50079,3873,1649,6234242,12165120
2461,5.05066,3873,1649,6222642,12165120
2462,5.24902,3873,1649,6211464,12165120
2463,5.79071,3873,1649,6202053,12165120
2464,4.85992,3873,1649,6191505,12165120
2465,5.53131,3873,1649,6183299,12165120
2466,5.31769,3873,1649,6170758,12165120
2467,5.43213,3873,1649,6158148,12165120
2468,5.00488,3873,1649,6148851,12165120
2469,5.66101,3873,1649,6135783,12165120
2470,5.51605,3873,1649,6123250,12165120
2471,5.14984,3873,1649,6112905,12165120
2472,5.67627,3873,1649,6101997,12165120
2473,5.23376,3873,1649,6091410,12165120
2474,5.08118,3873,1649,6077450,12165120
2475,5.46265,3873,1649,6062220,12165120
2476,5.59998,3873,1649,6051163,12165120
2477,4.87518,3873,1649,6039892,12165120
2478,5.34821,3873,1649,6024971,12165120
2479,5.34058,3873,1649,6018845,12165120
2480,5.4245,3873,1649,6010858,12165120
2481,5.02777,3873,1638,5995173,12165120
2482,5.65338,3873,1638,5986792,12165120
2483,5.05066,3873,1638,5978574,12165120
2484,5.26428,3873,1638,5968008,12165120
2485,5.77545,3873,1638,5956103,12165120
2486,5.08881,3873,1638,5941221,12165120
2487,5.1651,3873,1638,5931185,12165120
2488,5.48553,3873,1638,5917002,12165120
2489,5.24902,3873,1638,5908074,12165120
2490,5.08881,3873,1638,5896621,12165120
2491,5.50842,3873,1638,5885379,12165120
2492,5.15747,3873,1638,5876436,12165120
2493,5.31006,3873,1638,5865312,12165120
2494,5.33295,3873,1638,5858318,12165120
2495,5.20325,3873,1638,5848415,12165120
2496,5.13458,3873,1638,5838406,12165120
2497,5.47028,3873,1638,5828043,12165120
2498,5.43976,3873,1638,5820261,12165120
2499,5.34058,3873,1638,5811450,12165120
2500,4.96674,3873,1638,5799297,12165120
2501,5.57709,3873,1638,5793021,12165120
2502,5.52368,3873,1638,5786931,12165120
2503,5.18036,3873,1638,5778027,12165120
2504,5.37872,3873,1638,5769757,12165120
2505,5.53131,3873,1638,5758247,12165120
2506,4.82941,3873,1638,5754423,12165120
2507,5.76782,3873,1638,5745143,12165120
2508,5.11169,3873,1638,5735081,12165120
2509,5.08881,3873,1638,5726659,12165120
2510,5.66864,3873,1638,5718452,12165120
2511,4.80652,3873,1638,5708743,12165120
2512,5.28717,3873,1638,5702123,12165120
2513,5.45502,3873,1638,5691931,12165120
2514,5.45502,3873,1638,5690725,12165120
2515,4.81415,3873,1638,5680792,12165120
2516,5.45502,3873,1638,5673957,12165120
2517,5.08118,3873,1638,5667171,12165120
2518,5.24902,3873,1638,5662485,12165120
2519,5.10406,3873,1638,5656299,12165120
2520,5.61523,3873,1638,5651605,12165120
2521,5.31769,3873,1638,5648335,12165120
2522,5.11932,3873,1638,5641133,12165120
2523,5.49316,3873,1638,5635252,12165120
2524,5.34058,3873,1638,5634322,12165120
2525,5.2948,3873,1638,5628545,12165120
2526,5.28717,3873,1638,5627204,12165120
2527,5.15747,3873,1638,5624956,12165120
2528,5.08881,3873,1638,5619329,12165120
2529,5.61523,3873,1638,5614181,12165120
2530,4.96674,3873,1638,5605973,12165120
2531,5.1651,3873,1638,5608944,12165120
2532,5.53894,3873,1638,5602871,12165120
2533,5.13458,3873,1638,5599118,12165120
2534,5.11169,3873,1638,5595701,12165120
2535,5.40924,3873,1638,5590637,12165120
2536,5.12695,3873,1638,5587567,12165120
2537,5.19562,3873,1638,5588124,12165120
2538,5.41687,3873,1638,5580219,12165120
2539,5.49316,3873,1638,5577015,12165120
2540,5.05829,3873,1638,5576350,12165120
2541,5.09644,3873,1638,5572869,12165120
2542,5.38635,3873,1638,5567946,12165120
2543,5.1651,3873,1638,5566166,12165120
2544,5.18036,3873,1638,5563681,12165120
2545,5.58472,3873,1638,5559871,12165120
2546,5.0354,3873,1638,5560704,12165120
2547,5.13458,3873,1638,5556300,12165120
2548,5.37872,3873,1638,5551838,12165120
2549,5.10406,3873,1638,5551794,12165120
2550,5.37872,3873,1638,5549110,12165120
2551,5.18799,3873,1638,5544589,12165120
2552,5.27954,3873,1638,5543988,12165120
2553,4.98962,3873,1638,5540438,12165120
2554,5.40924,3873,1638,5536485,12165120
2555,5.27954,3873,1638,5534308,12165120
2556,5.17273,3873,1638,5532836,12165120
2557,5.19562,3873,1638,5522174,12165120
2558,5.46265,3873,1638,5529294,12165120
2559,5.13458,3873,1638,5525951,12165120
2560,5.05829,3873,1638,5523727,12165120
2561,5.53894,3873,1638,5521832,12165120
2562,5.25665,3873,1638,5521188,12165120
2563,4.94385,3873,1638,5521124,12165120
2564,5.51605,3873,1638,5518577,12165120
2565,4.99725,3873,1638,5517421,12165120
2566,5.12695,3873,1638,5515043,12165120
2567,5.43976,3873,1638,5512864,12165120
2568,5.18799,3873,1638,5512208,12165120
2569,5.14984,3873,1638,5511436,12165120
2570,5.26428,3873,1638,5508436,12165120
2571,5.14984,3873,1638,5507321,12165120
2572,5.08881,3873,1638,5503315,12165120
2573,5.17273,3873,1638,5503817,12165120
2574,5.40924,3873,1638,5501855,12165120
2575,5.21088,3873,1638,5501862,12165120
2576,5.0354,3873,1638,5499111,12165120
2577,5.31769,3873,1638,5497589,12165120
2578,5.20325,3873,1638,5498413,12165120
2579,5.11169,3873,1638,5498184,12165120
2580,5.67627,3873,1638,5495093,12165120
2581,5.05829,3873,1638,5495058,12165120
2582,5.08881,3873,1638,5493806,12165120
2583,5.63049,3873,1638,5491488,12165120
2584,5.14984,3873,1638,5488027,12165120
2585,5.47791,3873,1638,5487495,12165120
2586,4.94385,3873,1638,5486977,12165120
2587,5.34058,3873,1638,5489453,12165120
2588,4.94385,3873,1638,5493009,12165120
2589,5.15747,3873,1638,5492851,12165120
2590,5.53894,3873,1638,5493381,12165120
2591,5.27954,3873,1638,5503189,12165120
2592,4.83704,3873,1638,5506543,12165120
2593,5.98145,3873,1638,5519241,12165120
2594,5.0354,3873,1638,5523195,12165120
2595,4.93622,3873,1638,5526457,12165120
2596,5.36346,3873,1638,5548785,12165120
2597,5.50079,3873,1638,5565753,12165120
2598,5.05066,3873,1638,5580719,12165120
2599,5.37872,3873,1638,5588711,12165120
2600,5.48553,3873,1638,5607387,12165120
2601,5.11169,3873,1638,5617248,12165120
2602,5.41687,3873,1638,5625422,12165120
2603,5.31769,3873,1638,5642433,12165120
2604,5.61523,3873,1638,5664385,12165120
2605,5.20325,3873,1638,5673335,12165120
2606,5.05829,3873,1638,5690478,12165120
2607,5.38635,3873,1638,5710806,12165120
2608,5.33295,3873,1638,5737199,12165120
2609,5.39398,3873,1638,5749634,12165120
2610,5.11932,3873,1638,5773346,12165120
2611,5.50079,3873,1638,5795750,12165120
2612,5.4245,3873,1638,5812850,12165120
2613,5.21851,3873,1638,5831967,12165120
2614,5.48553,3873,1638,5875253,12165120
2615,5.79071,3873,1638,5930465,12165120
2616,4.94385,3873,1638,5936782,12165120
2617,5.76019,3873,1638,5993781,12165120
2618,5.43976,3873,1638,6034844,12165120
2619,5.35583,3873,1638,6044973,12165120
2620,5.45502,3873,1638,6049474,12165120
2621,5.97382,3873,1638,6042825,12165120
2622,5.47028,3873,1638,6028604,12165120
2623,5.40161,3873,1638,6036362,12165120
2624,5.47791,3873,1638,6013542,12165120
2625,5.65338,3873,1638,5982929,12165120
2626,5.61523,3873,1638,5960117,12165120
2627,5.56946,3873,1638,5964034,12165120
2628,5.28717,3873,1638,5939076,12165120
2629,5.57709,3873,1638,5916864,12165120
2630,5.44739,3873,1638,5925193,12165120
2631,5.1651,3873,1638,5933594,12165120
2632,5.58472,3873,1638,5933876,12165120
2633,5.72968,3873,1638,5965992,12165120
2634,5.35583,3873,1638,5969743,12165120
2635,5.17273,3873,1638,6009754,12165120
2636,5.95093,3873,1638,6024823,12165120
2637,5.67627,3873,1638,6056959,12165120
2638,5.11169,3873,1638,6062412,12165120
2639,5.61523,3873,1638,6121204,12165120
2640,5.67627,3873,1638,6193928,12165120
2641,5.18799,3873,1638,6251981,12165120
2642,5.92041,3873,1638,6261114,12165120
2643,5.46265,3873,1638,6308824,12165120
2644,5.41687,3873,1638,6369810,12165120
2645,5.53894,3873,1638,6418867,12165120
2646,5.08118,3873,1638,6421453,12165120
2647,5.66101,3873,1638,6478492,12165120
2648,5.52368,3873,1638,6557781,12165120
2649,5.44739,3873,1638,6555825,12165120
2650,5.00488,3873,1638,6601839,12165120
2651,5.96619,3873,1638,6640398,12165120
2652,5.15747,3873,1638,6703633,12165120
2653,5.41687,3873,1638,6711609,12165120
2654,5.43213,3873,1638,6781482,12165120
2655,5.67627,3873,1638,6869457,12165120
2656,5.17273,3873,1638,6945378,12165120
2657,5.43213,3873,1638,6943999,12165120
2658,5.38635,3873,1638,6992900,12165120
2659,5.40161,3873,1638,7010184,12165120
2660,5.72205,3873,1638,7006541,12165120
2661,5.23376,3873,1638,7050256,12165120
2662,5.41687,3873,1638,7074716,12165120
2663,5.69153,3873,1638,7086984,12165120
2664,5.0354,3873,1638,7085544,12165120
2665,5.53894,3873,1638,7079810,12165120
2666,5.63049,3873,1638,7044096,12165120
2667,5.37109,3873,1638,7044154,12165120
2668,5.09644,3873,1638,6980504,12165120
2669,5.82886,3873,1628,6944714,12165120
2670,5.34058,3873,1628,6913310,12165120
2671,5.49316,3873,1628,6912507,12165120
2672,5.15747,3873,1628,6858759,12165120
2673,5.85938,3873,1628,6816265,12165120
2674,5.35583,3873,1628,6766545,12165120
2675,5.26428,3873,1628,6767940,12165120
2676,5.47791,3873,1628,6720781,12165120
2677,5.64575,3873,1628,6677443,12165120
2678,5.24902,3873,1628,6679015,12165120
2679,5.37109,3873,1628,6678107,12165120
2680,5.5542,3873,1628,6612159,12165120
2681,5.52368,3873,1628,6585582,12165120
2682,5.66101,3873,1628,6598671,12165120
2683,5.47791,3873,1628,6579381,12165120
2684,5.93567,3873,1628,6580091,12165120
2685,4.86755,3873,1628,6578082,12165120
2686,5.32532,3873,1628,6577604,12165120
2687,5.2948,3873,1628,6570716,12165120
2688,6.13403,3873,1628,6582166,12165120
2689,5.14221,3873,1628,6573407,12165120
2690,5.34058,3873,1628,6571880,12165120
2691,5.8136,3873,1628,6570273,12165120
2692,5.37109,3873,1628,6577295,12165120
2693,5.26428,3873,1628,6567734,12165120
2694,5.2948,3873,1628,6570378,12165120
2695,5.75256,3873,1628,6561890,12165120
2696,5.43213,3873,1628,6566021,12165120
2697,5.43213,3873,1628,6566515,12165120
2698,5.18799,3873,1628,6565829,12165120
2699,5.32532,3873,1628,6559429,12165120
2700,5.87463,3873,1628,6562716,12165120
2701,5.18799,3873,1628,6563473,12165120
2702,5.53894,3873,1628,6556709,12165120
2703,5.87463,3873,1628,6564220,12165120
2704,4.88281,3873,1628,6563473,12165120
2705,5.09644,3873,1628,6555243,12165120
2706,6.50024,3873,1628,6561890,12165120
2707,4.63867,3873,1628,6553676,12165120
2708,5.11169,3873,1628,6556955,12165120
2709,6.17981,3873,1628,6556226,12165120
2710,5.24902,3873,1628,6561531,12165120
2711,5.09644,3873,1628,6556464,12165120
2712,5.53894,3873,1628,6560785,12165120
2713,5.56946,3873,1628,6550156,12165120
2714,5.27954,3873,1628,6551814,12165120
2715,5.67627,3873,1628,6560826,12165120
2716,5.11169,3873,1628,6555621,12165120
2717,5.67627,3873,1628,6553807,12165120
2718,5.41687,3873,1628,6550383,12165120
2719,5.20325,3873,1628,6551290,12165120
2720,5.43213,3873,1628,6556664,12165120
2721,5.59998,3873,1628,6551475,12165120
2722,5.61523,3873,1628,6551011,12165120
2723,5.14221,3873,1628,6552654,12165120
2724,5.7373,3873,1628,6555262,12165120
2725,5.61523,3873,1628,6548078,12165120
2726,5.14221,3873,1628,6554808,12165120
2727,5.06592,3873,1628,6528884,12165120
2728,5.88989,3873,1628,6549109,12165120
2729,5.09644,3873,1628,6555340,12165120
2730,5.09644,3873,1628,6554536,12165120
2731,5.78308,3873,1628,6559790,12165120
2732,5.63049,3873,1628,6554004,12165120
2733,4.69971,3873,1628,6553674,12165120
2734,5.67627,3873,1628,6552581,12165120
2735,5.66101,3873,1628,6555027,12165120
2736,5.43213,3873,1628,6555711,12165120
2737,5.0354,3873,1628,6551286,12165120
2738,5.56946,3873,1628,6549744,12165120
2739,4.89807,3873,1628,6553229,12165120
2740,6.14929,3873,1628,6552181,12165120
2741,5.06592,3873,1628,6555150,12165120
2742,5.14221,3873,1628,6559265,12165120
2743,5.64575,3873,1628,6558368,12165120
2744,5.20325,3873,1628,6557394,12165120
2745,5.23376,3873,1628,6555530,12165120
2746,5.8136,3873,1628,6558206,12165120
2747,5.27954,3873,1628,6562488,12165120
2748,5.08118,3873,1628,6559815,12165120
2749,5.7373,3873,1628,6559583,12165120
2750,5.26428,3873,1628,6550032,12165120
2751,5.06592,3873,1628,6550447,12165120
2752,5.70679,3873,1628,6539096,12165120
2753,5.47791,3873,1628,6523987,12165120
2754,5.14221,3873,1628,6522499,12165120
2755,5.20325,3873,1628,6496025,12165120
2756,5.70679,3873,1628,6462308,12165120
2757,5.20325,3873,1628,6434996,12165120
2758,5.2948,3873,1628,6436024,12165120
2759,5.67627,3873,1628,6430734,12165120
2760,5.26428,3873,1628,6466097,12165120
2761,5.41687,3873,1628,6464192,12165120
2762,5.38635,3873,1628,6474498,12165120
2763,5.52368,3873,1628,6506685,12165120
2764,5.5542,3873,1628,6516852,12165120
2765,5.40161,3873,1628,6510991,12165120
2766,5.24902,3873,1628,6537755,12165120
2767,5.49316,3873,1628,6542343,12165120
2768,5.53894,3873,1628,6513920,12165120
2769,5.38635,3873,1628,6511892,12165120
2770,5.38635,3873,1628,6544975,12165120
2771,5.43213,3873,1628,6562658,12165120
2772,5.53894,3873,1628,6562339,12165120
2773,5.23376,3873,1628,6543353,12165120
2774,5.8136,3873,1628,6542845,12165120
2775,5.32532,3873,1628,6456799,12165120
2776,5.56946,3873,1628,6457032,12165120
2777,5.5542,3873,1628,6475336,12165120
2778,5.5542,3873,1628,6510363,12165120
2779,5.49316,3873,1628,6537393,12165120
2780,6.073,3873,1628,6536123,12165120
2781,4.92859,3873,1628,6578118,12165120
2782,5.53894,3873,1628,6626634,12165120
2783,5.63049,3873,1628,6655528,12165120
2784,5.26428,3873,1628,6654360,12165120
2785,5.46265,3873,1628,6634865,12165120
2786,5.8136,3873,1628,6597622,12165120
2787,5.47791,3873,1628,6597164,12165120
2788,5.0354,3873,1628,6568519,12165120
2789,5.59998,3873,1628,6544601,12165120
2790,5.69153,3873,1628,6539228,12165120
2791,5.12695,3873,1628,6539397,12165120
2792,5.66101,3873,1628,6538557,12165120
2793,5.82886,3873,1628,6543401,12165120
2794,5.32532,3873,1628,6554522,12165120
2795,5.92041,3873,1628,6554010,12165120
2796,5.12695,3873,1628,6559674,12165120
2797,5.46265,3873,1628,6562430,12165120
2798,6.11877,3873,1628,6562200,12165120
2799,5.05066,3873,1628,6561477,12165120
2800,5.85938,3873,1628,6561113,12165120
2801,5.58472,3873,1628,6551397,12165120
2802,5.38635,3873,1628,6552180,12165120
2803,5.43213,3873,1628,6560471,12165120
2804,5.78308,3873,1628,6574037,12165120
2805,5.2948,3873,1628,6588518,12165120
2806,5.47791,3873,1628,6587805,12165120
2807,5.52368,3873,1628,6616607,12165120
2808,5.38635,3873,1628,6630099,12165120
2809,5.47791,3873,1628,6651265,12165120
2810,5.47791,3873,1628,6650755,12165120
2811,5.43213,3873,1628,6656288,12165120
2812,5.52368,3873,1628,6645454,12165120
2813,5.88989,3873,1628,6644658,12165120
2814,5.00488,3873,1628,6644423,12165120
2815,5.70679,3873,1628,6616421,12165120
2816,5.84412,3873,1628,6592276,12165120
2817,5.02014,3873,1628,6591704,12165120
2818,5.23376,3873,1628,6579559,12165120
2819,6.02722,3873,1628,6566746,12165120
2820,5.31006,3873,1628,6552321,12165120
2821,5.52368,3873,1628,6551065,12165120
2822,5.43213,3873,1628,6538690,12165120
2823,5.67627,3873,1628,6531321,12165120
2824,5.2948,3873,1628,6523311,12165120
2825,5.46265,3873,1628,6520942,12165120
2826,5.34058,3873,1628,6506971,12165120
2827,5.44739,3873,1628,6502657,12165120
2828,5.49316,3873,1628,6501280,12165120
2829,5.69153,3873,1628,6498446,12165120
2830,5.17273,3873,1628,6497618,12165120
2831,5.66101,3873,1628,6496073,12165120
2832,5.27954,3873,1628,6494585,12165120
2833,5.49316,3873,1628,6493220,12165120
2834,5.47791,3873,1628,6490309,12165120
2835,5.38635,3873,1628,6490769,12165120
2836,5.31006,3873,1628,6488232,12165120
2837,5.59998,3873,1628,6484883,12165120
2838,5.52368,3873,1628,6482857,12165120
2839,5.26428,3873,1628,6478900,12165120
2840,5.52368,3873,1628,6477719,12165120
2841,5.67627,3873,1628,6473854,12165120
2842,5.2948,3873,1628,6470500,12165120
2843,5.31006,3873,1628,6471235,12165120
2844,5.59998,3873,1628,6466255,12165120
2845,5.34058,3873,1628,6464027,12165120
2846,5.46265,3873,1628,6460372,12165120
2847,6.05774,3873,1628,6454240,12165120
2848,4.95911,3873,1628,6453406,12165120
2849,5.58472,3873,1628,6448920,12165120
2850,5.47791,3873,1628,6447259,12165120
2851,5.31006,3873,1628,6444891,12165120
2852,5.31006,3873,1617,6441053,12165120
2853,5.67627,3873,1617,6438709,12165120
2854,5.31006,3873,1617,6435541,12165120
2855,5.38635,3873,1617,6431609,12165120
2856,5.75256,3873,1617,6426126,12165120
2857,5.64575,3873,1617,6415986,12165120
2858,5.14221,3873,1617,6408980,12165120
2859,5.66101,3873,1617,6391134,12165120
2860,5.78308,3873,1617,6378457,12165120
2861,5.06592,3873,1617,6365785,12165120
2862,6.01196,3873,1617,6356194,12165120
2863,4.88281,3873,1617,6346858,12165120
2864,5.59998,3873,1617,6357325,12165120
2865,5.56946,3873,1617,6379464,12165120
2866,5.37109,3873,1617,6375673,12165120
2867,5.58472,3873,1617,6408306,12165120
2868,5.52368,3873,1617,6445392,12165120
2869,5.2948,3873,1617,6440224,12165120
2870,5.24902,3873,1617,6488037,12165120
2871,5.95093,3873,1617,6530960,12165120
2872,5.21851,3873,1617,6563451,12165120
2873,5.31006,3873,1617,6564788,12165120
2874,5.92041,3873,1617,6599860,12165120
2875,5.35583,3873,1617,6617497,12165120
2876,5.34058,3873,1617,6615311,12165120
2877,5.49316,3873,1617,6613061,12165120
2878,5.43213,3873,1617,6606271,12165120
2879,5.56946,3873,1617,6606035,12165120
2880,5.76782,3873,1617,6602147,12165120
2881,4.79126,3873,1617,6595103,12165120
2882,5.38635,3873,1617,6589719,12165120
2883,5.90515,3873,1617,6583758,12165120
2884,5.09644,3873,1617,6575265,12165120
2885,5.41687,3873,1617,6567081,12165120
2886,5.76782,3873,1617,6561863,12165120
2887,5.18799,3873,1617,6562223,12165120
2888,5.5542,3873,1617,6551589,12165120
2889,5.44739,3873,1617,6540042,12165120
2890,5.82886,3873,1617,6540294,12165120
2891,5.02014,3873,1617,6535154,12165120
2892,5.64575,3873,1617,6540361,12165120
2893,5.63049,3873,1617,6535736,12165120
2894,5.35583,3873,1617,6535784,12165120
2895,5.47791,3873,1617,6533683,12165120
2896,5.37109,3873,1617,6537007,12165120
2897,5.90515,3873,1617,6550665,12165120
2898,5.15747,3873,1617,6558319,12165120
2899,5.49316,3873,1617,6566613,12165120
2900,5.47791,3873,1617,6570085,12165120
2901,5.32532,3873,1617,6573589,12165120
2902,5.64575,3873,1617,6578322,12165120
2903,5.31006,3873,1617,6585372,12165120
2904,5.49316,3873,1617,6586428,12165120
2905,5.41687,3873,1617,6585853,12165120
2906,5.26428,3873,1617,6587431,12165120
2907,5.18799,3873,1617,6591196,12165120
2908,5.79834,3873,1617,6590228,12165120
2909,5.58472,3873,1617,6591753,12165120
2910,4.91333,3873,1617,6592846,12165120
2911,5.61523,3873,1617,6595717,12165120
2912,5.53894,3873,1617,6595039,12165120
2913,5.18799,3873,1617,6590289,12165120
2914,5.27954,3873,1617,6585859,12165120
2915,5.37109,3873,1617,6583804,12165120
2916,5.49316,3873,1617,6584357,12165120
2917,5.34058,3873,1617,6584596,12165120
2918,5.34058,3873,1617,6584726,12165120
2919,5.27954,3873,1617,6584253,12165120
2920,5.8136,3873,1617,6588573,12165120
2921,4.86755,3873,1617,6592647,12165120
2922,5.06592,3873,1617,6595416,12165120
2923,5.61523,3873,1617,6601465,12165120
2924,5.09644,3873,1617,6602047,12165120
2925,5.27954,3873,1617,6610072,12165120
2926,5.58472,3873,1617,6605928,12165120
2927,5.09644,3873,1617,6623017,12165120
2928,5.34058,3873,1617,6625678,12165120
2929,5.12695,3873,1617,6634552,12165120
2930,5.52368,3873,1617,6635324,12165120
2931,4.92859,3873,1617,6639431,12165120
2932,5.50842,3873,1617,6648709,12165120
2933,5.43213,3873,1617,6652267,12165120
2934,5.08118,3873,1617,6653664,12165120
2935,5.18799,3873,1617,6662046,12165120
2936,5.84412,3873,1617,6657437,12165120
2937,4.97437,3873,1617,6659831,12165120
2938,5.17273,3873,1617,6656529,12165120
2939,5.93567,3873,1617,6653526,12165120
2940,4.97437,3873,1617,6647629,12165120
2941,5.21851,3873,1617,6653684,12165120
2942,5.50842,3873,1617,6645351,12165120
2943,5.06592,3873,1617,6652530,12165120
2944,5.35583,3873,1617,6658134,12165120
2945,5.37109,3873,1617,6667830,12165120
2946,5.23376,3873,1617,6670972,12165120
2947,5.20325,3873,1617,6679488,12165120
2948,5.49316,3873,1617,6673659,12165120
2949,5.47791,3873,1617,6662834,12165120
2950,5.05066,3873,1617,6656574,12165120
2951,5.08118,3873,1617,6646953,12165120
2952,5.41687,3873,1617,6640037,12165120
2953,5.26428,3873,1617,6635992,12165120
2954,5.15747,3873,1617,6627916,12165120
2955,5.56946,3873,1617,6614590,12165120
2956,5.23376,3873,1617,6600304,12165120
2957,5.17273,3873,1617,6589353,12165120
2958,5.52368,3873,1617,6576512,12165120
2959,5.2948,3873,1617,6562658,12165120
2960,5.06592,3873,1617,6567500,12165120
2961,5.50842,3873,1617,6553393,12165120
2962,5.11169,3873,1617,6542566,12165120
2963,5.11169,3873,1617,6528004,12165120
2964,5.50842,3873,1617,6520814,12165120
2965,5.12695,3873,1617,6511371,12165120
2966,5.56946,3873,1617,6502192,12165120
2967,4.85229,3873,1617,6485799,12165120
2968,5.24902,3873,1617,6480003,12165120
2969,5.06592,3873,1617,6468585,12165120
2970,5.09644,3873,1617,6469519,12165120
2971,5.5542,3873,1617,6461467,12165120
2972,5.06592,3873,1617,6450798,12165120
2973,5.61523,3873,1617,6446520,12165120
2974,5.27954,3873,1617,6436111,12165120
2975,4.91333,3873,1617,6421343,12165120
2976,5.38635,3873,1617,6414301,12165120
2977,5.52368,3873,1617,6408204,12165120
2978,4.83704,3873,1617,6398488,12165120
2979,5.46265,3873,1617,6390871,12165120
2980,5.43213,3873,1617,6386358,12165120
2981,4.83704,3873,1617,6367489,12165120
2982,5.79834,3873,1617,6359833,12165120
2983,5.2948,3873,1617,6354597,12165120
2984,5.24902,3873,1617,6352253,12165120
2985,4.73022,3873,1617,6339120,12165120
2986,5.53894,3873,1617,6336128,12165120
2987,5.09644,3873,1617,6333395,12165120
2988,5.02014,3873,1617,6324717,12165120
2989,5.35583,3873,1617,6324242,12165120
2990,5.49316,3873,1617,6324630,12165120
2991,4.94385,3873,1617,6319139,12165120
2992,5.20325,3873,1617,6312703,12165120
2993,5.61523,3873,1617,6307667,12165120
2994,4.92859,3873,1617,6309365,12165120
2995,5.05066,3873,1617,6306418,12165120
2996,5.66101,3873,1617,6306054,12165120
2997,5.17273,3873,1617,6299677,12165120
2998,4.83704,3873,1617,6294968,12165120
2999,5.96619,3873,1617,6290464,12165120
3000,4.89807,3873,1617,6286585,12165120
3001,4.86755,3873,1617,6282459,12165120
3002,5.5542,3873,1617,6279186,12165120
3003,5.49316,3873,1617,6272316,12165120
3004,4.85229,3873,1617,6271905,12165120
3005,4.82178,3873,1617,6259537,12165120
3006,5.61523,3873,1617,6256301,12165120
3007,5.18799,3873,1617,6251794,12165120
3008,4.85229,3873,1617,6247865,12165120
3009,5.41687,3873,1617,6239069,12165120
3010,5.23376,3873,1617,6232670,12165120
3011,4.85229,3873,1617,6228169,12165120
3012,5.8136,3873,1617,6221090,12165120
3013,4.86755,3873,1617,6215103,12165120
3014,5.06592,3873,1617,6207967,12165120
3015,5.38635,3873,1617,6201783,12165120
3016,4.86755,3873,1617,6194584,12165120
3017,5.84412,3873,1617,6189216,12165120
3018,4.63867,3873,1617,6181617,12165120
3019,5.21851,3873,1617,6170890,12165120
3020,5.08118,3873,1617,6158291,12165120
3021,4.98962,3873,1617,6152197,12165120
3022,5.5542,3873,1617,6144986,12165120
3023,5.06592,3873,1617,6136436,12165120
3024,5.15747,3873,1617,6128373,12165120
3025,5.47791,3873,1617,6111477,12165120
3026,5.17273,3873,1617,6105806,12165120
3027,5.09644,3873,1617,6095352,12165120
3028,5.46265,3873,1617,6086384,12165120
3029,5.0354,3873,1617,6079365,12165120
3030,5.11169,3873,1617,6068264,12165120
3031,5.63049,3873,1617,6056555,12165120
3032,4.95911,3873,1617,6051794,12165120
3033,5.23376,3873,1617,6047093,12165120
3034,5.38635,3873,1617,6046684,12165120
3035,5.31006,3873,1617,6047302,12165120
3036,5.08118,3873,1617,6047282,12165120
3037,5.34058,3873,1617,6044622,12165120
3038,5.69153,3873,1617,6042847,12165120
3039,4.71497,3873,1617,6044905,12165120
3040,5.0354,3873,1614,6045929,12165120
3041,5.75256,3873,1614,6050843,12165120
3042,5.00488,3873,1614,6051838,12165120
3043,5.27954,3873,1614,6051325,12165120
3044,5.40161,3873,1614,6063741,12165120
3045,5.24902,3873,1614,6077638,12165120
3046,4.94385,3873,1614,6095394,12165120
3047,5.37109,3873,1614,6125471,12165120
3048,5.12695,3873,1614,6157606,12165120
3049,5.44739,3873,1614,6202303,12165120
3050,5.0354,3873,1614,6269852,12165120
3051,4.98962,3873,1614,6326280,12165120
3052,5.02014,3873,1614,6369999,12165120
3053,5.15747,3873,1614,6385716,12165120
3054,5.08118,3873,1614,6392325,12165120
3055,5.0354,3873,1614,6397734,12165120
3056,5.24902,3873,1614,6382846,12165120
3057,5.18799,3873,1614,6340352,12165120
3058,5.18799,3873,1614,6277129,12165120
3059,5.02014,3873,1614,6216349,12165120
3060,5.59998,3873,1614,6166985,12165120
3061,4.89807,3873,1614,6132080,12165120
3062,5.21851,3873,1614,6125367,12165120
3063,5.49316,3873,1614,6114807,12165120
3064,5.23376,3873,1614,6120089,12165120
3065,5.0354,3873,1614,6122236,12165120
3066,5.17273,3873,1614,6128823,12165120
3067,5.27954,3873,1614,6133619,12165120
3068,5.0354,3873,1614,6138038,12165120
3069,4.97437,3873,1614,6139613,12165120
3070,5.26428,3873,1614,6149801,12165120
3071,5.18799,3873,1614,6159783,12165120
3072,4.91333,3873,1614,6161537,12165120
3073,5.44739,3873,1614,6165526,12165120
3074,4.97437,3873,1614,6172370,12165120
3075,5.05066,3873,1614,6173772,12165120
3076,5.32532,3873,1614,6177194,12165120
3077,5.00488,3873,1614,6184768,12165120
3078,5.15747,3873,1614,6195365,12165120
3079,5.44739,3873,1614,6197813,12165120
3080,5.43213,3873,1614,6207193,12165120
3081,4.76074,3873,1614,6213100,12165120
3082,4.98962,3873,1614,6224627,12165120
3083,5.63049,3873,1614,6232738,12165120
3084,5.15747,3873,1614,6239307,12165120
3085,5.18799,3873,1614,6245574,12165120
3086,5.23376,3873,1614,6256321,12165120
3087,5.46265,3873,1614,6262726,12165120
3088,5.00488,3873,1614,6270118,12165120
3089,5.5542,3873,1614,6281209,12165120
3090,5.00488,3873,1614,6285314,12165120
3091,5.18799,3873,1614,6293059,12165120
3092,5.53894,3873,1614,6301810,12165120
3093,5.08118,3873,1614,6304024,12165120
3094,5.11169,3873,1614,6306141,12165120
3095,5.23376,3873,1614,6308647,12165120
3096,5.11169,3873,1614,6309960,12165120
3097,5.12695,3873,1614,6308930,12165120
3098,5.31006,3873,1614,6312161,12165120
3099,5.15747,3873,1614,6316099,12165120
3100,5.20325,3873,1614,6311906,12165120
3101,4.98962,3873,1614,6314108,12165120
3102,5.52368,3873,1614,6319019,12165120
3103,5.09644,3873,1614,6316850,12165120
3104,5.08118,3873,1614,6319252,12165120
3105,5.27954,3873,1614,6317787,12165120
3106,4.97437,3873,1614,6318709,12165120
3107,5.14221,3873,1614,6316223,12165120
3108,5.37109,3873,1614,6313986,12165120
3109,4.98962,3873,1614,6314691,12165120
3110,5.00488,3873,1614,6310473,12165120
3111,5.15747,3873,1614,6297601,12165120
3112,5.34058,3873,1614,6308193,12165120
3113,4.88281,3873,1614,6303852,12165120
3114,5.15747,3873,1614,6304583,12165120
3115,5.37109,3873,1614,6298683,12165120
3116,4.94385,3873,1614,6297649,12165120
3117,4.91333,3873,1614,6295074,12165120
3118,5.47791,3873,1614,6294280,12165120
3119,4.88281,3873,1614,6289928,12165120
3120,5.06592,3873,1614,6287230,12165120
3121,5.41687,3873,1614,6278079,12165120
3122,5.06592,3873,1614,6273717,12165120
3123,5.15747,3873,1614,6268280,12165120
3124,5.12695,3873,1614,6224574,12165120
3125,5.20325,3873,1614,6252481,12165120
3126,5.17273,3873,1614,6245663,12165120
3127,5.11169,3873,1614,6236263,12165120
3128,5.34058,3873,1614,6235806,12165120
3129,5.02014,3873,1614,6226650,12165120
3130,5.41687,3873,1614,6223346,12165120
3131,5.08118,3873,1614,6223386,12165120
3132,5.09644,3873,1614,6229967,12165120
3133,5.06592,3873,1614,6227807,12165120
3134,5.38635,3873,1614,6226754,12165120
3135,5.06592,3873,1614,6233283,12165120
3136,5.11169,3873,1614,6231661,12165120
3137,5.47791,3873,1614,6233317,12165120
3138,4.98962,3873,1614,6235669,12165120
3139,5.12695,3873,1614,6238182,12165120
3140,5.34058,3873,1614,6245841,12165120
3141,5.24902,3873,1614,6256884,12165120
3142,5.12695,3873,1614,6266857,12165120
3143,5.06592,3873,1614,6266640,12165120
3144,5.67627,3873,1614,6271798,12165120
3145,4.97437,3873,1614,6272068,12165120
3146,4.92859,3873,1614,6276069,12165120
3147,5.43213,3873,1614,6277877,12165120
3148,5.0354,3873,1614,6272990,12165120
3149,5.2948,3873,1614,6277307,12165120
3150,5.20325,3873,1614,6274962,12165120
3151,5.23376,3873,1614,6265399,12165120
3152,4.92859,3873,1614,6266728,12165120
3153,5.46265,3873,1614,6269849,12165120
3154,5.15747,3873,1614,6268559,12165120
3155,5.06592,3873,1614,6267538,12165120
3156,5.34058,3873,1614,6262972,12165120
3157,5.0354,3873,1614,6269145,12165120
3158,5.15747,3873,1614,6265669,12165120
3159,5.09644,3873,1614,6267754,12165120
3160,5.43213,3873,1614,6266940,12165120
3161,5.44739,3873,1614,6263640,12165120
3162,4.79126,3873,1614,6260185,12165120
3163,5.58472,3873,1614,6256346,12165120
3164,4.86755,3873,1614,6252454,12165120
3165,5.08118,3873,1614,6248646,12165120
3166,5.70679,3873,1614,6245304,12165120
3167,4.776,3873,1614,6241093,12165120
3168,5.38635,3873,1614,6238343,12165120
3169,5.26428,3873,1614,6234372,12165120
3170,5.02014,3873,1614,6230338,12165120
3171,5.52368,3873,1614,6226524,12165120
3172,5.12695,3873,1614,6218344,12165120
3173,4.86755,3873,1614,6220674,12165120
3174,5.35583,3873,1614,6220139,12165120
3175,4.89807,3873,1614,6216558,12165120
3176,5.49316,3873,1614,6213272,12165120
3177,4.82178,3873,1614,6212328,12165120
3178,5.32532,3873,1614,6208482,12165120
3179,5.14221,3873,1614,6205570,12165120
3180,5.2948,3873,1614,6203222,12165120
3181,5.08118,3873,1614,6201054,12165120
3182,5.38635,3873,1614,6200448,12165120
3183,4.79126,3873,1614,6201394,12165120
3184,5.35583,3873,1614,6200043,12165120
3185,5.24902,3873,1614,6200267,12165120
3186,4.91333,3873,1614,6200631,12165120
3187,5.44739,3873,1614,6197214,12165120
3188,5.05066,3873,1614,6200144,12165120
3189,5.18799,3873,1614,6200007,12165120
3190,4.79126,3873,1614,6203239,12165120
3191,5.23376,3873,1614,6201954,12165120
3192,5.61523,3873,1614,6202258,12165120
3193,4.5929,3873,1614,6200560,12165120
3194,5.35583,3873,1614,6200396,12165120
3195,5.23376,3873,1614,6197825,12165120
3196,4.80652,3873,1614,6196064,12165120
3197,5.46265,3873,1614,6191195,12165120
3198,4.91333,3873,1614,6193234,12165120
3199,5.11169,3873,1614,6192732,12165120
3200,5.12695,3873,1614,6201655,12165120
3201,5.12695,3873,1614,6202566,12165120
3202,4.91333,3873,1614,6200007,12165120
3203,5.43213,3873,1614,6203837,12165120
3204,4.85229,3873,1614,6207598,12165120
3205,4.98962,3873,1614,6211825,12165120
3206,4.95911,3873,1614,6215704,12165120
3207,5.35583,3873,1614,6215437,12165120
3208,5.06592,3873,1614,6215398,12165120
3209,5.37109,3873,1614,6211830,12165120
3210,4.71497,3873,1614,6208558,12165120
3211,4.80652,3873,1614,6205170,12165120
3212,5.50842,3873,1614,6203231,12165120
3213,4.95911,3873,1614,6201264,12165120
3214,4.79126,3873,1614,6196231,12165120
3215,5.34058,3873,1614,6189366,12165120
3216,5.32532,3873,1614,6187762,12165120
3217,4.34875,3873,1614,6184354,12165120
3218,5.44739,3873,1614,6180481,12165120
3219,5.21851,3873,1614,6175877,12165120
3220,4.39453,3873,1614,6174318,12165120
3221,5.66101,3873,1614,6173671,12165120
3222,4.76074,3873,1614,6171158,12165120
3223,4.48608,3873,1614,6168518,12165120
3224,5.17273,3873,1614,6163709,12165120
3225,5.0354,3873,1614,6155513,12165120
3226,4.74548,3873,1614,6146035,12165120
3227,4.91333,3873,1614,6135613,12165120
3228,5.18799,3873,1614,6123655,12165120
3229,4.88281,3873,1614,6110834,12165120
3230,4.776,3873,1614,6095360,12165120
3231,5.24902,3873,1614,6078882,12165120
3232,4.82178,3873,1614,6062893,12165120
3233,4.776,3873,1614,6047936,12165120
3234,5.06592,3873,1614,6031297,12165120
3235,4.88281,3873,1608,6014670,12165120
3236,5.00488,3873,1608,5998665,12165120
3237,4.60815,3873,1608,5982053,12165120
3238,5.12695,3873,1608,5894816,12165120
3239,4.74548,3873,1608,5949666,12165120
3240,4.74548,3873,1608,5933088,12165120
3241,4.80652,3873,1608,5917285,12165120
3242,5.11169,3873,1608,5902958,12165120
3243,4.66919,3873,1608,5881661,12165120
3244,4.69971,3873,1608,5856018,12165120
3245,5.37109,3873,1608,5827204,12165120
3246,4.80652,3873,1608,5800220,12165120
3247,4.30298,3873,1608,5769324,12165120
3248,4.85229,3873,1608,5734850,12165120
3249,4.80652,3873,1608,5705040,12165120
3250,5.02014,3873,1608,5681623,12165120
3251,4.36401,3873,1608,5655673,12165120
3252,5.32532,3873,1608,5635398,12165120
3253,4.79126,3873,1608,5616521,12165120
3254,4.39453,3873,1608,5603121,12165120
3255,4.5166,3873,1608,5592017,12165120
3256,5.32532,3873,1608,5588948,12165120
3257,4.31824,3873,1608,5590426,12165120
3258,4.92859,3873,1608,5585667,12165120
3259,5.02014,3873,1608,5590513,12165120
3260,4.73022,3873,1608,5585646,12165120
3261,4.73022,3873,1608,5587900,12165120
3262,4.88281,3873,1608,5602353,12165120
3263,4.53186,3873,1608,5594370,12165120
3264,4.92859,3873,1608,5599930,12165120
3265,4.57764,3873,1608,5602854,12165120
3266,4.86755,3873,1608,5594129,12165120
3267,4.98962,3873,1608,5590694,12165120
3268,4.86755,3873,1608,5584830,12165120
3269,4.24194,3873,1608,5575786,12165120
3270,5.56946,3873,1608,5563933,12165120
3271,4.39453,3873,1608,5543242,12165120
3272,4.71497,3873,1608,5534777,12165120
3273,5.0354,3873,1608,5513893,12165120
3274,4.74548,3873,1608,5505519,12165120
3275,4.63867,3873,1608,5497284,12165120
3276,4.73022,3873,1608,5499717,12165120
3277,4.89807,3873,1608,5494098,12165120
3278,4.71497,3873,1608,5500963,12165120
3279,4.89807,3873,1608,5508071,12165120
3280,4.92859,3873,1608,5504052,12165120
3281,4.95911,3873,1608,5513442,12165120
3282,4.71497,3873,1608,5520664,12165120
3283,4.53186,3873,1608,5518869,12165120
3284,5.31006,3873,1608,5521335,12165120
3285,4.776,3873,1608,5518382,12165120
3286,5.11169,3873,1608,5518357,12165120
3287,5.37109,3873,1608,5512676,12165120
3288,4.37927,3873,1608,5513199,12165120
3289,5.11169,3873,1608,5511650,12165120
3290,5.17273,3873,1608,5520711,12165120
3291,4.63867,3873,1608,5520349,12165120
3292,5.02014,3873,1608,5525215,12165120
3293,5.2948,3873,1608,5519729,12165120
3294,5.32532,3873,1608,5514234,12165120
3295,4.62341,3873,1608,5506560,12165120
3296,5.18799,3873,1608,5499269,12165120
3297,5.21851,3873,1608,5495112,12165120
3298,4.79126,3873,1608,5475742,12165120
3299,5.35583,3873,1608,5485047,12165120
3300,5.12695,3873,1608,5514176,12165120
3301,5.00488,3873,1608,5493522,12165120
3302,5.11169,3873,1608,5535509,12165120
3303,5.14221,3873,1608,5580892,12165120
3304,4.95911,3873,1608,5565261,12165120
3305,5.21851,3873,1608,5605293,12165120
3306,5.41687,3873,1608,5617617,12165120
3307,4.89807,3873,1608,5631637,12165120
3308,5.26428,3873,1608,5619047,12165120
3309,5.05066,3873,1608,5700791,12165120
3310,5.14221,3873,1608,5692380,12165120
3311,5.21851,3873,1608,5733554,12165120
3312,5.17273,3873,1608,5769687,12165120
3313,5.08118,3873,1608,5762841,12165120
3314,5.52368,3873,1608,5799322,12165120
3315,5.08118,3873,1608,5827573,12165120
3316,5.2948,3873,1608,5822206,12165120
3317,4.80652,3873,1608,5858016,12165120
3318,5.40161,3873,1608,5885103,12165120
3319,4.73022,3873,1608,5900530,12165120
3320,5.32532,3873,1608,5898390,12165120
3321,5.40161,3873,1608,5918821,12165120
3322,4.80652,3873,1608,5915114,12165120
3323,5.27954,3873,1608,5913324,12165120
3324,5.37109,3873,1608,5909616,12165120
3325,4.69971,3873,1608,5904491,12165120
3326,5.38635,3873,1608,5901505,12165120
3327,4.94385,3873,1608,5897856,12165120
3328,4.95911,3873,1608,5894042,12165120
3329,5.34058,3873,1608,5890226,12165120
3330,5.02014,3873,1608,5887414,12165120
3331,4.91333,3873,1608,5882325,12165120
3332,5.00488,3873,1608,5878768,12165120
3333,5.64575,3873,1608,5875534,12165120
3334,4.95911,3873,1608,5871519,12165120
3335,4.5929,3873,1608,5866353,12165120
3336,5.92041,3873,1608,5862463,12165120
3337,4.76074,3873,1608,5859458,12165120
3338,4.95911,3873,1608,5855279,12165120
3339,5.0354,3873,1608,5852544,12165120
3340,5.27954,3873,1608,5848531,12165120
3341,4.86755,3873,1608,5846267,12165120
3342,4.98962,3873,1608,5841986,12165120
3343,5.35583,3873,1608,5838305,12165120
3344,5.20325,3873,1608,5834239,12165120
3345,4.5166,3873,1608,5830805,12165120
3346,5.56946,3873,1608,5828538,12165120
3347,4.71497,3873,1608,5825541,12165120
3348,4.85229,3873,1608,5823676,12165120
3349,5.41687,3873,1608,5819887,12165120
3350,4.89807,3873,1608,5818271,12165120
3351,4.85229,3873,1608,5817329,12165120
3352,5.43213,3873,1608,5814645,12165120
3353,4.95911,3873,1608,5813319,12165120
3354,4.73022,3873,1608,5811495,12165120
3355,5.32532,3873,1608,5794903,12165120
3356,5.24902,3873,1608,5807021,12165120
3357,4.57764,3873,1608,5806098,12165120
3358,5.32532,3873,1608,5803554,12165120
3359,5.14221,3873,1608,5802321,12165120
3360,4.776,3873,1608,5800120,12165120
3361,5.18799,3873,1608,5799230,12165120
3362,5.26428,3873,1608,5796658,12165120
3363,4.74548,3873,1608,5796147,12165120
3364,5.12695,3873,1608,5795157,12165120
3365,4.83704,3873,1608,5793047,12165120
3366,5.00488,3873,1608,5791309,12165120
3367,5.18799,3873,1608,5790515,12165120
3368,5.02014,3873,1608,5789527,12165120
3369,5.11169,3873,1608,5786903,12165120
3370,4.88281,3873,1608,5786483,12165120
3371,5.2948,3873,1608,5784777,12165120
3372,4.71497,3873,1608,5783842,12165120
3373,5.14221,3873,1608,5782553,12165120
3374,5.09644,3873,1608,5780836,12165120
3375,4.69971,3873,1608,5779059,12165120
3376,5.69153,3873,1608,5777760,12165120
3377,4.60815,3873,1608,5777496,12165120
3378,4.79126,3873,1608,5776614,12165120
3379,5.5542,3873,1608,5777435,12165120
3380,5.00488,3873,1608,5776581,12165120
3381,4.53186,3873,1608,5776308,12165120
3382,5.72205,3873,1608,5776310,12165120
3383,4.73022,3873,1608,5777030,12165120
3384,4.71497,3873,1608,5777150,12165120
3385,5.69153,3873,1608,5775841,12165120
3386,4.62341,3873,1608,5777127,12165120
3387,4.71497,3873,1608,5777594,12165120
3388,5.32532,3873,1608,5777956,12165120
3389,5.11169,3873,1608,5777931,12165120
3390,4.60815,3873,1608,5777054,12165120
3391,5.21851,3873,1608,5777498,12165120
3392,5.32532,3873,1608,5778198,12165120
3393,4.83704,3873,1608,5778752,12165120
3394,5.14221,3873,1608,5778474,12165120
3395,4.63867,3873,1608,5778646,12165120
3396,4.92859,3873,1608,5778746,12165120
3397,5.20325,3873,1608,5778739,12165120
3398,4.60815,3873,1608,5778940,12165120
3399,5.26428,3873,1608,5779677,12165120
3400,5.09644,3873,1608,5780211,12165120
3401,4.74548,3873,1608,5779156,12165120
3402,5.49316,3873,1608,5780080,12165120
3403,4.83704,3873,1608,5779756,12165120
3404,4.98962,3873,1608,5779980,12165120
3405,5.08118,3873,1608,5780878,12165120
3406,4.86755,3873,1608,5781105,12165120
3407,5.20325,3873,1608,5780515,12165120
3408,4.65393,3873,1608,5780973,12165120
3409,5.31006,3873,1608,5780708,12165120
3410,4.86755,3873,1608,5781386,12165120
3411,4.82178,3873,1608,5780882,12165120
3412,5.67627,3873,1608,5780521,12165120
3413,4.73022,3873,1608,5787857,12165120
3414,5.02014,3873,1608,5787986,12165120
3415,4.89807,3873,1608,5806361,12165120
3416,5.35583,3873,1608,5831361,12165120
3417,5.02014,3873,1608,5858254,12165120
3418,4.34875,3873,1608,5859033,12165120
3419,5.58472,3873,1608,5919454,12165120
3420,4.98962,3873,1608,5973904,12165120
3421,4.57764,3873,1608,5975092,12165120
3422,5.72205,3873,1608,6033264,12165120
3423,4.94385,3873,1608,6100509,12165120
3424,4.95911,3873,1608,6099904,12165120
3425,5.00488,3873,1608,6162444,12165120
3426,5.09644,3873,1608,6216928,12165120
3427,4.73022,3873,1608,6217031,12165120
3428,5.24902,3873,1608,6217678,12165120
3429,5.31006,3873,1608,6281974,12165120
3430,4.91333,3873,1608,6282228,12165120
3431,5.24902,3873,1608,6378934,12165120
3432,5.23376,3873,1608,6391909,12165120
3433,5.08118,3873,1608,6390528,12165120
3434,5.11169,3873,1602,6375819,12165120
3435,5.50842,3873,1598,6340552,12165120
3436,4.92859,3873,1598,6340493,12165120
3437,5.35583,3873,1598,6293875,12165120
3438,5.37109,3873,1598,6226128,12165120
3439,5.11169,3873,1598,6226265,12165120
3440,4.95911,3873,1598,6190554,12165120
3441,5.2948,3873,1598,6130604,12165120
3442,5.64575,3873,1598,6073435,12165120
3443,4.95911,3873,1598,6072088,12165120
3444,5.61523,3873,1598,6069428,12165120
3445,5.49316,3873,1598,6043792,12165120
3446,5.37109,3873,1598,6040671,12165120
3447,5.18799,3873,1598,6069161,12165120
3448,6.01196,3873,1598,6103453,12165120
3449,5.14221,3873,1598,6139484,12165120
3450,5.41687,3873,1598,6138939,12165120
3451,5.8136,3873,1598,6106741,12165120
3452,5.12695,3873,1598,6106448,12165120
3453,5.31006,3873,1598,6104057,12165120
3454,5.35583,3873,1598,6090321,12165120
3455,5.59998,3873,1598,6104972,12165120
3456,5.44739,3873,1598,6226255,12165120
3457,5.88989,3873,1598,6228227,12165120
3458,5.35583,3873,1598,6306183,12165120
3459,5.46265,3873,1598,6358121,12165120
3460,5.93567,3873,1598,6394777,12165120
3461,4.97437,3873,1598,6393340,12165120
3462,5.64575,3873,1598,6431407,12165120
3463,5.90515,3873,1598,6450023,12165120
3464,5.40161,3873,1598,6452606,12165120
3465,4.97437,3873,1598,6483896,12165120
3466,5.87463,3873,1598,6506766,12165120
3467,5.50842,3873,1598,6533023,12165120
3468,5.26428,3873,1598,6528376,12165120
3469,5.49316,3873,1598,6547140,12165120
3470,5.61523,3873,1598,6556264,12165120
3471,5.38635,3873,1598,6561025,12165120
3472,5.58472,3873,1598,6558172,12165120
3473,5.31006,3873,1598,6565963,12165120
3474,5.50842,3873,1598,6568769,12165120
3475,5.63049,3873,1598,6568532,12165120
3476,5.35583,3873,1598,6565624,12165120
3477,6.10352,3873,1598,6562112,12165120
3478,5.09644,3873,1598,6561135,12165120
3479,5.21851,3873,1598,6562018,12165120
3480,5.47791,3873,1598,6557420,12165120
3481,5.84412,3873,1598,6559989,12165120
3482,5.37109,3873,1598,6558213,12165120
3483,5.34058,3873,1598,6554246,12165120
3484,5.70679,3873,1598,6552177,12165120
3485,5.38635,3873,1598,6551598,12165120
3486,5.56946,3873,1598,6547043,12165120
3487,5.67627,3873,1598,6543291,12165120
3488,5.27954,3873,1598,6542855,12165120
3489,5.44739,3873,1598,6541766,12165120
3490,5.90515,3873,1598,6537708,12165120
3491,5.09644,3873,1598,6535444,12165120
3492,5.70679,3873,1598,6530888,12165120
3493,5.59998,3873,1598,6533877,12165120
3494,5.38635,3873,1598,6533692,12165120
3495,5.32532,3873,1598,6528112,12165120
3496,5.90515,3873,1598,6529422,12165120
3497,5.21851,3873,1598,6525305,12165120
3498,5.47791,3873,1598,6524194,12165120
3499,5.56946,3873,1598,6521051,12165120
3500,5.50842,3873,1598,6519171,12165120
3501,5.53894,3873,1598,6515662,12165120
3502,5.63049,3873,1598,6517680,12165120
3503,5.2948,3873,1598,6515144,12165120
3504,5.5542,3873,1598,6510198,12165120
3505,5.76782,3873,1598,6511954,12165120
3506,5.06592,3873,1598,6507054,12165120
3507,5.75256,3873,1598,6501666,12165120
3508,5.98145,3873,1598,6501541,12165120
3509,5.05066,3873,1598,6498083,12165120
3510,5.26428,3873,1598,6493027,12165120
3511,6.13403,3873,1598,6490866,12165120
3512,5.18799,3873,1598,6488257,12165120
3513,5.44739,3873,1598,6487528,12165120
3514,5.46265,3873,1598,6484942,12165120
3515,5.79834,3873,1598,6481618,12165120
3516,5.20325,3873,1598,6478891,12165120
3517,5.88989,3873,1598,6479754,12165120
3518,5.26428,3873,1598,6473689,12165120
3519,5.38635,3873,1598,6469559,12165120
3520,5.78308,3873,1598,6468531,12165120
3521,5.43213,3873,1598,6467736,12165120
3522,5.27954,3873,1598,6465484,12165120
3523,6.21033,3873,1598,6465856,12165120
3524,5.26428,3873,1598,6465595,12165120
3525,5.24902,3873,1598,6462926,12165120
3526,5.90515,3873,1598,6463901,12165120
3527,5.35583,3873,1598,6461538,12165120
3528,5.82886,3873,1598,6463127,12165120
3529,5.11169,3873,1598,6466631,12165120
3530,5.5542,3873,1598,6468250,12165120
3531,5.75256,3873,1598,6468826,12165120
3532,5.52368,3873,1598,6470399,12165120
3533,5.00488,3873,1598,6472957,12165120
3534,5.52368,3873,1598,6472207,12165120
3535,6.14929,3873,1598,6471471,12165120
3536,5.11169,3873,1598,6474569,12165120
3537,5.41687,3873,1598,6470027,12165120
3538,5.72205,3873,1598,6468696,12165120
3539,5.64575,3873,1598,6465309,12165120
3540,5.40161,3873,1598,6465403,12165120
3541,5.31006,3873,1598,6456810,12165120
3542,5.90515,3873,1598,6454029,12165120
3543,5.37109,3873,1598,6445543,12165120
3544,5.40161,3873,1598,6436212,12165120
3545,5.67627,3873,1598,6424733,12165120
3546,5.43213,3873,1598,6410782,12165120
3547,5.70679,3873,1598,6396929,12165120
3548,5.02014,3873,1598,6384300,12165120
3549,5.59998,3873,1598,6368410,12165120
3550,5.93567,3873,1598,6356656,12165120
3551,5.12695,3873,1598,6341880,12165120
3552,5.09644,3873,1598,6324818,12165120
3553,5.70679,3873,1598,6302920,12165120
3554,5.52368,3873,1598,6286270,12165120
3555,5.08118,3873,1598,6268095,12165120
3556,5.93567,3873,1598,6188207,12165120
3557,5.11169,3873,1598,6222084,12165120
3558,5.24902,3873,1598,6200142,12165120
3559,5.18799,3873,1598,6178388,12165120
3560,5.56946,3873,1598,6170777,12165120
3561,5.2948,3873,1598,6167414,12165120
3562,5.02014,3873,1598,6160696,12165120
3563,5.70679,3873,1598,6155708,12165120
3564,5.56946,3873,1598,6154966,12165120
3565,4.56238,3873,1598,6151626,12165120
3566,5.5542,3873,1598,6149999,12165120
3567,5.23376,3873,1598,6152880,12165120
3568,5.09644,3873,1598,6154645,12165120
3569,5.14221,3873,1598,6156623,12165120
3570,5.15747,3873,1598,6159632,12165120
3571,5.23376,3873,1598,6162507,12165120
3572,4.95911,3873,1598,6157238,12165120
3573,5.27954,3873,1598,6158327,12165120
3574,5.21851,3873,1598,6156064,12165120
3575,4.74548,3873,1598,6152781,12165120
3576,5.66101,3873,1598,6149607,12165120
3577,4.83704,3873,1598,6152309,12165120
3578,4.83704,3873,1598,6153264,12165120
3579,5.8136,3873,1598,6153889,12165120
3580,4.74548,3873,1598,6165477,12165120
3581,5.00488,3873,1598,6165381,12165120
3582,5.20325,3873,1598,6168903,12165120
3583,5.41687,3873,1598,6167815,12165120
3584,4.76074,3873,1598,6157007,12165120
3585,5.27954,3873,1598,6158866,12165120
3586,5.20325,3873,1598,6164373,12165120
3587,5.02014,3873,1598,6164859,12165120
3588,5.0354,3873,1598,6165045,12165120
3589,5.37109,3873,1598,6175345,12165120
3590,4.92859,3873,1598,6166737,12165120
3591,5.08118,3873,1598,6159343,12165120
3592,5.58472,3873,1598,6153236,12165120
3593,5.2948,3873,1598,6154226,12165120
3594,4.98962,3873,1598,6155308,12165120
3595,5.05066,3873,1598,6174741,12165120
3596,5.32532,3873,1598,6202403,12165120
3597,4.95911,3873,1598,6236361,12165120
3598,5.43213,3873,1598,6230383,12165120
3599,5.46265,3873,1598,6249833,12165120
3600,4.97437,3873,1598,6254619,12165120
3601,4.83704,3873,1598,6253543,12165120
3602,5.50842,3873,1598,6251188,12165120
3603,5.09644,3873,1598,6261139,12165120
3604,4.95911,3873,1598,6260579,12165120
3605,5.67627,3873,1598,6269763,12165120
3606,5.2948,3873,1598,6283661,12165120
3607,4.68445,3873,1598,6283772,12165120
3608,5.58472,3873,1598,6292847,12165120
3609,4.94385,3873,1598,6307257,12165120
3610,5.35583,3873,1598,6306001,12165120
3611,4.91333,3873,1598,6321506,12165120
3612,5.26428,3873,1598,6332765,12165120
3613,4.95911,3873,1598,6342392,12165120
3614,5.02014,3873,1598,6341090,12165120
3615,5.47791,3873,1598,6330841,12165120
3616,5.18799,3873,1598,6343121,12165120
3617,4.76074,3873,1598,6343258,12165120
3618,5.34058,3873,1598,6350302,12165120
3619,5.18799,3873,1598,6360764,12165120
3620,4.66919,3873,1593,6358866,12165120
3621,5.79834,3873,1593,6364591,12165120
3622,4.82178,3873,1593,6368799,12165120
3623,4.91333,3873,1593,6368233,12165120
3624,5.49316,3873,1593,6369316,12165120
3625,5.14221,3873,1593,6360143,12165120
3626,5.11169,3873,1593,6357830,12165120
3627,4.95911,3873,1593,6350604,12165120
3628,5.14221,3873,1593,6345357,12165120
3629,5.0354,3873,1593,6340174,12165120
3630,4.82178,3873,1593,6341089,12165120
3631,5.64575,3873,1593,6335217,12165120
3632,4.76074,3873,1593,6332041,12165120
3633,4.89807,3873,1593,6331880,12165120
3634,5.47791,3873,1593,6330040,12165120
3635,4.83704,3873,1593,6327665,12165120
3636,4.92859,3873,1593,6323199,12165120
3637,5.53894,3873,1593,6321027,12165120
3638,4.69971,3873,1593,6319109,12165120
3639,5.20325,3873,1593,6316481,12165120
3640,4.94385,3873,1593,6314406,12165120
3641,5.12695,3873,1593,6314856,12165120
3642,5.0354,3873,1593,6310671,12165120
3643,4.92859,3873,1593,6308554,12165120
3644,5.35583,3873,1593,6306093,12165120
3645,4.95911,3873,1593,6304203,12165120
3646,5.31006,3873,1593,6300848,12165120
3647,5.20325,3873,1593,6301023,12165120
3648,4.92859,3873,1593,6298234,12165120
3649,5.06592,3873,1593,6298565,12165120
3650,5.20325,3873,1593,6293503,12165120
3651,4.91333,3873,1593,6292684,12165120
3652,5.11169,3873,1593,6290159,12165120
3653,4.97437,3873,1593,6288947,12165120
3654,5.27954,3873,1593,6289202,12165120
3655,4.94385,3873,1593,6286461,12165120
3656,4.85229,3873,1593,6285141,12165120
3657,5.35583,3873,1593,6284093,12165120
3658,4.92859,3873,1593,6282500,12165120
3659,5.05066,3873,1593,6284013,12165120
3660,5.17273,3873,1593,6278933,12165120
3661,5.02014,3873,1593,6279992,12165120
3662,5.18799,3873,1593,6276375,12165120
3663,4.85229,3873,1593,6278031,12165120
3664,5.35583,3873,1593,6277094,12165120
3665,5.14221,3873,1593,6273478,12165120
3666,4.80652,3873,1593,6274060,12165120
3667,5.12695,3873,1593,6272533,12165120
3668,5.41687,3873,1593,6271852,12165120
3669,4.86755,3873,1593,6265582,12165120
3670,5.15747,3873,1593,6265493,12165120
3671,4.776,3873,1593,6263563,12165120
3672,4.95911,3873,1593,6262892,12165120
3673,5.53894,3873,1593,6262802,12165120
3674,5.08118,3873,1593,6263176,12165120
3675,4.71497,3873,1593,6259628,12165120
3676,4.97437,3873,1593,6260637,12165120
3677,5.34058,3873,1593,6257872,12165120
3678,4.74548,3873,1593,6256893,12165120
3679,4.91333,3873,1593,6257551,12165120
3680,5.43213,3873,1593,6259078,12165120
3681,4.88281,3873,1593,6257360,12165120
3682,4.86755,3873,1593,6251338,12165120
3683,5.20325,3873,1593,6255392,12165120
3684,5.08118,3873,1593,6250905,12165120
3685,5.15747,3873,1593,6254550,12165120
3686,5.06592,3873,1593,6250072,12165120
3687,5.26428,3873,1593,6250599,12165120
3688,4.57764,3873,1593,6250784,12165120
3689,4.94385,3873,1593,6251127,12165120
3690,5.24902,3873,1593,6249625,12165120
3691,4.94385,3873,1593,6252889,12165120
3692,5.11169,3873,1593,6253775,12165120
3693,5.2948,3873,1593,6255253,12165120
3694,4.83704,3873,1593,6255064,12165120
3695,4.80652,3873,1593,6252688,12165120
3696,5.44739,3873,1593,6254046,12165120
3697,5.23376,3873,1593,6253646,12165120
3698,4.776,3873,1593,6254213,12165120
3699,4.73022,3873,1593,6256040,12165120
3700,5.53894,3873,1593,6255785,12165120
3701,4.69971,3873,1593,6258288,12165120
3702,5.05066,3873,1593,6256987,12165120
3703,5.26428,3873,1593,6258835,12165120
3704,4.73022,3873,1593,6262088,12165120
3705,5.17273,3873,1593,6258545,12165120
3706,5.0354,3873,1593,6261750,12165120
3707,5.08118,3873,1593,6261964,12165120
3708,5.15747,3873,1593,6263442,12165120
3709,4.66919,3873,1593,6267768,12165120
3710,5.18799,3873,1593,6267026,12165120
3711,5.09644,3873,1593,6264734,12165120
3712,5.11169,3873,1593,6267408,12165120
3713,5.02014,3873,1593,6266857,12165120
3714,4.82178,3873,1593,6267503,12165120
3715,5.56946,3873,1593,6271206,12165120
3716,4.47083,3873,1593,6266701,12165120
3717,5.08118,3873,1593,6270259,12165120
3718,4.92859,3873,1593,6272303,12165120
3719,4.86755,3873,1593,6270892,12165120
3720,5.24902,3873,1593,6273583,12165120
3721,4.89807,3873,1593,6272188,12165120
3722,5.02014,3873,1593,6273659,12165120
3723,5.32532,3873,1593,6274610,12165120
3724,4.76074,3873,1593,6276094,12165120
3725,4.92859,3873,1593,6280092,12165120
3726,5.0354,3873,1593,6280230,12165120
3727,5.15747,3873,1593,6283124,12165120
3728,4.92859,3873,1593,6287218,12165120
3729,4.86755,3873,1593,6292410,12165120
3730,5.2948,3873,1593,6296788,12165120
3731,4.97437,3873,1593,6298658,12165120
3732,4.85229,3873,1593,6298886,12165120
3733,5.49316,3873,1593,6304886,12165120
3734,4.776,3873,1593,6307732,12165120
3735,4.73022,3873,1593,6312862,12165120
3736,5.27954,3873,1593,6315366,12165120
3737,5.00488,3873,1593,6321644,12165120
3738,5.08118,3873,1593,6323525,12165120
3739,4.66919,3873,1593,6296574,12165120
3740,5.40161,3873,1593,6334320,12165120
3741,4.80652,3873,1593,6339373,12165120
3742,4.85229,3873,1593,6338860,12165120
3743,5.43213,3873,1593,6346064,12165120
3744,4.74548,3873,1593,6351083,12165120
3745,4.92859,3873,1593,6354246,12165120
3746,5.21851,3873,1593,6362136,12165120
3747,5.20325,3873,1593,6366982,12165120
3748,4.86755,3873,1593,6377622,12165120
3749,4.85229,3873,1593,6382778,12165120
3750,5.35583,3873,1593,6396537,12165120
3751,4.89807,3873,1593,6397311,12165120
3752,4.88281,3873,1593,6405302,12165120
3753,5.14221,3873,1593,6408918,12165120
3754,4.97437,3873,1593,6418167,12165120
3755,4.776,3873,1593,6427730,12165120
3756,5.38635,3873,1593,6440123,12165120
3757,4.86755,3873,1593,6446736,12165120
3758,4.97437,3873,1593,6455898,12165120
3759,4.91333,3873,1593,6467130,12165120
3760,5.18799,3873,1593,6483022,12165120
3761,4.79126,3873,1593,6489089,12165120
3762,4.94385,3873,1593,6499984,12165120
3763,5.14221,3873,1593,6507278,12165120
3764,4.86755,3873,1593,6518141,12165120
3765,4.82178,3873,1593,6531406,12165120
3766,5.20325,3873,1593,6544865,12165120
3767,4.89807,3873,1593,6559674,12165120
3768,4.94385,3873,1593,6575187,12165120
3769,5.17273,3873,1593,6589022,12165120
3770,5.11169,3873,1593,6611044,12165120
3771,4.73022,3873,1593,6624295,12165120
3772,5.05066,3873,1593,6642931,12165120
3773,4.98962,3873,1593,6664601,12165120
3774,5.27954,3873,1593,6678955,12165120
3775,4.50134,3873,1593,6700747,12165120
3776,5.11169,3873,1593,6716237,12165120
3777,4.92859,3873,1593,6731925,12165120
3778,4.89807,3873,1593,6738760,12165120
3779,4.95911,3873,1593,6753003,12165120
3780,5.32532,3873,1593,6764831,12165120
3781,4.83704,3873,1593,6774894,12165120
3782,4.63867,3873,1593,6789036,12165120
3783,4.97437,3873,1593,6800329,12165120
3784,5.08118,3873,1593,6811099,12165120
3785,4.776,3873,1593,6818284,12165120
3786,5.26428,3873,1593,6823360,12165120
3787,4.80652,3873,1593,6823646,12165120
3788,4.76074,3873,1593,6818682,12165120
3789,4.89807,3873,1593,6816338,12165120
3790,5.61523,3873,1593,6817102,12165120
3791,4.44031,3873,1593,6813903,12165120
3792,5.05066,3873,1593,6810333,12165120
3793,5.20325,3873,1593,6807734,12165120
3794,4.71497,3873,1593,6806481,12165120
3795,5.00488,3873,1593,6806131,12165120
3796,5.26428,3873,1593,6805259,12165120
3797,4.73022,3873,1593,6803343,12165120
3798,4.92859,3873,1593,6802010,12165120
3799,4.73022,3873,1593,6800180,12165120
3800,5.47791,3873,1593,6794324,12165120
3801,4.88281,3873,1593,6787999,12165120
3802,4.56238,3873,1593,6781004,12165120
3803,5.27954,3873,1593,6778720,12165120
3804,5.08118,3873,1593,6775055,12165120
3805,4.68445,3873,1593,6773239,12165120
3806,4.86755,3873,1593,6763092,12165120
3807,5.20325,3873,1593,6743812,12165120
3808,4.5929,3873,1593,6745814,12165120
3809,5.2948,3873,1593,6740608,12165120
3810,5.08118,3873,1593,6730461,12165120
3811,4.69971,3873,1593,6716757,12165120
3812,4.88281,3873,1593,6701105,12165120
3813,5.34058,3873,1593,6689450,12165120
3814,4.53186,3873,1593,6670549,12165120
3815,5.37109,3873,1593,6654062,12165120
3816,4.39453,3873,1593,6632009,12165120
3817,5.14221,3873,1593,6611169,12165120
3818,4.68445,3873,1593,6586934,12165120
3819,4.85229,3873,1593,6571772,12165120
3820,5.0354,3873,1584,6554616,12165120
3821,5.00488,3873,1584,6543498,12165120
3822,4.80652,3873,1584,6524341,12165120
3823,4.89807,3873,1584,6502987,12165120
3824,4.94385,3873,1584,6485299,12165120
3825,5.06592,3873,1584,6465895,12165120
3826,4.45557,3873,1584,6447535,12165120
3827,5.00488,3873,1584,6432516,12165120
3828,4.92859,3873,1584,6401246,12165120
3829,4.66919,3873,1584,6378024,12165120
3830,5.11169,3873,1584,6340305,12165120
3831,5.05066,3873,1584,6303225,12165120
3832,4.54712,3873,1584,6269237,12165120
3833,4.98962,3873,1584,6246211,12165120
3834,5.18799,3873,1584,6250900,12165120
3835,4.97437,3873,1584,6252388,12165120
3836,4.80652,3873,1584,6259172,12165120
3837,5.0354,3873,1584,6265677,12165120
3838,4.82178,3873,1584,6270483,12165120
3839,4.88281,3873,1584,6277754,12165120
3840,5.11169,3873,1584,6283696,12165120
3841,5.09644,3873,1584,6288737,12165120
3842,4.79126,3873,1584,6296112,12165120
3843,4.83704,3873,1584,6303227,12165120
3844,5.37109,3873,1584,6311997,12165120
3845,4.83704,3873,1584,6320217,12165120
3846,4.98962,3873,1584,6328721,12165120
3847,5.23376,3873,1584,6336240,12165120
3848,4.88281,3873,1584,6340616,12165120
3849,4.82178,3873,1584,6348093,12165120
3850,5.20325,3873,1584,6337608,12165120
3851,5.08118,3873,1584,6362144,12165120
3852,4.85229,3873,1584,6369992,12165120
3853,5.15747,3873,1584,6379514,12165120
3854,5.40161,3873,1584,6385661,12165120
3855,4.5929,3873,1584,6393837,12165120
3856,5.09644,3873,1584,6399397,12165120
3857,5.11169,3873,1584,6404499,12165120
3858,4.53186,3873,1584,6407691,12165120
3859,5.18799,3873,1584,6406700,12165120
3860,5.05066,3873,1584,6407866,12165120
3861,4.53186,3873,1584,6409506,12165120
3862,5.72205,3873,1584,6411095,12165120
3863,4.2572,3873,1584,6411292,12165120
3864,4.85229,3873,1584,6414223,12165120
3865,4.97437,3873,1584,6414446,12165120
3866,5.06592,3873,1584,6418741,12165120
3867,4.69971,3873,1584,6421862,12165120
3868,5.00488,3873,1584,6423034,12165120
3869,4.85229,3873,1584,6425153,12165120
3870,4.76074,3873,1584,6425485,12165120
3871,5.18799,3873,1584,6427567,12165120
3872,4.74548,3873,1584,6429075,12165120
3873,4.66919,3873,1584,6429081,12165120
3874,5.53894,3873,1584,6435173,12165120
3875,4.76074,3873,1584,6431460,12165120
3876,4.62341,3873,1584,6430466,12165120
3877,4.80652,3873,1584,6431429,12165120
3878,5.02014,3873,1584,6425010,12165120
3879,5.0354,3873,1584,6423405,12165120
3880,4.73022,3873,1584,6417082,12165120
3881,4.776,3873,1584,6414618,12165120
3882,5.09644,3873,1584,6421975,12165120
3883,4.74548,3873,1584,6440088,12165120
3884,4.62341,3873,1584,6462604,12165120
3885,4.95911,3873,1584,6487716,12165120
3886,4.85229,3873,1584,6516626,12165120
3887,4.53186,3873,1584,6540829,12165120
3888,5.21851,3873,1584,6572072,12165120
3889,4.80652,3873,1584,6613992,12165120
3890,4.37927,3873,1584,6656907,12165120
3891,5.50842,3873,1584,6713541,12165120
3892,4.73022,3873,1584,6757916,12165120
3893,4.5166,3873,1584,6802504,12165120
3894,5.17273,3873,1584,6854130,12165120
3895,5.05066,3873,1584,6892950,12165120
3896,4.57764,3873,1584,6915084,12165120
3897,4.97437,3873,1584,6917342,12165120
3898,5.17273,3873,1584,6916320,12165120
3899,4.69971,3873,1584,6915759,12165120
3900,4.83704,3873,1584,6951552,12165120
3901,4.79126,3873,1584,6942513,12165120
3902,5.11169,3873,1584,6934782,12165120
3903,4.76074,3873,1584,6926437,12165120
3904,4.94385,3873,1584,6923895,12165120
3905,5.20325,3873,1584,6924752,12165120
3906,5.00488,3873,1584,6903698,12165120
3907,4.82178,3873,1584,6891106,12165120
3908,5.21851,3873,1584,6877535,12165120
3909,5.09644,3873,1584,6857639,12165120
3910,4.86755,3873,1584,6839634,12165120
3911,5.23376,3873,1584,6825427,12165120
3912,5.08118,3873,1584,6797640,12165120
3913,4.94385,3873,1584,6768640,12165120
3914,5.08118,3873,1584,6709406,12165120
3915,5.43213,3873,1584,6599430,12165120
3916,5.08118,3873,1584,6414833,12165120
3917,4.95911,3873,1584,6303448,12165120
3918,5.47791,3873,1584,6302935,12165120
3919,5.12695,3873,1584,6301345,12165120
3920,4.98962,3873,1584,6303246,12165120
3921,5.14221,3873,1584,6306564,12165120
3922,5.0354,3873,1584,6312419,12165120
3923,4.88281,3873,1584,6319570,12165120
3924,5.12695,3873,1584,6329148,12165120
3925,5.08118,3873,1584,6342987,12165120
3926,4.89807,3873,1584,6356926,12165120
3927,4.91333,3873,1584,6373683,12165120
3928,5.15747,3873,1584,6382207,12165120
3929,5.02014,3873,1584,6392612,12165120
3930,5.02014,3873,1584,6396289,12165120
3931,5.2948,3873,1584,6398217,12165120
3932,4.776,3873,1584,6402401,12165120
3933,4.88281,3873,1584,6406819,12165120
3934,5.43213,3873,1584,6415784,12165120
3935,5.17273,3873,1584,6420410,12165120
3936,4.79126,3873,1584,6431192,12165120
3937,4.97437,3873,1584,6442388,12165120
3938,5.05066,3873,1584,6453199,12165120
3939,5.17273,3873,1584,6463735,12165120
3940,4.79126,3873,1584,6472534,12165120
3941,5.23376,3873,1584,6481974,12165120
3942,5.20325,3873,1584,6483660,12165120
3943,5.06592,3873,1584,6489098,12165120
3944,4.5929,3873,1584,6495305,12165120
3945,5.35583,3873,1584,6498269,12165120
3946,4.86755,3873,1584,6511330,12165120
3947,4.91333,3873,1584,6520244,12165120
3948,5.49316,3873,1584,6529144,12165120
3949,4.82178,3873,1584,6543472,12165120
3950,4.68445,3873,1584,6552699,12165120
3951,5.40161,3873,1584,6565922,12165120
3952,4.97437,3873,1584,6595205,12165120
3953,4.69971,3873,1584,6630820,12165120
3954,5.56946,3873,1584,6673079,12165120
3955,5.14221,3873,1584,6733025,12165120
3956,4.5929,3873,1584,6798703,12165120
3957,5.61523,3873,1584,6859397,12165120
3958,4.95911,3873,1584,6899830,12165120
3959,5.59998,3873,1584,6913875,12165120
3960,4.3335,3873,1584,6908068,12165120
3961,5.66101,3873,1584,6903709,12165120
3962,4.776,3873,1584,6896347,12165120
3963,5.08118,3873,1584,6892178,12165120
3964,5.70679,3873,1584,6885104,12165120
3965,5.05066,3873,1584,6878175,12165120
3966,4.74548,3873,1584,6877199,12165120
3967,5.67627,3873,1584,6869904,12165120
3968,4.776,3873,1584,6851068,12165120
3969,4.86755,3873,1584,6824235,12165120
3970,5.44739,3873,1584,6786312,12165120
3971,5.0354,3873,1584,6732484,12165120
3972,4.88281,3873,1584,6671933,12165120
3973,4.97437,3873,1584,6604323,12165120
3974,5.2948,3873,1584,6515503,12165120
3975,4.88281,3873,1584,6435666,12165120
3976,5.08118,3873,1584,6384340,12165120
3977,5.50842,3873,1584,6398476,12165120
3978,4.5929,3873,1584,6408818,12165120
3979,5.32532,3873,1584,6421028,12165120
3980,5.12695,3873,1584,6432476,12165120
3981,5.11169,3873,1584,6449667,12165120
3982,4.74548,3873,1584,6469956,12165120
3983,5.11169,3873,1584,6495076,12165120
3984,5.53894,3873,1584,6517443,12165120
3985,4.57764,3873,1584,6534541,12165120
3986,5.11169,3873,1584,6548513,12165120
3987,5.08118,3873,1584,6555602,12165120
3988,4.97437,3873,1584,6566921,12165120
3989,5.27954,3873,1584,6577411,12165120
3990,5.26428,3873,1584,6577649,12165120
3991,4.79126,3873,1584,6581571,12165120
3992,5.08118,3873,1584,6580157,12165120
3993,4.95911,3873,1584,6575201,12165120
3994,5.17273,3873,1584,6564794,12165120
3995,5.17273,3873,1584,6556444,12165120
3996,4.97437,3873,1584,6546391,12165120
3997,4.79126,3873,1584,6539560,12165120
3998,5.00488,3873,1584,6535856,12165120
3999,4.86755,3873,1584,6531290,12165120
4000,5.26428,3873,1584,6528730,12165120
4001,4.97437,3873,1584,6528440,12165120
4002,4.95911,3873,1584,6529749,12165120
4003,4.89807,3873,1584,6529226,12165120
4004,5.08118,3873,1584,6529139,12165120
4005,4.80652,3873,1584,6526498,12165120
4006,5.02014,3873,1584,6527233,12165120
4007,5.23376,3873,1584,6528183,12165120
4008,4.83704,3873,1584,6524859,12165120
4009,4.85229,3873,1584,6520839,12165120
4010,5.24902,3873,1584,6516587,12165120
4011,4.71497,3873,1584,6513800,12165120
4012,4.88281,3873,1584,6506506,12165120
4013,4.80652,3873,1584,6500975,12165120
4014,5.20325,3873,1584,6495138,12165120
4015,4.74548,3873,1584,6486607,12165120
4016,4.92859,3873,1584,6478072,12165120
4017,5.09644,3873,1584,6471878,12165120
4018,4.71497,3873,1584,6466538,12165120
4019,4.89807,3873,1584,6461861,12165120
4020,5.11169,3873,1576,6457448,12165120
4021,4.88281,3873,1576,6455447,12165120
4022,4.79126,3873,1576,6458182,12165120
4023,4.82178,3873,1576,6463997,12165120
4024,5.0354,3873,1576,6467673,12165120
4025,4.85229,3873,1576,6472498,12165120
4026,4.73022,3873,1576,6477514,12165120
4027,5.21851,3873,1576,6483566,12165120
4028,4.94385,3873,1576,6485726,12165120
4029,4.83704,3873,1576,6489983,12165120
4030,4.89807,3873,1576,6497047,12165120
4031,4.97437,3873,1576,6501868,12165120
4032,4.74548,3873,1576,6505654,12165120
4033,5.24902,3873,1576,6509308,12165120
4034,4.776,3873,1576,6515247,12165120
4035,4.94385,3873,1576,6517475,12165120
4036,4.62341,3873,1576,6525716,12165120
4037,5.23376,3873,1576,6530249,12165120
4038,4.66919,3873,1576,6531774,12165120
4039,5.12695,3873,1576,6550153,12165120
4040,4.74548,3873,1576,6567574,12165120
4041,4.95911,3873,1576,6573817,12165120
4042,4.82178,3873,1576,6594034,12165120
4043,4.89807,3873,1576,6618005,12165120
4044,4.95911,3873,1576,6622610,12165120
4045,4.88281,3873,1576,6646647,12165120
4046,4.76074,3873,1576,6670800,12165120
4047,5.17273,3873,1576,6665741,12165120
4048,5.2948,3873,1576,6693308,12165120
4049,4.47083,3873,1576,6701571,12165120
4050,5.06592,3873,1576,6729971,12165120
4051,5.20325,3873,1576,6755040,12165120
4052,4.39453,3873,1576,6760771,12165120
4053,4.89807,3873,1576,6773442,12165120
4054,5.35583,3873,1576,6793472,12165120
4055,4.69971,3873,1576,6798638,12165120
4056,4.85229,3873,1576,6800159,12165120
4057,5.11169,3873,1576,6834627,12165120
4058,4.86755,3873,1576,6837778,12165120
4059,5.24902,3873,1576,6854538,12165120
4060,4.76074,3873,1576,6861734,12165120
4061,5.08118,3873,1576,6862097,12165120
4062,4.95911,3873,1576,6852614,12165120
4063,5.21851,3873,1576,6847307,12165120
4064,4.776,3873,1576,6845389,12165120
4065,5.09644,3873,1576,6848401,12165120
4066,4.89807,3873,1576,6846396,12165120
4067,4.91333,3873,1576,6843144,12165120
4068,5.40161,3873,1576,6849276,12165120
4069,5.34058,3873,1576,6855023,12165120
4070,4.48608,3873,1576,6851700,12165120
4071,5.50842,3873,1576,6860390,12165120
4072,5.0354,3873,1576,6883410,12165120
4073,4.89807,3873,1576,6882364,12165120
4074,5.21851,3873,1576,6910151,12165120
4075,5.31006,3873,1576,6939009,12165120
4076,4.776,3873,1576,6963454,12165120
4077,4.91333,3873,1576,6961857,12165120
4078,5.2948,3873,1576,6998878,12165120
4079,4.97437,3873,1576,7037263,12165120
4080,4.91333,3873,1576,7036275,12165120
4081,5.47791,3873,1576,7070918,12165120
4082,4.85229,3873,1576,7110412,12165120
4083,5.02014,3873,1576,7110939,12165120
4084,5.31006,3873,1576,7140391,12165120
4085,4.95911,3873,1576,7165124,12165120
4086,4.83704,3873,1576,7167934,12165120
4087,5.63049,3873,1576,7185969,12165120
4088,4.85229,3873,1576,7207819,12165120
4089,4.89807,3873,1576,7207040,12165120
4090,5.17273,3873,1576,7230062,12165120
4091,5.31006,3873,1576,7241884,12165120
4092,4.88281,3873,1576,7243660,12165120
4093,5.12695,3873,1576,7254148,12165120
4094,5.40161,3873,1576,7260695,12165120
4095,4.60815,3873,1576,7262415,12165120
4096,5.32532,3873,1576,7272689,12165120
4097,5.18799,3873,1576,7277516,12165120
4098,4.68445,3873,1576,7278062,12165120
4099,5.15747,3873,1576,7286823,12165120
4100,5.40161,3873,1576,7289877,12165120
4101,5.00488,3873,1576,7289086,12165120
4102,4.65393,3873,1576,7295243,12165120
4103,5.26428,3873,1576,7298691,12165120
4104,5.26428,3873,1576,7307808,12165120
4105,4.65393,3873,1576,7304976,12165120
4106,5.27954,3873,1576,7305185,12165120
4107,5.12695,3873,1576,7306127,12165120
4108,4.776,3873,1576,7305222,12165120
4109,5.2948,3873,1576,7311628,12165120
4110,5.17273,3873,1576,7310560,12165120
4111,4.776,3873,1576,7311118,12165120
4112,5.14221,3873,1576,7320951,12165120
4113,5.05066,3873,1576,7317272,12165120
4114,5.09644,3873,1576,7318029,12165120
4115,5.15747,3873,1576,7324657,12165120
4116,4.776,3873,1576,7319019,12165120
4117,5.21851,3873,1576,7320307,12165120
4118,4.98962,3873,1576,7319658,12165120
4119,4.95911,3873,1576,7318651,12165120
4120,5.32532,3873,1576,7319282,12165120
4121,4.94385,3873,1576,7317971,12165120
4122,4.89807,3873,1576,7317637,12165120
4123,5.26428,3873,1576,7314646,12165120
4124,4.82178,3873,1576,7313367,12165120
4125,4.92859,3873,1576,7314013,12165120
4126,5.02014,3873,1576,7311228,12165120
4127,5.18799,3873,1576,7312331,12165120
4128,5.08118,3873,1576,7310569,12165120
4129,4.94385,3873,1576,7312122,12165120
4130,5.53894,3873,1576,7308937,12165120
4131,4.76074,3873,1576,7310572,12165120
4132,4.76074,3873,1576,7308781,12165120
4133,5.12695,3873,1576,7305895,12165120
4134,5.61523,3873,1576,7303228,12165120
4135,4.56238,3873,1576,7305081,12165120
4136,5.12695,3873,1576,7304246,12165120
4137,5.27954,3873,1576,7306829,12165120
4138,5.05066,3873,1576,7304383,12165120
4139,4.82178,3873,1576,7301367,12165120
4140,5.20325,3873,1576,7304522,12165120
4141,4.95911,3873,1576,7302798,12165120
4142,4.97437,3873,1576,7300422,12165120
4143,5.18799,3873,1576,7295161,12165120
4144,4.94385,3873,1576,7298204,12165120
4145,4.98962,3873,1576,7295719,12165120
4146,4.97437,3873,1576,7296972,12165120
4147,5.18799,3873,1576,7292675,12165120
4148,5.11169,3873,1576,7294881,12165120
4149,4.88281,3873,1576,7293184,12165120
4150,5.24902,3873,1576,7294692,12165120
4151,5.00488,3873,1576,7296103,12165120
4152,5.18799,3873,1576,7294160,12165120
4153,4.94385,3873,1576,7290010,12165120
4154,4.97437,3873,1576,7288179,12165120
4155,4.88281,3873,1576,7287636,12165120
4156,5.2948,3873,1576,7286883,12165120
4157,5.06592,3873,1576,7289473,12165120
4158,5.05066,3873,1576,7290089,12165120
4159,4.85229,3873,1576,7287097,12165120
4160,5.20325,3873,1576,7287515,12165120
4161,5.05066,3873,1576,7287134,12165120
4162,5.05066,3873,1576,7286759,12165120
4163,5.02014,3873,1576,7279934,12165120
4164,4.97437,3873,1576,7277406,12165120
4165,4.88281,3873,1576,7278345,12165120
4166,5.18799,3873,1576,7280071,12165120
4167,4.92859,3873,1576,7274730,12165120
4168,4.97437,3873,1576,7270122,12165120
4169,4.92859,3873,1576,7263403,12165120
4170,5.17273,3873,1576,7268856,12165120
4171,4.80652,3873,1576,7271665,12165120
4172,4.94385,3873,1576,7269072,12165120
4173,5.34058,3873,1576,7265305,12165120
4174,4.94385,3873,1576,7270042,12165120
4175,4.66919,3873,1576,7267153,12165120
4176,5.21851,3873,1576,7265254,12165120
4177,5.14221,3873,1576,7265402,12165120
4178,4.91333,3873,1576,7271955,12165120
4179,4.76074,3873,1576,7270252,12165120
4180,5.26428,3873,1576,7267944,12165120
4181,4.83704,3873,1576,7265690,12165120
4182,5.06592,3873,1576,7263395,12165120
4183,4.95911,3873,1576,7271079,12165120
4184,4.97437,3873,1576,7261861,12165120
4185,4.98962,3873,1576,7272346,12165120
4186,5.12695,3873,1576,7272166,12165120
4187,4.85229,3873,1576,7269951,12165120
4188,4.94385,3873,1576,7265697,12165120
4189,4.74548,3873,1576,7269299,12165120
4190,5.35583,3873,1576,7272050,12165120
4191,4.65393,3873,1576,7271410,12165120
4192,4.98962,3873,1576,7273878,12165120
4193,4.97437,3873,1576,7274200,12165120
4194,4.85229,3873,1576,7276126,12165120
4195,4.91333,3873,1576,7272312,12165120
4196,5.00488,3873,1576,7278892,12165120
4197,5.02014,3873,1576,7281896,12165120
4198,4.92859,3873,1576,7279335,12165120
4199,4.74548,3873,1576,7281352,12165120
4200,5.23376,3873,1576,7284527,12165120
4201,4.92859,3873,1576,7285087,12165120
4202,4.98962,3873,1576,7289049,12165120
4203,4.92859,3873,1576,7292803,12165120
4204,4.91333,3873,1576,7295674,12165120
4205,4.69971,3873,1576,7301538,12165120
4206,4.88281,3873,1576,7304016,12165120
4207,4.97437,3873,1576,7315714,12165120
4208,4.95911,3873,1576,7322297,12165120
4209,4.97437,3873,1576,7327062,12165120
4210,4.92859,3873,1576,7326619,12165120
4211,4.71497,3873,1576,7324138,12165120
4212,4.97437,3873,1576,7336615,12165120
4213,4.88281,3873,1576,7334169,12165120
4214,4.97437,3873,1576,7338206,12165120
4215,4.92859,3873,1576,7350730,12165120
4216,4.74548,3873,1576,7355938,12165120
4217,5.11169,3873,1576,7356248,12165120
4218,5.12695,3873,1576,7360924,12165120
4219,4.65393,3873,1576,7369021,12165120
4220,5.11169,3873,1564,7386518,12165120
4221,4.79126,3873,1564,7389628,12165120
4222,4.82178,3873,1564,7400841,12165120
4223,4.95911,3873,1564,7406969,12165120
4224,5.5542,3873,1564,7424360,12165120
4225,4.60815,3873,1564,7439245,12165120
4226,4.63867,3873,1564,7460530,12165120
4227,5.12695,3873,1564,7470427,12165120
4228,4.776,3873,1564,7480249,12165120
4229,4.80652,3873,1564,7496740,12165120
4230,5.02014,3873,1564,7512595,12165120
4231,5.21851,3873,1564,7525808,12165120
4232,4.62341,3873,1564,7538326,12165120
4233,5.05066,3873,1564,7553574,12165120
4234,5.02014,3873,1564,7557603,12165120
4235,4.76074,3873,1564,7551851,12165120
4236,4.83704,3873,1564,7554565,12165120
4237,5.20325,3873,1564,7563710,12165120
4238,4.86755,3873,1564,7565893,12165120
4239,5.06592,3873,1564,7566698,12165120
4240,4.85229,3873,1564,7569687,12165120
4241,4.86755,3873,1564,7571642,12165120
4242,4.776,3873,1564,7574862,12165120
4243,4.85229,3873,1564,7579571,12165120
4244,5.21851,3873,1564,7584415,12165120
4245,4.82178,3873,1564,7589476,12165120
4246,5.24902,3873,1564,7593432,12165120
4247,5.27954,3873,1564,7600292,12165120
4248,4.54712,3873,1564,7607930,12165120
4249,5.09644,3873,1564,7612806,12165120
4250,4.82178,3873,1564,7612410,12165120
4251,4.94385,3873,1564,7623343,12165120
4252,4.89807,3873,1564,7624963,12165120
4253,4.83704,3873,1564,7621779,12165120
4254,4.97437,3873,1564,7637257,12165120
4255,5.23376,3873,1564,7638156,12165120
4256,4.60815,3873,1564,7631980,12165120
4257,4.91333,3873,1564,7642918,12165120
4258,5.23376,3873,1564,7634297,12165120
4259,4.79126,3873,1564,7619676,12165120
4260,4.71497,3873,1564,7623692,12165120
4261,5.44739,3873,1564,7591904,12165120
4262,5.05066,3873,1564,7548908,12165120
4263,4.57764,3873,1564,7522842,12165120
4264,5.46265,3873,1564,7472119,12165120
4265,4.83704,3873,1564,7433995,12165120
4266,4.80652,3873,1564,7424897,12165120
4267,5.12695,3873,1564,7403472,12165120
4268,5.09644,3873,1564,7367955,12165120
4269,4.65393,3873,1564,7354262,12165120
4270,5.0354,3873,1564,7312981,12165120
4271,5.12695,3873,1564,7278918,12165120
4272,4.68445,3873,1564,7259839,12165120
4273,5.37109,3873,1564,7214256,12165120
4274,4.88281,3873,1564,7168370,12165120
4275,4.68445,3873,1564,7143295,12165120
4276,4.80652,3873,1564,7095996,12165120
4277,5.08118,3873,1564,7061576,12165120
4278,4.776,3873,1564,7045728,12165120
4279,5.23376,3873,1564,7018828,12165120
4280,4.63867,3873,1564,6994642,12165120
4281,5.35583,3873,1564,6989509,12165120
4282,4.73022,3873,1564,6968731,12165120
4283,4.82178,3873,1564,6963503,12165120
4284,5.37109,3873,1564,6950670,12165120
4285,4.73022,3873,1564,6934018,12165120
4286,4.85229,3873,1564,6931960,12165120
4287,5.21851,3873,1564,6919432,12165120
4288,5.17273,3873,1564,6910352,12165120
4289,4.82178,3873,1564,6906414,12165120
4290,4.97437,3873,1564,6896457,12165120
4291,5.18799,3873,1564,6890626,12165120
4292,4.86755,3873,1564,6890080,12165120
4293,4.92859,3873,1564,6890988,12165120
4294,5.21851,3873,1564,6886572,12165120
4295,4.92859,3873,1564,6885377,12165120
4296,4.89807,3873,1564,6884074,12165120
4297,5.18799,3873,1564,6884404,12165120
4298,4.91333,3873,1564,6883176,12165120
4299,5.44739,3873,1564,6881417,12165120
4300,4.45557,3873,1564,6880152,12165120
4301,5.47791,3873,1564,6878519,12165120
4302,4.71497,3873,1564,6876236,12165120
4303,4.98962,3873,1564,6873186,12165120
4304,5.17273,3873,1564,6871743,12165120
4305,5.09644,3873,1564,6869061,12165120
4306,4.97437,3873,1564,6866360,12165120
4307,5.0354,3873,1564,6864012,12165120
4308,5.23376,3873,1564,6864985,12165120
4309,4.94385,3873,1564,6864370,12165120
4310,5.15747,3873,1564,6866373,12165120
4311,5.37109,3873,1564,6866469,12165120
4312,4.89807,3873,1564,6865301,12165120
4313,4.98962,3873,1564,6865879,12165120
4314,5.08118,3873,1564,6865165,12165120
4315,5.05066,3873,1564,6866251,12165120
4316,4.83704,3873,1564,6867370,12165120
4317,5.32532,3873,1564,6869075,12165120
4318,5.06592,3873,1564,6867916,12165120
4319,5.0354,3873,1564,6868361,12165120
4320,4.79126,3873,1564,6870012,12165120
4321,5.26428,3873,1564,6870224,12165120
4322,4.98962,3873,1564,6872322,12165120
4323,4.97437,3873,1564,6868789,12165120
4324,5.35583,3873,1564,6869669,12165120
4325,4.86755,3873,1564,6869954,12165120
4326,5.12695,3873,1564,6871102,12165120
4327,5.49316,3873,1564,6872883,12165120
4328,4.65393,3873,1564,6870332,12165120
4329,5.14221,3873,1564,6866444,12165120
4330,5.05066,3873,1564,6863449,12165120
4331,5.11169,3873,1564,6858361,12165120
4332,5.02014,3873,1564,6853090,12165120
4333,5.20325,3873,1564,6847189,12165120
4334,5.17273,3873,1564,6841441,12165120
4335,4.94385,3873,1564,6836998,12165120
4336,4.89807,3873,1564,6832266,12165120
4337,5.31006,3873,1564,6827116,12165120
4338,4.89807,3873,1564,6824570,12165120
4339,4.97437,3873,1564,6820113,12165120
4340,5.18799,3873,1564,6818556,12165120
4341,4.98962,3873,1564,6813681,12165120
4342,4.97437,3873,1564,6810800,12165120
4343,5.09644,3873,1564,6808436,12165120
4344,5.23376,3873,1564,6805624,12165120
4345,4.89807,3873,1564,6801943,12165120
4346,4.88281,3873,1564,6797902,12165120
4347,5.40161,3873,1564,6794621,12165120
4348,4.91333,3873,1564,6791531,12165120
4349,5.00488,3873,1564,6790165,12165120
4350,5.20325,3873,1564,6788618,12165120
4351,4.83704,3873,1564,6783394,12165120
4352,5.14221,3873,1564,6780762,12165120
4353,5.06592,3873,1564,6772564,12165120
4354,5.32532,3873,1564,6760888,12165120
4355,4.94385,3873,1564,6738969,12165120
4356,4.85229,3873,1564,6718932,12165120
4357,5.27954,3873,1564,6706190,12165120
4358,5.02014,3873,1564,6704394,12165120
4359,4.95911,3873,1564,6713402,12165120
4360,5.18799,3873,1564,6730685,12165120
4361,5.05066,3873,1564,6745767,12165120
4362,4.98962,3873,1564,6754511,12165120
4363,5.20325,3873,1564,6759351,12165120
4364,5.0354,3873,1564,6761346,12165120
4365,4.97437,3873,1564,6761568,12165120
4366,5.11169,3873,1564,6758474,12165120
4367,5.44739,3873,1564,6753670,12165120
4368,4.83704,3873,1564,6743358,12165120
4369,4.80652,3873,1564,6739108,12165120
4370,5.40161,3873,1564,6732220,12165120
4371,4.79126,3873,1564,6727082,12165120
4372,5.20325,3873,1564,6718369,12165120
4373,5.12695,3873,1564,6709475,12165120
4374,5.15747,3873,1564,6701670,12165120
4375,4.76074,3873,1564,6693479,12165120
4376,5.27954,3873,1564,6686952,12165120
4377,5.02014,3873,1564,6676423,12165120
4378,4.95911,3873,1564,6664664,12165120
4379,4.88281,3873,1564,6650480,12165120
4380,5.37109,3873,1564,6640514,12165120
4381,4.89807,3873,1564,6625017,12165120
4382,4.86755,3873,1564,6608162,12165120
4383,5.21851,3873,1564,6589269,12165120
4384,5.12695,3873,1564,6573170,12165120
4385,4.88281,3873,1564,6557656,12165120
4386,5.11169,3873,1564,6532472,12165120
4387,5.17273,3873,1564,6514733,12165120
4388,5.06592,3873,1564,6505218,12165120
4389,5.05066,3873,1564,6486173,12165120
4390,5.18799,3873,1564,6481404,12165120
4391,5.09644,3873,1564,6466869,12165120
4392,5.05066,3873,1564,6452116,12165120
4393,5.34058,3873,1564,6429347,12165120
4394,5.15747,3873,1564,6418443,12165120
4395,5.17273,3873,1564,6415749,12165120
4396,5.67627,3873,1564,6408019,12165120
4397,4.62341,3873,1564,6409025,12165120
4398,5.26428,3873,1564,6406030,12165120
4399,5.18799,3873,1564,6410811,12165120
4400,5.35583,3873,1564,6412991,12165120
4401,4.89807,3873,1564,6419327,12165120
4402,4.91333,3873,1564,6419279,12165120
4403,5.34058,3873,1564,6421284,12165120
4404,4.83704,3873,1564,6416874,12165120
4405,5.17273,3873,1564,6412470,12165120
4406,5.18799,3873,1564,6403596,12165120
4407,5.20325,3873,1564,6395112,12165120
4408,4.86755,3873,1564,6385084,12165120
4409,5.32532,3873,1564,6391864,12165120
4410,4.82178,3873,1564,6404981,12165120
4411,5.27954,3873,1564,6426290,12165120
4412,5.20325,3873,1564,6433903,12165120
4413,5.17273,3873,1564,6441614,12165120
4414,4.76074,3873,1564,6454715,12165120
4415,5.2948,3873,1564,6459094,12165120
4416,5.09644,3873,1564,6445385,12165120
4417,5.18799,3873,1564,6454856,12165120
4418,4.82178,3873,1564,6439484,12165120
4419,5.52368,3873,1552,6431145,12165120
4420,4.80652,3873,1552,6434641,12165120
4421,4.94385,3873,1552,6425621,12165120
4422,5.05066,3873,1552,6418945,12165120
4423,5.21851,3873,1552,6417999,12165120
4424,4.63867,3873,1552,6418636,12165120
4425,5.34058,3873,1552,6398991,12165120
4426,5.17273,3873,1552,6404090,12165120
4427,4.776,3873,1552,6392957,12165120
4428,4.89807,3873,1552,6381062,12165120
4429,5.70679,3873,1552,6378432,12165120
4430,4.42505,3873,1552,6365835,12165120
4431,6.05774,3873,1552,6361467,12165120
4432,4.2572,3873,1552,6348502,12165120
4433,5.18799,3873,1552,6333660,12165120
4434,4.95911,3873,1552,6319846,12165120
4435,4.74548,3873,1552,6314369,12165120
4436,5.52368,3873,1552,6301514,12165120
4437,4.79126,3873,1552,6292430,12165120
4438,4.80652,3873,1552,6278294,12165120
4439,5.41687,3873,1552,6266484,12165120
4440,4.76074,3873,1552,6260635,12165120
4441,4.91333,3873,1552,6248059,12165120
4442,5.44739,3873,1552,6235929,12165120
4443,4.68445,3873,1552,6228655,12165120
4444,5.02014,3873,1552,6216045,12165120
4445,5.15747,3873,1552,6209242,12165120
4446,5.09644,3873,1552,6206086,12165120
4447,4.776,3873,1552,6195372,12165120
4448,5.26428,3873,1552,6196010,12165120
4449,5.12695,3873,1552,6187494,12165120
4450,4.85229,3873,1552,6170135,12165120
4451,4.89807,3873,1552,6169232,12165120
4452,5.14221,3873,1552,6156004,12165120
4453,4.85229,3873,1552,6141116,12165120
4454,5.11169,3873,1552,6131987,12165120
4455,5.0354,3873,1552,6125351,12165120
4456,4.89807,3873,1552,6113342,12165120
4457,5.12695,3873,1552,6110243,12165120
4458,4.86755,3873,1552,6114074,12165120
4459,5.52368,3873,1552,6106791,12165120
4460,4.83704,3873,1552,6114449,12165120
4461,4.86755,3873,1552,6109789,12165120
4462,5.05066,3873,1552,6102828,12165120
4463,4.94385,3873,1552,6090465,12165120
4464,4.94385,3873,1552,6077950,12165120
4465,5.00488,3873,1552,6074847,12165120
4466,5.24902,3873,1552,6059957,12165120
4467,4.98962,3873,1552,6040464,12165120
4468,4.80652,3873,1552,6036473,12165120
4469,5.50842,3873,1552,6020937,12165120
4470,4.92859,3873,1552,6019896,12165120
4471,4.95911,3873,1552,6012732,12165120
4472,5.61523,3873,1552,6019580,12165120
4473,5.00488,3873,1552,6023122,12165120
4474,4.62341,3873,1552,5998704,12165120
4475,5.58472,3873,1552,6015022,12165120
4476,4.83704,3873,1552,6014245,12165120
4477,4.98962,3873,1552,6007772,12165120
4478,5.40161,3873,1552,6015366,12165120
4479,5.35583,3873,1552,6018514,12165120
4480,4.53186,3873,1552,6014656,12165120
4481,5.2948,3873,1552,6017582,12165120
4482,5.34058,3873,1552,6002660,12165120
4483,4.57764,3873,1552,5996187,12165120
4484,5.31006,3873,1552,5988875,12165120
4485,5.12695,3873,1552,5986862,12165120
4486,4.97437,3873,1552,5978593,12165120
4487,4.62341,3873,1552,5972802,12165120
4488,5.56946,3873,1552,5953710,12165120
4489,4.74548,3873,1552,5929010,12165120
4490,5.14221,3873,1552,5924825,12165120
4491,5.06592,3873,1552,5911595,12165120
4492,5.08118,3873,1552,5915580,12165120
4493,4.76074,3873,1552,5892608,12165120
4494,4.95911,3873,1552,5879982,12165120
4495,5.44739,3873,1552,5869959,12165120
4496,4.57764,3873,1552,5869027,12165120
4497,5.32532,3873,1552,5860568,12165120
4498,5.12695,3873,1552,5858687,12165120
4499,4.83704,3873,1552,5854777,12165120
4500,4.86755,3873,1552,5851784,12165120
4501,4.83704,3873,1552,5838304,12165120
4502,5.37109,3873,1552,5850837,12165120
4503,4.89807,3873,1552,5847223,12165120
4504,4.98962,3873,1552,5844135,12165120
4505,5.41687,3873,1552,5841352,12165120
4506,5.5542,3873,1552,5839822,12165120
4507,3.9978,3873,1552,5837495,12165120
4508,5.38635,3873,1552,5832655,12165120
4509,4.92859,3873,1552,5831361,12165120
4510,4.82178,3873,1552,5828598,12165120
4511,5.12695,3873,1552,5827734,12165120
4512,5.14221,3873,1552,5822847,12165120
4513,4.92859,3873,1552,5825889,12165120
4514,4.89807,3873,1552,5820240,12165120
4515,5.14221,3873,1552,5821933,12165120
4516,5.00488,3873,1552,5816342,12165120
4517,4.86755,3873,1552,5816074,12165120
4518,5.17273,3873,1552,5813993,12165120
4519,4.89807,3873,1552,5814013,12165120
4520,4.91333,3873,1552,5809533,12165120
4521,5.21851,3873,1552,5814802,12165120
4522,5.0354,3873,1552,5806474,12165120
4523,4.74548,3873,1552,5814318,12165120
4524,5.15747,3873,1552,5811945,12165120
4525,5.24902,3873,1552,5807605,12165120
4526,4.89807,3873,1552,5801136,12165120
4527,4.94385,3873,1552,5803888,12165120
4528,5.31006,3873,1552,5799578,12165120
4529,4.83704,3873,1552,5800052,12165120
4530,5.27954,3873,1552,5799628,12165120
4531,4.89807,3873,1552,5801554,12165120
4532,4.97437,3873,1552,5796321,12165120
4533,5.15747,3873,1552,5794893,12165120
4534,4.83704,3873,1552,5800637,12165120
4535,5.08118,3873,1552,5793760,12165120
4536,5.53894,3873,1552,5793982,12165120
4537,4.37927,3873,1552,5794969,12165120
4538,5.08118,3873,1552,5794828,12165120
4539,5.41687,3873,1552,5795786,12165120
4540,4.68445,3873,1552,5790898,12165120
4541,4.94385,3873,1552,5794214,12165120
4542,5.14221,3873,1552,5789522,12165120
4543,4.88281,3873,1552,5791480,12165120
4544,4.74548,3873,1552,5790318,12165120
4545,5.59998,3873,1552,5790834,12165120
4546,4.92859,3873,1552,5788122,12165120
4547,4.76074,3873,1552,5788058,12165120
4548,5.61523,3873,1552,5788359,12165120
4549,4.776,3873,1552,5786251,12165120
4550,4.5929,3873,1552,5781143,12165120
4551,5.70679,3873,1552,5778339,12165120
4552,4.74548,3873,1552,5781034,12165120
4553,4.73022,3873,1552,5780767,12165120
4554,5.31006,3873,1552,5784514,12165120
4555,5.05066,3873,1552,5779487,12165120
4556,4.66919,3873,1552,5781394,12165120
4557,5.11169,3873,1552,5781332,12165120
4558,5.21851,3873,1552,5781229,12165120
4559,4.86755,3873,1552,5781701,12165120
4560,5.15747,3873,1552,5779639,12165120
4561,5.08118,3873,1552,5770161,12165120
4562,5.05066,3873,1552,5777638,12165120
4563,4.80652,3873,1552,5778951,12165120
4564,4.95911,3873,1552,5775370,12165120
4565,5.00488,3873,1552,5777981,12165120
4566,5.23376,3873,1552,5776505,12165120
4567,5.41687,3873,1552,5776395,12165120
4568,4.5166,3873,1552,5772453,12165120
4569,5.15747,3873,1552,5772540,12165120
4570,5.09644,3873,1552,5771610,12165120
4571,4.89807,3873,1552,5769808,12165120
4572,5.23376,3873,1552,5768362,12165120
4573,4.74548,3873,1552,5767511,12165120
4574,4.71497,3873,1552,5757718,12165120
4575,5.40161,3873,1552,5766327,12165120
4576,4.98962,3873,1552,5764471,12165120
4577,4.65393,3873,1552,5763197,12165120
4578,5.46265,3873,1552,5762320,12165120
4579,4.69971,3873,1552,5758396,12165120
4580,4.95911,3873,1552,5758575,12165120
4581,5.52368,3873,1552,5758216,12165120
4582,4.97437,3873,1552,5756558,12165120
4583,4.5929,3873,1552,5754418,12165120
4584,5.26428,3873,1552,5752518,12165120
4585,5.0354,3873,1552,5750375,12165120
4586,5.20325,3873,1552,5750174,12165120
4587,4.45557,3873,1552,5747516,12165120
4588,5.47791,3873,1552,5745814,12165120
4589,4.62341,3873,1552,5745036,12165120
4590,5.2948,3873,1552,5742874,12165120
4591,5.24902,3873,1552,5742533,12165120
4592,5.26428,3873,1552,5737320,12165120
4593,4.40979,3873,1552,5738662,12165120
4594,5.32532,3873,1552,5735216,12165120
4595,5.0354,3873,1552,5733311,12165120
4596,4.80652,3873,1552,5729227,12165120
4597,5.0354,3873,1552,5729858,12165120
4598,5.49316,3873,1552,5727201,12165120
4599,4.66919,3873,1552,5725765,12165120
4600,5.00488,3873,1552,5724139,12165120
4601,5.27954,3873,1552,5725759,12165120
4602,4.71497,3873,1552,5721273,12165120
4603,5.14221,3873,1552,5717219,12165120
4604,4.91333,3873,1552,5716725,12165120
4605,4.92859,3873,1552,5712597,12165120
4606,5.37109,3873,1552,5714031,12165120
4607,4.95911,3873,1552,5714199,12165120
4608,4.86755,3873,1552,5710883,12165120
4609,5.08118,3873,1552,5710511,12165120
4610,4.85229,3873,1552,5712203,12165120
4611,5.15747,3873,1552,5709196,12165120
4612,5.32532,3873,1552,5708153,12165120
4613,4.5929,3873,1552,5709379,12165120
4614,4.92859,3873,1552,5709496,12165120
4615,5.38635,3873,1552,5707434,12165120
4616,5.02014,3873,1552,5708359,12165120
4617,4.50134,3873,1538,5707441,12165120
4618,5.43213,3873,1538,5707350,12165120
4619,5.11169,3873,1538,5708617,12165120
4620,4.57764,3873,1538,5707372,12165120
4621,5.40161,3873,1538,5706582,12165120
4622,5.09644,3873,1538,5709434,12165120
4623,4.57764,3873,1538,5707336,12165120
4624,5.47791,3873,1538,5707332,12165120
4625,4.88281,3873,1538,5707937,12165120
4626,4.85229,3873,1538,5707889,12165120
4627,5.37109,3873,1538,5714390,12165120
4628,5.02014,3873,1538,5713798,12165120
4629,4.5929,3873,1538,5717598,12165120
4630,5.18799,3873,1538,5718688,12165120
4631,5.21851,3873,1538,5729031,12165120
4632,4.73022,3873,1538,5728985,12165120
4633,5.08118,3873,1538,5730921,12165120
4634,5.35583,3873,1538,5744112,12165120
4635,4.74548,3873,1538,5742658,12165120
4636,5.18799,3873,1538,5742239,12165120
4637,4.97437,3873,1538,5747454,12165120
4638,5.00488,3873,1538,5745401,12165120
4639,5.06592,3873,1538,5743915,12165120
4640,4.776,3873,1538,5740879,12165120
4641,5.0354,3873,1538,5737452,12165120
4642,4.88281,3873,1538,5742145,12165120
4643,4.86755,3873,1538,5746231,12165120
4644,5.41687,3873,1538,5753578,12165120
4645,4.97437,3873,1538,5759244,12165120
4646,5.06592,3873,1538,5761847,12165120
4647,4.98962,3873,1538,5768895,12165120
4648,5.18799,3873,1538,5768131,12165120
4649,4.74548,3873,1538,5773130,12165120
4650,4.82178,3873,1538,5777265,12165120
4651,5.09644,3873,1538,5781318,12165120
4652,4.82178,3873,1538,5788093,12165120
4653,4.95911,3873,1538,5787843,12165120
4654,5.12695,3873,1538,5790706,12165120
4655,5.23376,3873,1538,5793900,12165120
4656,4.63867,3873,1538,5795520,12165120
4657,4.68445,3873,1538,5793188,12165120
4658,5.27954,3873,1538,5795514,12165120
4659,4.79126,3873,1538,5792953,12165120
4660,4.80652,3873,1538,5794967,12165120
4661,5.5542,3873,1538,5793137,12165120
4662,4.39453,3873,1538,5794773,12165120
4663,5.11169,3873,1538,5790858,12165120
4664,4.98962,3873,1538,5777747,12165120
4665,4.88281,3873,1538,5784378,12165120
4666,5.02014,3873,1538,5783216,12165120
4667,4.54712,3873,1538,5787467,12165120
4668,5.43213,3873,1538,5788043,12165120
4669,4.62341,3873,1538,5792742,12165120
4670,4.62341,3873,1538,5790865,12165120
4671,5.56946,3873,1538,5795772,12165120
4672,4.80652,3873,1538,5812734,12165120
4673,4.5929,3873,1538,5813086,12165120
4674,5.02014,3873,1538,5815019,12165120
4675,5.18799,3873,1538,5838584,12165120
4676,4.79126,3873,1538,5846086,12165120
4677,4.85229,3873,1538,5866136,12165120
4678,5.14221,3873,1538,5884201,12165120
4679,4.68445,3873,1538,5879143,12165120
4680,4.89807,3873,1538,5899679,12165120
4681,5.15747,3873,1538,5924807,12165120
4682,4.776,3873,1538,5923875,12165120
4683,5.02014,3873,1538,5924830,12165120
4684,5.15747,3873,1538,5947943,12165120
4685,4.76074,3873,1538,5950206,12165120
4686,5.00488,3873,1538,5974179,12165120
4687,4.97437,3873,1538,5984083,12165120
4688,5.05066,3873,1538,5984050,12165120
4689,5.05066,3873,1538,6035127,12165120
4690,5.24902,3873,1538,6082332,12165120
4691,4.73022,3873,1538,6083701,12165120
4692,5.47791,3873,1538,6126468,12165120
4693,4.68445,3873,1538,6149448,12165120
4694,4.71497,3873,1538,6147617,12165120
4695,5.58472,3873,1538,6153770,12165120
4696,4.89807,3873,1538,6151430,12165120
4697,4.56238,3873,1538,6155457,12165120
4698,5.53894,3873,1538,6136202,12165120
4699,4.80652,3873,1538,6111320,12165120
4700,4.80652,3873,1538,6111766,12165120
4701,5.32532,3873,1538,6130704,12165120
4702,4.94385,3873,1538,6158804,12165120
4703,4.69971,3873,1538,6160190,12165120
4704,5.47791,3873,1538,6250085,12165120
4705,4.80652,3873,1538,6311656,12165120
4706,4.88281,3873,1538,6315430,12165120
4707,5.05066,3873,1538,6306693,12165120
4708,5.34058,3873,1538,6305693,12165120
4709,4.57764,3873,1538,6313032,12165120
4710,5.41687,3873,1538,6330415,12165120
4711,4.98962,3873,1538,6356886,12165120
4712,4.95911,3873,1538,6355891,12165120
4713,5.00488,3873,1538,6411196,12165120
4714,5.41687,3873,1538,6488150,12165120
4715,5.14221,3873,1538,6486475,12165120
4716,4.95911,3873,1538,6533868,12165120
4717,5.32532,3873,1538,6540940,12165120
4718,5.61523,3873,1538,6508968,12165120
4719,4.95911,3873,1538,6508527,12165120
4720,5.43213,3873,1538,6372007,12165120
4721,5.75256,3873,1538,6248759,12165120
4722,4.74548,3873,1538,6245585,12165120
4723,5.37109,3873,1538,6177932,12165120
4724,5.52368,3873,1538,6156136,12165120
4725,5.15747,3873,1538,6148585,12165120
4726,5.15747,3873,1538,6148853,12165120
4727,5.56946,3873,1538,6187687,12165120
4728,5.35583,3873,1538,6277241,12165120
4729,5.02014,3873,1538,6275509,12165120
4730,5.5542,3873,1538,6366617,12165120
4731,5.46265,3873,1538,6450689,12165120
4732,5.08118,3873,1538,6449577,12165120
4733,5.24902,3873,1538,6485683,12165120
4734,5.63049,3873,1538,6498023,12165120
4735,5.20325,3873,1538,6505886,12165120
4736,5.12695,3873,1538,6506707,12165120
4737,5.61523,3873,1538,6519383,12165120
4738,5.09644,3873,1538,6532416,12165120
4739,4.97437,3873,1538,6532086,12165120
4740,5.7373,3873,1538,6535365,12165120
4741,5.31006,3873,1538,6543768,12165120
4742,5.08118,3873,1538,6542492,12165120
4743,5.47791,3873,1538,6540500,12165120
4744,5.20325,3873,1538,6542468,12165120
4745,5.87463,3873,1538,6542951,12165120
4746,5.14221,3873,1538,6539599,12165120
4747,4.68445,3873,1538,6542434,12165120
4748,5.52368,3873,1538,6543134,12165120
4749,5.56946,3873,1538,6536626,12165120
4750,4.74548,3873,1538,6539673,12165120
4751,5.38635,3873,1538,6536921,12165120
4752,5.37109,3873,1538,6539638,12165120
4753,4.98962,3873,1538,6539527,12165120
4754,5.34058,3873,1538,6539513,12165120
4755,5.08118,3873,1538,6535519,12165120
4756,5.90515,3873,1538,6537772,12165120
4757,4.79126,3873,1538,6537842,12165120
4758,5.27954,3873,1538,6537047,12165120
4759,5.40161,3873,1538,6534459,12165120
4760,4.89807,3873,1538,6533897,12165120
4761,5.38635,3873,1538,6534533,12165120
4762,5.64575,3873,1538,6533378,12165120
4763,4.94385,3873,1538,6534861,12165120
4764,5.0354,3873,1538,6533041,12165120
4765,5.84412,3873,1538,6534066,12165120
4766,4.73022,3873,1538,6531060,12165120
4767,5.37109,3873,1538,6534125,12165120
4768,5.56946,3873,1538,6528938,12165120
4769,5.09644,3873,1538,6528630,12165120
4770,4.92859,3873,1538,6532568,12165120
4771,5.64575,3873,1538,6527315,12165120
4772,5.0354,3873,1538,6532529,12165120
4773,5.06592,3873,1538,6531278,12165120
4774,5.50842,3873,1538,6533107,12165120
4775,5.24902,3873,1538,6531142,12165120
4776,4.92859,3873,1538,6532231,12165120
4777,5.61523,3873,1538,6530259,12165120
4778,5.06592,3873,1538,6529204,12165120
4779,5.44739,3873,1538,6528953,12165120
4780,4.80652,3873,1538,6528101,12165120
4781,5.87463,3873,1538,6528267,12165120
4782,4.86755,3873,1538,6530261,12165120
4783,4.95911,3873,1538,6528243,12165120
4784,5.79834,3873,1538,6527880,12165120
4785,4.91333,3873,1538,6530633,12165120
4786,4.89807,3873,1538,6530632,12165120
4787,5.70679,3873,1538,6529892,12165120
4788,5.24902,3873,1538,6526105,12165120
4789,5.09644,3873,1538,6526714,12165120
4790,4.91333,3873,1538,6524682,12165120
4791,5.52368,3873,1538,6529422,12165120
4792,5.2948,3873,1538,6527810,12165120
4793,4.94385,3873,1538,6509803,12165120
4794,5.63049,3873,1538,6528345,12165120
4795,5.06592,3873,1538,6530891,12165120
4796,4.94385,3873,1538,6529094,12165120
4797,5.75256,3873,1538,6527663,12165120
4798,5.05066,3873,1538,6527201,12165120
4799,4.89807,3873,1538,6528660,12165120
4800,5.8136,3873,1538,6528234,12165120
4801,5.11169,3873,1538,6526858,12165120
4802,4.92859,3873,1538,6528305,12165120
4803,5.24902,3873,1538,6527456,12165120
4804,5.59998,3873,1538,6528125,12165120
4805,4.91333,3873,1538,6527094,12165120
4806,5.14221,3873,1538,6527267,12165120
4807,5.27954,3873,1538,6530510,12165120
4808,5.37109,3873,1538,6529466,12165120
4809,4.88281,3873,1538,6530974,12165120
4810,5.53894,3873,1538,6530690,12165120
4811,5.23376,3873,1538,6528931,12165120
4812,4.97437,3873,1523,6530959,12165120
4813,5.52368,3873,1523,6531195,12165120
4814,5.11169,3873,1523,6529555,12165120
4815,5.18799,3873,1523,6529499,12165120
4816,5.37109,3873,1523,6527227,12165120
4817,5.49316,3873,1523,6529586,12165120
4818,4.95911,3873,1523,6531571,12165120
4819,5.34058,3873,1523,6530658,12165120
4820,5.49316,3873,1523,6531101,12165120
4821,5.17273,3873,1523,6529289,12165120
4822,5.15747,3873,1523,6531839,12165120
4823,5.09644,3873,1523,6532587,12165120
4824,5.34058,3873,1523,6530954,12165120
4825,5.32532,3873,1523,6544667,12165120
4826,5.37109,3873,1523,6546148,12165120
4827,5.43213,3873,1523,6549878,12165120
4828,5.34058,3873,1523,6570691,12165120
4829,5.40161,3873,1523,6572185,12165120
4830,5.0354,3873,1523,6579302,12165120
4831,5.47791,3873,1523,6587850,12165120
4832,5.32532,3873,1523,6596094,12165120
4833,5.06592,3873,1523,6591495,12165120
4834,5.46265,3873,1523,6602914,12165120
4835,5.72205,3873,1523,6601447,12165120
4836,5.11169,3873,1523,6602570,12165120
4837,5.06592,3873,1523,6616322,12165120
4838,5.88989,3873,1523,6640849,12165120
4839,5.38635,3873,1523,6672177,12165120
4840,5.06592,3873,1523,6677135,12165120
4841,5.70679,3873,1523,6700203,12165120
4842,5.08118,3873,1523,6725867,12165120
4843,5.41687,3873,1523,6729634,12165120
4844,5.44739,3873,1523,6759812,12165120
4845,5.5542,3873,1523,6765375,12165120
4846,5.11169,3873,1523,6773533,12165120
4847,5.69153,3873,1523,6779782,12165120
4848,5.21851,3873,1523,6787465,12165120
4849,5.31006,3873,1523,6792446,12165120
4850,5.52368,3873,1523,6801043,12165120
4851,4.86755,3873,1523,6805398,12165120
4852,5.66101,3873,1523,6803396,12165120
4853,5.21851,3873,1523,6794977,12165120
4854,5.12695,3873,1523,6794948,12165120
4855,5.43213,3873,1523,6790482,12165120
4856,5.26428,3873,1523,6784953,12165120
4857,5.02014,3873,1523,6790192,12165120
4858,5.76782,3873,1523,6789402,12165120
4859,4.65393,3873,1523,6791455,12165120
4860,5.24902,3873,1523,6795307,12165120
4861,4.82178,3873,1523,6798661,12165120
4862,5.52368,3873,1523,6797463,12165120
4863,5.35583,3873,1523,6799124,12165120
4864,4.97437,3873,1523,6801118,12165120
4865,4.91333,3873,1523,6801076,12165120
4866,5.14221,3873,1523,6809821,12165120
4867,5.11169,3873,1523,6812009,12165120
4868,5.14221,3873,1523,6812524,12165120
4869,5.15747,3873,1523,6817396,12165120
4870,5.26428,3873,1523,6816802,12165120
4871,4.94385,3873,1523,6817291,12165120
4872,5.02014,3873,1523,6819232,12165120
4873,5.17273,3873,1523,6817619,12165120
4874,5.06592,3873,1523,6819496,12165120
4875,5.17273,3873,1523,6820417,12165120
4876,5.40161,3873,1523,6819344,12165120
4877,4.88281,3873,1523,6821267,12165120
4878,4.94385,3873,1523,6819681,12165120
4879,5.35583,3873,1523,6821705,12165120
4880,5.05066,3873,1523,6822004,12165120
4881,5.21851,3873,1523,6821698,12165120
4882,5.15747,3873,1523,6817095,12165120
4883,5.26428,3873,1523,6821468,12165120
4884,4.95911,3873,1523,6826552,12165120
4885,5.02014,3873,1523,6820882,12165120
4886,5.66101,3873,1523,6819857,12165120
4887,5.02014,3873,1523,6822004,12165120
4888,5.09644,3873,1523,6822089,12165120
4889,5.44739,3873,1523,6825870,12165120
4890,4.98962,3873,1523,6822299,12165120
4891,5.00488,3873,1523,6825742,12165120
4892,5.37109,3873,1523,6826858,12165120
4893,5.00488,3873,1523,6820169,12165120
4894,5.05066,3873,1523,6824456,12165120
4895,5.40161,3873,1523,6823004,12165120
4896,5.12695,3873,1523,6828837,12165120
4897,4.97437,3873,1523,6828656,12165120
4898,5.24902,3873,1523,6828982,12165120
4899,5.21851,3873,1523,6829451,12165120
4900,5.12695,3873,1523,6829319,12165120
4901,4.95911,3873,1523,6830419,12165120
4902,5.58472,3873,1523,6832544,12165120
4903,4.97437,3873,1523,6830508,12165120
4904,5.20325,3873,1523,6824835,12165120
4905,5.23376,3873,1523,6818379,12165120
4906,5.15747,3873,1523,6814662,12165120
4907,5.02014,3873,1523,6803477,12165120
4908,5.49316,3873,1523,6798132,12165120
4909,5.17273,3873,1523,6791284,12165120
4910,5.26428,3873,1523,6783345,12165120
4911,5.02014,3873,1523,6779081,12165120
4912,5.2948,3873,1523,6769390,12165120
4913,5.12695,3873,1523,6759031,12165120
4914,5.02014,3873,1523,6753607,12165120
4915,6.04248,3873,1523,6747586,12165120
4916,4.5166,3873,1523,6741709,12165120
4917,5.09644,3873,1523,6735814,12165120
4918,5.40161,3873,1523,6729304,12165120
4919,5.05066,3873,1523,6724133,12165120
4920,5.05066,3873,1523,6721539,12165120
4921,6.073,3873,1523,6716753,12165120
4922,4.42505,3873,1523,6713828,12165120
4923,5.17273,3873,1523,6711201,12165120
4924,5.40161,3873,1523,6710508,12165120
4925,5.08118,3873,1523,6707874,12165120
4926,5.34058,3873,1523,6707259,12165120
4927,5.06592,3873,1523,6705724,12165120
4928,5.59998,3873,1523,6705556,12165120
4929,5.31006,3873,1523,6708582,12165120
4930,5.06592,3873,1523,6712044,12165120
4931,5.63049,3873,1523,6713072,12165120
4932,4.89807,3873,1523,6720342,12165120
4933,4.94385,3873,1523,6726546,12165120
4934,5.67627,3873,1523,6732125,12165120
4935,4.97437,3873,1523,6729707,12165120
4936,5.27954,3873,1523,6729282,12165120
4937,5.46265,3873,1523,6736411,12165120
4938,4.95911,3873,1523,6733164,12165120
4939,5.23376,3873,1523,6737971,12165120
4940,5.46265,3873,1523,6742539,12165120
4941,5.09644,3873,1523,6743228,12165120
4942,5.20325,3873,1523,6748581,12165120
4943,5.56946,3873,1523,6748365,12165120
4944,5.17273,3873,1523,6761209,12165120
4945,5.26428,3873,1523,6765241,12165120
4946,5.26428,3873,1523,6772616,12165120
4947,5.69153,3873,1523,6774580,12165120
4948,4.94385,3873,1523,6768995,12165120
4949,5.41687,3873,1523,6773260,12165120
4950,5.52368,3873,1523,6763348,12165120
4951,5.31006,3873,1523,6765718,12165120
4952,5.08118,3873,1523,6757976,12165120
4953,5.78308,3873,1523,6752683,12165120
4954,5.17273,3873,1523,6741480,12165120
4955,5.02014,3873,1523,6739051,12165120
4956,5.8136,3873,1523,6728318,12165120
4957,5.12695,3873,1523,6726807,12165120
4958,5.21851,3873,1523,6722829,12165120
4959,5.49316,3873,1523,6719492,12165120
4960,5.47791,3873,1523,6722985,12165120
4961,5.32532,3873,1523,6717878,12165120
4962,5.26428,3873,1523,6721130,12165120
4963,5.44739,3873,1523,6729040,12165120
4964,5.44739,3873,1523,6726952,12165120
4965,5.67627,3873,1523,6734939,12165120
4966,5.11169,3873,1523,6737852,12165120
4967,5.70679,3873,1523,6744724,12165120
4968,5.40161,3873,1523,6749465,12165120
4969,5.26428,3873,1523,6754787,12165120
4970,5.24902,3873,1523,6763046,12165120
4971,6.21033,3873,1523,6768370,12165120
4972,5.06592,3873,1523,6774011,12165120
4973,5.0354,3873,1523,6780708,12165120
4974,5.8136,3873,1523,6796587,12165120
4975,5.2948,3873,1523,6801701,12165120
4976,5.35583,3873,1523,6811982,12165120
4977,5.21851,3873,1523,6813959,12165120
4978,5.88989,3873,1523,6820060,12165120
4979,5.09644,3873,1523,6818612,12165120
4980,5.63049,3873,1523,6824115,12165120
4981,5.21851,3873,1523,6822716,12165120
4982,5.20325,3873,1523,6825899,12165120
4983,5.7373,3873,1523,6814481,12165120
4984,5.37109,3873,1523,6822699,12165120
4985,5.24902,3873,1523,6823677,12165120
4986,5.5542,3873,1523,6827318,12165120
4987,5.20325,3873,1523,6831161,12165120
4988,5.24902,3873,1523,6836583,12165120
4989,5.35583,3873,1523,6833107,12165120
4990,5.76782,3873,1523,6837209,12165120
4991,5.32532,3873,1523,6839747,12165120
4992,5.32532,3873,1523,6840445,12165120
4993,5.41687,3873,1523,6841944,12165120
4994,5.27954,3873,1523,6841935,12165120
4995,5.14221,3873,1523,6839325,12165120
4996,5.79834,3873,1523,6845817,12165120
4997,5.18799,3873,1523,6844422,12165120
4998,5.12695,3873,1523,6849991,12165120
4999,5.75256,3873,1523,6848691,12165120
5000,4.97437,3873,1523,6848059,12165120
5001,5.18799,3873,1523,6849879,12165120
5002,5.41687,3873,1516,6848707,12165120
5003,5.41687,3873,1516,6849583,12165120
5004,5.35583,3873,1516,6853505,12165120
5005,5.12695,3873,1516,6849811,12165120
5006,5.53894,3873,1516,6844549,12165120
5007,5.06592,3873,1516,6844393,12165120
5008,5.0354,3873,1516,6849780,12165120
5009,5.79834,3873,1516,6836358,12165120
5010,5.43213,3873,1516,6834154,12165120
5011,5.08118,3873,1516,6834994,12165120
5012,5.40161,3873,1516,6821434,12165120
5013,5.32532,3873,1516,6821531,12165120
5014,5.38635,3873,1516,6825731,12165120
5015,5.2948,3873,1516,6820915,12165120
5016,5.27954,3873,1516,6814349,12165120
5017,5.14221,3873,1516,6815459,12165120
5018,5.38635,3873,1516,6817168,12165120
5019,5.32532,3873,1516,6809144,12165120
5020,5.11169,3873,1516,6809738,12165120
5021,5.49316,3873,1516,6808957,12165120
5022,5.34058,3873,1516,6809694,12165120
5023,5.17273,3873,1516,6814748,12165120
5024,5.47791,3873,1516,6813762,12165120
5025,5.15747,3873,1516,6806821,12165120
5026,5.2948,3873,1516,6812307,12165120
5027,5.43213,3873,1516,6814084,12165120
5028,5.49316,3873,1516,6810879,12165120
5029,5.27954,3873,1516,6816215,12165120
5030,5.49316,3873,1516,6812117,12165120
5031,5.18799,3873,1516,6815363,12165120
5032,5.18799,3873,1516,6814743,12165120
5033,5.43213,3873,1516,6806918,12165120
5034,5.53894,3873,1516,6810616,12165120
5035,5.02014,3873,1516,6813937,12165120
5036,5.18799,3873,1516,6806542,12165120
5037,5.72205,3873,1516,6805320,12165120
5038,5.06592,3873,1516,6806920,12165120
5039,5.20325,3873,1516,6805566,12165120
5040,5.40161,3873,1516,6811387,12165120
5041,5.31006,3873,1516,6803614,12165120
5042,5.2948,3873,1516,6808635,12165120
5043,5.38635,3873,1516,6803085,12165120
5044,5.21851,3873,1516,6797893,12165120
5045,5.21851,3873,1516,6799815,12165120
5046,5.7373,3873,1516,6801630,12165120
5047,5.32532,3873,1516,6803770,12165120
5048,5.2948,3873,1516,6803815,12165120
5049,5.47791,3873,1516,6801276,12165120
5050,5.24902,3873,1516,6804978,12165120
5051,5.35583,3873,1516,6803618,12165120
5052,5.31006,3873,1516,6803138,12165120
5053,5.56946,3873,1516,6796948,12165120
5054,5.02014,3873,1516,6801274,12165120
5055,5.44739,3873,1516,6800083,12165120
5056,5.38635,3873,1516,6803048,12165120
5057,5.43213,3873,1516,6799583,12165120
5058,5.02014,3873,1516,6799826,12165120
5059,5.66101,3873,1516,6797784,12165120
5060,5.23376,3873,1516,6798833,12165120
5061,5.53894,3873,1516,6796755,12165120
5062,5.24902,3873,1516,6797879,12165120
5063,5.17273,3873,1516,6791678,12165120
5064,5.37109,3873,1516,6799247,12165120
5065,5.41687,3873,1516,6793937,12165120
5066,5.32532,3873,1516,6796235,12165120
5067,5.12695,3873,1516,6800154,12165120
5068,5.8136,3873,1516,6797553,12165120
5069,5.0354,3873,1516,6798752,12165120
5070,5.41687,3873,1516,6798852,12165120
5071,5.43213,3873,1516,6803790,12165120
5072,5.35583,3873,1516,6796029,12165120
5073,5.18799,3873,1516,6802611,12165120
5074,5.44739,3873,1516,6800060,12165120
5075,5.38635,3873,1516,6793433,12165120
5076,5.21851,3873,1516,6797030,12165120
5077,5.50842,3873,1516,6798015,12165120
5078,5.21851,3873,1516,6795202,12165120
5079,5.18799,3873,1516,6799672,12165120
5080,5.59998,3873,1516,6796209,12165120
5081,5.14221,3873,1516,6798521,12165120
5082,5.2948,3873,1516,6800777,12165120
5083,5.50842,3873,1516,6798087,12165120
5084,5.18799,3873,1516,6801215,12165120
5085,5.31006,3873,1516,6800609,12165120
5086,5.2948,3873,1516,6789259,12165120
5087,5.70679,3873,1516,6799659,12165120
5088,5.38635,3873,1516,6803926,12165120
5089,5.27954,3873,1516,6800238,12165120
5090,5.35583,3873,1516,6802122,12165120
5091,5.32532,3873,1516,6797096,12165120
5092,5.24902,3873,1516,6794634,12165120
5093,5.43213,3873,1516,6795063,12165120
5094,5.2948,3873,1516,6798848,12165120
5095,5.31006,3873,1516,6800566,12165120
5096,5.46265,3873,1516,6798353,12165120
5097,5.21851,3873,1516,6797713,12165120
5098,5.43213,3873,1516,6793021,12165120
5099,5.38635,3873,1516,6799638,12165120
5100,5.31006,3873,1516,6801269,12165120
5101,5.32532,3873,1516,6801955,12165120
5102,5.38635,3873,1516,6798412,12165120
5103,5.20325,3873,1516,6794221,12165120
5104,5.2948,3873,1516,6799860,12165120
5105,5.59998,3873,1516,6799342,12165120
5106,5.26428,3873,1516,6797871,12165120
5107,5.23376,3873,1516,6798488,12165120
5108,5.35583,3873,1516,6763836,12165120
5109,5.61523,3873,1516,6795084,12165120
5110,5.18799,3873,1516,6797604,12165120
5111,5.43213,3873,1516,6791766,12165120
5112,5.50842,3873,1516,6792345,12165120
5113,5.11169,3873,1516,6796287,12165120
5114,5.24902,3873,1516,6796735,12165120
5115,5.52368,3873,1516,6800104,12165120
5116,5.35583,3873,1516,6796919,12165120
5117,5.08118,3873,1516,6798166,12165120
5118,5.61523,3873,1516,6796497,12165120
5119,5.26428,3873,1516,6799388,12165120
5120,5.23376,3873,1516,6799146,12165120
5121,5.58472,3873,1516,6800061,12165120
5122,5.20325,3873,1516,6800326,12165120
5123,5.26428,3873,1516,6798470,12165120
5124,5.59998,3873,1516,6796854,12165120
5125,5.2948,3873,1516,6796523,12165120
5126,5.09644,3873,1516,6796352,12165120
5127,5.61523,3873,1516,6794965,12165120
5128,5.35583,3873,1516,6794913,12165120
5129,5.26428,3873,1516,6798898,12165120
5130,5.50842,3873,1516,6794768,12165120
5131,5.23376,3873,1516,6798772,12165120
5132,5.23376,3873,1516,6797086,12165120
5133,5.41687,3873,1516,6791110,12165120
5134,5.53894,3873,1516,6795941,12165120
5135,5.20325,3873,1516,6796288,12165120
5136,5.32532,3873,1516,6794166,12165120
5137,5.46265,3873,1516,6795037,12165120
5138,5.18799,3873,1516,6798767,12165120
5139,5.27954,3873,1516,6793138,12165120
5140,5.50842,3873,1516,6799966,12165120
5141,5.27954,3873,1516,6794956,12165120
5142,5.21851,3873,1516,6796355,12165120
5143,5.50842,3873,1516,6797778,12165120
5144,5.15747,3873,1516,6797750,12165120
5145,5.27954,3873,1516,6796305,12165120
5146,5.64575,3873,1516,6795080,12165120
5147,5.15747,3873,1516,6796445,12165120
5148,5.32532,3873,1516,6793539,12165120
5149,5.5542,3873,1516,6791343,12165120
5150,5.32532,3873,1516,6796969,12165120
5151,5.18799,3873,1516,6800153,12165120
5152,5.64575,3873,1516,6795624,12165120
5153,5.37109,3873,1516,6796521,12165120
5154,5.09644,3873,1516,6794949,12165120
5155,5.70679,3873,1516,6794053,12165120
5156,5.27954,3873,1516,6792579,12165120
5157,5.12695,3873,1516,6796313,12165120
5158,5.44739,3873,1516,6792346,12165120
5159,5.64575,3873,1516,6793740,12165120
5160,5.46265,3873,1516,6781397,12165120
5161,5.40161,3873,1516,6783528,12165120
5162,5.20325,3873,1516,6762360,12165120
5163,5.43213,3873,1516,6747985,12165120
5164,5.38635,3873,1516,6717846,12165120
5165,5.61523,3873,1516,6736149,12165120
5166,5.23376,3873,1516,6719320,12165120
5167,5.52368,3873,1516,6686443,12165120
5168,5.52368,3873,1516,6688333,12165120
5169,5.14221,3873,1516,6651779,12165120
5170,5.63049,3873,1516,6594128,12165120
5171,5.84412,3873,1516,6545099,12165120
5172,5.53894,3873,1516,6544478,12165120
5173,5.06592,3873,1516,6521483,12165120
5174,5.76782,3873,1516,6507857,12165120
5175,5.56946,3873,1516,6493550,12165120
5176,5.21851,3873,1516,6491310,12165120
5177,5.87463,3873,1516,6496092,12165120
5178,5.21851,3873,1516,6504757,12165120
5179,5.47791,3873,1516,6483048,12165120
5180,5.59998,3873,1516,6521747,12165120
5181,5.35583,3873,1516,6536454,12165120
5182,5.79834,3873,1516,6552832,12165120
5183,5.34058,3873,1516,6551407,12165120
5184,5.14221,3873,1516,6575891,12165120
5185,5.58472,3873,1516,6583639,12165120
5186,5.50842,3873,1516,6572439,12165120
5187,5.2948,3873,1516,6571458,12165120
5188,5.32532,3873,1508,6556555,12165120
5189,5.87463,3873,1508,6527144,12165120
5190,5.24902,3873,1508,6522116,12165120
5191,5.18799,3873,1508,6506334,12165120
5192,5.63049,3873,1508,6479110,12165120
5193,5.53894,3873,1508,6466141,12165120
5194,5.15747,3873,1508,6463620,12165120
5195,5.40161,3873,1508,6453109,12165120
5196,5.26428,3873,1508,6450516,12165120
5197,5.18799,3873,1508,6444098,12165120
5198,5.44739,3873,1508,6442229,12165120
5199,5.40161,3873,1508,6435518,12165120
5200,5.08118,3873,1508,6434521,12165120
5201,5.43213,3873,1508,6433394,12165120
5202,5.43213,3873,1508,6428943,12165120
5203,4.98962,3873,1508,6426115,12165120
5204,5.53894,3873,1508,6424537,12165120
5205,5.24902,3873,1508,6421604,12165120
5206,5.24902,3873,1508,6418630,12165120
5207,5.35583,3873,1508,6415773,12165120
5208,5.46265,3873,1508,6415943,12165120
5209,5.14221,3873,1508,6411016,12165120
5210,5.32532,3873,1508,6407713,12165120
5211,5.61523,3873,1508,6408610,12165120
5212,5.15747,3873,1508,6403941,12165120
5213,5.18799,3873,1508,6402697,12165120
5214,5.52368,3873,1508,6398139,12165120
5215,5.43213,3873,1508,6393229,12165120
5216,5.17273,3873,1508,6387192,12165120
5217,5.58472,3873,1508,6389051,12165120
5218,5.15747,3873,1508,6381481,12165120
5219,5.21851,3873,1508,6376751,12165120
5220,5.63049,3873,1508,6368973,12165120
5221,5.12695,3873,1508,6363958,12165120
5222,5.2948,3873,1508,6364463,12165120
5223,5.40161,3873,1508,6360724,12165120
5224,5.15747,3873,1508,6351364,12165120
5225,5.27954,3873,1508,6350102,12165120
5226,5.44739,3873,1508,6341790,12165120
5227,5.20325,3873,1508,6340461,12165120
5228,5.5542,3873,1508,6332470,12165120
5229,5.35583,3873,1508,6325474,12165120
5230,5.26428,3873,1508,6317726,12165120
5231,5.31006,3873,1508,6301531,12165120
5232,5.23376,3873,1508,6277886,12165120
5233,5.59998,3873,1508,6270440,12165120
5234,5.11169,3873,1508,6254028,12165120
5235,5.06592,3873,1508,6246404,12165120
5236,5.50842,3873,1508,6236102,12165120
5237,5.20325,3873,1508,6219044,12165120
5238,5.32532,3873,1508,6199681,12165120
5239,5.08118,3873,1508,6190762,12165120
5240,5.38635,3873,1508,6183792,12165120
5241,5.20325,3873,1508,6163154,12165120
5242,5.52368,3873,1508,6157689,12165120
5243,4.776,3873,1508,6149631,12165120
5244,5.38635,3873,1508,6137463,12165120
5245,5.63049,3873,1508,6128528,12165120
5246,4.85229,3873,1508,6121056,12165120
5247,5.46265,3873,1508,6106615,12165120
5248,5.17273,3873,1508,6089880,12165120
5249,5.32532,3873,1508,6081149,12165120
5250,5.26428,3873,1508,6075639,12165120
5251,5.53894,3873,1508,6066860,12165120
5252,4.98962,3873,1508,6065121,12165120
5253,5.32532,3873,1508,6046354,12165120
5254,5.14221,3873,1508,6042382,12165120
5255,5.38635,3873,1508,6028898,12165120
5256,4.79126,3873,1508,6017929,12165120
5257,5.58472,3873,1508,6015399,12165120
5258,5.14221,3873,1508,6008261,12165120
5259,6.21033,3873,1508,6003616,12165120
5260,3.89099,3873,1508,5994266,12165120
5261,5.82886,3873,1508,5997449,12165120
5262,4.63867,3873,1508,5987477,12165120
5263,5.35583,3873,1508,5988473,12165120
5264,5.41687,3873,1508,5989077,12165120
5265,5.0354,3873,1508,5991795,12165120
5266,5.09644,3873,1508,5990796,12165120
5267,5.23376,3873,1508,5987567,12165120
5268,5.23376,3873,1508,5986561,12165120
5269,4.94385,3873,1508,5985424,12165120
5270,5.20325,3873,1508,5996573,12165120
5271,5.5542,3873,1508,6000099,12165120
5272,5.0354,3873,1508,6009503,12165120
5273,4.80652,3873,1508,6014469,12165120
5274,5.82886,3873,1508,6016158,12165120
5275,4.53186,3873,1508,6021538,12165120
5276,5.0354,3873,1508,6029019,12165120
5277,5.32532,3873,1508,6038083,12165120
5278,5.40161,3873,1508,6044664,12165120
5279,4.68445,3873,1508,6048975,12165120
5280,5.27954,3873,1508,6053277,12165120
5281,5.12695,3873,1508,6058882,12165120
5282,4.91333,3873,1508,6061641,12165120
5283,4.97437,3873,1508,6065079,12165120
5284,5.40161,3873,1508,6066751,12165120
5285,4.98962,3873,1508,6056904,12165120
5286,5.02014,3873,1508,6048462,12165120
5287,5.56946,3873,1508,6039455,12165120
5288,4.71497,3873,1508,6026702,12165120
5289,4.88281,3873,1508,6013169,12165120
5290,5.35583,3873,1508,6004321,12165120
5291,5.17273,3873,1508,5992461,12165120
5292,4.98962,3873,1508,5984302,12165120
5293,4.89807,3873,1508,5976284,12165120
5294,5.09644,3873,1508,5970108,12165120
5295,4.98962,3873,1508,5957516,12165120
5296,4.97437,3873,1508,5954126,12165120
5297,5.20325,3873,1508,5947652,12165120
5298,4.83704,3873,1508,5936468,12165120
5299,5.09644,3873,1508,5933312,12165120
5300,5.24902,3873,1508,5927322,12165120
5301,4.82178,3873,1508,5923221,12165120
5302,5.43213,3873,1508,5917005,12165120
5303,4.69971,3873,1508,5923499,12165120
5304,5.0354,3873,1508,5932634,12165120
5305,5.26428,3873,1508,5941322,12165120
5306,4.73022,3873,1508,5942593,12165120
5307,4.95911,3873,1508,5939921,12165120
5308,4.89807,3873,1508,5940511,12165120
5309,5.06592,3873,1508,5941266,12165120
5310,5.08118,3873,1508,5938611,12165120
5311,5.0354,3873,1508,5934713,12165120
5312,4.94385,3873,1508,5928468,12165120
5313,5.00488,3873,1508,5919994,12165120
5314,5.08118,3873,1508,5920787,12165120
5315,4.97437,3873,1508,5913634,12165120
5316,4.83704,3873,1508,5902179,12165120
5317,5.2948,3873,1508,5892409,12165120
5318,5.05066,3873,1508,5873666,12165120
5319,4.73022,3873,1508,5859414,12165120
5320,5.27954,3873,1508,5851999,12165120
5321,4.98962,3873,1508,5842902,12165120
5322,4.98962,3873,1508,5830369,12165120
5323,4.86755,3873,1508,5824877,12165120
5324,5.21851,3873,1508,5822977,12165120
5325,5.00488,3873,1508,5823285,12165120
5326,5.02014,3873,1508,5829019,12165120
5327,5.11169,3873,1508,5835687,12165120
5328,5.02014,3873,1508,5853008,12165120
5329,4.98962,3873,1508,5868394,12165120
5330,5.46265,3873,1508,5887262,12165120
5331,4.85229,3873,1508,5891685,12165120
5332,4.71497,3873,1508,5916040,12165120
5333,5.12695,3873,1508,5930813,12165120
5334,5.06592,3873,1508,5954763,12165120
5335,4.89807,3873,1508,5985631,12165120
5336,5.82886,3873,1508,6017665,12165120
5337,4.65393,3873,1508,6040833,12165120
5338,4.83704,3873,1508,6051013,12165120
5339,5.05066,3873,1508,6061126,12165120
5340,5.12695,3873,1508,6074208,12165120
5341,5.02014,3873,1508,6081801,12165120
5342,4.80652,3873,1508,6084343,12165120
5343,5.40161,3873,1508,6094285,12165120
5344,4.98962,3873,1508,6107439,12165120
5345,4.82178,3873,1508,6116379,12165120
5346,5.09644,3873,1508,6122108,12165120
5347,5.08118,3873,1508,6132045,12165120
5348,4.86755,3873,1508,6138184,12165120
5349,4.85229,3873,1508,6143028,12165120
5350,5.17273,3873,1508,6134928,12165120
5351,4.71497,3873,1508,6132847,12165120
5352,4.95911,3873,1508,6124616,12165120
5353,5.05066,3873,1508,6121783,12165120
5354,4.82178,3873,1508,6118407,12165120
5355,4.86755,3873,1508,6104157,12165120
5356,4.85229,3873,1508,6093639,12165120
5357,5.50842,3873,1508,6085688,12165120
5358,4.85229,3873,1508,6074070,12165120
5359,4.5929,3873,1508,6061909,12165120
5360,5.18799,3873,1508,6052539,12165120
5361,5.15747,3873,1508,6044587,12165120
5362,4.82178,3873,1508,6036061,12165120
5363,4.83704,3873,1508,6028933,12165120
5364,5.27954,3873,1508,6021627,12165120
5365,4.69971,3873,1508,6016708,12165120
5366,4.57764,3873,1508,6014052,12165120
5367,5.44739,3873,1508,6018200,12165120
5368,4.74548,3873,1508,6024819,12165120
5369,4.776,3873,1508,6021566,12165120
5370,5.49316,3873,1508,6029251,12165120
5371,4.65393,3873,1508,6032246,12165120
5372,4.74548,3873,1508,6033053,12165120
5373,5.31006,3873,1508,6038394,12165120
5374,5.08118,3873,1508,6039490,12165120
5375,4.69971,3873,1508,6038051,12165120
5376,5.24902,3873,1508,6043677,12165120
5377,5.12695,3873,1508,6043207,12165120
5378,4.71497,3873,1508,6042237,12165120
5379,4.85229,3873,1508,6045910,12165120
5380,5.37109,3873,1508,6047590,12165120
5381,4.95911,3873,1508,6049708,12165120
5382,5.00488,3873,1508,6048258,12165120
5383,5.14221,3873,1503,6047288,12165120
5384,5.02014,3873,1503,6045866,12165120
5385,5.02014,3873,1503,6046475,12165120
5386,5.02014,3873,1503,6047067,12165120
5387,5.26428,3873,1503,6048663,12165120
5388,4.95911,3873,1503,6049447,12165120
5389,4.82178,3873,1503,6053339,12165120
5390,5.26428,3873,1503,6051702,12165120
5391,4.94385,3873,1503,6054667,12165120
5392,5.11169,3873,1503,6058189,12165120
5393,5.26428,3873,1503,6062076,12165120
5394,4.88281,3873,1503,6065775,12165120
5395,5.12695,3873,1503,6068998,12165120
5396,5.32532,3873,1503,6065969,12165120
5397,4.88281,3873,1503,6061489,12165120
5398,4.89807,3873,1503,6060774,12165120
5399,4.82178,3873,1503,6055360,12165120
5400,5.47791,3873,1503,6051746,12165120
5401,4.82178,3873,1503,6046504,12165120
5402,4.98962,3873,1503,6036986,12165120
5403,5.2948,3873,1503,6029390,12165120
5404,5.11169,3873,1503,6021870,12165120
5405,5.41687,3873,1503,6014607,12165120
5406,4.5929,3873,1503,6000719,12165120
5407,5.02014,3873,1503,6002873,12165120
5408,4.86755,3873,1503,6000458,12165120
5409,4.94385,3873,1503,5995926,12165120
5410,5.34058,3873,1503,5988323,12165120
5411,4.92859,3873,1503,5983122,12165120
5412,4.97437,3873,1503,5983039,12165120
5413,5.64575,3873,1503,5983466,12165120
5414,4.91333,3873,1503,5985781,12165120
5415,4.73022,3873,1503,5988771,12165120
5416,5.09644,3873,1503,5990873,12165120
5417,5.06592,3873,1503,5993557,12165120
5418,5.02014,3873,1503,6000292,12165120
5419,5.27954,3873,1503,6008202,12165120
5420,5.15747,3873,1503,6011068,12165120
5421,4.89807,3873,1503,6020714,12165120
5422,5.14221,3873,1503,6031698,12165120
5423,5.26428,3873,1503,6049669,12165120
5424,4.76074,3873,1503,6055442,12165120
5425,5.20325,3873,1503,6077992,12165120
5426,5.46265,3873,1503,6093695,12165120
5427,5.06592,3873,1503,6101477,12165120
5428,4.776,3873,1503,6103551,12165120
5429,5.38635,3873,1503,6104499,12165120
5430,5.31006,3873,1503,6093484,12165120
5431,4.91333,3873,1503,6083669,12165120
5432,5.37109,3873,1503,6057747,12165120
5433,5.24902,3873,1503,6011140,12165120
5434,4.88281,3873,1503,5989524,12165120
5435,5.31006,3873,1503,5950402,12165120
5436,5.53894,3873,1503,5873049,12165120
5437,4.86755,3873,1503,5833098,12165120
5438,5.20325,3873,1503,5793927,12165120
5439,5.72205,3873,1503,5759101,12165120
5440,4.92859,3873,1503,5737395,12165120
5441,4.98962,3873,1503,5719740,12165120
5442,5.53894,3873,1503,5716978,12165120
5443,4.97437,3873,1503,5735414,12165120
5444,4.89807,3873,1503,5743924,12165120
5445,5.66101,3873,1503,5764926,12165120
5446,5.06592,3873,1503,5801373,12165120
5447,4.97437,3873,1503,5807244,12165120
5448,5.35583,3873,1503,5832594,12165120
5449,5.40161,3873,1503,5831851,12165120
5450,5.17273,3873,1503,5829546,12165120
5451,5.41687,3873,1503,5833115,12165120
5452,5.52368,3873,1503,5859546,12165120
5453,5.24902,3873,1503,5865731,12165120
5454,5.20325,3873,1503,5874720,12165120
5455,6.01196,3873,1503,5884535,12165120
5456,5.11169,3873,1503,5868641,12165120
5457,4.98962,3873,1503,5854292,12165120
5458,5.90515,3873,1503,5848206,12165120
5459,5.27954,3873,1503,5868040,12165120
5460,5.18799,3873,1503,5859672,12165120
5461,5.26428,3873,1503,5878383,12165120
5462,5.44739,3873,1503,5920193,12165120
5463,5.50842,3873,1503,5952412,12165120
5464,5.35583,3873,1503,5952959,12165120
5465,5.23376,3873,1503,5997304,12165120
5466,5.23376,3873,1503,6040524,12165120
5467,5.84412,3873,1503,6078810,12165120
5468,5.2948,3873,1503,6072078,12165120
5469,5.47791,3873,1503,6061467,12165120
5470,5.63049,3873,1503,6100835,12165120
5471,5.2948,3873,1503,6102515,12165120
5472,5.31006,3873,1503,6137688,12165120
5473,5.82886,3873,1503,6163750,12165120
5474,5.63049,3873,1503,6163759,12165120
5475,5.17273,3873,1503,6161948,12165120
5476,5.50842,3873,1503,6142429,12165120
5477,5.82886,3873,1503,6122339,12165120
5478,5.32532,3873,1503,6103341,12165120
5479,5.43213,3873,1503,6109142,12165120
5480,5.93567,3873,1503,6093957,12165120
5481,5.34058,3873,1503,6086724,12165120
5482,5.64575,3873,1503,6089009,12165120
5483,5.26428,3873,1503,6050441,12165120
5484,5.52368,3873,1503,6004154,12165120
5485,5.78308,3873,1503,5996094,12165120
5486,5.47791,3873,1503,5997379,12165120
5487,5.24902,3873,1503,5987719,12165120
5488,5.72205,3873,1503,5975670,12165120
5489,5.50842,3873,1503,5973687,12165120
5490,5.35583,3873,1503,5974774,12165120
5491,5.40161,3873,1503,5977166,12165120
5492,5.79834,3873,1503,5975034,12165120
5493,5.26428,3873,1503,5986437,12165120
5494,5.00488,3873,1503,5985693,12165120
5495,5.8136,3873,1503,5996478,12165120
5496,5.46265,3873,1503,5996429,12165120
5497,5.34058,3873,1503,5966343,12165120
5498,5.49316,3873,1503,5998415,12165120
5499,5.56946,3873,1503,5998278,12165120
5500,5.41687,3873,1503,5998716,12165120
5501,5.32532,3873,1503,5997750,12165120
5502,5.35583,3873,1503,5998931,12165120
5503,5.31006,3873,1503,5998979,12165120
5504,5.70679,3873,1503,6003892,12165120
5505,5.26428,3873,1503,6009378,12165120
5506,5.38635,3873,1503,6014941,12165120
5507,5.66101,3873,1503,6025695,12165120
5508,5.26428,3873,1503,6034951,12165120
5509,5.41687,3873,1503,6045130,12165120
5510,5.5542,3873,1503,6056096,12165120
5511,5.46265,3873,1503,6064976,12165120
5512,5.26428,3873,1503,6072945,12165120
5513,5.63049,3873,1503,6075165,12165120
5514,5.37109,3873,1503,6075694,12165120
5515,5.27954,3873,1503,6076821,12165120
5516,5.56946,3873,1503,6076493,12165120
5517,5.44739,3873,1503,6078030,12165120
5518,5.41687,3873,1503,6078778,12165120
5519,5.63049,3873,1503,6079670,12165120
5520,5.34058,3873,1503,6079596,12165120
5521,5.40161,3873,1503,6080033,12165120
5522,5.66101,3873,1503,6081132,12165120
5523,5.38635,3873,1503,6081933,12165120
5524,5.2948,3873,1503,6082110,12165120
5525,5.61523,3873,1503,6082279,12165120
5526,5.52368,3873,1503,6083168,12165120
5527,5.20325,3873,1503,6081927,12165120
5528,6.30188,3873,1503,6083376,12165120
5529,4.71497,3873,1503,6085288,12165120
5530,5.32532,3873,1503,6087239,12165120
5531,5.61523,3873,1503,6086889,12165120
5532,5.56946,3873,1503,6086806,12165120
5533,5.43213,3873,1503,6084453,12165120
5534,5.46265,3873,1503,6080267,12165120
5535,5.26428,3873,1503,6082334,12165120
5536,5.41687,3873,1503,6079026,12165120
5537,5.56946,3873,1503,6078492,12165120
5538,5.37109,3873,1503,6074501,12165120
5539,5.44739,3873,1503,6079068,12165120
5540,5.64575,3873,1503,6084786,12165120
5541,5.61523,3873,1503,6080123,12165120
5542,5.11169,3873,1503,6086861,12165120
5543,5.66101,3873,1503,6088793,12165120
5544,5.59998,3873,1503,6091632,12165120
5545,5.27954,3873,1503,6087040,12165120
5546,5.15747,3873,1503,6087048,12165120
5547,5.93567,3873,1503,6088630,12165120
5548,5.2948,3873,1503,6086561,12165120
5549,5.21851,3873,1503,6079992,12165120
5550,5.5542,3873,1503,6079782,12165120
5551,5.47791,3873,1503,6075832,12165120
5552,5.21851,3873,1503,6069949,12165120
5553,5.47791,3873,1503,6065228,12165120
5554,5.38635,3873,1503,6058794,12165120
5555,5.26428,3873,1503,6052071,12165120
5556,5.87463,3873,1503,6048947,12165120
5557,4.69971,3873,1503,6040248,12165120
5558,5.37109,3873,1503,6032348,12165120
5559,5.8136,3873,1503,6024773,12165120
5560,4.92859,3873,1503,6020940,12165120
5561,5.41687,3873,1503,6008029,12165120
5562,5.70679,3873,1503,5992988,12165120
5563,4.91333,3873,1503,5976336,12165120
5564,5.58472,3873,1503,5964643,12165120
5565,5.40161,3873,1503,5952941,12165120
5566,5.20325,3873,1503,5944445,12165120
5567,5.02014,3873,1503,5935533,12165120
5568,5.93567,3873,1503,5932709,12165120
5569,5.06592,3873,1503,5926039,12165120
5570,4.97437,3873,1503,5914147,12165120
5571,5.70679,3873,1490,5908314,12165120
5572,5.06592,3873,1490,5902943,12165120
5573,5.23376,3873,1490,5893626,12165120
5574,5.20325,3873,1490,5890568,12165120
5575,5.92041,3873,1490,5888695,12165120
5576,4.94385,3873,1490,5890078,12165120
5577,5.21851,3873,1490,5888791,12165120
5578,5.47791,3873,1490,5891283,12165120
5579,5.34058,3873,1490,5886761,12165120
5580,5.35583,3873,1490,5885357,12165120
5581,5.70679,3873,1490,5885383,12165120
5582,5.17273,3873,1490,5884580,12165120
5583,5.53894,3873,1490,5883446,12165120
5584,5.41687,3873,1490,5879990,12165120
5585,5.41687,3873,1490,5877329,12165120
5586,5.20325,3873,1490,5874496,12165120
5587,5.47791,3873,1490,5874242,12165120
5588,5.21851,3873,1490,5869157,12165120
5589,5.84412,3873,1490,5874530,12165120
5590,4.94385,3873,1490,5875466,12165120
5591,5.40161,3873,1490,5868100,12165120
5592,5.46265,3873,1490,5870340,12165120
5593,5.46265,3873,1490,5867044,12165120
5594,5.44739,3873,1490,5866451,12165120
5595,4.94385,3873,1490,5866982,12165120
5596,5.88989,3873,1490,5864791,12165120
5597,5.2948,3873,1490,5864168,12165120
5598,4.94385,3873,1490,5865121,12165120
5599,5.8136,3873,1490,5860550,12165120
5600,5.72205,3873,1490,5863593,12165120
5601,5.15747,3873,1490,5859837,12165120
5602,5.2948,3873,1490,5863415,12165120
5603,5.78308,3873,1490,5860201,12165120
5604,5.37109,3873,1490,5860175,12165120
5605,5.47791,3873,1490,5857935,12165120
5606,5.17273,3873,1490,5858024,12165120
5607,5.67627,3873,1490,5858539,12165120
5608,5.47791,3873,1490,5857754,12165120
5609,5.24902,3873,1490,5858246,12165120
5610,5.46265,3873,1490,5855440,12165120
5611,5.50842,3873,1490,5855844,12165120
5612,5.23376,3873,1490,5856526,12165120
5613,5.14221,3873,1490,5858376,12165120
5614,5.66101,3873,1490,5856943,12165120
5615,5.72205,3873,1490,5855788,12165120
5616,5.18799,3873,1490,5854113,12165120
5617,5.09644,3873,1490,5855317,12165120
5618,6.02722,3873,1490,5851589,12165120
5619,4.98962,3873,1490,5853442,12165120
5620,5.17273,3873,1490,5853492,12165120
5621,6.24084,3873,1490,5852468,12165120
5622,5.31006,3873,1490,5852194,12165120
5623,5.11169,3873,1490,5852592,12165120
5624,5.47791,3873,1490,5853445,12165120
5625,5.59998,3873,1490,5852956,12165120
5626,5.35583,3873,1490,5852557,12165120
5627,5.41687,3873,1490,5853423,12165120
5628,5.76782,3873,1490,5852441,12165120
5629,5.05066,3873,1490,5851514,12165120
5630,5.46265,3873,1490,5851797,12165120
5631,5.20325,3873,1490,5851371,12165120
5632,5.64575,3873,1490,5850258,12165120
5633,5.5542,3873,1490,5851357,12165120
5634,5.06592,3873,1490,5848766,12165120
5635,5.38635,3873,1490,5853362,12165120
5636,5.50842,3873,1490,5849337,12165120
5637,5.40161,3873,1490,5849383,12165120
5638,5.20325,3873,1490,5850269,12165120
5639,5.96619,3873,1490,5850548,12165120
5640,4.94385,3873,1490,5849768,12165120
5641,5.27954,3873,1490,5850472,12165120
5642,5.50842,3873,1490,5851477,12165120
5643,5.59998,3873,1490,5848235,12165120
5644,5.32532,3873,1490,5849634,12165120
5645,5.49316,3873,1490,5849409,12165120
5646,5.59998,3873,1490,5849146,12165120
5647,5.14221,3873,1490,5849040,12165120
5648,5.88989,3873,1490,5848440,12165120
5649,5.12695,3873,1490,5849306,12165120
5650,5.49316,3873,1490,5849233,12165120
5651,5.44739,3873,1490,5848913,12165120
5652,5.58472,3873,1490,5844829,12165120
5653,5.08118,3873,1490,5843696,12165120
5654,5.53894,3873,1490,5846977,12165120
5655,5.59998,3873,1490,5845245,12165120
5656,5.06592,3873,1490,5849142,12165120
5657,5.66101,3873,1490,5832052,12165120
5658,5.38635,3873,1490,5814685,12165120
5659,5.59998,3873,1490,5816221,12165120
5660,5.09644,3873,1490,5791231,12165120
5661,5.87463,3873,1490,5791882,12165120
5662,5.31006,3873,1490,5732159,12165120
5663,4.94385,3873,1490,5734835,12165120
5664,5.90515,3873,1490,5734622,12165120
5665,5.46265,3873,1490,5741563,12165120
5666,5.08118,3873,1490,5739415,12165120
5667,5.46265,3873,1490,5749083,12165120
5668,5.63049,3873,1490,5745704,12165120
5669,5.06592,3873,1490,5755405,12165120
5670,5.56946,3873,1490,5754640,12165120
5671,5.15747,3873,1490,5772044,12165120
5672,5.24902,3873,1490,5773998,12165120
5673,5.52368,3873,1490,5773853,12165120
5674,5.11169,3873,1490,5776007,12165120
5675,5.49316,3873,1490,5779669,12165120
5676,5.21851,3873,1490,5787086,12165120
5677,5.53894,3873,1490,5785953,12165120
5678,5.02014,3873,1490,5787793,12165120
5679,5.5542,3873,1490,5786200,12165120
5680,5.46265,3873,1490,5797740,12165120
5681,5.05066,3873,1490,5799170,12165120
5682,5.56946,3873,1490,5794756,12165120
5683,5.49316,3873,1490,5805163,12165120
5684,5.38635,3873,1490,5806048,12165120
5685,4.91333,3873,1490,5792787,12165120
5686,5.70679,3873,1490,5801905,12165120
5687,5.15747,3873,1490,5798603,12165120
5688,5.06592,3873,1490,5801521,12165120
5689,5.7373,3873,1490,5782741,12165120
5690,5.32532,3873,1490,5788003,12165120
5691,4.94385,3873,1490,5786625,12165120
5692,5.84412,3873,1490,5798524,12165120
5693,5.06592,3873,1490,5793141,12165120
5694,5.23376,3873,1490,5789985,12165120
5695,5.56946,3873,1490,5781168,12165120
5696,5.40161,3873,1490,5768583,12165120
5697,5.09644,3873,1490,5763096,12165120
5698,5.38635,3873,1490,5763366,12165120
5699,5.18799,3873,1490,5766600,12165120
5700,5.21851,3873,1490,5779871,12165120
5701,5.49316,3873,1490,5780190,12165120
5702,4.776,3873,1490,5793526,12165120
5703,5.37109,3873,1490,5806312,12165120
5704,5.0354,3873,1490,5793413,12165120
5705,5.23376,3873,1490,5794521,12165120
5706,5.44739,3873,1490,5795624,12165120
5707,4.69971,3873,1490,5791421,12165120
5708,5.11169,3873,1490,5785790,12165120
5709,5.20325,3873,1490,5767058,12165120
5710,5.18799,3873,1490,5733956,12165120
5711,5.06592,3873,1490,5733166,12165120
5712,5.0354,3873,1490,5710576,12165120
5713,5.15747,3873,1490,5689860,12165120
5714,5.09644,3873,1490,5691848,12165120
5715,5.26428,3873,1490,5672536,12165120
5716,4.94385,3873,1490,5645067,12165120
5717,4.73022,3873,1490,5640694,12165120
5718,5.59998,3873,1490,5640487,12165120
5719,5.14221,3873,1490,5672921,12165120
5720,4.73022,3873,1490,5673366,12165120
5721,5.90515,3873,1490,5688874,12165120
5722,4.85229,3873,1490,5702542,12165120
5723,5.00488,3873,1490,5712304,12165120
5724,5.21851,3873,1490,5721903,12165120
5725,5.21851,3873,1490,5745114,12165120
5726,5.02014,3873,1490,5762178,12165120
5727,5.24902,3873,1490,5761817,12165120
5728,5.0354,3873,1490,5782723,12165120
5729,5.32532,3873,1490,5799898,12165120
5730,4.98962,3873,1490,5804149,12165120
5731,5.5542,3873,1490,5805909,12165120
5732,4.79126,3873,1490,5824814,12165120
5733,5.26428,3873,1490,5824692,12165120
5734,5.37109,3873,1490,5829876,12165120
5735,5.00488,3873,1490,5825189,12165120
5736,5.14221,3873,1490,5827694,12165120
5737,5.37109,3873,1490,5824788,12165120
5738,5.02014,3873,1490,5838180,12165120
5739,5.02014,3873,1490,5835451,12165120
5740,5.31006,3873,1490,5839158,12165120
5741,5.46265,3873,1490,5839194,12165120
5742,4.74548,3873,1490,5841903,12165120
5743,5.49316,3873,1490,5841449,12165120
5744,5.02014,3873,1490,5846204,12165120
5745,5.2948,3873,1490,5847367,12165120
5746,4.98962,3873,1490,5843061,12165120
5747,5.41687,3873,1490,5843922,12165120
5748,4.91333,3873,1490,5847666,12165120
5749,4.83704,3873,1490,5849249,12165120
5750,5.84412,3873,1490,5849436,12165120
5751,4.83704,3873,1490,5843027,12165120
5752,5.18799,3873,1490,5845207,12165120
5753,4.95911,3873,1490,5836541,12165120
5754,5.31006,3873,1490,5841224,12165120
5755,5.15747,3873,1490,5838575,12165120
5756,5.20325,3873,1490,5833062,12165120
5757,5.23376,3873,1490,5831811,12165120
5758,5.06592,3873,1490,5826665,12165120
5759,4.71497,3873,1480,5822675,12165120
5760,5.70679,3873,1480,5823164,12165120
5761,5.06592,3873,1480,5816522,12165120
5762,4.68445,3873,1480,5808396,12165120
5763,5.84412,3873,1480,5809797,12165120
5764,5.35583,3873,1480,5805539,12165120
5765,4.39453,3873,1480,5801923,12165120
5766,5.34058,3873,1480,5795305,12165120
5767,5.2948,3873,1480,5787866,12165120
5768,5.2948,3873,1480,5782242,12165120
5769,5.02014,3873,1480,5780505,12165120
5770,5.21851,3873,1480,5773143,12165120
5771,5.00488,3873,1480,5770113,12165120
5772,4.85229,3873,1480,5764895,12165120
5773,5.52368,3873,1480,5763642,12165120
5774,5.11169,3873,1480,5762979,12165120
5775,4.71497,3873,1480,5760128,12165120
5776,5.66101,3873,1480,5760615,12165120
5777,4.76074,3873,1480,5754253,12165120
5778,4.97437,3873,1480,5749706,12165120
5779,5.72205,3873,1480,5751570,12165120
5780,4.74548,3873,1480,5752670,12165120
5781,4.92859,3873,1480,5749453,12165120
5782,5.5542,3873,1480,5743994,12165120
5783,5.14221,3873,1480,5743059,12165120
5784,4.71497,3873,1480,5744761,12165120
5785,5.69153,3873,1480,5740802,12165120
5786,4.91333,3873,1480,5743583,12165120
5787,5.09644,3873,1480,5738275,12165120
5788,4.776,3873,1480,5742797,12165120
5789,5.79834,3873,1480,5737735,12165120
5790,5.0354,3873,1480,5737358,12165120
5791,4.776,3873,1480,5732817,12165120
5792,5.63049,3873,1480,5729489,12165120
5793,4.85229,3873,1480,5730794,12165120
5794,4.776,3873,1480,5728528,12165120
5795,5.8136,3873,1480,5731216,12165120
5796,4.71497,3873,1480,5730681,12165120
5797,4.80652,3873,1480,5726300,12165120
5798,5.17273,3873,1480,5726752,12165120
5799,5.63049,3873,1480,5721943,12165120
5800,4.47083,3873,1480,5719644,12165120
5801,5.44739,3873,1480,5720886,12165120
5802,5.43213,3873,1480,5721826,12165120
5803,4.47083,3873,1480,5713589,12165120
5804,4.95911,3873,1480,5712520,12165120
5805,5.41687,3873,1480,5711967,12165120
5806,5.08118,3873,1480,5703891,12165120
5807,4.98962,3873,1480,5708209,12165120
5808,5.08118,3873,1480,5705528,12165120
5809,4.94385,3873,1480,5704806,12165120
5810,5.09644,3873,1480,5700502,12165120
5811,5.05066,3873,1480,5706301,12165120
5812,5.31006,3873,1480,5699032,12165120
5813,4.97437,3873,1480,5700892,12165120
5814,4.97437,3873,1480,5701740,12165120
5815,5.32532,3873,1480,5706384,12165120
5816,4.92859,3873,1480,5699626,12165120
5817,5.14221,3873,1480,5698705,12165120
5818,5.06592,3873,1480,5696693,12165120
5819,5.02014,3873,1480,5697183,12165120
5820,5.05066,3873,1480,5698017,12165120
5821,5.00488,3873,1480,5692942,12165120
5822,5.27954,3873,1480,5695969,12165120
5823,4.80652,3873,1480,5697647,12165120
5824,5.63049,3873,1480,5694427,12165120
5825,4.85229,3873,1480,5689922,12165120
5826,5.0354,3873,1480,5696860,12165120
5827,5.02014,3873,1480,5695204,12165120
5828,5.09644,3873,1480,5699431,12165120
5829,4.91333,3873,1480,5702138,12165120
5830,5.06592,3873,1480,5712122,12165120
5831,5.15747,3873,1480,5711163,12165120
5832,5.12695,3873,1480,5721083,12165120
5833,4.89807,3873,1480,5726551,12165120
5834,5.00488,3873,1480,5735014,12165120
5835,5.38635,3873,1480,5743584,12165120
5836,5.05066,3873,1480,5755911,12165120
5837,4.79126,3873,1480,5766324,12165120
5838,5.52368,3873,1480,5782519,12165120
5839,4.85229,3873,1480,5796739,12165120
5840,5.38635,3873,1480,5818026,12165120
5841,4.89807,3873,1480,5841984,12165120
5842,5.17273,3873,1480,5856241,12165120
5843,5.24902,3873,1480,5869042,12165120
5844,5.12695,3873,1480,5892592,12165120
5845,5.21851,3873,1480,5910476,12165120
5846,5.38635,3873,1480,5935034,12165120
5847,4.62341,3873,1480,5962662,12165120
5848,5.64575,3873,1480,5977924,12165120
5849,5.23376,3873,1480,6006343,12165120
5850,4.98962,3873,1480,6028025,12165120
5851,5.64575,3873,1480,6054976,12165120
5852,5.08118,3873,1480,6088211,12165120
5853,5.20325,3873,1480,6120199,12165120
5854,5.21851,3873,1480,6148204,12165120
5855,5.27954,3873,1480,6169422,12165120
5856,5.24902,3873,1480,6199288,12165120
5857,5.27954,3873,1480,6237439,12165120
5858,5.08118,3873,1480,6252397,12165120
5859,5.44739,3873,1480,6281381,12165120
5860,5.26428,3873,1480,6309014,12165120
5861,5.47791,3873,1480,6334362,12165120
5862,5.14221,3873,1480,6391191,12165120
5863,5.61523,3873,1480,6413863,12165120
5864,5.32532,3873,1480,6449931,12165120
5865,5.49316,3873,1480,6490731,12165120
5866,5.63049,3873,1480,6520721,12165120
5867,5.37109,3873,1480,6562623,12165120
5868,5.18799,3873,1480,6592468,12165120
5869,6.05774,3873,1480,6613276,12165120
5870,5.08118,3873,1480,6611362,12165120
5871,5.49316,3873,1480,6632020,12165120
5872,5.58472,3873,1480,6640026,12165120
5873,5.61523,3873,1480,6662988,12165120
5874,5.38635,3873,1480,6684269,12165120
5875,5.40161,3873,1480,6645034,12165120
5876,5.90515,3873,1480,6638071,12165120
5877,5.24902,3873,1480,6644089,12165120
5878,5.87463,3873,1480,6658744,12165120
5879,5.59998,3873,1480,6673243,12165120
5880,5.5542,3873,1480,6686333,12165120
5881,5.82886,3873,1480,6716943,12165120
5882,5.61523,3873,1480,6728635,12165120
5883,5.50842,3873,1480,6752405,12165120
5884,5.95093,3873,1480,6762010,12165120
5885,5.59998,3873,1480,6758568,12165120
5886,5.52368,3873,1480,6772770,12165120
5887,5.69153,3873,1480,6763423,12165120
5888,5.76782,3873,1480,6760639,12165120
5889,5.31006,3873,1480,6766385,12165120
5890,5.88989,3873,1480,6765576,12165120
5891,5.24902,3873,1480,6762768,12165120
5892,5.59998,3873,1480,6768346,12165120
5893,5.69153,3873,1480,6766415,12165120
5894,5.2948,3873,1480,6763437,12165120
5895,5.43213,3873,1480,6762375,12165120
5896,5.63049,3873,1480,6757668,12165120
5897,5.2948,3873,1480,6763782,12165120
5898,5.12695,3873,1480,6759858,12165120
5899,5.82886,3873,1480,6764684,12165120
5900,5.26428,3873,1480,6771119,12165120
5901,5.43213,3873,1480,6774827,12165120
5902,5.40161,3873,1480,6791329,12165120
5903,5.41687,3873,1480,6795752,12165120
5904,5.32532,3873,1480,6808142,12165120
5905,5.37109,3873,1480,6814787,12165120
5906,5.43213,3873,1480,6809863,12165120
5907,5.56946,3873,1480,6817488,12165120
5908,5.21851,3873,1480,6818039,12165120
5909,5.35583,3873,1480,6826246,12165120
5910,5.7373,3873,1480,6824768,12165120
5911,5.00488,3873,1480,6815881,12165120
5912,5.67627,3873,1480,6818128,12165120
5913,5.23376,3873,1480,6814701,12165120
5914,5.67627,3873,1480,6812293,12165120
5915,5.64575,3873,1480,6806210,12165120
5916,4.88281,3873,1480,6801636,12165120
5917,5.37109,3873,1480,6790807,12165120
5918,6.02722,3873,1480,6785116,12165120
5919,5.46265,3873,1480,6776946,12165120
5920,5.00488,3873,1480,6771701,12165120
5921,5.96619,3873,1480,6755778,12165120
5922,5.31006,3873,1480,6744722,12165120
5923,5.50842,3873,1480,6737526,12165120
5924,5.67627,3873,1480,6721148,12165120
5925,5.70679,3873,1480,6699407,12165120
5926,5.2948,3873,1480,6690939,12165120
5927,5.66101,3873,1480,6678293,12165120
5928,5.17273,3873,1480,6659225,12165120
5929,5.56946,3873,1480,6647562,12165120
5930,5.32532,3873,1480,6631017,12165120
5931,5.27954,3873,1480,6624796,12165120
5932,5.37109,3873,1480,6612247,12165120
5933,5.76782,3873,1480,6607148,12165120
5934,5.27954,3873,1480,6600297,12165120
5935,5.27954,3873,1480,6592025,12165120
5936,5.70679,3873,1480,6580540,12165120
5937,5.35583,3873,1480,6571039,12165120
5938,5.24902,3873,1480,6561188,12165120
5939,5.63049,3873,1480,6552092,12165120
5940,5.31006,3873,1480,6548453,12165120
5941,5.41687,3873,1480,6540414,12165120
5942,5.5542,3873,1480,6532832,12165120
5943,5.31006,3873,1480,6526295,12165120
5944,5.31006,3873,1480,6522968,12165120
5945,5.63049,3873,1480,6513871,12165120
5946,5.5542,3873,1480,6510809,12165120
5947,5.41687,3873,1480,6500805,12165120
5948,5.34058,3873,1467,6497517,12165120
5949,5.47791,3873,1467,6494655,12165120
5950,5.35583,3873,1467,6487717,12165120
5951,5.49316,3873,1467,6484837,12165120
5952,5.2948,3873,1467,6482241,12165120
5953,5.37109,3873,1467,6475364,12165120
5954,5.24902,3873,1467,6468476,12165120
5955,5.59998,3873,1467,6469161,12165120
5956,5.47791,3873,1467,6463216,12165120
5957,5.18799,3873,1467,6458521,12165120
5958,5.58472,3873,1467,6456366,12165120
5959,5.27954,3873,1467,6453341,12165120
5960,5.44739,3873,1467,6450793,12165120
5961,5.44739,3873,1467,6445856,12165120
5962,5.53894,3873,1467,6442132,12165120
5963,5.09644,3873,1467,6439753,12165120
5964,5.78308,3873,1467,6437634,12165120
5965,5.50842,3873,1467,6430621,12165120
5966,5.2948,3873,1467,6429658,12165120
5967,5.44739,3873,1467,6428754,12165120
5968,5.34058,3873,1467,6426576,12165120
5969,5.31006,3873,1467,6420596,12165120
5970,5.52368,3873,1467,6417433,12165120
5971,5.23376,3873,1467,6417915,12165120
5972,5.38635,3873,1467,6414644,12165120
5973,5.52368,3873,1467,6414351,12165120
5974,5.32532,3873,1467,6411715,12165120
5975,5.23376,3873,1467,6407896,12165120
5976,5.7373,3873,1467,6405934,12165120
5977,5.31006,3873,1467,6404410,12165120
5978,5.50842,3873,1467,6403004,12165120
5979,5.49316,3873,1467,6402810,12165120
5980,5.27954,3873,1467,6397425,12165120
5981,5.21851,3873,1467,6395492,12165120
5982,5.76782,3873,1467,6398782,12165120
5983,5.32532,3873,1467,6395177,12165120
5984,5.44739,3873,1467,6392665,12165120
5985,5.44739,3873,1467,6394520,12165120
5986,5.46265,3873,1467,6393093,12165120
5987,5.32532,3873,1467,6388638,12165120
5988,5.37109,3873,1467,6392712,12165120
5989,5.26428,3873,1467,6388452,12165120
5990,5.2948,3873,1467,6386440,12165120
5991,5.24902,3873,1467,6385284,12165120
5992,5.50842,3873,1467,6384731,12165120
5993,5.31006,3873,1467,6375040,12165120
5994,5.43213,3873,1467,6376875,12165120
5995,5.43213,3873,1467,6376580,12165120
5996,5.2948,3873,1467,6370805,12165120
5997,5.32532,3873,1467,6371844,12165120
5998,5.59998,3873,1467,6366469,12165120
5999,5.46265,3873,1467,6360797,12165120
6000,5.17273,3873,1467,6358129,12165120
6001,5.78308,3873,1467,6353685,12165120
6002,5.70679,3873,1467,6352095,12165120
6003,4.85229,3873,1467,6352075,12165120
6004,5.7373,3873,1467,6345911,12165120
6005,5.18799,3873,1467,6341042,12165120
6006,5.37109,3873,1467,6340365,12165120
6007,5.49316,3873,1467,6329411,12165120
6008,5.31006,3873,1467,6324062,12165120
6009,5.26428,3873,1467,6314148,12165120
6010,5.43213,3873,1467,6314416,12165120
6011,5.58472,3873,1467,6299596,12165120
6012,5.15747,3873,1467,6292734,12165120
6013,5.47791,3873,1467,6286420,12165120
6014,5.24902,3873,1467,6269729,12165120
6015,5.35583,3873,1467,6252557,12165120
6016,5.50842,3873,1467,6231089,12165120
6017,5.00488,3873,1467,6222723,12165120
6018,5.35583,3873,1467,6197620,12165120
6019,5.50842,3873,1467,6179491,12165120
6020,5.40161,3873,1467,6170452,12165120
6021,5.14221,3873,1467,6141919,12165120
6022,5.43213,3873,1467,6126334,12165120
6023,5.76782,3873,1467,6133911,12165120
6024,4.88281,3873,1467,6130347,12165120
6025,5.76782,3873,1467,6148773,12165120
6026,5.12695,3873,1467,6176809,12165120
6027,5.2948,3873,1467,6175746,12165120
6028,5.11169,3873,1467,6209021,12165120
6029,5.84412,3873,1467,6245959,12165120
6030,5.17273,3873,1467,6268046,12165120
6031,5.15747,3873,1467,6269276,12165120
6032,5.7373,3873,1467,6295300,12165120
6033,5.23376,3873,1467,6324985,12165120
6034,5.27954,3873,1467,6327101,12165120
6035,5.5542,3873,1467,6354353,12165120
6036,5.53894,3873,1467,6377337,12165120
6037,5.20325,3873,1467,6383503,12165120
6038,5.82886,3873,1467,6384129,12165120
6039,4.88281,3873,1467,6421508,12165120
6040,5.63049,3873,1467,6418702,12165120
6041,5.88989,3873,1467,6408907,12165120
6042,5.15747,3873,1467,6405727,12165120
6043,5.5542,3873,1467,6396105,12165120
6044,5.27954,3873,1467,6383313,12165120
6045,5.35583,3873,1467,6382428,12165120
6046,5.34058,3873,1467,6383682,12165120
6047,5.58472,3873,1467,6380530,12165120
6048,5.21851,3873,1467,6379894,12165120
6049,5.41687,3873,1467,6375196,12165120
6050,6.27136,3873,1467,6365596,12165120
6051,4.68445,3873,1467,6361379,12165120
6052,5.24902,3873,1467,6362820,12165120
6053,5.90515,3873,1467,6354354,12165120
6054,4.95911,3873,1467,6348537,12165120
6055,5.15747,3873,1467,6341115,12165120
6056,5.49316,3873,1467,6333875,12165120
6057,5.46265,3873,1467,6323725,12165120
6058,5.50842,3873,1467,6320018,12165120
6059,5.44739,3873,1467,6295274,12165120
6060,5.49316,3873,1467,6314957,12165120
6061,5.21851,3873,1467,6317493,12165120
6062,5.41687,3873,1467,6323944,12165120
6063,5.7373,3873,1467,6326192,12165120
6064,5.0354,3873,1467,6330983,12165120
6065,5.47791,3873,1467,6337314,12165120
6066,5.59998,3873,1467,6342850,12165120
6067,5.0354,3873,1467,6350564,12165120
6068,5.61523,3873,1467,6354869,12165120
6069,5.56946,3873,1467,6358571,12165120
6070,5.0354,3873,1467,6361078,12165120
6071,5.15747,3873,1467,6362079,12165120
6072,5.75256,3873,1467,6366593,12165120
6073,5.2948,3873,1467,6369007,12165120
6074,5.02014,3873,1467,6366458,12165120
6075,6.27136,3873,1467,6374875,12165120
6076,4.88281,3873,1467,6377271,12165120
6077,5.12695,3873,1467,6377300,12165120
6078,5.47791,3873,1467,6379173,12165120
6079,5.84412,3873,1467,6382280,12165120
6080,4.95911,3873,1467,6383794,12165120
6081,5.26428,3873,1467,6386208,12165120
6082,5.70679,3873,1467,6387503,12165120
6083,5.0354,3873,1467,6387084,12165120
6084,5.47791,3873,1467,6369255,12165120
6085,5.15747,3873,1467,6380444,12165120
6086,5.72205,3873,1467,6374500,12165120
6087,5.12695,3873,1467,6366398,12165120
6088,5.31006,3873,1467,6356935,12165120
6089,5.37109,3873,1467,6345180,12165120
6090,5.67627,3873,1467,6323528,12165120
6091,5.18799,3873,1467,6322282,12165120
6092,4.91333,3873,1467,6306068,12165120
6093,5.35583,3873,1467,6288447,12165120
6094,5.98145,3873,1467,6271645,12165120
6095,4.80652,3873,1467,6253832,12165120
6096,5.47791,3873,1467,6231674,12165120
6097,5.5542,3873,1467,6211187,12165120
6098,5.18799,3873,1467,6198704,12165120
6099,5.08118,3873,1467,6187035,12165120
6100,6.22559,3873,1467,6176223,12165120
6101,4.71497,3873,1467,6164533,12165120
6102,5.15747,3873,1467,6156865,12165120
6103,6.073,3873,1467,6152326,12165120
6104,5.18799,3873,1467,6147779,12165120
6105,5.52368,3873,1467,6143802,12165120
6106,4.69971,3873,1467,6139765,12165120
6107,5.2948,3873,1467,6133729,12165120
6108,5.49316,3873,1467,6123549,12165120
6109,4.89807,3873,1467,6126064,12165120
6110,5.64575,3873,1467,6119289,12165120
6111,5.61523,3873,1467,6119339,12165120
6112,4.62341,3873,1467,6113221,12165120
6113,5.37109,3873,1467,6117110,12165120
6114,5.66101,3873,1467,6117264,12165120
6115,4.89807,3873,1467,6117555,12165120
6116,5.14221,3873,1467,6121437,12165120
6117,5.2948,3873,1467,6125541,12165120
6118,5.47791,3873,1467,6132077,12165120
6119,5.00488,3873,1467,6138090,12165120
6120,5.09644,3873,1467,6143982,12165120
6121,5.37109,3873,1467,6156878,12165120
6122,5.64575,3873,1467,6158906,12165120
6123,4.85229,3873,1467,6163756,12165120
6124,5.75256,3873,1467,6171127,12165120
6125,4.94385,3873,1467,6175901,12165120
6126,5.09644,3873,1467,6184099,12165120
6127,5.56946,3873,1467,6188599,12165120
6128,5.21851,3873,1467,6194767,12165120
6129,5.08118,3873,1467,6202439,12165120
6130,5.69153,3873,1467,6210507,12165120
6131,4.98962,3873,1467,6213378,12165120
6132,5.61523,3873,1467,6220730,12165120
6133,4.85229,3873,1467,6228751,12165120
6134,5.46265,3873,1457,6230618,12165120
6135,5.50842,3873,1457,6239915,12165120
6136,4.91333,3873,1457,6245857,12165120
6137,5.43213,3873,1457,6256199,12165120
6138,5.58472,3873,1457,6271695,12165120
6139,5.02014,3873,1457,6280028,12165120
6140,5.27954,3873,1457,6299305,12165120
6141,5.67627,3873,1457,6314816,12165120
6142,4.88281,3873,1457,6334839,12165120
6143,5.18799,3873,1457,6363481,12165120
6144,6.50024,3873,1457,6379046,12165120
6145,4.62341,3873,1457,6392385,12165120
6146,5.06592,3873,1457,6413242,12165120
6147,5.75256,3873,1457,6430385,12165120
6148,5.15747,3873,1457,6438163,12165120
6149,5.27954,3873,1457,6430334,12165120
6150,5.49316,3873,1457,6416673,12165120
6151,5.35583,3873,1457,6405640,12165120
6152,4.97437,3873,1457,6380157,12165120
6153,5.38635,3873,1457,6342434,12165120
6154,5.87463,3873,1457,6303110,12165120
6155,4.83704,3873,1457,6259139,12165120
6156,5.47791,3873,1457,6211721,12165120
6157,5.02014,3873,1457,6162289,12165120
6158,5.2948,3873,1457,6135259,12165120
6159,4.98962,3873,1457,6116647,12165120
6160,5.08118,3873,1457,6102702,12165120
6161,5.44739,3873,1457,6100776,12165120
6162,4.97437,3873,1457,6104618,12165120
6163,5.27954,3873,1457,6104907,12165120
6164,5.17273,3873,1457,6115451,12165120
6165,5.79834,3873,1457,6123353,12165120
6166,4.98962,3873,1457,6131363,12165120
6167,5.12695,3873,1457,6144315,12165120
6168,5.00488,3873,1457,6160079,12165120
6169,5.37109,3873,1457,6175460,12165120
6170,5.15747,3873,1457,6192000,12165120
6171,5.24902,3873,1457,6208001,12165120
6172,5.52368,3873,1457,6227412,12165120
6173,5.0354,3873,1457,6250957,12165120
6174,5.26428,3873,1457,6276397,12165120
6175,5.47791,3873,1457,6301489,12165120
6176,5.27954,3873,1457,6324072,12165120
6177,4.89807,3873,1457,6353716,12165120
6178,5.41687,3873,1457,6392952,12165120
6179,5.53894,3873,1457,6429192,12165120
6180,5.08118,3873,1457,6451408,12165120
6181,5.61523,3873,1457,6468390,12165120
6182,5.61523,3873,1457,6443304,12165120
6183,5.20325,3873,1457,6417560,12165120
6184,4.98962,3873,1457,6382222,12165120
6185,5.85938,3873,1457,6349314,12165120
6186,5.37109,3873,1457,6318903,12165120
6187,5.06592,3873,1457,6289088,12165120
6188,5.67627,3873,1457,6246311,12165120
6189,5.06592,3873,1457,6192389,12165120
6190,5.08118,3873,1457,6149586,12165120
6191,5.7373,3873,1457,6092864,12165120
6192,5.17273,3873,1457,6095445,12165120
6193,4.76074,3873,1457,6099364,12165120
6194,4.89807,3873,1457,6116339,12165120
6195,5.61523,3873,1457,6149581,12165120
6196,5.08118,3873,1457,6174958,12165120
6197,5.09644,3873,1457,6179725,12165120
6198,5.32532,3873,1457,6211781,12165120
6199,5.14221,3873,1457,6226984,12165120
6200,4.94385,3873,1457,6231203,12165120
6201,5.79834,3873,1457,6256559,12165120
6202,5.0354,3873,1457,6268360,12165120
6203,5.24902,3873,1457,6280347,12165120
6204,5.38635,3873,1457,6312740,12165120
6205,5.46265,3873,1457,6335442,12165120
6206,5.20325,3873,1457,6337988,12165120
6207,5.34058,3873,1457,6341955,12165120
6208,5.56946,3873,1457,6314453,12165120
6209,5.31006,3873,1457,6248864,12165120
6210,5.43213,3873,1457,6237670,12165120
6211,5.0354,3873,1457,6132929,12165120
6212,5.17273,3873,1457,6087318,12165120
6213,5.35583,3873,1457,6097737,12165120
6214,5.34058,3873,1457,6100526,12165120
6215,5.79834,3873,1457,6108278,12165120
6216,5.08118,3873,1457,6110765,12165120
6217,4.94385,3873,1457,6117410,12165120
6218,5.27954,3873,1457,6305400,12165120
6219,5.27954,3873,1457,6375030,12165120
6220,5.8136,3873,1457,6374162,12165120
6221,5.0354,3873,1457,6417722,12165120
6222,5.87463,3873,1457,6440550,12165120
6223,5.44739,3873,1457,6453144,12165120
6224,4.94385,3873,1457,6454066,12165120
6225,5.38635,3873,1457,6448222,12165120
6226,5.90515,3873,1457,6437936,12165120
6227,5.0354,3873,1457,6439778,12165120
6228,5.00488,3873,1457,6430123,12165120
6229,5.76782,3873,1457,6427838,12165120
6230,4.86755,3873,1457,6422542,12165120
6231,5.34058,3873,1457,6421870,12165120
6232,5.38635,3873,1457,6415959,12165120
6233,5.34058,3873,1457,6413359,12165120
6234,5.11169,3873,1457,6412479,12165120
6235,5.5542,3873,1457,6408802,12165120
6236,5.12695,3873,1457,6404122,12165120
6237,5.26428,3873,1457,6397448,12165120
6238,5.40161,3873,1457,6391736,12165120
6239,5.34058,3873,1457,6387878,12165120
6240,5.46265,3873,1457,6381483,12165120
6241,4.79126,3873,1457,6375446,12165120
6242,5.56946,3873,1457,6369669,12165120
6243,5.12695,3873,1457,6363529,12165120
6244,5.15747,3873,1457,6357629,12165120
6245,5.88989,3873,1457,6351484,12165120
6246,5.02014,3873,1457,6346816,12165120
6247,5.26428,3873,1457,6340427,12165120
6248,5.38635,3873,1457,6335419,12165120
6249,5.09644,3873,1457,6332193,12165120
6250,5.20325,3873,1457,6325880,12165120
6251,5.34058,3873,1457,6320189,12165120
6252,5.21851,3873,1457,6316291,12165120
6253,5.09644,3873,1457,6311797,12165120
6254,5.52368,3873,1457,6304226,12165120
6255,5.41687,3873,1457,6300901,12165120
6256,4.85229,3873,1457,6295810,12165120
6257,5.26428,3873,1457,6292789,12165120
6258,5.31006,3873,1457,6288630,12165120
6259,5.21851,3873,1457,6284627,12165120
6260,5.0354,3873,1457,6282154,12165120
6261,5.47791,3873,1457,6278874,12165120
6262,5.23376,3873,1457,6275211,12165120
6263,5.00488,3873,1457,6272309,12165120
6264,5.40161,3873,1457,6269042,12165120
6265,5.21851,3873,1457,6267306,12165120
6266,5.05066,3873,1457,6264896,12165120
6267,5.43213,3873,1457,6262221,12165120
6268,5.09644,3873,1457,6261692,12165120
6269,5.0354,3873,1457,6258563,12165120
6270,5.34058,3873,1457,6257573,12165120
6271,5.17273,3873,1457,6256462,12165120
6272,5.06592,3873,1457,6255041,12165120
6273,5.27954,3873,1457,6253014,12165120
6274,5.09644,3873,1457,6251352,12165120
6275,5.11169,3873,1457,6250170,12165120
6276,5.06592,3873,1457,6249625,12165120
6277,5.27954,3873,1457,6248082,12165120
6278,5.14221,3873,1457,6247730,12165120
6279,5.32532,3873,1457,6247501,12165120
6280,5.05066,3873,1457,6247827,12165120
6281,5.15747,3873,1457,6246324,12165120
6282,4.95911,3873,1457,6245940,12165120
6283,5.37109,3873,1457,6244495,12165120
6284,4.98962,3873,1457,6245468,12165120
6285,5.06592,3873,1457,6246242,12165120
6286,5.35583,3873,1457,6243947,12165120
6287,5.20325,3873,1457,6245686,12165120
6288,4.91333,3873,1457,6245202,12165120
6289,5.14221,3873,1457,6243873,12165120
6290,5.26428,3873,1457,6245182,12165120
6291,5.82886,3873,1457,6243382,12165120
6292,4.37927,3873,1457,6244470,12165120
6293,5.58472,3873,1457,6243172,12165120
6294,4.71497,3873,1457,6245080,12165120
6295,5.08118,3873,1457,6244658,12165120
6296,5.38635,3873,1457,6242008,12165120
6297,5.09644,3873,1457,6244587,12165120
6298,5.18799,3873,1457,6244050,12165120
6299,5.18799,3873,1457,6230054,12165120
6300,5.0354,3873,1457,6243275,12165120
6301,5.21851,3873,1457,6242863,12165120
6302,5.02014,3873,1457,6242546,12165120
6303,4.94385,3873,1457,6242033,12165120
6304,5.56946,3873,1457,6240800,12165120
6305,4.71497,3873,1457,6242705,12165120
6306,5.5542,3873,1457,6242481,12165120
6307,4.82178,3873,1457,6242301,12165120
6308,5.35583,3873,1457,6243019,12165120
6309,5.20325,3873,1457,6242350,12165120
6310,4.86755,3873,1457,6242921,12165120
6311,5.0354,3873,1457,6243701,12165120
6312,5.31006,3873,1457,6243877,12165120
6313,4.85229,3873,1457,6245163,12165120
6314,5.31006,3873,1457,6245895,12165120
6315,5.24902,3873,1457,6244783,12165120
6316,4.82178,3873,1457,6245544,12165120
6317,5.23376,3873,1457,6246353,12165120
6318,4.85229,3873,1457,6247260,12165120
6319,5.08118,3873,1457,6248214,12165120
6320,5.17273,3873,1457,6249239,12165120
6321,5.05066,3873,1457,6250625,12165120
6322,5.00488,3873,1457,6254991,12165120
6323,5.20325,3873,1457,6256437,12165120
6324,5.00488,3873,1457,6260542,12165120
6325,4.82178,3873,1444,6260980,12165120
6326,5.59998,3873,1444,6261639,12165120
6327,4.88281,3873,1444,6265214,12165120
6328,4.74548,3873,1444,6267657,12165120
6329,5.69153,3873,1444,6270428,12165120
6330,5.0354,3873,1444,6275518,12165120
6331,4.83704,3873,1444,6275757,12165120
6332,5.49316,3873,1444,6279135,12165120
6333,4.91333,3873,1444,6282864,12165120
6334,5.11169,3873,1444,6283893,12165120
6335,4.91333,3873,1444,6287606,12165120
6336,5.20325,3873,1444,6290285,12165120
6337,5.0354,3873,1444,6292285,12165120
6338,4.83704,3873,1444,6295442,12165120
6339,5.35583,3873,1444,6295676,12165120
6340,5.09644,3873,1444,6297513,12165120
6341,4.62341,3873,1444,6301465,12165120
6342,5.15747,3873,1444,6305745,12165120
6343,5.15747,3873,1444,6307457,12165120
6344,4.68445,3873,1444,6312453,12165120
6345,5.58472,3873,1444,6312957,12165120
6346,4.91333,3873,1444,6315581,12165120
6347,4.776,3873,1444,6316466,12165120
6348,5.08118,3873,1444,6314241,12165120
6349,5.18799,3873,1444,6320354,12165120
6350,4.92859,3873,1444,6324786,12165120
6351,5.34058,3873,1444,6327632,12165120
6352,4.95911,3873,1444,6328482,12165120
6353,5.21851,3873,1444,6332650,12165120
6354,4.71497,3873,1444,6333637,12165120
6355,5.47791,3873,1444,6339157,12165120
6356,4.80652,3873,1444,6344254,12165120
6357,5.21851,3873,1444,6349451,12165120
6358,5.31006,3873,1444,6347394,12165120
6359,5.00488,3873,1444,6353050,12165120
6360,5.11169,3873,1444,6360383,12165120
6361,5.15747,3873,1444,6365233,12165120
6362,4.95911,3873,1444,6372335,12165120
6363,5.09644,3873,1444,6377073,12165120
6364,5.12695,3873,1444,6380244,12165120
6365,5.37109,3873,1444,6389996,12165120
6366,4.71497,3873,1444,6390270,12165120
6367,5.41687,3873,1444,6395321,12165120
6368,5.2948,3873,1444,6401883,12165120
6369,5.02014,3873,1444,6408192,12165120
6370,5.08118,3873,1444,6415256,12165120
6371,5.2948,3873,1444,6417190,12165120
6372,5.12695,3873,1444,6420137,12165120
6373,5.32532,3873,1444,6410468,12165120
6374,5.18799,3873,1444,6392018,12165120
6375,5.2948,3873,1444,6391616,12165120
6376,5.06592,3873,1444,6355406,12165120
6377,5.53894,3873,1444,6324925,12165120
6378,5.26428,3873,1444,6319419,12165120
6379,4.91333,3873,1444,6313830,12165120
6380,5.41687,3873,1444,6299194,12165120
6381,5.43213,3873,1444,6279835,12165120
6382,5.09644,3873,1444,6271118,12165120
6383,5.5542,3873,1444,6275586,12165120
6384,5.59998,3873,1444,6309365,12165120
6385,4.66919,3873,1444,6309209,12165120
6386,5.34058,3873,1444,6352958,12165120
6387,5.35583,3873,1444,6397893,12165120
6388,5.18799,3873,1444,6399863,12165120
6389,5.14221,3873,1444,6433955,12165120
6390,5.44739,3873,1444,6452724,12165120
6391,5.12695,3873,1444,6443684,12165120
6392,5.06592,3873,1444,6442656,12165120
6393,5.06592,3873,1444,6385994,12165120
6394,5.69153,3873,1444,6307100,12165120
6395,5.06592,3873,1444,6305697,12165120
6396,5.5542,3873,1444,6305436,12165120
6397,5.24902,3873,1444,6253912,12165120
6398,5.21851,3873,1444,6260158,12165120
6399,4.73022,3873,1444,6269251,12165120
6400,5.79834,3873,1444,6250557,12165120
6401,4.98962,3873,1444,6218268,12165120
6402,4.86755,3873,1444,6222545,12165120
6403,5.47791,3873,1444,6184886,12165120
6404,5.34058,3873,1444,6125072,12165120
6405,4.68445,3873,1444,6127040,12165120
6406,5.09644,3873,1444,6081534,12165120
6407,5.17273,3873,1444,6045058,12165120
6408,5.05066,3873,1444,6049240,12165120
6409,5.26428,3873,1444,5986214,12165120
6410,5.24902,3873,1444,5920124,12165120
6411,4.776,3873,1444,5923385,12165120
6412,4.88281,3873,1444,5866735,12165120
6413,5.50842,3873,1444,5851852,12165120
6414,4.94385,3873,1444,5851958,12165120
6415,5.27954,3873,1444,5840732,12165120
6416,5.50842,3873,1444,5840780,12165120
6417,4.68445,3873,1444,5841841,12165120
6418,4.79126,3873,1444,5859087,12165120
6419,5.59998,3873,1444,5886468,12165120
6420,4.94385,3873,1444,5916017,12165120
6421,4.97437,3873,1444,5907229,12165120
6422,5.46265,3873,1444,5941668,12165120
6423,5.0354,3873,1444,5967741,12165120
6424,4.86755,3873,1444,5958012,12165120
6425,5.14221,3873,1444,5974999,12165120
6426,5.12695,3873,1444,5981650,12165120
6427,4.98962,3873,1444,5971963,12165120
6428,5.14221,3873,1444,5967891,12165120
6429,5.31006,3873,1444,5955886,12165120
6430,4.80652,3873,1444,5948491,12165120
6431,5.2948,3873,1444,5945568,12165120
6432,4.82178,3873,1444,5944516,12165120
6433,5.40161,3873,1444,5939278,12165120
6434,6.22559,3873,1444,5936754,12165120
6435,3.9978,3873,1444,5936505,12165120
6436,4.94385,3873,1444,5933588,12165120
6437,5.50842,3873,1444,5934059,12165120
6438,4.65393,3873,1444,5933739,12165120
6439,5.35583,3873,1444,5934549,12165120
6440,4.62341,3873,1444,5942171,12165120
6441,5.43213,3873,1444,5940722,12165120
6442,5.06592,3873,1444,5944159,12165120
6443,4.79126,3873,1444,5949966,12165120
6444,5.35583,3873,1444,5955158,12165120
6445,5.08118,3873,1444,5955943,12165120
6446,4.89807,3873,1444,5963102,12165120
6447,5.31006,3873,1444,5969110,12165120
6448,4.91333,3873,1444,5972391,12165120
6449,5.14221,3873,1444,5975978,12165120
6450,5.14221,3873,1444,5980571,12165120
6451,4.89807,3873,1444,5983480,12165120
6452,5.12695,3873,1444,5986403,12165120
6453,5.34058,3873,1444,5992824,12165120
6454,4.89807,3873,1444,5996898,12165120
6455,4.91333,3873,1444,6000635,12165120
6456,5.76782,3873,1444,6002001,12165120
6457,5.06592,3873,1444,6007861,12165120
6458,4.86755,3873,1444,6013861,12165120
6459,5.2948,3873,1444,6021047,12165120
6460,5.31006,3873,1444,6029836,12165120
6461,4.71497,3873,1444,6038728,12165120
6462,5.7373,3873,1444,6049270,12165120
6463,4.94385,3873,1444,6056281,12165120
6464,5.0354,3873,1444,6068623,12165120
6465,5.00488,3873,1444,6077221,12165120
6466,5.44739,3873,1444,6074548,12165120
6467,5.14221,3873,1444,6069526,12165120
6468,5.08118,3873,1444,6065697,12165120
6469,5.37109,3873,1444,6062001,12165120
6470,4.91333,3873,1444,6057812,12165120
6471,4.79126,3873,1444,6055811,12165120
6472,5.64575,3873,1444,6052782,12165120
6473,5.09644,3873,1444,6048112,12165120
6474,4.83704,3873,1444,6045250,12165120
6475,5.82886,3873,1444,6038386,12165120
6476,4.776,3873,1444,6031271,12165120
6477,4.73022,3873,1444,6024771,12165120
6478,5.67627,3873,1444,6016146,12165120
6479,4.73022,3873,1444,6006941,12165120
6480,4.97437,3873,1444,5996727,12165120
6481,5.50842,3873,1444,5980086,12165120
6482,4.94385,3873,1444,5966182,12165120
6483,4.71497,3873,1444,5951028,12165120
6484,4.76074,3873,1444,5934506,12165120
6485,5.79834,3873,1444,5918253,12165120
6486,4.92859,3873,1444,5906670,12165120
6487,4.80652,3873,1444,5895454,12165120
6488,5.15747,3873,1444,5891573,12165120
6489,5.11169,3873,1444,5890004,12165120
6490,4.80652,3873,1444,5891345,12165120
6491,5.64575,3873,1444,5892112,12165120
6492,5.02014,3873,1444,5890377,12165120
6493,4.88281,3873,1444,5892591,12165120
6494,5.32532,3873,1444,5891171,12165120
6495,5.21851,3873,1444,5893091,12165120
6496,4.71497,3873,1444,5895338,12165120
6497,5.06592,3873,1444,5896174,12165120
6498,5.67627,3873,1444,5897228,12165120
6499,4.92859,3873,1444,5898168,12165120
6500,5.06592,3873,1444,5898425,12165120
6501,5.56946,3873,1444,5901004,12165120
6502,4.85229,3873,1444,5903649,12165120
6503,4.92859,3873,1444,5903488,12165120
6504,5.50842,3873,1444,5909583,12165120
6505,5.26428,3873,1444,5910051,12165120
6506,4.69971,3873,1444,5914109,12165120
6507,5.90515,3873,1444,5911248,12165120
6508,4.57764,3873,1444,5917959,12165120
6509,4.88281,3873,1444,5919860,12165120
6510,5.59998,3873,1444,5919426,12165120
6511,5.12695,3873,1444,5900646,12165120
6512,4.60815,3873,1444,5910094,12165120
6513,5.50842,3873,1444,5894249,12165120
6514,5.09644,3873,1444,5878139,12165120
6515,4.54712,3873,1444,5892900,12165120
6516,5.09644,3873,1444,5871221,12165120
6517,5.32532,3873,1444,5858105,12165120
6518,4.79126,3873,1444,5866911,12165120
6519,5.05066,3873,1444,5853769,12165120
6520,4.95911,3873,1441,5846544,12165120
6521,5.15747,3873,1441,5860183,12165120
6522,4.92859,3873,1441,5863447,12165120
6523,5.05066,3873,1441,5872184,12165120
6524,5.00488,3873,1441,5891567,12165120
6525,5.11169,3873,1441,5886654,12165120
6526,4.92859,3873,1441,5871670,12165120
6527,5.02014,3873,1441,5881543,12165120
6528,4.94385,3873,1441,5860105,12165120
6529,4.91333,3873,1441,5844696,12165120
6530,4.80652,3873,1441,5855246,12165120
6531,5.5542,3873,1441,5840915,12165120
6532,4.74548,3873,1441,5836913,12165120
6533,4.88281,3873,1441,5845578,12165120
6534,5.23376,3873,1441,5817070,12165120
6535,5.00488,3873,1441,5812136,12165120
6536,4.74548,3873,1441,5809659,12165120
6537,5.43213,3873,1441,5823597,12165120
6538,4.79126,3873,1441,5882226,12165120
6539,4.62341,3873,1441,5870997,12165120
6540,5.37109,3873,1441,5931012,12165120
6541,5.00488,3873,1441,5946471,12165120
6542,4.73022,3873,1441,5940287,12165120
6543,4.97437,3873,1441,5995454,12165120
6544,5.27954,3873,1441,6059996,12165120
6545,4.73022,3873,1441,6054308,12165120
6546,5.08118,3873,1441,6139997,12165120
6547,5.18799,3873,1441,6246722,12165120
6548,4.68445,3873,1441,6242628,12165120
6549,5.40161,3873,1441,6285928,12165120
6550,4.62341,3873,1441,6285531,12165120
6551,5.14221,3873,1441,6297059,12165120
6552,5.46265,3873,1441,6263083,12165120
6553,4.73022,3873,1441,6245564,12165120
6554,5.26428,3873,1441,6261406,12165120
6555,5.11169,3873,1441,6181159,12165120
6556,4.86755,3873,1441,6088517,12165120
6557,5.08118,3873,1441,6096940,12165120
6558,5.09644,3873,1441,6020849,12165120
6559,5.05066,3873,1441,5968052,12165120
6560,4.95911,3873,1441,5971930,12165120
6561,5.37109,3873,1441,5932281,12165120
6562,4.88281,3873,1441,5896423,12165120
6563,4.76074,3873,1441,5901947,12165120
6564,5.52368,3873,1441,5893543,12165120
6565,5.0354,3873,1441,5893642,12165120
6566,4.5929,3873,1441,5896262,12165120
6567,5.49316,3873,1441,5899494,12165120
6568,4.86755,3873,1441,5900345,12165120
6569,4.74548,3873,1441,5900420,12165120
6570,5.50842,3873,1441,5906172,12165120
6571,5.00488,3873,1441,5907073,12165120
6572,4.83704,3873,1441,5909095,12165120
6573,4.89807,3873,1441,5919636,12165120
6574,5.23376,3873,1441,5934510,12165120
6575,4.71497,3873,1441,5928123,12165120
6576,4.95911,3873,1441,5929808,12165120
6577,5.26428,3873,1441,5929265,12165120
6578,5.40161,3873,1441,5934723,12165120
6579,4.57764,3873,1441,5931579,12165120
6580,5.26428,3873,1441,5933034,12165120
6581,5.2948,3873,1441,5933557,12165120
6582,4.63867,3873,1441,5932189,12165120
6583,5.02014,3873,1441,5935547,12165120
6584,5.17273,3873,1441,5941957,12165120
6585,4.66919,3873,1441,5947658,12165120
6586,5.31006,3873,1441,5955083,12165120
6587,5.05066,3873,1441,5961597,12165120
6588,4.68445,3873,1441,5971663,12165120
6589,5.09644,3873,1441,5979520,12165120
6590,5.32532,3873,1441,5989185,12165120
6591,4.5929,3873,1441,5998344,12165120
6592,5.31006,3873,1441,6006589,12165120
6593,4.94385,3873,1441,6016923,12165120
6594,4.82178,3873,1441,6027406,12165120
6595,5.17273,3873,1441,6038501,12165120
6596,4.86755,3873,1441,6044283,12165120
6597,5.08118,3873,1441,6045528,12165120
6598,5.09644,3873,1441,6047203,12165120
6599,4.63867,3873,1441,6048297,12165120
6600,5.31006,3873,1441,6049220,12165120
6601,5.12695,3873,1441,6050818,12165120
6602,4.89807,3873,1441,6051497,12165120
6603,4.82178,3873,1441,6053983,12165120
6604,5.44739,3873,1441,6054757,12165120
6605,4.91333,3873,1441,6055133,12165120
6606,4.97437,3873,1441,6056155,12165120
6607,5.35583,3873,1441,6058654,12165120
6608,4.82178,3873,1441,6060524,12165120
6609,4.71497,3873,1441,6062118,12165120
6610,5.7373,3873,1441,6062369,12165120
6611,4.69971,3873,1441,6064168,12165120
6612,4.73022,3873,1441,6063197,12165120
6613,5.31006,3873,1441,6064984,12165120
6614,5.18799,3873,1441,6064352,12165120
6615,4.69971,3873,1441,6063068,12165120
6616,5.37109,3873,1441,6063265,12165120
6617,5.15747,3873,1441,6065823,12165120
6618,4.56238,3873,1441,6062091,12165120
6619,5.46265,3873,1441,6063187,12165120
6620,5.15747,3873,1441,6063339,12165120
6621,4.85229,3873,1441,6060957,12165120
6622,4.88281,3873,1441,6060642,12165120
6623,5.08118,3873,1441,6062347,12165120
6624,4.80652,3873,1441,6058467,12165120
6625,5.23376,3873,1441,6057501,12165120
6626,5.18799,3873,1441,6058493,12165120
6627,4.85229,3873,1441,6054679,12165120
6628,5.31006,3873,1441,6054996,12165120
6629,4.50134,3873,1441,6051986,12165120
6630,5.32532,3873,1441,6052075,12165120
6631,5.41687,3873,1441,6047792,12165120
6632,4.45557,3873,1441,6044942,12165120
6633,5.17273,3873,1441,6042393,12165120
6634,5.12695,3873,1441,6039884,12165120
6635,5.00488,3873,1441,6038492,12165120
6636,4.776,3873,1441,6034169,12165120
6637,5.70679,3873,1441,6034177,12165120
6638,4.66919,3873,1441,6031864,12165120
6639,4.71497,3873,1441,6030781,12165120
6640,5.44739,3873,1441,6029743,12165120
6641,4.80652,3873,1441,6037759,12165120
6642,4.82178,3873,1441,6033738,12165120
6643,5.47791,3873,1441,6048487,12165120
6644,5.02014,3873,1441,6045427,12165120
6645,4.62341,3873,1441,6042075,12165120
6646,5.08118,3873,1441,6076529,12165120
6647,5.41687,3873,1441,6082220,12165120
6648,4.776,3873,1441,6082972,12165120
6649,5.12695,3873,1441,6076092,12165120
6650,5.5542,3873,1441,6076019,12165120
6651,4.92859,3873,1441,6077738,12165120
6652,4.98962,3873,1441,6082329,12165120
6653,5.52368,3873,1441,6077529,12165120
6654,4.94385,3873,1441,6058555,12165120
6655,4.85229,3873,1441,6059656,12165120
6656,5.64575,3873,1441,6042166,12165120
6657,5.09644,3873,1441,6031822,12165120
6658,4.73022,3873,1441,6033804,12165120
6659,5.26428,3873,1441,6019722,12165120
6660,5.26428,3873,1441,6006080,12165120
6661,4.88281,3873,1441,6006253,12165120
6662,5.41687,3873,1441,5997030,12165120
6663,5.09644,3873,1441,5959613,12165120
6664,4.776,3873,1441,5964128,12165120
6665,5.14221,3873,1441,5939191,12165120
6666,5.41687,3873,1441,5931656,12165120
6667,4.71497,3873,1441,5935436,12165120
6668,5.20325,3873,1441,5927980,12165120
6669,5.27954,3873,1441,5924239,12165120
6670,4.83704,3873,1441,5926817,12165120
6671,4.80652,3873,1441,5924984,12165120
6672,5.27954,3873,1441,5923021,12165120
6673,5.35583,3873,1441,5926680,12165120
6674,4.776,3873,1441,5928387,12165120
6675,5.32532,3873,1441,5925273,12165120
6676,5.06592,3873,1441,5927115,12165120
6677,4.776,3873,1441,5928134,12165120
6678,5.15747,3873,1441,5934845,12165120
6679,5.14221,3873,1441,5941510,12165120
6680,4.79126,3873,1441,5945433,12165120
6681,5.15747,3873,1441,5946867,12165120
6682,4.73022,3873,1441,5950542,12165120
6683,5.27954,3873,1441,5951633,12165120
6684,5.12695,3873,1441,5955196,12165120
6685,5.09644,3873,1441,5957255,12165120
6686,5.0354,3873,1441,5961285,12165120
6687,4.89807,3873,1441,5956820,12165120
6688,4.88281,3873,1441,5957460,12165120
6689,5.21851,3873,1441,5961867,12165120
6690,5.00488,3873,1441,5961517,12165120
6691,5.11169,3873,1441,5964928,12165120
6692,4.89807,3873,1441,5963941,12165120
6693,5.40161,3873,1441,5966078,12165120
6694,4.76074,3873,1441,5968815,12165120
6695,4.73022,3873,1441,5969139,12165120
6696,5.44739,3873,1441,5974428,12165120
6697,4.86755,3873,1441,5972522,12165120
6698,4.83704,3873,1441,5969217,12165120
6699,5.40161,3873,1441,5975802,12165120
6700,4.79126,3873,1441,5972885,12165120
6701,4.74548,3873,1441,5976103,12165120
6702,5.12695,3873,1441,5972879,12165120
6703,5.14221,3873,1441,5974859,12165120
6704,4.82178,3873,1441,5974135,12165120
6705,5.06592,3873,1441,5973694,12165120
6706,5.11169,3873,1441,5970830,12165120
6707,4.82178,3873,1441,5970642,12165120
6708,5.02014,3873,1441,5972077,12165120
6709,5.23376,3873,1441,5970498,12165120
6710,4.776,3873,1441,5970761,12165120
6711,4.95911,3873,1441,5971740,12165120
6712,5.11169,3873,1441,5967552,12165120
6713,5.12695,3873,1441,5966445,12165120
6714,4.74548,3873,1441,5965671,12165120
6715,5.08118,3873,1441,5964149,12165120
6716,5.37109,3873,1441,5964218,12165120
6717,4.89807,3873,1441,5964618,12165120
6718,4.88281,3873,1441,5965701,12165120
6719,5.24902,3873,1438,5970286,12165120
6720,5.35583,3873,1438,5967624,12165120
6721,4.53186,3873,1438,5967939,12165120
6722,5.20325,3873,1438,5962521,12165120
6723,5.00488,3873,1438,5961525,12165120
6724,4.92859,3873,1438,5958843,12165120
6725,4.91333,3873,1438,5958699,12165120
6726,5.18799,3873,1438,5961536,12165120
6727,5.02014,3873,1438,5959359,12165120
6728,4.79126,3873,1438,5964047,12165120
6729,5.31006,3873,1438,5966162,12165120
6730,4.76074,3873,1438,5967330,12165120
6731,4.97437,3873,1438,5969951,12165120
6732,5.14221,3873,1438,5973494,12165120
6733,5.32532,3873,1438,5975632,12165120
6734,4.66919,3873,1438,5973524,12165120
6735,4.86755,3873,1438,5979160,12165120
6736,5.31006,3873,1438,5982000,12165120
6737,5.05066,3873,1438,5985032,12165120
6738,5.05066,3873,1438,5988256,12165120
6739,5.02014,3873,1438,5994464,12165120
6740,4.97437,3873,1438,5996759,12165120
6741,4.776,3873,1438,6001210,12165120
6742,5.37109,3873,1438,6003666,12165120
6743,4.776,3873,1438,6007610,12165120
6744,4.89807,3873,1438,6010429,12165120
6745,4.73022,3873,1438,6016301,12165120
6746,5.47791,3873,1438,6020593,12165120
6747,4.71497,3873,1438,6027957,12165120
6748,4.82178,3873,1438,6028191,12165120
6749,5.32532,3873,1438,6033717,12165120
6750,4.85229,3873,1438,6041629,12165120
6751,4.79126,3873,1438,6044177,12165120
6752,5.26428,3873,1438,6049932,12165120
6753,4.95911,3873,1438,6058243,12165120
6754,4.85229,3873,1438,6067145,12165120
6755,5.05066,3873,1438,6073782,12165120
6756,5.20325,3873,1438,6086151,12165120
6757,4.91333,3873,1438,6093135,12165120
6758,4.82178,3873,1438,6105497,12165120
6759,5.24902,3873,1438,6116185,12165120
6760,5.09644,3873,1438,6126425,12165120
6761,4.73022,3873,1438,6138867,12165120
6762,5.35583,3873,1438,6153797,12165120
6763,4.74548,3873,1438,6172174,12165120
6764,4.66919,3873,1438,6183166,12165120
6765,5.05066,3873,1438,6217897,12165120
6766,5.27954,3873,1438,6252150,12165120
6767,4.79126,3873,1438,6268580,12165120
6768,4.92859,3873,1438,6307857,12165120
6769,5.24902,3873,1438,6337512,12165120
6770,4.56238,3873,1438,6354046,12165120
6771,5.18799,3873,1438,6382500,12165120
6772,5.08118,3873,1438,6409402,12165120
6773,4.86755,3873,1438,6423233,12165120
6774,5.24902,3873,1438,6453839,12165120
6775,4.79126,3873,1438,6475425,12165120
6776,5.31006,3873,1438,6483761,12165120
6777,5.09644,3873,1438,6491184,12165120
6778,5.11169,3873,1438,6512716,12165120
6779,5.0354,3873,1438,6513792,12165120
6780,5.0354,3873,1438,6534184,12165120
6781,5.11169,3873,1438,6550734,12165120
6782,5.06592,3873,1438,6556127,12165120
6783,5.40161,3873,1438,6570297,12165120
6784,4.92859,3873,1438,6574374,12165120
6785,5.21851,3873,1438,6558849,12165120
6786,5.50842,3873,1438,6555743,12165120
6787,5.43213,3873,1438,6542799,12165120
6788,5.20325,3873,1438,6516940,12165120
6789,5.49316,3873,1438,6481410,12165120
6790,5.35583,3873,1438,6457223,12165120
6791,5.8136,3873,1438,6419281,12165120
6792,4.97437,3873,1438,6364314,12165120
6793,5.18799,3873,1438,6317348,12165120
6794,5.46265,3873,1438,6258077,12165120
6795,5.35583,3873,1438,6199919,12165120
6796,5.05066,3873,1438,6118491,12165120
6797,5.26428,3873,1438,6097050,12165120
6798,6.05774,3873,1438,6119894,12165120
6799,4.57764,3873,1438,6121712,12165120
6800,5.26428,3873,1438,6143961,12165120
6801,5.18799,3873,1438,6182919,12165120
6802,5.09644,3873,1438,6188058,12165120
6803,5.09644,3873,1438,6217296,12165120
6804,5.64575,3873,1438,6244014,12165120
6805,4.82178,3873,1438,6279594,12165120
6806,5.12695,3873,1438,6281803,12165120
6807,5.27954,3873,1438,6308359,12165120
6808,5.38635,3873,1438,6314151,12165120
6809,4.91333,3873,1438,6320460,12165120
6810,5.38635,3873,1438,6351678,12165120
6811,5.43213,3873,1438,6362798,12165120
6812,4.76074,3873,1438,6369679,12165120
6813,5.32532,3873,1438,6387871,12165120
6814,5.5542,3873,1438,6397711,12165120
6815,4.85229,3873,1438,6402024,12165120
6816,5.21851,3873,1438,6408041,12165120
6817,5.35583,3873,1438,6422173,12165120
6818,5.08118,3873,1438,6418732,12165120
6819,5.27954,3873,1438,6419316,12165120
6820,5.23376,3873,1438,6423971,12165120
6821,5.15747,3873,1438,6427645,12165120
6822,5.09644,3873,1438,6429641,12165120
6823,5.38635,3873,1438,6432290,12165120
6824,5.37109,3873,1438,6434948,12165120
6825,4.98962,3873,1438,6440198,12165120
6826,5.20325,3873,1438,6438573,12165120
6827,5.31006,3873,1438,6443589,12165120
6828,5.12695,3873,1438,6443109,12165120
6829,5.17273,3873,1438,6441669,12165120
6830,5.50842,3873,1438,6437755,12165120
6831,5.24902,3873,1438,6436905,12165120
6832,4.97437,3873,1438,6432527,12165120
6833,5.37109,3873,1438,6430517,12165120
6834,5.27954,3873,1438,6429530,12165120
6835,5.02014,3873,1438,6426731,12165120
6836,5.43213,3873,1438,6424409,12165120
6837,5.21851,3873,1438,6421820,12165120
6838,5.11169,3873,1438,6417383,12165120
6839,5.41687,3873,1438,6407514,12165120
6840,5.2948,3873,1438,6411760,12165120
6841,5.64575,3873,1438,6409580,12165120
6842,4.86755,3873,1438,6371220,12165120
6843,5.34058,3873,1438,6400855,12165120
6844,5.15747,3873,1438,6399834,12165120
6845,5.18799,3873,1438,6396662,12165120
6846,5.50842,3873,1438,6395706,12165120
6847,4.94385,3873,1438,6390234,12165120
6848,5.2948,3873,1438,6387846,12165120
6849,5.40161,3873,1438,6383602,12165120
6850,5.09644,3873,1438,6380943,12165120
6851,5.15747,3873,1438,6374066,12165120
6852,5.41687,3873,1438,6369392,12165120
6853,5.12695,3873,1438,6367698,12165120
6854,5.17273,3873,1438,6362286,12165120
6855,5.95093,3873,1438,6359297,12165120
6856,4.69971,3873,1438,6355024,12165120
6857,5.21851,3873,1438,6350062,12165120
6858,5.24902,3873,1438,6349012,12165120
6859,5.41687,3873,1438,6346045,12165120
6860,5.41687,3873,1438,6337559,12165120
6861,5.12695,3873,1438,6335750,12165120
6862,5.12695,3873,1438,6332178,12165120
6863,5.5542,3873,1438,6330772,12165120
6864,4.94385,3873,1438,6322623,12165120
6865,5.56946,3873,1438,6313970,12165120
6866,4.91333,3873,1438,6317370,12165120
6867,5.32532,3873,1438,6317093,12165120
6868,5.35583,3873,1438,6308121,12165120
6869,5.11169,3873,1438,6306971,12165120
6870,5.32532,3873,1438,6306527,12165120
6871,5.52368,3873,1438,6306575,12165120
6872,4.69971,3873,1438,6303469,12165120
6873,5.52368,3873,1438,6306779,12165120
6874,5.18799,3873,1438,6305342,12165120
6875,5.37109,3873,1438,6300021,12165120
6876,4.94385,3873,1438,6306781,12165120
6877,5.40161,3873,1438,6306954,12165120
6878,5.43213,3873,1438,6307612,12165120
6879,4.86755,3873,1438,6303510,12165120
6880,5.50842,3873,1438,6310446,12165120
6881,5.43213,3873,1438,6320127,12165120
6882,4.88281,3873,1438,6316372,12165120
6883,5.2948,3873,1438,6321580,12165120
6884,5.49316,3873,1438,6323678,12165120
6885,5.08118,3873,1438,6323451,12165120
6886,5.08118,3873,1438,6333028,12165120
6887,5.63049,3873,1438,6340751,12165120
6888,4.95911,3873,1438,6343804,12165120
6889,4.95911,3873,1438,6342082,12165120
6890,5.75256,3873,1438,6353101,12165120
6891,5.12695,3873,1438,6351427,12165120
6892,5.05066,3873,1438,6355061,12165120
6893,5.52368,3873,1438,6355131,12165120
6894,5.34058,3873,1438,6366083,12165120
6895,4.97437,3873,1438,6370226,12165120
6896,5.17273,3873,1438,6366014,12165120
6897,5.64575,3873,1438,6375205,12165120
6898,5.12695,3873,1438,6369798,12165120
6899,4.88281,3873,1438,6372777,12165120
6900,5.87463,3873,1438,6355897,12165120
6901,5.05066,3873,1438,6346300,12165120
6902,4.88281,3873,1438,6347499,12165120
6903,5.58472,3873,1438,6331528,12165120
6904,5.17273,3873,1438,6316186,12165120
6905,4.89807,3873,1438,6318720,12165120
6906,5.41687,3873,1438,6293732,12165120
6907,5.52368,3873,1438,6281490,12165120
6908,4.86755,3873,1438,6286084,12165120
6909,5.27954,3873,1438,6284052,12165120
6910,5.40161,3873,1438,6247339,12165120
6911,5.15747,3873,1438,6247487,12165120
6912,5.00488,3873,1431,6238863,12165120
6913,5.32532,3873,1431,6226766,12165120
6914,5.00488,3873,1431,6217139,12165120
6915,5.09644,3873,1431,6218269,12165120
6916,5.2948,3873,1431,6216278,12165120
6917,5.20325,3873,1431,6210437,12165120
6918,5.02014,3873,1431,6211332,12165120
6919,5.40161,3873,1431,6216299,12165120
6920,4.95911,3873,1431,6213213,12165120
6921,5.32532,3873,1431,6221814,12165120
6922,5.17273,3873,1431,6223382,12165120
6923,5.18799,3873,1431,6212970,12165120
6924,4.88281,3873,1431,6220368,12165120
6925,5.34058,3873,1431,6223799,12165120
6926,5.00488,3873,1431,6229699,12165120
6927,5.09644,3873,1431,6233807,12165120
6928,5.46265,3873,1431,6234891,12165120
6929,5.02014,3873,1431,6237418,12165120
6930,5.06592,3873,1431,6236081,12165120
6931,5.14221,3873,1431,6235735,12165120
6932,5.20325,3873,1431,6235144,12165120
6933,5.02014,3873,1431,6243767,12165120
6934,5.20325,3873,1431,6238072,12165120
6935,5.27954,3873,1431,6243974,12165120
6936,5.17273,3873,1431,6238165,12165120
6937,4.88281,3873,1431,6232367,12165120
6938,5.32532,3873,1431,6228772,12165120
6939,5.14221,3873,1431,6226579,12165120
6940,5.08118,3873,1431,6215618,12165120
6941,5.02014,3873,1431,6199516,12165120
6942,5.58472,3873,1431,6214463,12165120
6943,4.94385,3873,1431,6199577,12165120
6944,5.12695,3873,1431,6200903,12165120
6945,5.52368,3873,1431,6194325,12165120
6946,5.14221,3873,1431,6180698,12165120
6947,4.98962,3873,1431,6180290,12165120
6948,5.50842,3873,1431,6172242,12165120
6949,4.92859,3873,1431,6162606,12165120
6950,5.09644,3873,1431,6154213,12165120
6951,5.31006,3873,1431,6148241,12165120
6952,5.0354,3873,1431,6145901,12165120
6953,5.05066,3873,1431,6144059,12165120
6954,5.2948,3873,1431,6142095,12165120
6955,5.20325,3873,1431,6132583,12165120
6956,5.0354,3873,1431,6138244,12165120
6957,4.92859,3873,1431,6134644,12165120
6958,5.5542,3873,1431,6143851,12165120
6959,4.94385,3873,1431,6140255,12165120
6960,4.94385,3873,1431,6139340,12165120
6961,5.66101,3873,1431,6149300,12165120
6962,4.91333,3873,1431,6152659,12165120
6963,5.18799,3873,1431,6161409,12165120
6964,5.26428,3873,1431,6165969,12165120
6965,5.08118,3873,1431,6162647,12165120
6966,5.08118,3873,1431,6170830,12165120
6967,5.37109,3873,1431,6180539,12165120
6968,5.67627,3873,1431,6177824,12165120
6969,4.69971,3873,1431,6186655,12165120
6970,5.09644,3873,1431,6184884,12165120
6971,5.59998,3873,1431,6196512,12165120
6972,4.95911,3873,1431,6205406,12165120
6973,5.06592,3873,1431,6208566,12165120
6974,5.82886,3873,1431,6211896,12165120
6975,4.88281,3873,1431,6217783,12165120
6976,5.2948,3873,1431,6230981,12165120
6977,5.18799,3873,1431,6240515,12165120
6978,5.21851,3873,1431,6246775,12165120
6979,5.15747,3873,1431,6256439,12165120
6980,5.58472,3873,1431,6263627,12165120
6981,5.21851,3873,1431,6274803,12165120
6982,5.15747,3873,1431,6280181,12165120
6983,5.17273,3873,1431,6289371,12165120
6984,5.5542,3873,1431,6298058,12165120
6985,4.89807,3873,1431,6305634,12165120
6986,5.63049,3873,1431,6310261,12165120
6987,4.95911,3873,1431,6306207,12165120
6988,5.31006,3873,1431,6297316,12165120
6989,5.18799,3873,1431,6296600,12165120
6990,5.32532,3873,1431,6286626,12165120
6991,5.5542,3873,1431,6282805,12165120
6992,5.34058,3873,1431,6272745,12165120
6993,4.89807,3873,1431,6265697,12165120
6994,5.20325,3873,1431,6263502,12165120
6995,5.50842,3873,1431,6249221,12165120
6996,5.46265,3873,1431,6253160,12165120
6997,5.00488,3873,1431,6246248,12165120
6998,5.66101,3873,1431,6253023,12165120
6999,5.2948,3873,1431,6246881,12165120
7000,5.02014,3873,1431,6247259,12165120
7001,5.41687,3873,1431,6230627,12165120
7002,5.44739,3873,1431,6222665,12165120
7003,5.56946,3873,1431,6215946,12165120
7004,4.69971,3873,1431,6199205,12165120
7005,5.76782,3873,1431,6197693,12165120
7006,5.50842,3873,1431,6192084,12165120
7007,4.65393,3873,1431,6192634,12165120
7008,5.59998,3873,1431,6207212,12165120
7009,5.35583,3873,1431,6221889,12165120
7010,4.83704,3873,1431,6223601,12165120
7011,5.53894,3873,1431,6253989,12165120
7012,5.7373,3873,1431,6285310,12165120
7013,4.88281,3873,1431,6284466,12165120
7014,4.97437,3873,1431,6307620,12165120
7015,5.66101,3873,1431,6321125,12165120
7016,5.31006,3873,1431,6348961,12165120
7017,4.86755,3873,1431,6350166,12165120
7018,5.96619,3873,1431,6360100,12165120
7019,5.0354,3873,1431,6371697,12165120
7020,5.17273,3873,1431,6368684,12165120
7021,5.64575,3873,1431,6376390,12165120
7022,5.34058,3873,1431,6388899,12165120
7023,5.14221,3873,1431,6390206,12165120
7024,5.63049,3873,1431,6394997,12165120
7025,5.20325,3873,1431,6403253,12165120
7026,5.32532,3873,1431,6410250,12165120
7027,5.52368,3873,1431,6428417,12165120
7028,5.32532,3873,1431,6436035,12165120
7029,5.35583,3873,1431,6443493,12165120
7030,5.93567,3873,1431,6450813,12165120
7031,5.27954,3873,1431,6456438,12165120
7032,5.08118,3873,1431,6447284,12165120
7033,5.47791,3873,1431,6434754,12165120
7034,5.50842,3873,1431,6419494,12165120
7035,5.27954,3873,1431,6397375,12165120
7036,5.64575,3873,1431,6369153,12165120
7037,5.17273,3873,1431,6348958,12165120
7038,5.41687,3873,1431,6323513,12165120
7039,5.20325,3873,1431,6297976,12165120
7040,5.7373,3873,1431,6283504,12165120
7041,5.24902,3873,1431,6264383,12165120
7042,5.06592,3873,1431,6258449,12165120
7043,5.40161,3873,1431,6250766,12165120
7044,5.14221,3873,1431,6248499,12165120
7045,5.24902,3873,1431,6250958,12165120
7046,5.49316,3873,1431,6255180,12165120
7047,5.05066,3873,1431,6258287,12165120
7048,5.14221,3873,1431,6267601,12165120
7049,5.27954,3873,1431,6272994,12165120
7050,5.11169,3873,1431,6284750,12165120
7051,5.18799,3873,1431,6294486,12165120
7052,5.35583,3873,1431,6306182,12165120
7053,5.59998,3873,1431,6309006,12165120
7054,4.79126,3873,1431,6315955,12165120
7055,5.26428,3873,1431,6325468,12165120
7056,5.24902,3873,1431,6336377,12165120
7057,5.18799,3873,1431,6347522,12165120
7058,5.53894,3873,1431,6355650,12165120
7059,5.53894,3873,1431,6370182,12165120
7060,4.95911,3873,1431,6379728,12165120
7061,5.21851,3873,1431,6394581,12165120
7062,5.7373,3873,1431,6410773,12165120
7063,5.18799,3873,1431,6421453,12165120
7064,5.11169,3873,1431,6430493,12165120
7065,5.53894,3873,1431,6439272,12165120
7066,5.18799,3873,1431,6447302,12165120
7067,5.32532,3873,1431,6455481,12165120
7068,5.8136,3873,1431,6463035,12165120
7069,5.20325,3873,1431,6462905,12165120
7070,5.18799,3873,1431,6464072,12165120
7071,5.67627,3873,1431,6466393,12165120
7072,5.27954,3873,1431,6465870,12165120
7073,5.49316,3873,1431,6461872,12165120
7074,5.8136,3873,1431,6446200,12165120
7075,5.08118,3873,1431,6419769,12165120
7076,5.52368,3873,1431,6382245,12165120
7077,5.61523,3873,1431,6342281,12165120
7078,5.37109,3873,1431,6316121,12165120
7079,5.34058,3873,1431,6286387,12165120
7080,5.50842,3873,1431,6266938,12165120
7081,5.14221,3873,1431,6254315,12165120
7082,5.26428,3873,1431,6240910,12165120
7083,5.49316,3873,1431,6232935,12165120
7084,5.59998,3873,1431,6232230,12165120
7085,4.80652,3873,1431,6235196,12165120
7086,5.50842,3873,1431,6243663,12165120
7087,5.06592,3873,1431,6255192,12165120
7088,5.37109,3873,1431,6264716,12165120
7089,5.38635,3873,1431,6281281,12165120
7090,5.56946,3873,1431,6298105,12165120
7091,5.63049,3873,1431,6312723,12165120
7092,4.91333,3873,1431,6328492,12165120
7093,5.41687,3873,1431,6342765,12165120
7094,4.85229,3873,1431,6359956,12165120
7095,5.34058,3873,1431,6372216,12165120
7096,5.53894,3873,1431,6378714,12165120
7097,5.32532,3873,1431,6386904,12165120
7098,5.08118,3873,1431,6397435,12165120
7099,5.98145,3873,1431,6406144,12165120
7100,4.95911,3873,1431,6413781,12165120
7101,5.21851,3873,1431,6419797,12165120
7102,5.56946,3873,1425,6413669,12165120
7103,5.72205,3873,1425,6391411,12165120
7104,4.86755,3873,1425,6381441,12165120
7105,5.56946,3873,1425,6370538,12165120
7106,5.46265,3873,1425,6352055,12165120
7107,5.24902,3873,1425,6338815,12165120
7108,5.50842,3873,1425,6326985,12165120
7109,5.47791,3873,1425,6324566,12165120
7110,5.50842,3873,1425,6324442,12165120
7111,6.04248,3873,1425,6319234,12165120
7112,4.63867,3873,1425,6330109,12165120
7113,5.32532,3873,1425,6343998,12165120
7114,5.69153,3873,1425,6349870,12165120
7115,5.32532,3873,1425,6337282,12165120
7116,5.46265,3873,1425,6325656,12165120
7117,5.20325,3873,1425,6298697,12165120
7118,5.44739,3873,1425,6264641,12165120
7119,5.08118,3873,1425,6234000,12165120
7120,5.34058,3873,1425,6206952,12165120
7121,5.95093,3873,1425,6179349,12165120
7122,4.80652,3873,1425,6153771,12165120
7123,5.79834,3873,1425,6140056,12165120
7124,5.00488,3873,1425,6121047,12165120
7125,4.83704,3873,1425,6120043,12165120
7126,5.32532,3873,1425,6113011,12165120
7127,5.43213,3873,1425,6107797,12165120
7128,5.06592,3873,1425,6106133,12165120
7129,5.27954,3873,1425,6107979,12165120
7130,5.21851,3873,1425,6104354,12165120
7131,5.23376,3873,1425,6105091,12165120
7132,4.92859,3873,1425,6109204,12165120
7133,5.31006,3873,1425,6118698,12165120
7134,5.44739,3873,1425,6128001,12165120
7135,5.50842,3873,1425,6135443,12165120
7136,4.85229,3873,1425,6146888,12165120
7137,5.61523,3873,1425,6154923,12165120
7138,5.15747,3873,1425,6165100,12165120
7139,5.00488,3873,1425,6173851,12165120
7140,5.67627,3873,1425,6181341,12165120
7141,5.44739,3873,1425,6190444,12165120
7142,5.09644,3873,1425,6199237,12165120
7143,5.41687,3873,1425,6202992,12165120
7144,5.20325,3873,1425,6188841,12165120
7145,5.12695,3873,1425,6169194,12165120
7146,5.58472,3873,1425,6158899,12165120
7147,5.2948,3873,1425,6133269,12165120
7148,5.12695,3873,1425,6086297,12165120
7149,5.61523,3873,1425,6042285,12165120
7150,5.08118,3873,1425,5996624,12165120
7151,5.18799,3873,1425,5958655,12165120
7152,5.63049,3873,1425,5931403,12165120
7153,5.43213,3873,1425,5919627,12165120
7154,4.98962,3873,1425,5914239,12165120
7155,5.0354,3873,1425,5921777,12165120
7156,5.34058,3873,1425,5928227,12165120
7157,5.49316,3873,1425,5927486,12165120
7158,4.45557,3873,1425,5926476,12165120
7159,5.59998,3873,1425,5929099,12165120
7160,5.53894,3873,1425,5924234,12165120
7161,5.09644,3873,1425,5926065,12165120
7162,5.37109,3873,1425,5926759,12165120
7163,5.12695,3873,1425,5918634,12165120
7164,5.0354,3873,1425,5922803,12165120
7165,5.27954,3873,1425,5934168,12165120
7166,5.21851,3873,1425,5936224,12165120
7167,5.34058,3873,1425,5937457,12165120
7168,5.53894,3873,1425,5952314,12165120
7169,4.95911,3873,1425,5957347,12165120
7170,5.27954,3873,1425,5954080,12165120
7171,5.7373,3873,1425,5954878,12165120
7172,4.98962,3873,1425,5968427,12165120
7173,5.49316,3873,1425,5982512,12165120
7174,5.46265,3873,1425,5944258,12165120
7175,5.40161,3873,1425,5961085,12165120
7176,5.0354,3873,1425,5941809,12165120
7177,5.38635,3873,1425,5937968,12165120
7178,5.8136,3873,1425,5943516,12165120
7179,5.0354,3873,1425,5967132,12165120
7180,5.66101,3873,1425,5979226,12165120
7181,5.50842,3873,1425,5974618,12165120
7182,5.43213,3873,1425,5998037,12165120
7183,4.97437,3873,1425,5973216,12165120
7184,5.95093,3873,1425,5964200,12165120
7185,5.31006,3873,1425,5942907,12165120
7186,5.47791,3873,1425,5950362,12165120
7187,5.06592,3873,1425,5918710,12165120
7188,5.50842,3873,1425,5881235,12165120
7189,5.21851,3873,1425,5846786,12165120
7190,5.56946,3873,1425,5843648,12165120
7191,5.15747,3873,1425,5805272,12165120
7192,4.97437,3873,1425,5782853,12165120
7193,5.67627,3873,1425,5776799,12165120
7194,5.18799,3873,1425,5739507,12165120
7195,5.34058,3873,1425,5734747,12165120
7196,5.35583,3873,1425,5695808,12165120
7197,5.02014,3873,1425,5644217,12165120
7198,5.24902,3873,1425,5630567,12165120
7199,5.00488,3873,1425,5601480,12165120
7200,5.26428,3873,1425,5605431,12165120
7201,5.46265,3873,1425,5580843,12165120
7202,5.23376,3873,1425,5566906,12165120
7203,5.31006,3873,1425,5580331,12165120
7204,4.79126,3873,1425,5548064,12165120
7205,5.27954,3873,1425,5517938,12165120
7206,5.15747,3873,1425,5499746,12165120
7207,4.89807,3873,1425,5498635,12165120
7208,5.0354,3873,1425,5478776,12165120
7209,5.64575,3873,1425,5477183,12165120
7210,4.94385,3873,1425,5470957,12165120
7211,5.09644,3873,1425,5477174,12165120
7212,5.38635,3873,1425,5436458,12165120
7213,4.776,3873,1425,5411513,12165120
7214,5.14221,3873,1425,5408443,12165120
7215,5.00488,3873,1425,5412386,12165120
7216,5.31006,3873,1425,5412163,12165120
7217,4.98962,3873,1425,5427377,12165120
7218,5.50842,3873,1425,5440227,12165120
7219,4.97437,3873,1425,5439074,12165120
7220,5.2948,3873,1425,5436945,12165120
7221,4.89807,3873,1425,5461618,12165120
7222,5.24902,3873,1425,5464016,12165120
7223,5.26428,3873,1425,5523362,12165120
7224,4.89807,3873,1425,5552641,12165120
7225,5.44739,3873,1425,5581101,12165120
7226,4.95911,3873,1425,5580761,12165120
7227,5.26428,3873,1425,5621309,12165120
7228,5.27954,3873,1425,5656293,12165120
7229,5.20325,3873,1425,5658514,12165120
7230,5.38635,3873,1425,5694104,12165120
7231,5.02014,3873,1425,5724065,12165120
7232,5.23376,3873,1425,5727308,12165120
7233,5.41687,3873,1425,5758067,12165120
7234,5.11169,3873,1425,5786022,12165120
7235,5.67627,3873,1425,5788335,12165120
7236,4.86755,3873,1425,5807249,12165120
7237,5.32532,3873,1425,5824907,12165120
7238,5.47791,3873,1425,5833249,12165120
7239,5.02014,3873,1425,5835328,12165120
7240,5.26428,3873,1425,5839127,12165120
7241,5.52368,3873,1425,5829385,12165120
7242,5.50842,3873,1425,5826127,12165120
7243,4.83704,3873,1425,5800040,12165120
7244,5.53894,3873,1425,5767718,12165120
7245,5.18799,3873,1425,5754014,12165120
7246,4.95911,3873,1425,5753861,12165120
7247,5.41687,3873,1425,5746955,12165120
7248,5.38635,3873,1425,5727232,12165120
7249,4.94385,3873,1425,5726753,12165120
7250,5.2948,3873,1425,5707347,12165120
7251,5.47791,3873,1425,5698201,12165120
7252,4.86755,3873,1425,5697377,12165120
7253,5.31006,3873,1425,5698370,12165120
7254,5.64575,3873,1425,5692755,12165120
7255,4.86755,3873,1425,5697690,12165120
7256,4.94385,3873,1425,5704007,12165120
7257,5.56946,3873,1425,5709789,12165120
7258,5.08118,3873,1425,5721916,12165120
7259,4.80652,3873,1425,5726252,12165120
7260,5.70679,3873,1425,5733543,12165120
7261,4.79126,3873,1425,5753154,12165120
7262,5.15747,3873,1425,5759967,12165120
7263,5.50842,3873,1425,5771355,12165120
7264,5.18799,3873,1425,5780065,12165120
7265,5.00488,3873,1425,5785739,12165120
7266,5.43213,3873,1425,5787627,12165120
7267,5.27954,3873,1425,5799758,12165120
7268,5.18799,3873,1425,5805676,12165120
7269,4.89807,3873,1425,5811385,12165120
7270,5.63049,3873,1425,5809083,12165120
7271,5.08118,3873,1425,5805257,12165120
7272,5.02014,3873,1425,5804122,12165120
7273,5.78308,3873,1425,5795310,12165120
7274,4.79126,3873,1425,5778287,12165120
7275,4.97437,3873,1425,5776739,12165120
7276,5.59998,3873,1425,5761789,12165120
7277,5.24902,3873,1425,5752501,12165120
7278,4.95911,3873,1425,5752299,12165120
7279,5.09644,3873,1425,5741050,12165120
7280,5.5542,3873,1425,5726019,12165120
7281,5.23376,3873,1425,5709838,12165120
7282,4.76074,3873,1425,5701575,12165120
7283,5.8136,3873,1425,5678795,12165120
7284,4.71497,3873,1425,5663974,12165120
7285,4.95911,3873,1425,5658605,12165120
7286,5.46265,3873,1425,5642623,12165120
7287,5.17273,3873,1425,5625153,12165120
7288,4.776,3873,1425,5616931,12165120
7289,5.72205,3873,1425,5607936,12165120
7290,4.89807,3873,1425,5589822,12165120
7291,5.06592,3873,1425,5581288,12165120
7292,5.24902,3873,1419,5567115,12165120
7293,5.38635,3873,1419,5567867,12165120
7294,4.92859,3873,1419,5561616,12165120
7295,4.80652,3873,1419,5539013,12165120
7296,5.5542,3873,1419,5565295,12165120
7297,4.79126,3873,1419,5561867,12165120
7298,4.80652,3873,1419,5556406,12165120
7299,5.53894,3873,1419,5550863,12165120
7300,4.63867,3873,1419,5549148,12165120
7301,5.02014,3873,1419,5531063,12165120
7302,5.26428,3873,1419,5528524,12165120
7303,4.92859,3873,1419,5519947,12165120
7304,4.91333,3873,1419,5523051,12165120
7305,5.38635,3873,1419,5524870,12165120
7306,5.06592,3873,1419,5523383,12165120
7307,4.71497,3873,1419,5530342,12165120
7308,5.17273,3873,1419,5538942,12165120
7309,5.15747,3873,1419,5537601,12165120
7310,5.08118,3873,1419,5539592,12165120
7311,4.89807,3873,1419,5542860,12165120
7312,5.20325,3873,1419,5547508,12165120
7313,4.88281,3873,1419,5548475,12165120
7314,5.05066,3873,1419,5550656,12165120
7315,5.15747,3873,1419,5553504,12165120
7316,4.94385,3873,1419,5558800,12165120
7317,5.61523,3873,1419,5564119,12165120
7318,4.36401,3873,1419,5566718,12165120
7319,5.20325,3873,1419,5571314,12165120
7320,5.12695,3873,1419,5579382,12165120
7321,4.97437,3873,1419,5583155,12165120
7322,5.12695,3873,1419,5595730,12165120
7323,5.08118,3873,1419,5602119,12165120
7324,5.24902,3873,1419,5609834,12165120
7325,4.89807,3873,1419,5619393,12165120
7326,6.02722,3873,1419,5629250,12165120
7327,4.60815,3873,1419,5637700,12165120
7328,4.56238,3873,1419,5645229,12165120
7329,5.82886,3873,1419,5656099,12165120
7330,5.09644,3873,1419,5663136,12165120
7331,5.23376,3873,1419,5676359,12165120
7332,5.00488,3873,1419,5691907,12165120
7333,5.40161,3873,1419,5704997,12165120
7334,4.776,3873,1419,5722320,12165120
7335,5.21851,3873,1419,5739296,12165120
7336,5.23376,3873,1419,5761229,12165120
7337,4.83704,3873,1419,5786292,12165120
7338,5.56946,3873,1419,5807600,12165120
7339,5.23376,3873,1419,5827472,12165120
7340,5.17273,3873,1419,5845319,12165120
7341,4.89807,3873,1419,5863590,12165120
7342,5.46265,3873,1419,5890227,12165120
7343,5.27954,3873,1419,5912709,12165120
7344,5.50842,3873,1419,5929554,12165120
7345,4.92859,3873,1419,5947864,12165120
7346,5.32532,3873,1419,5970939,12165120
7347,5.21851,3873,1419,5983925,12165120
7348,5.06592,3873,1419,6001298,12165120
7349,5.18799,3873,1419,6013771,12165120
7350,5.41687,3873,1419,6022774,12165120
7351,5.52368,3873,1419,6034102,12165120
7352,5.00488,3873,1419,6045330,12165120
7353,5.37109,3873,1419,6056575,12165120
7354,5.47791,3873,1419,6066063,12165120
7355,5.17273,3873,1419,6081080,12165120
7356,5.18799,3873,1419,6091224,12165120
7357,5.35583,3873,1419,6111795,12165120
7358,5.14221,3873,1419,6135127,12165120
7359,5.49316,3873,1419,6173734,12165120
7360,5.41687,3873,1419,6205658,12165120
7361,5.41687,3873,1419,6228115,12165120
7362,4.60815,3873,1419,6225361,12165120
7363,5.58472,3873,1419,6199226,12165120
7364,5.24902,3873,1419,6160004,12165120
7365,4.62341,3873,1419,6124351,12165120
7366,5.37109,3873,1419,6085122,12165120
7367,5.21851,3873,1419,6059868,12165120
7368,4.98962,3873,1419,6029535,12165120
7369,4.98962,3873,1419,5992804,12165120
7370,5.37109,3873,1419,5953643,12165120
7371,4.66919,3873,1419,5908377,12165120
7372,4.89807,3873,1419,5859405,12165120
7373,5.20325,3873,1419,5800682,12165120
7374,5.0354,3873,1419,5749967,12165120
7375,5.08118,3873,1419,5693038,12165120
7376,4.89807,3873,1419,5624691,12165120
7377,4.88281,3873,1419,5564592,12165120
7378,4.80652,3873,1419,5499645,12165120
7379,4.98962,3873,1419,5439048,12165120
7380,5.18799,3873,1419,5375895,12165120
7381,4.97437,3873,1419,5325103,12165120
7382,4.85229,3873,1419,5279756,12165120
7383,4.80652,3873,1419,5239328,12165120
7384,5.24902,3873,1419,5199821,12165120
7385,4.71497,3873,1419,5172395,12165120
7386,4.74548,3873,1419,5144068,12165120
7387,5.38635,3873,1419,5126784,12165120
7388,4.68445,3873,1419,5115480,12165120
7389,4.82178,3873,1419,5101289,12165120
7390,5.20325,3873,1419,5092719,12165120
7391,4.83704,3873,1419,5084990,12165120
7392,4.66919,3873,1419,5070461,12165120
7393,5.0354,3873,1419,5067847,12165120
7394,5.32532,3873,1419,5059201,12165120
7395,4.63867,3873,1419,5051029,12165120
7396,4.88281,3873,1419,5052932,12165120
7397,4.94385,3873,1419,5042767,12165120
7398,4.89807,3873,1419,5041732,12165120
7399,4.89807,3873,1419,5040248,12165120
7400,5.00488,3873,1419,5035658,12165120
7401,4.86755,3873,1419,5037467,12165120
7402,4.73022,3873,1419,5036662,12165120
7403,4.95911,3873,1419,5028986,12165120
7404,5.24902,3873,1419,5028495,12165120
7405,4.60815,3873,1419,5026519,12165120
7406,4.79126,3873,1419,5025343,12165120
7407,5.2948,3873,1419,5018103,12165120
7408,4.86755,3873,1419,5024465,12165120
7409,4.62341,3873,1419,5017817,12165120
7410,5.14221,3873,1419,5022466,12165120
7411,5.24902,3873,1419,5017528,12165120
7412,4.71497,3873,1419,5016643,12165120
7413,4.79126,3873,1419,5018825,12165120
7414,5.27954,3873,1419,5018495,12165120
7415,4.5929,3873,1419,5015196,12165120
7416,4.94385,3873,1419,5018985,12165120
7417,5.26428,3873,1419,5021888,12165120
7418,4.65393,3873,1419,5017833,12165120
7419,5.14221,3873,1419,5026400,12165120
7420,4.776,3873,1419,5038733,12165120
7421,4.83704,3873,1419,5037784,12165120
7422,5.0354,3873,1419,5051143,12165120
7423,4.80652,3873,1419,5070774,12165120
7424,5.02014,3873,1419,5070680,12165120
7425,5.08118,3873,1419,5096440,12165120
7426,4.80652,3873,1419,5130956,12165120
7427,5.14221,3873,1419,5128090,12165120
7428,4.85229,3873,1419,5157419,12165120
7429,5.00488,3873,1419,5195260,12165120
7430,4.73022,3873,1419,5193358,12165120
7431,5.52368,3873,1419,5227826,12165120
7432,4.85229,3873,1419,5273486,12165120
7433,4.65393,3873,1419,5272335,12165120
7434,5.41687,3873,1419,5307215,12165120
7435,4.97437,3873,1419,5349782,12165120
7436,4.89807,3873,1419,5349573,12165120
7437,5.23376,3873,1419,5419996,12165120
7438,5.18799,3873,1419,5481332,12165120
7439,4.94385,3873,1419,5480419,12165120
7440,5.15747,3873,1419,5485344,12165120
7441,5.05066,3873,1419,5453918,12165120
7442,4.86755,3873,1419,5452821,12165120
7443,5.18799,3873,1419,5433801,12165120
7444,5.06592,3873,1419,5435201,12165120
7445,4.69971,3873,1419,5437153,12165120
7446,5.34058,3873,1419,5425821,12165120
7447,5.20325,3873,1419,5446460,12165120
7448,4.68445,3873,1419,5448476,12165120
7449,4.94385,3873,1419,5471208,12165120
7450,5.00488,3873,1419,5536823,12165120
7451,5.11169,3873,1419,5530611,12165120
7452,5.02014,3873,1419,5665021,12165120
7453,4.85229,3873,1419,5771058,12165120
7454,5.05066,3873,1419,5763676,12165120
7455,5.12695,3873,1419,5825331,12165120
7456,4.74548,3873,1419,5891495,12165120
7457,5.17273,3873,1419,5890402,12165120
7458,5.0354,3873,1419,5945301,12165120
7459,5.00488,3873,1419,6013084,12165120
7460,4.74548,3873,1419,6010519,12165120
7461,5.23376,3873,1419,6065871,12165120
7462,4.79126,3873,1419,6116059,12165120
7463,4.79126,3873,1419,6115636,12165120
7464,5.2948,3873,1419,6154636,12165120
7465,4.92859,3873,1419,6209373,12165120
7466,4.63867,3873,1419,6206832,12165120
7467,5.41687,3873,1419,6213929,12165120
7468,5.0354,3873,1419,6229847,12165120
7469,4.62341,3873,1419,6229823,12165120
7470,4.73022,3873,1419,6248765,12165120
7471,5.63049,3873,1419,6244674,12165120
7472,4.44031,3873,1419,6245155,12165120
7473,5.06592,3873,1419,6245926,12165120
7474,4.83704,3873,1419,6243978,12165120
7475,4.91333,3873,1419,6245016,12165120
7476,4.92859,3873,1419,6243514,12165120
7477,5.05066,3873,1419,6243768,12165120
7478,5.00488,3873,1419,6242508,12165120
7479,4.85229,3873,1419,6240918,12165120
7480,4.95911,3873,1419,6242547,12165120
7481,5.20325,3873,1419,6239395,12165120
7482,4.68445,3873,1419,6240055,12165120
7483,4.97437,3873,1419,6239357,12165120
7484,5.05066,3873,1419,6239574,12165120
7485,5.15747,3873,1419,6240279,12165120
7486,4.56238,3873,1419,6238326,12165120
7487,5.17273,3873,1419,6240732,12165120
7488,5.27954,3873,1419,6238833,12165120
7489,5.23376,3873,1419,6237929,12165120
7490,4.0741,3873,1418,6240337,12165120
7491,5.61523,3873,1405,6237512,12165120
7492,4.5929,3873,1405,6236076,12165120
7493,4.83704,3873,1405,6235853,12165120
7494,5.26428,3873,1405,6237087,12165120
7495,4.60815,3873,1405,6238102,12165120
7496,4.94385,3873,1405,6236589,12165120
7497,5.18799,3873,1405,6234950,12165120
7498,4.82178,3873,1405,6235992,12165120
7499,4.98962,3873,1405,6233694,12165120
7500,4.94385,3873,1405,6236104,12165120
7501,6.66809,3873,1405,6237144,12165120
7502,5.58472,3873,1405,6235216,12165120
7503,3.69263,3873,1405,6233471,12165120
7504,4.60815,3873,1405,6233701,12165120
7505,4.28772,3873,1405,6233887,12165120
7506,5.05066,3873,1405,6234392,12165120
7507,4.28772,3873,1405,6234106,12165120
7508,5.08118,3873,1405,6233239,12165120
7509,4.83704,3873,1405,6234797,12165120
7510,4.65393,3873,1405,6233702,12165120
7511,4.86755,3873,1405,6231898,12165120
7512,4.79126,3873,1405,6231993,12165120
7513,5.14221,3873,1405,6234174,12165120
7514,4.91333,3873,1405,6234148,12165120
7515,4.63867,3873,1405,6232081,12165120
7516,5.06592,3873,1405,6231445,12165120
7517,4.63867,3873,1405,6230614,12165120
7518,4.83704,3873,1405,6231117,12165120
7519,4.89807,3873,1405,6231552,12165120
7520,4.86755,3873,1405,6231137,12165120
7521,4.69971,3873,1405,6231846,12165120
7522,5.23376,3873,1405,6230337,12165120
7523,4.5166,3873,1405,6230809,12165120
7524,4.83704,3873,1405,6233697,12165120
7525,5.18799,3873,1405,6230203,12165120
7526,5.46265,3873,1405,6229018,12165120
7527,4.16565,3873,1405,6229012,12165120
7528,5.21851,3873,1405,6230210,12165120
7529,4.86755,3873,1405,6228568,12165120
7530,5.79834,3873,1405,6228467,12165120
7531,5.17273,3873,1405,6230096,12165120
7532,5.32532,3873,1405,6230983,12165120
7533,5.7373,3873,1405,6230369,12165120
7534,5.84412,3873,1405,6229139,12165120
7535,6.43921,3873,1405,6226334,12165120
7536,4.68445,3873,1405,6227981,12165120
7537,4.80652,3873,1405,6225937,12165120
7538,5.7373,3873,1405,6227670,12165120
7539,4.66919,3873,1405,6227873,12165120
7540,5.05066,3873,1405,6227851,12165120
7541,5.21851,3873,1405,6225583,12165120
7542,5.18799,3873,1405,6225545,12165120
7543,4.94385,3873,1405,6227350,12165120
7544,5.12695,3873,1405,6230388,12165120
7545,5.47791,3873,1405,6225844,12165120
7546,5.06592,3873,1405,6226979,12165120
7547,5.02014,3873,1405,6227033,12165120
7548,5.50842,3873,1405,6224591,12165120
7549,4.66919,3873,1405,6226809,12165120
7550,4.89807,3873,1405,6225039,12165120
7551,5.85938,3873,1405,6225263,12165120
7552,4.776,3873,1405,6226440,12165120
7553,4.85229,3873,1405,6223981,12165120
7554,5.32532,3873,1405,6225143,12165120
7555,5.32532,3873,1405,6222726,12165120
7556,4.63867,3873,1405,6223917,12165120
7557,5.38635,3873,1405,6225002,12165120
7558,5.20325,3873,1405,6226263,12165120
7559,4.94385,3873,1405,6223481,12165120
7560,4.98962,3873,1405,6223323,12165120
7561,5.41687,3873,1405,6224422,12165120
7562,4.76074,3873,1405,6222947,12165120
7563,4.91333,3873,1405,6223112,12165120
7564,5.88989,3873,1405,6220545,12165120
7565,4.47083,3873,1405,6222729,12165120
7566,4.94385,3873,1405,6224281,12165120
7567,5.50842,3873,1405,6222477,12165120
7568,4.86755,3873,1405,6223113,12165120
7569,4.89807,3873,1405,6224472,12165120
7570,5.23376,3873,1405,6224300,12165120
7571,5.23376,3873,1405,6222152,12165120
7572,4.80652,3873,1405,6221806,12165120
7573,4.92859,3873,1405,6216504,12165120
7574,5.64575,3873,1405,6221601,12165120
7575,4.65393,3873,1405,6221832,12165120
7576,4.92859,3873,1405,6221945,12165120
7577,5.66101,3873,1405,6224739,12165120
7578,4.776,3873,1405,6221486,12165120
7579,4.86755,3873,1405,6221262,12165120
7580,5.43213,3873,1405,6222558,12165120
7581,5.02014,3873,1405,6222067,12165120
7582,4.776,3873,1405,6219532,12165120
7583,5.52368,3873,1405,6221872,12165120
7584,5.2948,3873,1405,6222479,12165120
7585,4.65393,3873,1405,6221883,12165120
7586,4.91333,3873,1405,6221145,12165120
7587,5.41687,3873,1405,6221954,12165120
7588,4.776,3873,1405,6220193,12165120
7589,4.95911,3873,1405,6222640,12165120
7590,5.58472,3873,1405,6220035,12165120
7591,4.85229,3873,1405,6223051,12165120
7592,4.80652,3873,1405,6220198,12165120
7593,5.09644,3873,1405,6220431,12165120
7594,5.26428,3873,1405,6221940,12165120
7595,4.92859,3873,1405,6220955,12165120
7596,5.00488,3873,1405,6220102,12165120
7597,5.56946,3873,1405,6220443,12165120
7598,4.83704,3873,1405,6220349,12165120
7599,4.79126,3873,1405,6222112,12165120
7600,5.56946,3873,1405,6219528,12165120
7601,4.92859,3873,1405,6220284,12165120
7602,4.82178,3873,1405,6220437,12165120
7603,5.8136,3873,1405,6220742,12165120
7604,4.86755,3873,1405,6218686,12165120
7605,4.68445,3873,1405,6218690,12165120
7606,5.06592,3873,1405,6220995,12165120
7607,5.5542,3873,1405,6220004,12165120
7608,4.73022,3873,1405,6218895,12165120
7609,4.86755,3873,1405,6217707,12165120
7610,5.88989,3873,1405,6218995,12165120
7611,4.74548,3873,1405,6220879,12165120
7612,4.89807,3873,1405,6218756,12165120
7613,5.32532,3873,1405,6218667,12165120
7614,4.80652,3873,1405,6219009,12165120
7615,4.76074,3873,1405,6218991,12165120
7616,5.23376,3873,1405,6214487,12165120
7617,5.27954,3873,1405,6219753,12165120
7618,4.95911,3873,1405,6222479,12165120
7619,5.00488,3873,1405,6219072,12165120
7620,4.95911,3873,1405,6222372,12165120
7621,4.95911,3873,1405,6218993,12165120
7622,4.98962,3873,1405,6220297,12165120
7623,5.5542,3873,1405,6216962,12165120
7624,4.74548,3873,1405,6222223,12165120
7625,4.82178,3873,1405,6218173,12165120
7626,5.17273,3873,1405,6220685,12165120
7627,5.02014,3873,1405,6219995,12165120
7628,4.5929,3873,1405,6218236,12165120
7629,5.56946,3873,1405,6220193,12165120
7630,5.17273,3873,1405,6221539,12165120
7631,4.71497,3873,1405,6220719,12165120
7632,4.89807,3873,1405,6219741,12165120
7633,5.14221,3873,1405,6219573,12165120
7634,4.79126,3873,1405,6220323,12165120
7635,4.89807,3873,1405,6221356,12165120
7636,5.58472,3873,1405,6216031,12165120
7637,4.80652,3873,1405,6217586,12165120
7638,4.79126,3873,1405,6219582,12165120
7639,5.14221,3873,1405,6220027,12165120
7640,4.94385,3873,1405,6218768,12165120
7641,4.80652,3873,1405,6218386,12165120
7642,4.95911,3873,1405,6219649,12165120
7643,5.27954,3873,1405,6221815,12165120
7644,5.09644,3873,1405,6218091,12165120
7645,4.91333,3873,1405,6218541,12165120
7646,5.15747,3873,1405,6219958,12165120
7647,4.89807,3873,1405,6219989,12165120
7648,4.82178,3873,1405,6219409,12165120
7649,5.18799,3873,1405,6216816,12165120
7650,5.23376,3873,1405,6221010,12165120
7651,4.85229,3873,1405,6217052,12165120
7652,4.776,3873,1405,6220231,12165120
7653,5.20325,3873,1405,6220587,12165120
7654,4.83704,3873,1405,6218238,12165120
7655,4.85229,3873,1405,6218725,12165120
7656,5.72205,3873,1405,6221177,12165120
7657,4.73022,3873,1405,6218324,12165120
7658,4.76074,3873,1405,6219522,12165120
7659,5.21851,3873,1405,6218058,12165120
7660,4.89807,3873,1405,6218530,12165120
7661,4.86755,3873,1405,6218470,12165120
7662,4.92859,3873,1405,6220665,12165120
7663,5.88989,3873,1405,6219361,12165120
7664,4.54712,3873,1405,6219139,12165120
7665,4.79126,3873,1405,6219921,12165120
7666,5.44739,3873,1405,6218620,12165120
7667,4.82178,3873,1405,6219969,12165120
7668,4.89807,3873,1405,6220466,12165120
7669,5.37109,3873,1405,6218173,12165120
7670,5.12695,3873,1405,6218148,12165120
7671,4.82178,3873,1405,6218788,12165120
7672,4.89807,3873,1405,6218439,12165120
7673,5.46265,3873,1405,6218330,12165120
7674,4.86755,3873,1405,6219869,12165120
7675,5.17273,3873,1405,6217050,12165120
7676,5.31006,3873,1405,6219110,12165120
7677,5.12695,3873,1405,6221051,12165120
7678,4.66919,3873,1405,6219567,12165120
7679,5.23376,3873,1405,6219760,12165120
7680,5.43213,3873,1405,6217996,12165120
7681,4.91333,3873,1405,6218703,12165120
7682,4.88281,3873,1405,6218433,12165120
7683,5.96619,3873,1405,6218962,12165120
7684,4.82178,3873,1405,6216919,12165120
7685,4.73022,3873,1405,6218906,12165120
7686,5.69153,3873,1405,6217617,12165120
7687,4.88281,3873,1405,6218062,12165120
7688,4.79126,3873,1399,6219954,12165120
7689,5.70679,3873,1399,6218349,12165120
7690,4.82178,3873,1399,6218527,12165120
7691,4.86755,3873,1399,6218204,12165120
7692,5.20325,3873,1399,6218189,12165120
7693,5.14221,3873,1399,6220193,12165120
7694,4.82178,3873,1399,6218191,12165120
7695,4.95911,3873,1399,6218329,12165120
7696,5.7373,3873,1399,6218936,12165120
7697,4.86755,3873,1399,6218013,12165120
7698,4.89807,3873,1399,6219122,12165120
7699,5.58472,3873,1399,6220286,12165120
7700,6.40869,3873,1399,6217977,12165120
7701,7.87354,3873,1399,6219746,12165120
7702,1.23596,3873,1399,6218974,12165120
7703,5.14221,3873,1399,6217844,12165120
7704,4.73022,3873,1399,6218663,12165120
7705,5.26428,3873,1399,6218746,12165120
7706,4.65393,3873,1399,6218579,12165120
7707,4.86755,3873,1399,6218456,12165120
7708,5.0354,3873,1399,6219781,12165120
7709,5.02014,3873,1399,6218592,12165120
7710,4.83704,3873,1399,6217744,12165120
7711,4.85229,3873,1399,6217558,12165120
7712,5.2948,3873,1399,6219763,12165120
7713,4.69971,3873,1399,6218553,12165120
7714,5.0354,3873,1399,6216423,12165120
7715,5.70679,3873,1399,6218360,12165120
7716,4.13513,3873,1399,6218559,12165120
7717,5.38635,3873,1399,6220142,12165120
7718,4.5166,3873,1399,6217555,12165120
7719,5.20325,3873,1399,6220553,12165120
7720,4.88281,3873,1399,6221450,12165120
7721,4.89807,3873,1399,6219249,12165120
7722,5.02014,3873,1399,6219823,12165120
7723,5.24902,3873,1399,6219318,12165120
7724,4.53186,3873,1399,6218859,12165120
7725,5.34058,3873,1399,6218077,12165120
7726,5.12695,3873,1399,6218657,12165120
7727,4.39453,3873,1399,6218132,12165120
7728,4.89807,3873,1399,6218352,12165120
7729,5.44739,3873,1399,6219502,12165120
7730,4.60815,3873,1399,6221152,12165120
7731,4.74548,3873,1399,6221166,12165120
7732,5.2948,3873,1399,6218600,12165120
7733,4.79126,3873,1399,6220327,12165120
7734,4.80652,3873,1399,6220142,12165120
7735,5.15747,3873,1399,6220183,12165120
7736,4.91333,3873,1399,6219124,12165120
7737,5.40161,3873,1399,6220318,12165120
7738,4.27246,3873,1399,6220132,12165120
7739,5.21851,3873,1399,6221636,12165120
7740,4.88281,3873,1399,6219040,12165120
7741,4.91333,3873,1399,6217886,12165120
7742,5.15747,3873,1399,6216914,12165120
7743,4.82178,3873,1399,6218057,12165120
7744,5.00488,3873,1399,6217963,12165120
7745,4.95911,3873,1399,6223457,12165120
7746,4.94385,3873,1399,6223678,12165120
7747,5.09644,3873,1399,6228242,12165120
7748,4.92859,3873,1399,6233527,12165120
7749,4.97437,3873,1399,6236858,12165120
7750,4.89807,3873,1399,6272685,12165120
7751,5.20325,3873,1399,6298189,12165120
7752,5.11169,3873,1399,6296986,12165120
7753,5.0354,3873,1399,6343070,12165120
7754,4.86755,3873,1399,6390330,12165120
7755,5.18799,3873,1399,6391367,12165120
7756,5.12695,3873,1399,6441308,12165120
7757,4.89807,3873,1399,6456767,12165120
7758,4.53186,3873,1399,6452556,12165120
7759,5.64575,3873,1399,6471687,12165120
7760,4.69971,3873,1399,6510571,12165120
7761,4.86755,3873,1399,6511824,12165120
7762,5.34058,3873,1399,6545338,12165120
7763,5.0354,3873,1399,6552138,12165120
7764,4.69971,3873,1399,6552396,12165120
7765,5.53894,3873,1399,6597821,12165120
7766,5.02014,3873,1399,6645581,12165120
7767,4.98962,3873,1399,6646514,12165120
7768,5.20325,3873,1399,6696682,12165120
7769,5.67627,3873,1399,6629002,12165120
7770,4.79126,3873,1399,6629114,12165120
7771,5.32532,3873,1399,6562637,12165120
7772,5.47791,3873,1399,6486562,12165120
7773,5.47791,3873,1399,6485854,12165120
7774,4.89807,3873,1399,6476360,12165120
7775,5.79834,3873,1399,6589076,12165120
7776,5.08118,3873,1399,6651535,12165120
7777,5.06592,3873,1399,6651919,12165120
7778,6.11877,3873,1399,6741298,12165120
7779,5.17273,3873,1399,6806366,12165120
7780,5.46265,3873,1399,6802094,12165120
7781,5.35583,3873,1399,6881503,12165120
7782,5.50842,3873,1399,6958673,12165120
7783,5.37109,3873,1399,6954146,12165120
7784,5.9967,3873,1399,6950992,12165120
7785,5.15747,3873,1399,6954570,12165120
7786,5.50842,3873,1399,6972713,12165120
7787,6.02722,3873,1399,6922280,12165120
7788,5.35583,3873,1399,6922823,12165120
7789,5.21851,3873,1399,6919851,12165120
7790,5.98145,3873,1399,6772398,12165120
7791,5.38635,3873,1399,6677512,12165120
7792,5.24902,3873,1399,6675705,12165120
7793,6.17981,3873,1399,6622124,12165120
7794,5.47791,3873,1399,6603526,12165120
7795,5.06592,3873,1399,6601515,12165120
7796,5.5542,3873,1399,6591989,12165120
7797,5.24902,3873,1399,6590726,12165120
7798,5.23376,3873,1399,6594140,12165120
7799,6.08826,3873,1399,6593545,12165120
7800,4.71497,3873,1399,6588740,12165120
7801,5.26428,3873,1399,6592739,12165120
7802,5.64575,3873,1399,6592692,12165120
7803,5.05066,3873,1399,6590494,12165120
7804,5.26428,3873,1399,6593510,12165120
7805,5.46265,3873,1399,6592836,12165120
7806,4.94385,3873,1399,6590151,12165120
7807,5.58472,3873,1399,6593533,12165120
7808,5.11169,3873,1399,6594960,12165120
7809,5.66101,3873,1399,6594697,12165120
7810,4.88281,3873,1399,6594043,12165120
7811,5.5542,3873,1399,6591960,12165120
7812,5.5542,3873,1399,6594412,12165120
7813,4.80652,3873,1399,6593201,12165120
7814,5.0354,3873,1399,6593454,12165120
7815,6.05774,3873,1399,6590019,12165120
7816,4.91333,3873,1399,6593404,12165120
7817,5.12695,3873,1399,6594288,12165120
7818,6.22559,3873,1399,6590041,12165120
7819,4.60815,3873,1399,6592538,12165120
7820,4.776,3873,1399,6592594,12165120
7821,5.87463,3873,1399,6593515,12165120
7822,5.69153,3873,1399,6591664,12165120
7823,4.28772,3873,1399,6593096,12165120
7824,5.85938,3873,1399,6588166,12165120
7825,5.40161,3873,1399,6590458,12165120
7826,5.09644,3873,1399,6590964,12165120
7827,4.63867,3873,1399,6590688,12165120
7828,5.78308,3873,1399,6594514,12165120
7829,4.98962,3873,1399,6593478,12165120
7830,5.15747,3873,1399,6590656,12165120
7831,5.67627,3873,1399,6593486,12165120
7832,5.24902,3873,1399,6594536,12165120
7833,4.71497,3873,1399,6590514,12165120
7834,5.76782,3873,1399,6593413,12165120
7835,5.35583,3873,1399,6592563,12165120
7836,5.0354,3873,1399,6594381,12165120
7837,5.32532,3873,1399,6594229,12165120
7838,5.44739,3873,1399,6592475,12165120
7839,5.08118,3873,1399,6592249,12165120
7840,5.21851,3873,1399,6591984,12165120
7841,5.41687,3873,1399,6593277,12165120
7842,5.2948,3873,1399,6592877,12165120
7843,4.83704,3873,1399,6590970,12165120
7844,5.88989,3873,1399,6593517,12165120
7845,5.00488,3873,1399,6592097,12165120
7846,5.12695,3873,1399,6592667,12165120
7847,5.24902,3873,1399,6596065,12165120
7848,5.56946,3873,1399,6592442,12165120
7849,4.89807,3873,1399,6594124,12165120
7850,5.17273,3873,1399,6592244,12165120
7851,5.5542,3873,1399,6593138,12165120
7852,5.08118,3873,1399,6592157,12165120
7853,5.15747,3873,1399,6594591,12165120
7854,5.08118,3873,1399,6590509,12165120
7855,5.50842,3873,1399,6593267,12165120
7856,5.41687,3873,1399,6593113,12165120
7857,4.92859,3873,1399,6593406,12165120
7858,5.08118,3873,1399,6593476,12165120
7859,5.66101,3873,1399,6588662,12165120
7860,5.24902,3873,1399,6590457,12165120
7861,5.17273,3873,1399,6592839,12165120
7862,5.41687,3873,1399,6594682,12165120
7863,5.24902,3873,1399,6593160,12165120
7864,5.20325,3873,1399,6592158,12165120
7865,5.38635,3873,1399,6595137,12165120
7866,5.23376,3873,1399,6588494,12165120
7867,5.06592,3873,1399,6593253,12165120
7868,5.37109,3873,1399,6590080,12165120
7869,5.32532,3873,1399,6593308,12165120
7870,5.14221,3873,1399,6591295,12165120
7871,5.27954,3873,1399,6595358,12165120
7872,5.35583,3873,1399,6586611,12165120
7873,5.12695,3873,1399,6591281,12165120
7874,5.20325,3873,1399,6592136,12165120
7875,5.43213,3873,1399,6593957,12165120
7876,5.24902,3873,1399,6593474,12165120
7877,5.11169,3873,1399,6591999,12165120
7878,5.49316,3873,1399,6591399,12165120
7879,5.5542,3873,1399,6593250,12165120
7880,4.82178,3873,1399,6590903,12165120
7881,5.35583,3873,1394,6594294,12165120
7882,5.35583,3873,1394,6593781,12165120
7883,5.14221,3873,1394,6592183,12165120
7884,5.40161,3873,1394,6593105,12165120
7885,5.47791,3873,1394,6593724,12165120
7886,4.92859,3873,1394,6593378,12165120
7887,5.31006,3873,1394,6591816,12165120
7888,5.38635,3873,1394,6592879,12165120
7889,5.14221,3873,1394,6590897,12165120
7890,5.09644,3873,1394,6588943,12165120
7891,5.49316,3873,1394,6591465,12165120
7892,5.27954,3873,1394,6589596,12165120
7893,5.20325,3873,1394,6589815,12165120
7894,5.47791,3873,1394,6590793,12165120
7895,5.17273,3873,1394,6589636,12165120
7896,5.38635,3873,1394,6585327,12165120
7897,5.53894,3873,1394,6586338,12165120
7898,5.2948,3873,1394,6580769,12165120
7899,5.00488,3873,1394,6579214,12165120
7900,5.76782,3873,1394,6577735,12165120
7901,4.88281,3873,1394,6572893,12165120
7902,5.63049,3873,1394,6576295,12165120
7903,5.24902,3873,1394,6559131,12165120
7904,5.17273,3873,1394,6563744,12165120
7905,5.46265,3873,1394,6571208,12165120
7906,5.32532,3873,1394,6576542,12165120
7907,5.53894,3873,1394,6576890,12165120
7908,5.05066,3873,1394,6582569,12165120
7909,5.2948,3873,1394,6587540,12165120
7910,5.64575,3873,1394,6604742,12165120
7911,4.83704,3873,1394,6605343,12165120
7912,5.35583,3873,1394,6610695,12165120
7913,5.34058,3873,1394,6625277,12165120
7914,5.38635,3873,1394,6621982,12165120
7915,5.5542,3873,1394,6641725,12165120
7916,5.34058,3873,1394,6645481,12165120
7917,5.23376,3873,1394,6636382,12165120
7918,4.98962,3873,1394,6677585,12165120
7919,5.84412,3873,1394,6726131,12165120
7920,5.49316,3873,1394,6758704,12165120
7921,4.83704,3873,1394,6756679,12165120
7922,5.56946,3873,1394,6772622,12165120
7923,5.26428,3873,1394,6771041,12165120
7924,5.17273,3873,1394,6749115,12165120
7925,5.43213,3873,1394,6753271,12165120
7926,5.44739,3873,1394,6770447,12165120
7927,5.26428,3873,1394,6770331,12165120
7928,5.5542,3873,1394,6745482,12165120
7929,5.08118,3873,1394,6733806,12165120
7930,5.76782,3873,1394,6697974,12165120
7931,5.18799,3873,1394,6683545,12165120
7932,5.34058,3873,1394,6646171,12165120
7933,5.31006,3873,1394,6612695,12165120
7934,5.46265,3873,1394,6585116,12165120
7935,5.8136,3873,1394,6556471,12165120
7936,5.23376,3873,1394,6525535,12165120
7937,5.50842,3873,1394,6514058,12165120
7938,5.78308,3873,1394,6470211,12165120
7939,4.95911,3873,1394,6399744,12165120
7940,5.75256,3873,1394,6366437,12165120
7941,5.5542,3873,1394,6301670,12165120
7942,4.94385,3873,1394,6241278,12165120
7943,5.47791,3873,1394,6154697,12165120
7944,5.32532,3873,1394,6101031,12165120
7945,5.27954,3873,1394,6075828,12165120
7946,5.15747,3873,1394,6066152,12165120
7947,5.40161,3873,1394,6060749,12165120
7948,5.11169,3873,1394,6046186,12165120
7949,5.14221,3873,1394,6038893,12165120
7950,5.53894,3873,1394,6033151,12165120
7951,5.0354,3873,1394,6031805,12165120
7952,4.92859,3873,1394,6033595,12165120
7953,5.47791,3873,1394,6036412,12165120
7954,5.15747,3873,1394,6037377,12165120
7955,5.00488,3873,1394,6036095,12165120
7956,5.40161,3873,1394,6046808,12165120
7957,5.26428,3873,1394,6053987,12165120
7958,5.18799,3873,1394,6051438,12165120
7959,4.85229,3873,1394,6058107,12165120
7960,5.43213,3873,1394,6064265,12165120
7961,5.17273,3873,1394,6069731,12165120
7962,5.12695,3873,1394,6074733,12165120
7963,5.34058,3873,1394,6074790,12165120
7964,5.15747,3873,1394,6082536,12165120
7965,5.09644,3873,1394,6085990,12165120
7966,5.44739,3873,1394,6093429,12165120
7967,4.89807,3873,1394,6099490,12165120
7968,5.12695,3873,1394,6104272,12165120
7969,5.38635,3873,1394,6111737,12165120
7970,5.09644,3873,1394,6119120,12165120
7971,5.06592,3873,1394,6126721,12165120
7972,5.46265,3873,1394,6127085,12165120
7973,5.09644,3873,1394,6136068,12165120
7974,5.02014,3873,1394,6147326,12165120
7975,5.08118,3873,1394,6153966,12165120
7976,5.7373,3873,1394,6161057,12165120
7977,5.11169,3873,1394,6165198,12165120
7978,4.95911,3873,1394,6178591,12165120
7979,5.58472,3873,1394,6184125,12165120
7980,5.35583,3873,1394,6199816,12165120
7981,4.86755,3873,1394,6206070,12165120
7982,5.31006,3873,1394,6214898,12165120
7983,5.50842,3873,1394,6222895,12165120
7984,5.15747,3873,1394,6239343,12165120
7985,5.78308,3873,1394,6250228,12165120
7986,4.50134,3873,1394,6272449,12165120
7987,5.14221,3873,1394,6288274,12165120
7988,5.34058,3873,1394,6314082,12165120
7989,5.52368,3873,1394,6325697,12165120
7990,5.37109,3873,1394,6345772,12165120
7991,5.31006,3873,1394,6364034,12165120
7992,4.91333,3873,1394,6379216,12165120
7993,5.43213,3873,1394,6414701,12165120
7994,5.24902,3873,1394,6440855,12165120
7995,5.37109,3873,1394,6453153,12165120
7996,5.00488,3873,1394,6482177,12165120
7997,5.5542,3873,1394,6495672,12165120
7998,5.56946,3873,1394,6503503,12165120
7999,5.00488,3873,1394,6511613,12165120
8000,5.47791,3873,1394,6504372,12165120
8001,5.93567,3873,1394,6485173,12165120
8002,4.94385,3873,1394,6480385,12165120
8003,5.08118,3873,1394,6421543,12165120
8004,5.96619,3873,1394,6358606,12165120
8005,4.95911,3873,1394,6320055,12165120
8006,5.41687,3873,1394,6316202,12165120
8007,5.49316,3873,1394,6294468,12165120
8008,5.27954,3873,1394,6294778,12165120
8009,5.12695,3873,1394,6304321,12165120
8010,5.14221,3873,1394,6312743,12165120
8011,5.72205,3873,1394,6331469,12165120
8012,5.56946,3873,1394,6354823,12165120
8013,4.56238,3873,1394,6368887,12165120
8014,5.50842,3873,1394,6390266,12165120
8015,5.09644,3873,1394,6415045,12165120
8016,5.26428,3873,1394,6427356,12165120
8017,5.67627,3873,1394,6439201,12165120
8018,5.43213,3873,1394,6463176,12165120
8019,4.88281,3873,1394,6476669,12165120
8020,5.53894,3873,1394,6493078,12165120
8021,5.41687,3873,1394,6501599,12165120
8022,5.23376,3873,1394,6509425,12165120
8023,5.43213,3873,1394,6518861,12165120
8024,5.53894,3873,1394,6522608,12165120
8025,5.18799,3873,1394,6526686,12165120
8026,5.38635,3873,1394,6535812,12165120
8027,5.15747,3873,1394,6535736,12165120
8028,5.46265,3873,1394,6528795,12165120
8029,6.11877,3873,1394,6525608,12165120
8030,5.08118,3873,1394,6527085,12165120
8031,4.97437,3873,1394,6518852,12165120
8032,5.56946,3873,1394,6518297,12165120
8033,5.26428,3873,1394,6512330,12165120
8034,5.43213,3873,1394,6511595,12165120
8035,5.7373,3873,1394,6508497,12165120
8036,5.15747,3873,1394,6508999,12165120
8037,5.44739,3873,1394,6505852,12165120
8038,5.56946,3873,1394,6504758,12165120
8039,5.31006,3873,1394,6500520,12165120
8040,5.56946,3873,1394,6494307,12165120
8041,5.47791,3873,1394,6486549,12165120
8042,5.32532,3873,1394,6476669,12165120
8043,5.32532,3873,1394,6465255,12165120
8044,5.47791,3873,1394,6454593,12165120
8045,5.8136,3873,1394,6447803,12165120
8046,5.27954,3873,1394,6439635,12165120
8047,5.20325,3873,1394,6432436,12165120
8048,5.59998,3873,1394,6432435,12165120
8049,5.37109,3873,1394,6429933,12165120
8050,5.09644,3873,1394,6429650,12165120
8051,5.61523,3873,1394,6430841,12165120
8052,5.50842,3873,1394,6433532,12165120
8053,5.23376,3873,1394,6435691,12165120
8054,5.5542,3873,1394,6435937,12165120
8055,5.26428,3873,1394,6438202,12165120
8056,5.24902,3873,1394,6443407,12165120
8057,5.70679,3873,1394,6443322,12165120
8058,5.2948,3873,1394,6443948,12165120
8059,5.21851,3873,1394,6444228,12165120
8060,5.84412,3873,1394,6444092,12165120
8061,5.26428,3873,1394,6446798,12165120
8062,5.34058,3873,1394,6443907,12165120
8063,5.63049,3873,1394,6446260,12165120
8064,5.32532,3873,1394,6448858,12165120
8065,5.34058,3873,1394,6445720,12165120
8066,5.64575,3873,1394,6441883,12165120
8067,5.44739,3873,1394,6439371,12165120
8068,5.18799,3873,1394,6431827,12165120
8069,5.41687,3873,1392,6429850,12165120
8070,5.37109,3873,1392,6425939,12165120
8071,5.40161,3873,1392,6426759,12165120
8072,5.59998,3873,1392,6427589,12165120
8073,5.24902,3873,1392,6432801,12165120
8074,5.17273,3873,1392,6435742,12165120
8075,5.63049,3873,1392,6442701,12165120
8076,5.24902,3873,1392,6448469,12165120
8077,5.35583,3873,1392,6454242,12165120
8078,5.5542,3873,1392,6455444,12165120
8079,5.31006,3873,1392,6458904,12165120
8080,5.26428,3873,1392,6452966,12165120
8081,5.49316,3873,1392,6450338,12165120
8082,5.59998,3873,1392,6446568,12165120
8083,5.21851,3873,1392,6434931,12165120
8084,5.72205,3873,1392,6427106,12165120
8085,5.40161,3873,1392,6418848,12165120
8086,5.26428,3873,1392,6408848,12165120
8087,5.44739,3873,1392,6385499,12165120
8088,5.70679,3873,1392,6387815,12165120
8089,5.7373,3873,1392,6375384,12165120
8090,5.06592,3873,1392,6364884,12165120
8091,5.44739,3873,1392,6357291,12165120
8092,5.34058,3873,1392,6358203,12165120
8093,5.52368,3873,1393,6360510,12165120
8094,5.52368,3873,1393,6363414,12165120
8095,5.46265,3873,1393,6364168,12165120
8096,5.35583,3873,1393,6367588,12165120
8097,5.66101,3873,1393,6369912,12165120
8098,5.49316,3873,1393,6370113,12165120
8099,5.46265,3873,1393,6367422,12165120
8100,5.90515,3873,1393,6360112,12165120
8101,5.53894,3873,1393,6350688,12165120
8102,5.32532,3873,1393,6340252,12165120
8103,5.72205,3873,1393,6335892,12165120
8104,5.35583,3873,1393,6337875,12165120
8105,5.35583,3873,1393,6343082,12165120
8106,5.63049,3873,1393,6346805,12165120
8107,5.27954,3873,1393,6353028,12165120
8108,5.2948,3873,1393,6356940,12165120
8109,6.17981,3873,1393,6358389,12165120
8110,4.85229,3873,1393,6355055,12165120
8111,5.40161,3873,1393,6357206,12165120
8112,5.47791,3873,1393,6362140,12165120
8113,5.46265,3873,1393,6364266,12165120
8114,5.26428,3873,1393,6362476,12165120
8115,5.76782,3873,1393,6359505,12165120
8116,5.24902,3873,1393,6351992,12165120
8117,5.24902,3873,1393,6345265,12165120
8118,5.75256,3873,1393,6335562,12165120
8119,5.31006,3873,1393,6330846,12165120
8120,5.37109,3873,1393,6320073,12165120
8121,5.8136,3873,1393,6316748,12165120
8122,5.09644,3873,1393,6314258,12165120
8123,5.2948,3873,1393,6316907,12165120
8124,5.64575,3873,1393,6320114,12165120
8125,5.63049,3873,1393,6325703,12165120
8126,5.11169,3873,1393,6337358,12165120
8127,5.93567,3873,1393,6351167,12165120
8128,5.06592,3873,1393,6364869,12165120
8129,5.34058,3873,1393,6377506,12165120
8130,5.66101,3873,1393,6392280,12165120
8131,5.12695,3873,1393,6402101,12165120
8132,5.50842,3873,1393,6405919,12165120
8133,5.38635,3873,1393,6398818,12165120
8134,5.49316,3873,1393,6393300,12165120
8135,5.50842,3873,1393,6386027,12165120
8136,5.26428,3873,1393,6383976,12165120
8137,5.8136,3873,1393,6379131,12165120
8138,5.32532,3873,1393,6374014,12165120
8139,5.15747,3873,1393,6370583,12165120
8140,5.5542,3873,1393,6366004,12165120
8141,5.34058,3873,1393,6364647,12165120
8142,5.40161,3873,1393,6373306,12165120
8143,5.41687,3873,1393,6383796,12165120
8144,5.84412,3873,1393,6386243,12165120
8145,4.88281,3873,1393,6386754,12165120
8146,5.53894,3873,1393,6376078,12165120
8147,5.27954,3873,1393,6362769,12165120
8148,5.40161,3873,1393,6348695,12165120
8149,5.63049,3873,1393,6332280,12165120
8150,5.38635,3873,1393,6329977,12165120
8151,5.44739,3873,1393,6343262,12165120
8152,5.5542,3873,1393,6357041,12165120
8153,5.40161,3873,1393,6365003,12165120
8154,5.34058,3873,1393,6369958,12165120
8155,5.63049,3873,1393,6382176,12165120
8156,5.34058,3873,1393,6385520,12165120
8157,5.35583,3873,1393,6388126,12165120
8158,5.93567,3873,1393,6384173,12165120
8159,5.31006,3873,1393,6382995,12165120
8160,5.50842,3873,1393,6373325,12165120
8161,5.59998,3873,1393,6359317,12165120
8162,5.32532,3873,1393,6337916,12165120
8163,5.44739,3873,1393,6313060,12165120
8164,5.8136,3873,1393,6296448,12165120
8165,5.17273,3873,1393,6289656,12165120
8166,5.56946,3873,1393,6272022,12165120
8167,5.47791,3873,1393,6257616,12165120
8168,5.2948,3873,1393,6251793,12165120
8169,5.49316,3873,1393,6242686,12165120
8170,5.66101,3873,1393,6229018,12165120
8171,5.24902,3873,1393,6214189,12165120
8172,5.32532,3873,1393,6191622,12165120
8173,5.50842,3873,1393,6163272,12165120
8174,5.2948,3873,1393,6132890,12165120
8175,5.34058,3873,1393,6099345,12165120
8176,5.63049,3873,1393,6058757,12165120
8177,5.06592,3873,1393,6025066,12165120
8178,5.21851,3873,1393,5986485,12165120
8179,5.50842,3873,1393,5960834,12165120
8180,5.40161,3873,1393,5946082,12165120
8181,5.64575,3873,1393,5939890,12165120
8182,5.06592,3873,1393,5930890,12165120
8183,5.27954,3873,1393,5922242,12165120
8184,5.2948,3873,1393,5910653,12165120
8185,5.31006,3873,1393,5905140,12165120
8186,5.24902,3873,1393,5897910,12165120
8187,5.24902,3873,1393,5892715,12165120
8188,5.00488,3873,1393,5803926,12165120
8189,5.41687,3873,1393,5855680,12165120
8190,5.06592,3873,1393,5957781,12165120
8191,5.24902,3873,1393,6094672,12165120
8192,5.40161,3873,1393,6261915,12165120
8193,5.20325,3873,1393,6299960,12165120
8194,5.20325,3873,1393,6330966,12165120
8195,5.50842,3873,1393,6362019,12165120
8196,5.14221,3873,1393,6362300,12165120
8197,5.06592,3873,1393,6377361,12165120
8198,5.06592,3873,1393,6409050,12165120
8199,5.49316,3873,1393,6430253,12165120
8200,4.88281,3873,1393,6443125,12165120
8201,5.38635,3873,1393,6444150,12165120
8202,4.79126,3873,1393,6475192,12165120
8203,4.95911,3873,1393,6496674,12165120
8204,4.98962,3873,1393,6518916,12165120
8205,5.2948,3873,1393,6530709,12165120
8206,4.97437,3873,1393,6536911,12165120
8207,4.82178,3873,1393,6541214,12165120
8208,5.47791,3873,1393,6538788,12165120
8209,4.776,3873,1393,6529649,12165120
8210,5.15747,3873,1393,6527622,12165120
8211,4.83704,3873,1393,6512685,12165120
8212,5.50842,3873,1393,6500390,12165120
8213,4.88281,3873,1393,6487973,12165120
8214,4.98962,3873,1393,6471963,12165120
8215,5.11169,3873,1393,6455686,12165120
8216,4.98962,3873,1393,6444948,12165120
8217,4.98962,3873,1393,6432279,12165120
8218,5.32532,3873,1393,6421455,12165120
8219,4.98962,3873,1393,6411135,12165120
8220,4.83704,3873,1393,6406915,12165120
8221,5.17273,3873,1393,6397263,12165120
8222,5.31006,3873,1393,6400070,12165120
8223,5.02014,3873,1393,6404660,12165120
8224,4.86755,3873,1393,6409896,12165120
8225,5.49316,3873,1393,6414018,12165120
8226,4.86755,3873,1393,6424350,12165120
8227,4.63867,3873,1393,6428027,12165120
8228,5.34058,3873,1393,6436544,12165120
8229,5.08118,3873,1393,6446316,12165120
8230,4.85229,3873,1393,6447795,12165120
8231,5.41687,3873,1393,6451070,12165120
8232,4.88281,3873,1393,6458910,12165120
8233,4.79126,3873,1393,6458187,12165120
8234,5.27954,3873,1393,6441562,12165120
8235,5.20325,3873,1393,6478294,12165120
8236,4.63867,3873,1393,6478490,12165120
8237,5.0354,3873,1393,6481563,12165120
8238,5.38635,3873,1393,6489869,12165120
8239,4.69971,3873,1393,6490137,12165120
8240,4.85229,3873,1393,6500660,12165120
8241,5.31006,3873,1393,6502521,12165120
8242,4.95911,3873,1393,6503438,12165120
8243,4.85229,3873,1393,6508990,12165120
8244,4.92859,3873,1393,6508217,12165120
8245,5.15747,3873,1393,6511569,12165120
8246,4.94385,3873,1393,6510819,12165120
8247,4.97437,3873,1393,6514987,12165120
8248,5.18799,3873,1393,6514413,12165120
8249,5.0354,3873,1393,6517814,12165120
8250,4.88281,3873,1393,6519720,12165120
8251,5.08118,3873,1393,6520087,12165120
8252,5.14221,3873,1393,6519791,12165120
8253,4.79126,3873,1393,6525885,12165120
8254,4.86755,3873,1393,6528402,12165120
8255,5.15747,3873,1393,6528184,12165120
8256,4.91333,3873,1393,6529815,12165120
8257,4.94385,3873,1393,6531183,12165120
8258,5.24902,3873,1390,6529061,12165120
8259,4.91333,3873,1390,6533452,12165120
8260,4.92859,3873,1390,6535951,12165120
8261,5.06592,3873,1390,6536843,12165120
8262,4.89807,3873,1390,6539521,12165120
8263,5.02014,3873,1390,6540216,12165120
8264,4.83704,3873,1390,6543638,12165120
8265,5.44739,3873,1390,6544164,12165120
8266,4.85229,3873,1390,6548862,12165120
8267,4.97437,3873,1390,6550946,12165120
8268,5.12695,3873,1390,6552435,12165120
8269,4.88281,3873,1390,6553436,12165120
8270,4.92859,3873,1390,6557861,12165120
8271,5.32532,3873,1390,6563505,12165120
8272,4.92859,3873,1390,6564615,12165120
8273,5.02014,3873,1390,6566450,12165120
8274,4.79126,3873,1390,6569184,12165120
8275,5.17273,3873,1390,6570326,12165120
8276,4.86755,3873,1390,6570353,12165120
8277,4.80652,3873,1390,6573572,12165120
8278,5.23376,3873,1390,6568802,12165120
8279,4.88281,3873,1390,6576316,12165120
8280,4.88281,3873,1390,6578522,12165120
8281,5.20325,3873,1390,6573984,12165120
8282,5.06592,3873,1390,6583016,12165120
8283,4.89807,3873,1390,6585358,12165120
8284,5.41687,3873,1390,6586385,12165120
8285,4.97437,3873,1390,6585857,12165120
8286,5.02014,3873,1390,6583377,12165120
8287,4.92859,3873,1390,6586856,12165120
8288,5.26428,3873,1390,6583147,12165120
8289,5.46265,3873,1390,6584731,12165120
8290,4.91333,3873,1390,6588625,12165120
8291,5.24902,3873,1390,6588993,12165120
8292,4.80652,3873,1390,6585765,12165120
8293,5.50842,3873,1390,6585786,12165120
8294,4.776,3873,1390,6582834,12165120
8295,5.20325,3873,1390,6589540,12165120
8296,5.2948,3873,1390,6588404,12165120
8297,4.79126,3873,1390,6590918,12165120
8298,5.47791,3873,1390,6593867,12165120
8299,4.54712,3873,1390,6592298,12165120
8300,4.74548,3873,1390,6593708,12165120
8301,5.38635,3873,1390,6600483,12165120
8302,5.24902,3873,1390,6604925,12165120
8303,4.73022,3873,1390,6604804,12165120
8304,5.27954,3873,1390,6606827,12165120
8305,4.86755,3873,1390,6607928,12165120
8306,4.83704,3873,1390,6610302,12165120
8307,5.14221,3873,1390,6601834,12165120
8308,5.32532,3873,1390,6598364,12165120
8309,4.98962,3873,1390,6595297,12165120
8310,5.27954,3873,1390,6591617,12165120
8311,5.02014,3873,1390,6585558,12165120
8312,4.63867,3873,1390,6588519,12165120
8313,5.18799,3873,1390,6583808,12165120
8314,5.14221,3873,1390,6578538,12165120
8315,4.89807,3873,1390,6572928,12165120
8316,5.26428,3873,1390,6567591,12165120
8317,5.24902,3873,1390,6563579,12165120
8318,5.05066,3873,1390,6559950,12165120
8319,4.50134,3873,1390,6557980,12165120
8320,5.12695,3873,1390,6553958,12165120
8321,5.11169,3873,1390,6567579,12165120
8322,5.00488,3873,1390,6566843,12165120
8323,5.11169,3873,1390,6561902,12165120
8324,5.11169,3873,1390,6551671,12165120
8325,4.65393,3873,1390,6549469,12165120
8326,5.31006,3873,1390,6531899,12165120
8327,4.776,3873,1390,6518885,12165120
8328,5.34058,3873,1390,6516545,12165120
8329,5.35583,3873,1390,6502299,12165120
8330,4.82178,3873,1390,6482223,12165120
8331,4.89807,3873,1390,6481140,12165120
8332,4.89807,3873,1390,6474792,12165120
8333,4.74548,3873,1390,6466552,12165120
8334,5.14221,3873,1390,6469916,12165120
8335,5.08118,3873,1390,6459730,12165120
8336,4.80652,3873,1390,6460112,12165120
8337,4.62341,3873,1390,6455185,12165120
8338,5.35583,3873,1390,6454366,12165120
8339,4.65393,3873,1390,6459910,12165120
8340,4.74548,3873,1390,6461265,12165120
8341,5.26428,3873,1390,6456284,12165120
8342,4.74548,3873,1390,6461469,12165120
8343,5.11169,3873,1390,6465077,12165120
8344,4.94385,3873,1390,6471861,12165120
8345,4.94385,3873,1390,6473511,12165120
8346,4.80652,3873,1390,6478951,12165120
8347,5.09644,3873,1390,6482170,12165120
8348,4.92859,3873,1390,6483289,12165120
8349,5.0354,3873,1390,6483203,12165120
8350,4.88281,3873,1390,6483164,12165120
8351,5.11169,3873,1390,6480184,12165120
8352,4.82178,3873,1390,6482309,12165120
8353,4.69971,3873,1390,6474218,12165120
8354,5.27954,3873,1390,6470007,12165120
8355,4.97437,3873,1390,6467171,12165120
8356,4.82178,3873,1390,6463812,12165120
8357,4.92859,3873,1390,6455681,12165120
8358,5.21851,3873,1390,6452202,12165120
8359,4.76074,3873,1390,6447073,12165120
8360,4.71497,3873,1390,6443873,12165120
8361,5.17273,3873,1390,6439091,12165120
8362,5.02014,3873,1390,6436278,12165120
8363,4.82178,3873,1390,6432053,12165120
8364,5.20325,3873,1390,6428882,12165120
8365,4.82178,3873,1390,6426572,12165120
8366,5.08118,3873,1390,6421740,12165120
8367,4.71497,3873,1390,6420681,12165120
8368,5.14221,3873,1390,6419513,12165120
8369,5.02014,3873,1390,6414527,12165120
8370,4.86755,3873,1390,6410732,12165120
8371,5.32532,3873,1390,6402556,12165120
8372,4.71497,3873,1390,6399972,12165120
8373,4.82178,3873,1390,6392743,12165120
8374,5.14221,3873,1390,6387063,12165120
8375,4.89807,3873,1390,6383568,12165120
8376,5.27954,3873,1390,6377779,12165120
8377,4.85229,3873,1390,6370764,12165120
8378,5.15747,3873,1390,6364829,12165120
8379,4.73022,3873,1390,6355530,12165120
8380,4.98962,3873,1390,6351933,12165120
8381,4.95911,3873,1390,6344140,12165120
8382,5.17273,3873,1390,6341567,12165120
8383,4.82178,3873,1390,6337091,12165120
8384,5.27954,3873,1390,6334937,12165120
8385,4.65393,3873,1390,6327524,12165120
8386,4.88281,3873,1390,6327528,12165120
8387,5.00488,3873,1390,6321037,12165120
8388,5.11169,3873,1390,6319944,12165120
8389,5.08118,3873,1390,6312488,12165120
8390,4.91333,3873,1390,6311428,12165120
8391,5.52368,3873,1390,6302268,12165120
8392,4.62341,3873,1390,6292873,12165120
8393,4.82178,3873,1390,6281829,12165120
8394,5.20325,3873,1390,6277168,12165120
8395,4.82178,3873,1390,6269998,12165120
8396,5.69153,3873,1390,6264518,12165120
8397,4.83704,3873,1390,6248369,12165120
8398,5.32532,3873,1390,6247890,12165120
8399,4.73022,3873,1390,6240393,12165120
8400,5.31006,3873,1390,6236635,12165120
8401,4.85229,3873,1390,6228842,12165120
8402,4.5929,3873,1390,6220315,12165120
8403,4.80652,3873,1390,6214656,12165120
8404,5.58472,3873,1390,6205859,12165120
8405,4.48608,3873,1390,6193566,12165120
8406,4.86755,3873,1390,6192799,12165120
8407,4.92859,3873,1390,6188021,12165120
8408,5.00488,3873,1390,6182008,12165120
8409,4.91333,3873,1390,6178658,12165120
8410,5.12695,3873,1390,6172756,12165120
8411,4.776,3873,1390,6170049,12165120
8412,4.74548,3873,1390,6174768,12165120
8413,5.21851,3873,1390,6176682,12165120
8414,4.60815,3873,1390,6177635,12165120
8415,5.32532,3873,1390,6197775,12165120
8416,5.44739,3873,1390,6200081,12165120
8417,4.31824,3873,1390,6196920,12165120
8418,4.94385,3873,1390,6195928,12165120
8419,5.24902,3873,1390,6199426,12165120
8420,4.82178,3873,1390,6191882,12165120
8421,5.06592,3873,1390,6185378,12165120
8422,4.88281,3873,1390,6182208,12165120
8423,5.05066,3873,1390,6185229,12165120
8424,5.17273,3873,1390,6181743,12165120
8425,4.92859,3873,1390,6180791,12165120
8426,4.71497,3873,1390,6174847,12165120
8427,5.08118,3873,1390,6179648,12165120
8428,5.17273,3873,1390,6175246,12165120
8429,4.95911,3873,1390,6162511,12165120
8430,5.08118,3873,1390,6164729,12165120
8431,5.15747,3873,1390,6163789,12165120
8432,4.85229,3873,1390,6153966,12165120
8433,4.89807,3873,1390,6151370,12165120
8434,5.2948,3873,1390,6147824,12165120
8435,4.95911,3873,1390,6135025,12165120
8436,5.15747,3873,1390,6126109,12165120
8437,4.71497,3873,1390,6114191,12165120
8438,5.2948,3873,1390,6112645,12165120
8439,4.98962,3873,1390,6100920,12165120
8440,4.82178,3873,1390,6088570,12165120
8441,5.05066,3873,1390,6066629,12165120
8442,4.89807,3873,1390,6061793,12165120
8443,5.11169,3873,1390,6062796,12165120
8444,5.00488,3873,1390,6039671,12165120
8445,4.97437,3873,1390,6028717,12165120
8446,4.88281,3873,1390,6012282,12165120
8447,4.60815,3873,1390,5981598,12165120
8448,5.40161,3873,1390,5967172,12165120
8449,4.66919,3873,1390,5933549,12165120
8450,5.00488,3873,1390,5890186,12165120
8451,5.17273,3873,1390,5825748,12165120
8452,4.56238,3873,1390,5779040,12165120
8453,5.18799,3873,1390,5752858,12165120
8454,4.85229,3873,1390,5711491,12165120
8455,5.66101,3873,1390,5646951,12165120
8456,4.66919,3873,1390,5607282,12165120
8457,5.46265,3873,1390,5564507,12165120
8458,4.97437,3873,1390,5487191,12165120
8459,4.97437,3873,1390,5439625,12165120
8460,5.35583,3873,1390,5387664,12165120
8461,5.0354,3873,1390,5320892,12165120
8462,4.94385,3873,1390,5400603,12165120
8463,5.53894,3873,1390,6011944,12165120
8464,4.86755,3873,1390,6302935,12165120
8465,4.92859,3873,1390,6343436,12165120
8466,5.52368,3873,1390,6313166,12165120
8467,4.73022,3873,1390,6299651,12165120
8468,4.97437,3873,1390,6288120,12165120
8469,4.83704,3873,1390,6265601,12165120
8470,4.53186,3873,1390,6244771,12165120
8471,4.63867,3873,1390,6243312,12165120
8472,4.65393,3873,1390,6240184,12165120
8473,4.28772,3873,1390,6246263,12165120
8474,4.71497,3873,1390,6239099,12165120
8475,4.82178,3873,1390,6240994,12165120
8476,4.40979,3873,1390,6247656,12165120
8477,4.69971,3873,1390,6244127,12165120
8478,5.34058,3873,1390,6241052,12165120
8479,3.98254,3873,1390,6243581,12165120
8480,4.69971,3873,1390,6238094,12165120
8481,4.31824,3873,1390,6243263,12165120
8482,4.776,3873,1390,6244637,12165120
8483,4.71497,3873,1390,6244917,12165120
8484,4.48608,3873,1390,6248584,12165120
8485,4.88281,3873,1390,6219855,12165120
8486,4.53186,3873,1390,5947574,12165120
8487,4.80652,3873,1390,5806953,12165120
8488,4.74548,3873,1390,5872805,12165120
8489,4.776,3873,1390,5975524,12165120
8490,4.76074,3873,1390,6046184,12165120
8491,4.68445,3873,1390,6110239,12165120
8492,4.37927,3873,1390,6167729,12165120
8493,5.27954,3873,1390,6198353,12165120
8494,4.5929,3873,1390,6192887,12165120
8495,4.50134,3873,1390,6188152,12165120
8496,5.50842,3873,1390,6181214,12165120
8497,4.18091,3873,1390,6176196,12165120
8498,4.776,3873,1390,6175536,12165120
8499,4.57764,3873,1390,6173172,12165120
8500,5.08118,3873,1390,6173730,12165120
8501,4.79126,3873,1390,6171408,12165120
8502,4.47083,3873,1390,6170963,12165120
8503,4.79126,3873,1390,6167721,12165120
8504,4.88281,3873,1390,6171784,12165120
8505,4.74548,3873,1390,6177193,12165120
8506,4.28772,3873,1390,6172450,12165120
8507,5.18799,3873,1390,6180790,12165120
8508,4.5166,3873,1390,6183459,12165120
8509,4.82178,3873,1390,6179745,12165120
8510,4.85229,3873,1390,6190138,12165120
8511,4.42505,3873,1390,6183284,12165120
8512,5.18799,3873,1390,6188996,12165120
8513,4.60815,3873,1390,6192216,12165120
8514,4.60815,3873,1390,6198415,12165120
8515,4.80652,3873,1390,6206269,12165120
8516,4.48608,3873,1390,6211181,12165120
8517,5.12695,3873,1390,6205807,12165120
8518,4.57764,3873,1390,6196268,12165120
8519,4.76074,3873,1390,6197062,12165120
8520,4.776,3873,1390,6191073,12165120
8521,5.0354,3873,1390,6176047,12165120
8522,4.54712,3873,1390,6176550,12165120
8523,4.85229,3873,1390,6173294,12165120
8524,5.12695,3873,1390,6145655,12165120
8525,4.44031,3873,1390,6148082,12165120
8526,4.68445,3873,1390,6132187,12165120
8527,4.95911,3873,1390,6121317,12165120
8528,5.14221,3873,1390,6114572,12165120
8529,4.83704,3873,1390,6122489,12165120
8530,4.36401,3873,1390,6107952,12165120
8531,5.20325,3873,1390,6095212,12165120
8532,4.73022,3873,1390,6077528,12165120
8533,4.65393,3873,1390,6077263,12165120
8534,5.27954,3873,1390,6031682,12165120
8535,4.92859,3873,1390,6024026,12165120
8536,4.63867,3873,1390,6024583,12165120
8537,4.76074,3873,1390,6000179,12165120
8538,5.27954,3873,1390,5973362,12165120
8539,4.56238,3873,1390,5972861,12165120
8540,5.24902,3873,1390,5947441,12165120
8541,4.97437,3873,1390,5927103,12165120
8542,4.71497,3873,1390,5927828,12165120
8543,4.92859,3873,1390,5915560,12165120
8544,5.08118,3873,1390,5900304,12165120
8545,4.86755,3873,1390,5903100,12165120
8546,5.08118,3873,1390,5899888,12165120
8547,5.08118,3873,1390,5896799,12165120
8548,4.80652,3873,1390,5896955,12165120
8549,4.86755,3873,1390,5890040,12165120
8550,5.06592,3873,1390,5882767,12165120
8551,4.86755,3873,1390,5883224,12165120
8552,5.02014,3873,1390,5874806,12165120
8553,4.91333,3873,1390,5873322,12165120
8554,4.5929,3873,1390,5875049,12165120
8555,5.40161,3873,1390,5873454,12165120
8556,4.56238,3873,1390,5875209,12165120
8557,5.17273,3873,1390,5872786,12165120
8558,5.27954,3873,1390,5867488,12165120
8559,5.06592,3873,1390,5868202,12165120
8560,4.28772,3873,1390,5864688,12165120
8561,4.97437,3873,1390,5869308,12165120
8562,5.0354,3873,1390,5868347,12165120
8563,4.85229,3873,1390,5867506,12165120
8564,4.89807,3873,1390,5869577,12165120
8565,5.2948,3873,1390,5868691,12165120
8566,4.79126,3873,1390,5868845,12165120
8567,4.89807,3873,1390,5868693,12165120
8568,5.23376,3873,1390,5867827,12165120
8569,4.74548,3873,1390,5867897,12165120
8570,4.98962,3873,1390,5866713,12165120
8571,4.91333,3873,1390,5869213,12165120
8572,4.94385,3873,1390,5868571,12165120
8573,4.76074,3873,1390,5870456,12165120
8574,4.89807,3873,1390,5870191,12165120
8575,5.52368,3873,1390,5869107,12165120
8576,4.66919,3873,1390,5868438,12165120
8577,4.65393,3873,1390,5869494,12165120
8578,5.17273,3873,1390,5869403,12165120
8579,5.00488,3873,1390,5870685,12165120
8580,4.73022,3873,1390,5870912,12165120
8581,5.05066,3873,1390,5872985,12165120
8582,5.02014,3873,1390,5872338,12165120
8583,4.82178,3873,1390,5871707,12165120
8584,4.89807,3873,1390,5872841,12165120
8585,4.95911,3873,1390,5874646,12165120
8586,4.73022,3873,1390,5875334,12165120
8587,4.95911,3873,1390,5877963,12165120
8588,4.98962,3873,1390,5878172,12165120
8589,5.09644,3873,1390,5878105,12165120
8590,4.94385,3873,1390,5883777,12165120
8591,5.17273,3873,1390,5882935,12165120
8592,4.85229,3873,1390,5883031,12165120
8593,4.98962,3873,1390,5883002,12165120
8594,4.92859,3873,1390,5882797,12165120
8595,4.86755,3873,1390,5884909,12165120
8596,4.73022,3873,1390,5888305,12165120
8597,4.92859,3873,1390,5887066,12165120
8598,5.00488,3873,1390,5891910,12165120
8599,5.0354,3873,1390,5889835,12165120
8600,4.60815,3873,1390,5893732,12165120
8601,4.83704,3873,1390,5893314,12165120
8602,5.50842,3873,1390,5898660,12165120
8603,4.40979,3873,1390,5894035,12165120
8604,5.0354,3873,1390,5898715,12165120
8605,5.27954,3873,1390,5901160,12165120
8606,4.45557,3873,1390,5904075,12165120
8607,5.40161,3873,1390,5904753,12165120
8608,4.68445,3873,1390,5907475,12165120
8609,4.76074,3873,1390,5910610,12165120
8610,5.09644,3873,1390,5913753,12165120
8611,4.74548,3873,1390,5912340,12165120
8612,4.89807,3873,1390,5918442,12165120
8613,5.02014,3873,1390,5925200,12165120
8614,4.76074,3873,1390,5925794,12165120
8615,4.68445,3873,1390,5929306,12165120
8616,5.20325,3873,1390,5930470,12165120
8617,4.95911,3873,1390,5934315,12165120
8618,4.39453,3873,1390,5937060,12165120
8619,5.27954,3873,1390,5942841,12165120
8620,4.76074,3873,1390,5948566,12165120
8621,4.82178,3873,1390,5953747,12165120
8622,5.20325,3873,1390,5956626,12165120
8623,4.50134,3873,1390,5965112,12165120
8624,5.17273,3873,1390,5968891,12165120
8625,4.62341,3873,1390,5978956,12165120
8626,4.97437,3873,1390,5981105,12165120
8627,4.94385,3873,1390,5990210,12165120
8628,4.83704,3873,1390,5997759,12165120
8629,4.68445,3873,1390,6008964,12165120
8630,4.97437,3873,1390,6008403,12165120
8631,4.74548,3873,1390,6024457,12165120
8632,4.66919,3873,1390,5998693,12165120
8633,5.32532,3873,1390,6034301,12165120
8634,4.5166,3873,1390,6046560,12165120
8635,4.79126,3873,1390,6042713,12165120
8636,5.41687,3873,1390,6057674,12165120
8637,4.69971,3873,1390,6062314,12165120
8638,4.53186,3873,1390,6066832,12165120
8639,5.26428,3873,1390,6054749,12165120
8640,4.95911,3873,1390,6066381,12165120
8641,4.69971,3873,1390,6065589,12165120
8642,5.20325,3873,1390,6066822,12165120
8643,4.91333,3873,1390,6052331,12165120
8644,4.60815,3873,1390,6058059,12165120
8645,5.26428,3873,1390,6058382,12165120
8646,5.05066,3873,1390,6046293,12165120
8647,4.54712,3873,1390,6046992,12165120
8648,5.06592,3873,1390,6039668,12165120
8649,4.66919,3873,1390,6025701,12165120
8650,5.09644,3873,1390,6003414,12165120
8651,5.67627,3873,1390,5972237,12165120
8652,3.9978,3873,1390,5944894,12165120
8653,5.14221,3873,1390,5917318,12165120
8654,4.65393,3873,1390,5856216,12165120
8655,4.82178,3873,1390,5840979,12165120
8656,5.12695,3873,1390,5815688,12165120
8657,4.88281,3873,1390,5810868,12165120
8658,4.85229,3873,1390,5801637,12165120
8659,4.83704,3873,1390,5792823,12165120
8660,4.98962,3873,1390,5779610,12165120
8661,4.82178,3873,1390,5762844,12165120
8662,5.02014,3873,1390,5735888,12165120
8663,4.91333,3873,1390,5699790,12165120
8664,4.80652,3873,1390,5667697,12165120
8665,4.85229,3873,1390,5631896,12165120
8666,4.83704,3873,1390,5600594,12165120
8667,4.79126,3873,1390,5570629,12165120
8668,5.18799,3873,1390,5562444,12165120
8669,4.5929,3873,1390,5549198,12165120
8670,5.14221,3873,1390,5523472,12165120
8671,4.73022,3873,1390,5524651,12165120
8672,4.5929,3873,1390,5503234,12165120
8673,5.09644,3873,1390,5519254,12165120
8674,5.00488,3873,1390,5534388,12165120
8675,4.66919,3873,1390,5516183,12165120
8676,4.79126,3873,1390,5498018,12165120
8677,5.21851,3873,1390,5573037,12165120
8678,4.68445,3873,1390,5556659,12165120
8679,4.88281,3873,1390,5541215,12165120
8680,5.08118,3873,1390,5524690,12165120
8681,4.62341,3873,1390,5512406,12165120
8682,4.89807,3873,1390,5669752,12165120
8683,4.74548,3873,1390,5730052,12165120
8684,4.98962,3873,1390,5716464,12165120
8685,4.94385,3873,1390,5771794,12165120
8686,4.88281,3873,1390,5821787,12165120
8687,4.89807,3873,1390,5811939,12165120
8688,4.776,3873,1390,5864096,12165120
8689,4.5929,3873,1390,5933169,12165120
8690,4.92859,3873,1390,5918143,12165120
8691,4.89807,3873,1390,6000033,12165120
8692,4.65393,3873,1390,5994475,12165120
8693,5.18799,3873,1390,6036415,12165120
8694,4.91333,3873,1390,6100028,12165120
8695,4.39453,3873,1390,6093660,12165120
8696,5.14221,3873,1390,6164286,12165120
8697,4.97437,3873,1390,6191954,12165120
8698,4.69971,3873,1390,6189564,12165120
8699,4.73022,3873,1390,6241141,12165120
8700,5.09644,3873,1390,6276560,12165120
8701,5.11169,3873,1390,6277425,12165120
8702,4.91333,3873,1390,6275496,12165120
8703,4.89807,3873,1390,6357684,12165120
8704,5.00488,3873,1390,6358262,12165120
8705,5.11169,3873,1390,6415682,12165120
8706,4.85229,3873,1390,6451816,12165120
8707,4.89807,3873,1390,6457855,12165120
8708,5.59998,3873,1390,6399754,12165120
8709,4.65393,3873,1390,6322685,12165120
8710,4.76074,3873,1390,6316070,12165120
8711,5.40161,3873,1390,6257052,12165120
8712,4.97437,3873,1390,6220240,12165120
8713,4.57764,3873,1390,6214441,12165120
8714,5.46265,3873,1390,6188054,12165120
8715,4.85229,3873,1390,6164802,12165120
8716,4.776,3873,1390,6161574,12165120
8717,5.34058,3873,1390,6141540,12165120
8718,4.83704,3873,1390,6137919,12165120
8719,4.79126,3873,1390,6137145,12165120
8720,4.91333,3873,1390,6159237,12165120
8721,5.56946,3873,1390,6156711,12165120
8722,4.5166,3873,1390,6158696,12165120
8723,5.08118,3873,1390,6202315,12165120
8724,5.2948,3873,1390,6218755,12165120
8725,4.66919,3873,1390,6215370,12165120
8726,5.12695,3873,1390,6236347,12165120
8727,4.57764,3873,1390,6237285,12165120
8728,5.11169,3873,1390,6238438,12165120
8729,5.2948,3873,1390,6248097,12165120
8730,4.47083,3873,1390,6243246,12165120
8731,5.17273,3873,1390,6245421,12165120
8732,4.86755,3873,1390,6244014,12165120
8733,4.86755,3873,1390,6242925,12165120
8734,4.83704,3873,1390,6243697,12165120
8735,5.08118,3873,1390,6241532,12165120
8736,4.73022,3873,1390,6239410,12165120
8737,4.73022,3873,1390,6236463,12165120
8738,5.17273,3873,1390,6237102,12165120
8739,4.80652,3873,1390,6236816,12165120
8740,4.76074,3873,1390,6239397,12165120
8741,5.21851,3873,1390,6234984,12165120
8742,4.68445,3873,1390,6230858,12165120
8743,4.92859,3873,1390,6232779,12165120
8744,4.92859,3873,1390,6231004,12165120
8745,4.95911,3873,1390,6229761,12165120
8746,4.85229,3873,1390,6226548,12165120
8747,5.14221,3873,1390,6226791,12165120
8748,4.69971,3873,1390,6226518,12165120
8749,4.97437,3873,1390,6226178,12165120
8750,4.83704,3873,1390,6223696,12165120
8751,5.00488,3873,1390,6223439,12165120
8752,4.92859,3873,1390,6222976,12165120
8753,4.88281,3873,1390,6224509,12165120
8754,4.53186,3873,1390,6221291,12165120
8755,5.47791,3873,1390,6219843,12165120
8756,5.14221,3873,1390,6221908,12165120
8757,4.48608,3873,1390,6215560,12165120
8758,5.12695,3873,1390,6214808,12165120
8759,4.80652,3873,1390,6216476,12165120
8760,4.62341,3873,1390,6220300,12165120
8761,5.02014,3873,1390,6215993,12165120
8762,5.31006,3873,1390,6218342,12165120
8763,4.65393,3873,1390,6217780,12165120
8764,4.91333,3873,1390,6219061,12165120
8765,5.15747,3873,1390,6220159,12165120
8766,4.44031,3873,1390,6218892,12165120
8767,5.12695,3873,1390,6218722,12165120
8768,4.95911,3873,1390,6216917,12165120
8769,4.98962,3873,1390,6220084,12165120
8770,4.83704,3873,1390,6215150,12165120
8771,4.54712,3873,1390,6216033,12165120
8772,5.53894,3873,1390,6219018,12165120
8773,4.73022,3873,1390,6221733,12165120
8774,4.50134,3873,1390,6219151,12165120
8775,5.56946,3873,1390,6216956,12165120
8776,4.5166,3873,1390,6215820,12165120
8777,4.62341,3873,1390,6219411,12165120
8778,5.46265,3873,1390,6222951,12165120
8779,4.91333,3873,1390,6217919,12165120
8780,4.45557,3873,1390,6214990,12165120
8781,5.06592,3873,1390,6220070,12165120
8782,5.06592,3873,1390,6219050,12165120
8783,4.57764,3873,1390,6222239,12165120
8784,5.17273,3873,1390,6223366,12165120
8785,5.09644,3873,1390,6223966,12165120
8786,4.50134,3873,1390,6225081,12165120
8787,5.15747,3873,1390,6231733,12165120
8788,4.95911,3873,1390,6215296,12165120
8789,4.98962,3873,1390,6231136,12165120
8790,4.92859,3873,1390,6230710,12165120
8791,4.83704,3873,1390,6234317,12165120
8792,4.95911,3873,1390,6238906,12165120
8793,4.89807,3873,1390,6237604,12165120
8794,4.71497,3873,1390,6241803,12165120
8795,5.31006,3873,1390,6237979,12165120
8796,4.89807,3873,1390,6240407,12165120
8797,4.48608,3873,1390,6240614,12165120
8798,5.08118,3873,1390,6244738,12165120
8799,5.26428,3873,1390,6248823,12165120
8800,4.48608,3873,1390,6250358,12165120
8801,5.14221,3873,1390,6250553,12165120
8802,5.20325,3873,1390,6253704,12165120
8803,4.68445,3873,1390,6252557,12165120
8804,4.80652,3873,1390,6256649,12165120
8805,4.83704,3873,1390,6262279,12165120
8806,5.06592,3873,1390,6259560,12165120
8807,4.71497,3873,1390,6261456,12165120
8808,5.47791,3873,1390,6267031,12165120
8809,4.53186,3873,1390,6265590,12165120
8810,4.97437,3873,1390,6268480,12165120
8811,4.88281,3873,1390,6274291,12165120
8812,5.24902,3873,1390,6276198,12165120
8813,4.91333,3873,1390,6283087,12165120
8814,4.86755,3873,1390,6288571,12165120
8815,5.12695,3873,1390,6285096,12165120
8816,4.98962,3873,1390,6288347,12165120
8817,4.74548,3873,1390,6302477,12165120
8818,4.92859,3873,1390,6301979,12165120
8819,5.27954,3873,1390,6303219,12165120
8820,4.95911,3873,1390,6306854,12165120
8821,4.5929,3873,1390,6309243,12165120
8822,5.43213,3873,1390,6305620,12165120
8823,4.86755,3873,1390,6307184,12165120
8824,4.85229,3873,1390,6311346,12165120
8825,5.26428,3873,1390,6306716,12165120
8826,4.97437,3873,1390,6301286,12165120
8827,4.53186,3873,1390,6305632,12165120
8828,5.38635,3873,1390,6303593,12165120
8829,5.00488,3873,1390,6316560,12165120
8830,4.88281,3873,1390,6327055,12165120
8831,4.95911,3873,1390,6335510,12165120
8832,5.09644,3873,1390,6334995,12165120
8833,4.85229,3873,1390,6335484,12165120
8834,5.12695,3873,1390,6323568,12165120
8835,5.06592,3873,1390,6288396,12165120
8836,4.89807,3873,1390,6279490,12165120
8837,4.94385,3873,1390,6239384,12165120
8838,4.91333,3873,1390,6216993,12165120
8839,5.08118,3873,1390,6214557,12165120
8840,5.2948,3873,1390,6196175,12165120
8841,4.68445,3873,1390,6189382,12165120
8842,5.17273,3873,1390,6183278,12165120
8843,5.00488,3873,1390,6190198,12165120
8844,4.89807,3873,1390,6221085,12165120
8845,5.00488,3873,1390,6215224,12165120
8846,5.37109,3873,1390,6235769,12165120
8847,5.23376,3873,1390,6250771,12165120
8848,4.37927,3873,1390,6263663,12165120
8849,5.34058,3873,1390,6304035,12165120
8850,4.95911,3873,1390,6337890,12165120
8851,4.83704,3873,1390,6354619,12165120
8852,5.78308,3873,1390,6407725,12165120
8853,4.83704,3873,1390,6453827,12165120
8854,4.80652,3873,1390,6470873,12165120
8855,5.34058,3873,1390,6521938,12165120
8856,5.08118,3873,1390,6541123,12165120
8857,4.776,3873,1390,6548417,12165120
8858,5.43213,3873,1390,6579233,12165120
8859,5.08118,3873,1390,6599657,12165120
8860,4.83704,3873,1390,6619947,12165120
8861,5.49316,3873,1390,6647927,12165120
8862,5.14221,3873,1390,6683282,12165120
8863,4.60815,3873,1390,6698701,12165120
8864,5.21851,3873,1390,6739255,12165120
8865,4.89807,3873,1390,6773667,12165120
8866,5.17273,3873,1390,6791712,12165120
8867,4.89807,3873,1390,6814801,12165120
8868,5.27954,3873,1390,6823982,12165120
8869,4.89807,3873,1390,6822900,12165120
8870,4.776,3873,1390,6821310,12165120
8871,5.09644,3873,1390,6821649,12165120
8872,5.21851,3873,1390,6821906,12165120
8873,4.88281,3873,1390,6818964,12165120
8874,4.98962,3873,1390,6808662,12165120
8875,5.26428,3873,1390,6792290,12165120
8876,5.06592,3873,1390,6772394,12165120
8877,5.31006,3873,1390,6752251,12165120
8878,4.56238,3873,1390,6730272,12165120
8879,5.20325,3873,1390,6718569,12165120
8880,5.02014,3873,1390,6704057,12165120
8881,4.71497,3873,1390,6695721,12165120
8882,5.24902,3873,1390,6691206,12165120
8883,4.94385,3873,1390,6687708,12165120
8884,5.02014,3873,1390,6679324,12165120
8885,5.18799,3873,1390,6671021,12165120
8886,4.97437,3873,1390,6665586,12165120
8887,4.95911,3873,1390,6650753,12165120
8888,4.98962,3873,1390,6638175,12165120
8889,5.31006,3873,1390,6627829,12165120
8890,4.80652,3873,1390,6617247,12165120
8891,4.98962,3873,1390,6603345,12165120
8892,5.37109,3873,1390,6595434,12165120
8893,4.776,3873,1390,6585531,12165120
8894,4.86755,3873,1390,6569816,12165120
8895,5.34058,3873,1390,6565780,12165120
8896,4.89807,3873,1390,6546635,12165120
8897,4.82178,3873,1390,6541538,12165120
8898,5.17273,3873,1390,6531464,12165120
8899,5.05066,3873,1390,6526727,12165120
8900,4.79126,3873,1390,6519354,12165120
8901,4.88281,3873,1390,6510694,12165120
8902,5.35583,3873,1390,6509075,12165120
8903,4.68445,3873,1390,6504377,12165120
8904,4.89807,3873,1390,6505547,12165120
8905,5.21851,3873,1390,6505287,12165120
8906,4.83704,3873,1390,6504626,12165120
8907,5.17273,3873,1390,6503999,12165120
8908,4.63867,3873,1390,6502437,12165120
8909,5.47791,3873,1390,6502694,12165120
8910,4.71497,3873,1390,6503255,12165120
8911,4.68445,3873,1390,6500006,12165120
8912,5.15747,3873,1390,6502795,12165120
8913,4.83704,3873,1390,6501341,12165120
8914,4.89807,3873,1390,6500472,12165120
8915,5.11169,3873,1390,6501004,12165120
8916,4.97437,3873,1390,6497915,12165120
8917,4.89807,3873,1390,6502395,12165120
8918,5.14221,3873,1390,6503013,12165120
8919,4.98962,3873,1390,6498621,12165120
8920,4.82178,3873,1390,6499269,12165120
8921,4.85229,3873,1390,6494966,12165120
8922,5.27954,3873,1390,6498348,12165120
8923,6.37817,3873,1390,6497896,12165120
8924,4.91333,3873,1390,6498656,12165120
8925,4.34875,3873,1390,6496917,12165120
8926,4.15039,3873,1390,6493797,12165120
8927,4.69971,3873,1390,6493253,12165120
8928,4.88281,3873,1390,6488982,12165120
8929,5.24902,3873,1390,6487735,12165120
8930,4.5166,3873,1390,6485784,12165120
8931,4.88281,3873,1390,6483362,12165120
8932,4.80652,3873,1390,6486280,12165120
8933,4.65393,3873,1390,6481822,12165120
8934,5.47791,3873,1390,6480960,12165120
8935,4.28772,3873,1390,6474724,12165120
8936,5.09644,3873,1390,6477702,12165120
8937,4.79126,3873,1390,6474230,12165120
8938,4.97437,3873,1390,6472231,12165120
8939,4.92859,3873,1390,6473240,12165120
8940,5.23376,3873,1390,6473374,12165120
8941,4.60815,3873,1390,6468478,12165120
8942,5.34058,3873,1390,6466455,12165120
8943,4.65393,3873,1390,6465782,12165120
8944,4.91333,3873,1390,6466138,12165120
8945,6.43921,3873,1390,6462309,12165120
8946,5.32532,3873,1390,6459256,12165120
8947,5.09644,3873,1390,6458099,12165120
8948,4.86755,3873,1390,6459891,12165120
8949,5.69153,3873,1390,6457717,12165120
8950,4.776,3873,1390,6458260,12165120
8951,4.65393,3873,1390,6457601,12165120
8952,5.34058,3873,1390,6440496,12165120
8953,5.46265,3873,1390,6455227,12165120
8954,4.69971,3873,1390,6453527,12165120
8955,5.26428,3873,1390,6449778,12165120
8956,5.41687,3873,1390,6449923,12165120
8957,4.80652,3873,1390,6450891,12165120
8958,4.82178,3873,1390,6451277,12165120
8959,6.02722,3873,1390,6450931,12165120
8960,4.66919,3873,1390,6449891,12165120
8961,4.94385,3873,1390,6449082,12165120
8962,5.40161,3873,1390,6446868,12165120
8963,5.08118,3873,1390,6447463,12165120
8964,4.86755,3873,1390,6448115,12165120
8965,5.46265,3873,1390,6448098,12165120
8966,5.34058,3873,1390,6446295,12165120
8967,4.83704,3873,1390,6443874,12165120
8968,5.15747,3873,1390,6445400,12165120
8969,5.44739,3873,1390,6443125,12165120
8970,4.82178,3873,1390,6443146,12165120
8971,5.11169,3873,1390,6442820,12165120
8972,5.47791,3873,1390,6443225,12165120
8973,4.82178,3873,1390,6443351,12165120
8974,5.02014,3873,1390,6442592,12165120
8975,5.38635,3873,1390,6438323,12165120
8976,5.12695,3873,1390,6441640,12165120
8977,4.86755,3873,1390,6441503,12165120
8978,5.31006,3873,1390,6442096,12165120
8979,5.38635,3873,1390,6442867,12165120
8980,4.85229,3873,1390,6441416,12165120
8981,5.18799,3873,1390,6438233,12165120
8982,5.37109,3873,1390,6441576,12165120
8983,5.05066,3873,1390,6440863,12165120
8984,4.92859,3873,1390,6439284,12165120
8985,5.70679,3873,1390,6439360,12165120
8986,4.74548,3873,1390,6440106,12165120
8987,4.88281,3873,1390,6437928,12165120
8988,5.59998,3873,1390,6437439,12165120
8989,5.06592,3873,1390,6437033,12165120
8990,4.79126,3873,1390,6436677,12165120
8991,5.52368,3873,1390,6436274,12165120
8992,5.2948,3873,1390,6437563,12165120
8993,4.5929,3873,1390,6437324,12165120
8994,5.37109,3873,1390,6435112,12165120
8995,5.35583,3873,1390,6435030,12165120
8996,4.71497,3873,1390,6437564,12165120
8997,4.95911,3873,1390,6434969,12165120
8998,5.87463,3873,1390,6434624,12165120
8999,4.88281,3873,1390,6433728,12165120
9000,4.71497,3873,1390,6433426,12165120
9001,5.67627,3873,1390,6435993,12165120
9002,4.92859,3873,1390,6434070,12165120
9003,4.83704,3873,1390,6434010,12165120
9004,5.96619,3873,1390,6433432,12165120
9005,4.69971,3873,1390,6433845,12165120
9006,4.74548,3873,1390,6431816,12165120
9007,5.34058,3873,1390,6431621,12165120
9008,5.27954,3873,1390,6432071,12165120
9009,4.89807,3873,1390,6433596,12165120
9010,5.15747,3873,1390,6432623,12165120
9011,5.49316,3873,1390,6433836,12165120
9012,4.85229,3873,1390,6431158,12165120
9013,4.95911,3873,1390,6429598,12165120
9014,5.50842,3873,1390,6430920,12165120
9015,4.80652,3873,1390,6429187,12165120
9016,5.00488,3873,1390,6431990,12165120
9017,5.70679,3873,1390,6428717,12165120
9018,4.776,3873,1390,6431425,12165120
9019,5.02014,3873,1390,6430580,12165120
9020,5.18799,3873,1390,6430097,12165120
9021,5.21851,3873,1390,6429976,12165120
9022,4.776,3873,1390,6426488,12165120
9023,5.09644,3873,1390,6426571,12165120
9024,5.58472,3873,1390,6428038,12165120
9025,4.69971,3873,1390,6427286,12165120
9026,4.98962,3873,1390,6426762,12165120
9027,5.14221,3873,1390,6427272,12165120
9028,4.91333,3873,1390,6425545,12165120
9029,4.89807,3873,1390,6427763,12165120
9030,5.59998,3873,1390,6426356,12165120
9031,4.98962,3873,1390,6428112,12165120
9032,4.79126,3873,1390,6423617,12165120
9033,5.18799,3873,1390,6425215,12165120
9034,4.97437,3873,1390,6423733,12165120
9035,5.09644,3873,1390,6424413,12165120
9036,4.74548,3873,1390,6425366,12165120
9037,5.64575,3873,1390,6424851,12165120
9038,5.05066,3873,1390,6426550,12165120
9039,4.76074,3873,1390,6425964,12165120
9040,5.21851,3873,1390,6428679,12165120
9041,4.92859,3873,1390,6424842,12165120
9042,4.85229,3873,1390,6425613,12165120
9043,5.26428,3873,1390,6422468,12165120
9044,5.31006,3873,1390,6423832,12165120
9045,4.80652,3873,1390,6423737,12165120
9046,5.11169,3873,1390,6424005,12165120
9047,5.21851,3873,1390,6422304,12165120
9048,4.88281,3873,1390,6423555,12165120
9049,4.79126,3873,1390,6423727,12165120
9050,5.67627,3873,1390,6422989,12165120
9051,4.83704,3873,1390,6422943,12165120
9052,5.06592,3873,1390,6422959,12165120
9053,5.92041,3873,1390,6420654,12165120
9054,4.73022,3873,1390,6423263,12165120
9055,4.86755,3873,1390,6422654,12165120
9056,5.24902,3873,1390,6425237,12165120
9057,5.23376,3873,1390,6426156,12165120
9058,5.26428,3873,1390,6422920,12165120
9059,5.26428,3873,1390,6423165,12165120
9060,5.59998,3873,1390,6423685,12165120
9061,4.83704,3873,1390,6423549,12165120
9062,4.83704,3873,1390,6422712,12165120
9063,5.69153,3873,1390,6422835,12165120
9064,4.92859,3873,1390,6424214,12165120
9065,5.32532,3873,1390,6424452,12165120
9066,5.23376,3873,1390,6424329,12165120
9067,4.776,3873,1390,6423362,12165120
9068,4.94385,3873,1390,6421469,12165120
9069,5.23376,3873,1390,6421886,12165120
9070,5.43213,3873,1390,6422245,12165120
9071,4.91333,3873,1390,6421435,12165120
9072,5.79834,3873,1390,6422073,12165120
9073,6.24084,3873,1390,6421863,12165120
9074,5.66101,3873,1390,6421412,12165120
9075,3.63159,3873,1390,6421688,12165120
9076,5.40161,3873,1390,6421890,12165120
9077,4.86755,3873,1390,6420795,12165120
9078,4.776,3873,1390,6422092,12165120
9079,5.56946,3873,1390,6423342,12165120
9080,4.65393,3873,1390,6422417,12165120
9081,5.15747,3873,1390,6422096,12165120
9082,5.08118,3873,1390,6420944,12165120
9083,4.776,3873,1390,6420899,12165120
9084,4.91333,3873,1390,6422286,12165120
9085,5.09644,3873,1390,6421875,12165120
9086,5.11169,3873,1390,6422317,12165120
9087,4.85229,3873,1390,6422865,12165120
9088,4.94385,3873,1390,6422135,12165120
9089,5.11169,3873,1390,6421900,12165120
9090,4.94385,3873,1390,6421774,12165120
9091,4.85229,3873,1390,6421503,12165120
9092,5.20325,3873,1390,6421004,12165120
9093,4.86755,3873,1390,6421735,12165120
9094,5.00488,3873,1390,6422960,12165120
9095,5.14221,3873,1390,6424842,12165120
9096,4.94385,3873,1390,6423534,12165120
9097,4.94385,3873,1390,6419339,12165120
9098,5.06592,3873,1390,6423506,12165120
9099,5.15747,3873,1390,6421876,12165120
9100,4.89807,3873,1390,6421953,12165120
9101,4.91333,3873,1390,6422292,12165120
9102,5.56946,3873,1390,6419786,12165120
9103,4.71497,3873,1390,6424415,12165120
9104,4.85229,3873,1390,6420971,12165120
9105,5.08118,3873,1390,6419635,12165120
9106,5.05066,3873,1390,6422297,12165120
9107,4.94385,3873,1390,6421138,12165120
9108,5.00488,3873,1390,6422105,12165120
9109,5.27954,3873,1390,6421725,12165120
9110,5.08118,3873,1390,6420677,12165120
9111,4.73022,3873,1390,6420510,12165120
9112,5.17273,3873,1390,6420177,12165120
9113,4.92859,3873,1390,6422844,12165120
9114,4.86755,3873,1390,6423261,12165120
9115,5.2948,3873,1390,6419820,12165120
9116,4.82178,3873,1390,6420484,12165120
9117,4.97437,3873,1390,6420358,12165120
9118,4.92859,3873,1390,6421816,12165120
9119,5.27954,3873,1390,6419032,12165120
9120,4.80652,3873,1390,6420071,12165120
9121,4.89807,3873,1390,6421122,12165120
9122,5.11169,3873,1390,6420121,12165120
9123,4.94385,3873,1390,6423004,12165120
9124,4.91333,3873,1390,6421000,12165120
9125,4.91333,3873,1390,6421873,12165120
9126,5.15747,3873,1390,6419337,12165120
9127,4.94385,3873,1390,6419567,12165120
9128,5.23376,3873,1390,6419404,12165120
9129,5.14221,3873,1390,6418585,12165120
9130,4.89807,3873,1390,6419875,12165120
9131,4.79126,3873,1390,6419503,12165120
9132,5.23376,3873,1390,6420750,12165120
9133,4.83704,3873,1390,6421224,12165120
9134,5.06592,3873,1390,6423041,12165120
9135,5.11169,3873,1390,6420395,12165120
9136,4.79126,3873,1390,6418457,12165120
9137,4.88281,3873,1390,6422289,12165120
9138,5.06592,3873,1390,6418189,12165120
9139,5.05066,3873,1390,6419673,12165120
9140,4.86755,3873,1390,6422179,12165120
9141,5.00488,3873,1390,6423246,12165120
9142,5.11169,3873,1390,6418485,12165120
9143,4.82178,3873,1390,6421289,12165120
9144,4.97437,3873,1390,6419240,12165120
9145,5.11169,3873,1390,6419479,12165120
9146,4.88281,3873,1390,6419079,12165120
9147,4.91333,3873,1390,6419949,12165120
9148,5.05066,3873,1390,6422543,12165120
9149,5.18799,3873,1390,6418759,12165120
9150,4.80652,3873,1390,6420539,12165120
9151,4.88281,3873,1390,6418950,12165120
9152,5.21851,3873,1390,6420937,12165120
9153,4.86755,3873,1390,6419571,12165120
9154,4.94385,3873,1390,6420073,12165120
9155,5.20325,3873,1390,6422638,12165120
9156,4.85229,3873,1390,6419334,12165120
9157,4.91333,3873,1390,6419058,12165120
9158,4.91333,3873,1390,6418177,12165120
9159,5.2948,3873,1390,6420472,12165120
9160,4.85229,3873,1390,6420229,12165120
9161,4.83704,3873,1390,6418407,12165120
9162,5.14221,3873,1390,6419574,12165120
9163,4.86755,3873,1390,6418814,12165120
9164,4.92859,3873,1390,6418235,12165120
9165,5.09644,3873,1390,6420576,12165120
9166,4.89807,3873,1390,6420460,12165120
9167,5.00488,3873,1390,6419812,12165120
9168,4.97437,3873,1390,6420819,12165120
9169,5.14221,3873,1390,6420362,12165120
9170,4.97437,3873,1390,6419417,12165120
9171,5.05066,3873,1390,6419636,12165120
9172,5.12695,3873,1390,6419628,12165120
9173,4.65393,3873,1390,6419967,12165120
9174,4.94385,3873,1390,6420235,12165120
9175,5.14221,3873,1390,6419997,12165120
9176,4.89807,3873,1390,6418694,12165120
9177,5.09644,3873,1390,6418791,12165120
9178,4.73022,3873,1390,6420025,12165120
9179,5.44739,3873,1390,6421794,12165120
9180,4.62341,3873,1390,6419778,12165120
9181,4.94385,3873,1390,6419357,12165120
9182,5.14221,3873,1390,6416811,12165120
9183,5.15747,3873,1390,6418414,12165120
9184,4.82178,3873,1390,6420199,12165120
9185,5.12695,3873,1390,6416988,12165120
9186,5.00488,3873,1390,6416663,12165120
9187,4.97437,3873,1390,6416737,12165120
9188,4.79126,3873,1390,6417048,12165120
9189,5.52368,3873,1390,6415561,12165120
9190,4.82178,3873,1390,6413579,12165120
9191,4.89807,3873,1390,6412506,12165120
9192,5.26428,3873,1390,6409065,12165120
9193,4.82178,3873,1390,6411250,12165120
9194,4.94385,3873,1390,6406645,12165120
9195,5.18799,3873,1390,6407182,12165120
9196,4.97437,3873,1390,6405485,12165120
9197,5.21851,3873,1390,6404618,12165120
9198,4.83704,3873,1390,6399910,12165120
9199,5.06592,3873,1390,6400313,12165120
9200,4.85229,3873,1390,6399397,12165120
9201,5.15747,3873,1390,6394723,12165120
9202,5.23376,3873,1390,6394667,12165120
9203,4.82178,3873,1390,6393914,12165120
9204,4.85229,3873,1390,6389653,12165120
9205,5.21851,3873,1390,6387172,12165120
9206,5.08118,3873,1390,6387842,12165120
9207,4.82178,3873,1390,6386413,12165120
9208,5.11169,3873,1390,6380533,12165120
9209,5.32532,3873,1390,6376694,12165120
9210,4.86755,3873,1390,6375837,12165120
9211,4.82178,3873,1390,6374847,12165120
9212,5.2948,3873,1390,6369666,12165120
9213,4.95911,3873,1390,6365166,12165120
9214,5.02014,3873,1390,6360535,12165120
9215,5.37109,3873,1390,6355843,12165120
9216,4.71497,3873,1390,6351379,12165120
9217,5.49316,3873,1390,6348290,12165120
9218,4.76074,3873,1390,6346518,12165120
9219,4.95911,3873,1390,6340275,12165120
9220,5.05066,3873,1390,6338949,12165120
9221,4.91333,3873,1390,6335758,12165120
9222,5.12695,3873,1390,6330362,12165120
9223,5.06592,3873,1390,6327143,12165120
9224,4.95911,3873,1390,6329263,12165120
9225,4.98962,3873,1390,6321084,12165120
9226,5.34058,3873,1390,6317234,12165120
9227,4.74548,3873,1390,6316042,12165120
9228,4.97437,3873,1390,6311960,12165120
9229,5.14221,3873,1390,6307665,12165120
9230,4.66919,3873,1390,6308432,12165120
9231,4.95911,3873,1390,6306317,12165120
9232,5.72205,3873,1390,6300454,12165120
9233,4.80652,3873,1390,6294789,12165120
9234,4.79126,3873,1390,6291369,12165120
9235,5.23376,3873,1390,6297287,12165120
9236,4.95911,3873,1390,6297406,12165120
9237,4.73022,3873,1390,6295052,12165120
9238,5.23376,3873,1390,6294961,12165120
9239,5.26428,3873,1390,6291107,12165120
9240,4.44031,3873,1390,6289808,12165120
9241,5.14221,3873,1390,6289078,12165120
9242,5.15747,3873,1390,6296154,12165120
9243,4.74548,3873,1390,6293112,12165120
9244,5.00488,3873,1390,6294747,12165120
9245,5.21851,3873,1390,6302746,12165120
9246,4.65393,3873,1390,6302102,12165120
9247,5.02014,3873,1390,6304891,12165120
9248,5.18799,3873,1390,6316076,12165120
9249,4.83704,3873,1390,6318286,12165120
9250,4.98962,3873,1390,6323503,12165120
9251,5.05066,3873,1390,6332683,12165120
9252,4.74548,3873,1390,6328453,12165120
9253,5.09644,3873,1390,6343210,12165120
9254,4.76074,3873,1390,6361285,12165120
9255,5.38635,3873,1390,6347631,12165120
9256,4.776,3873,1390,6361584,12165120
9257,4.56238,3873,1390,6352946,12165120
9258,5.0354,3873,1390,6356886,12165120
9259,5.43213,3873,1390,6359690,12165120
9260,4.47083,3873,1390,6358588,12165120
9261,5.11169,3873,1390,6371061,12165120
9262,5.41687,3873,1390,6377405,12165120
9263,4.39453,3873,1390,6369036,12165120
9264,4.98962,3873,1390,6373289,12165120
9265,4.97437,3873,1390,6371809,12165120
9266,4.82178,3873,1390,6368752,12165120
9267,4.88281,3873,1390,6369718,12165120
9268,5.00488,3873,1390,6375079,12165120
9269,4.776,3873,1390,6368705,12165120
9270,4.89807,3873,1390,6371676,12165120
9271,4.76074,3873,1390,6368366,12165120
9272,5.14221,3873,1390,6363211,12165120
9273,4.71497,3873,1390,6367134,12165120
9274,4.776,3873,1390,6365719,12165120
9275,4.63867,3873,1390,6357850,12165120
9276,5.43213,3873,1390,6351083,12165120
9277,4.68445,3873,1390,6361875,12165120
9278,4.69971,3873,1390,6358947,12165120
9279,5.26428,3873,1390,6354902,12165120
9280,4.37927,3873,1390,6355058,12165120
9281,4.92859,3873,1390,6351154,12165120
9282,4.76074,3873,1390,6341434,12165120
9283,5.0354,3873,1390,6342619,12165120
9284,4.76074,3873,1390,6335000,12165120
9285,4.76074,3873,1390,6330736,12165120
9286,4.88281,3873,1390,6329810,12165120
9287,4.69971,3873,1390,6328954,12165120
9288,4.71497,3873,1390,6324278,12165120
9289,5.0354,3873,1390,6321953,12165120
9290,4.80652,3873,1390,6321214,12165120
9291,4.776,3873,1390,6317414,12165120
9292,4.88281,3873,1390,6311804,12165120
9293,4.86755,3873,1390,6308388,12165120
9294,4.776,3873,1390,6309360,12165120
9295,4.68445,3873,1390,6300804,12165120
9296,5.12695,3873,1390,6300908,12165120
9297,4.66919,3873,1390,6303075,12165120
9298,4.92859,3873,1390,6299906,12165120
9299,4.79126,3873,1390,6296580,12165120
9300,5.14221,3873,1390,6291897,12165120
9301,4.68445,3873,1390,6290011,12165120
9302,4.73022,3873,1390,6286463,12165120
9303,5.0354,3873,1390,6286653,12165120
9304,4.71497,3873,1390,6285779,12165120
9305,4.91333,3873,1390,6283287,12165120
9306,4.56238,3873,1390,6279910,12165120
9307,5.02014,3873,1390,6278412,12165120
9308,4.62341,3873,1390,6276534,12165120
9309,4.92859,3873,1390,6276801,12165120
9310,4.91333,3873,1390,6271277,12165120
9311,4.71497,3873,1390,6276639,12165120
9312,4.65393,3873,1390,6270522,12165120
9313,4.89807,3873,1390,6268438,12165120
9314,4.86755,3873,1390,6267843,12165120
9315,4.54712,3873,1390,6266634,12165120
9316,4.82178,3873,1390,6265844,12165120
9317,4.91333,3873,1390,6263799,12165120
9318,4.74548,3873,1390,6258689,12165120
9319,4.82178,3873,1390,6261145,12165120
9320,4.83704,3873,1390,6259037,12165120
9321,4.92859,3873,1390,6260648,12165120
9322,4.86755,3873,1390,6253086,12165120
9323,4.5166,3873,1390,6256393,12165120
9324,5.09644,3873,1390,6253477,12165120
9325,4.71497,3873,1390,6252715,12165120
9326,4.91333,3873,1390,6251712,12165120
9327,5.00488,3873,1390,6223684,12165120
9328,4.50134,3873,1390,6241695,12165120
9329,4.62341,3873,1390,6247311,12165120
9330,4.82178,3873,1390,6247629,12165120
9331,4.98962,3873,1390,6243360,12165120
9332,4.60815,3873,1390,6244958,12165120
9333,4.89807,3873,1390,6238963,12165120
9334,4.71497,3873,1390,6244928,12165120
9335,4.80652,3873,1390,6243279,12165120
9336,4.66919,3873,1390,6237687,12165120
9337,4.89807,3873,1390,6240523,12165120
9338,4.86755,3873,1390,6237845,12165120
9339,4.73022,3873,1390,6237531,12165120
9340,4.54712,3873,1390,6238890,12165120
9341,5.08118,3873,1390,6236367,12165120
9342,4.66919,3873,1390,6235191,12165120
9343,4.74548,3873,1390,6234473,12165120
9344,4.69971,3873,1390,6236099,12165120
9345,5.21851,3873,1390,6233533,12165120
9346,4.74548,3873,1390,6232685,12165120
9347,4.53186,3873,1390,6231333,12165120
9348,4.89807,3873,1390,6230237,12165120
9349,4.82178,3873,1390,6228470,12165120
9350,4.56238,3873,1390,6226602,12165120
9351,4.71497,3873,1390,6227774,12165120
9352,5.06592,3873,1390,6229982,12165120
9353,4.56238,3873,1390,6227886,12165120
9354,4.68445,3873,1390,6227224,12165120
9355,5.09644,3873,1390,6225166,12165120
9356,4.66919,3873,1390,6222962,12165120
9357,4.60815,3873,1390,6223170,12165120
9358,4.82178,3873,1390,6226422,12165120
9359,4.88281,3873,1390,6222025,12165120
9360,4.79126,3873,1390,6222102,12165120
9361,4.5166,3873,1390,6223401,12165120
9362,5.06592,3873,1390,6221636,12165120
9363,4.86755,3873,1390,6222700,12165120
9364,4.73022,3873,1390,6218909,12165120
9365,4.82178,3873,1390,6220736,12165120
9366,4.76074,3873,1390,6219725,12165120
9367,4.776,3873,1390,6222572,12165120
9368,4.71497,3873,1390,6219475,12165120
9369,4.95911,3873,1390,6221702,12165120
9370,4.5929,3873,1390,6219020,12165120
9371,4.73022,3873,1390,6218960,12165120
9372,5.0354,3873,1390,6216595,12165120
9373,4.66919,3873,1390,6220047,12165120
9374,4.5929,3873,1390,6217192,12165120
9375,4.63867,3873,1390,6211932,12165120
9376,5.15747,3873,1390,6218890,12165120
9377,4.50134,3873,1390,6218174,12165120
9378,4.66919,3873,1390,6216546,12165120
9379,5.05066,3873,1390,6153589,12165120
9380,4.76074,3873,1390,6218220,12165120
9381,4.63867,3873,1390,6214692,12165120
9382,4.71497,3873,1390,6211193,12165120
9383,5.23376,3873,1390,6215407,12165120
9384,4.39453,3873,1390,6215800,12165120
9385,4.66919,3873,1390,6215326,12165120
9386,4.80652,3873,1390,6208896,12165120
9387,5.06592,3873,1390,6211169,12165120
9388,4.68445,3873,1390,6212834,12165120
9389,4.57764,3873,1390,6213707,12165120
9390,5.08118,3873,1390,6209983,12165120
9391,4.65393,3873,1390,6210391,12165120
9392,4.74548,3873,1390,6213044,12165120
9393,4.76074,3873,1390,6212631,12165120
9394,4.92859,3873,1390,6212047,12165120
9395,4.65393,3873,1390,6206035,12165120
9396,4.63867,3873,1390,6211347,12165120
9397,5.09644,3873,1390,6211548,12165120
9398,4.50134,3873,1390,6212873,12165120
9399,4.776,3873,1390,6210022,12165120
9400,4.5929,3873,1390,6211150,12165120
9401,5.12695,3873,1390,6210600,12165120
9402,4.60815,3873,1390,6211116,12165120
9403,4.57764,3873,1390,6208911,12165120
9404,5.12695,3873,1390,6211091,12165120
9405,4.53186,3873,1390,6209529,12165120
9406,4.66919,3873,1390,6209808,12165120
9407,4.82178,3873,1390,6210790,12165120
9408,4.85229,3873,1390,6210457,12165120
9409,4.68445,3873,1390,6209383,12165120
9410,4.86755,3873,1390,6207926,12165120
9411,4.91333,3873,1390,6209358,12165120
9412,4.63867,3873,1390,6208437,12165120
9413,4.73022,3873,1390,6208618,12165120
9414,4.65393,3873,1390,6209240,12165120
9415,5.06592,3873,1390,6210257,12165120
9416,4.5929,3873,1390,6207903,12165120
9417,5.0354,3873,1390,6208802,12165120
9418,4.62341,3873,1390,6207028,12165120
9419,4.63867,3873,1390,6206717,12165120
9420,4.63867,3873,1390,6207845,12165120
9421,4.88281,3873,1390,6206784,12165120
9422,4.82178,3873,1390,6205009,12165120
9423,4.60815,3873,1390,6208176,12165120
9424,4.82178,3873,1390,6203657,12165120
9425,4.91333,3873,1390,6205462,12165120
9426,4.66919,3873,1390,6206985,12165120
9427,4.83704,3873,1390,6206013,12165120
9428,4.44031,3873,1390,6204706,12165120
9429,5.21851,3873,1390,6207163,12165120
9430,4.48608,3873,1390,6201523,12165120
9431,4.71497,3873,1390,6206409,12165120
9432,5.08118,3873,1390,6206367,12165120
9433,4.57764,3873,1390,6202371,12165120
9434,4.74548,3873,1390,6206549,12165120
9435,4.63867,3873,1390,6204794,12165120
9436,5.20325,3873,1390,6203757,12165120
9437,4.57764,3873,1390,6207044,12165120
9438,4.66919,3873,1390,6209131,12165120
9439,4.86755,3873,1390,6202265,12165120
9440,4.56238,3873,1390,6205130,12165120
9441,4.68445,3873,1390,6205504,12165120
9442,4.776,3873,1390,6204905,12165120
9443,4.91333,3873,1390,6204841,12165120
9444,4.66919,3873,1390,6201792,12165120
9445,4.79126,3873,1390,6206409,12165120
9446,4.95911,3873,1390,6205390,12165120
9447,4.68445,3873,1390,6205516,12165120
9448,4.5929,3873,1390,6205430,12165120
9449,4.73022,3873,1390,6202097,12165120
9450,5.11169,3873,1390,6207151,12165120
9451,4.5929,3873,1390,6203276,12165120
9452,4.57764,3873,1390,6206353,12165120
9453,5.00488,3873,1390,6203450,12165120
9454,4.65393,3873,1390,6201478,12165120
9455,4.776,3873,1390,6204556,12165120
9456,4.76074,3873,1390,6204688,12165120
9457,5.34058,3873,1390,6204541,12165120
9458,4.48608,3873,1390,6203092,12165120
9459,4.66919,3873,1390,6204466,12165120
9460,4.97437,3873,1390,6205689,12165120
9461,4.60815,3873,1390,6203892,12165120
9462,4.69971,3873,1390,6205654,12165120
9463,4.82178,3873,1390,6203390,12165120
9464,4.88281,3873,1390,6201526,12165120
9465,4.63867,3873,1390,6201158,12165120
9466,4.63867,3873,1390,6203570,12165120
9467,5.12695,3873,1390,6203854,12165120
9468,4.62341,3873,1390,6203290,12165120
9469,4.62341,3873,1390,6202416,12165120
9470,4.92859,3873,1390,6200460,12165120
9471,4.74548,3873,1390,6202663,12165120
9472,4.63867,3873,1390,6202077,12165120
9473,4.71497,3873,1390,6203337,12165120
9474,4.94385,3873,1390,6203424,12165120
9475,4.63867,3873,1390,6201381,12165120
9476,4.82178,3873,1390,6201424,12165120
9477,4.83704,3873,1390,6201286,12165120
9478,4.69971,3873,1390,6202325,12165120
9479,4.71497,3873,1390,6195348,12165120
9480,4.5929,3873,1390,6198296,12165120
9481,5.2948,3873,1390,6199909,12165120
9482,4.54712,3873,1390,6199867,12165120
9483,4.63867,3873,1390,6202796,12165120
9484,5.05066,3873,1390,6201883,12165120
9485,4.74548,3873,1390,6198812,12165120
9486,4.47083,3873,1390,6199817,12165120
9487,4.63867,3873,1390,6204765,12165120
9488,5.17273,3873,1390,6202086,12165120
9489,4.62341,3873,1390,6202518,12165120
9490,4.60815,3873,1390,6198152,12165120
9491,4.83704,3873,1390,6200830,12165120
9492,5.0354,3873,1390,6201817,12165120
9493,4.47083,3873,1390,6199556,12165120
9494,4.71497,3873,1390,6203439,12165120
9495,4.97437,3873,1390,6203637,12165120
9496,4.65393,3873,1390,6201364,12165120
9497,4.65393,3873,1390,6200151,12165120
9498,4.95911,3873,1390,6201017,12165120
9499,4.85229,3873,1390,6203921,12165120
9500,4.5929,3873,1390,6201244,12165120
9501,4.71497,3873,1390,6203287,12165120
9502,5.21851,3873,1390,6198191,12165120
9503,4.48608,3873,1390,6200668,12165120
9504,4.85229,3873,1390,6200870,12165120
9505,4.69971,3873,1390,6201232,12165120
9506,4.98962,3873,1390,6199822,12165120
9507,4.57764,3873,1390,6201646,12165120
9508,4.65393,3873,1390,6201587,12165120
9509,5.18799,3873,1390,6205339,12165120
9510,4.73022,3873,1390,6201256,12165120
9511,24.1394,3873,1391,6203055,12165120
9512,0.62561,3873,1391,6201962,12165120
9513,0.396729,3873,1391,6201923,12165120
9514,0.366211,3873,1391,6199417,0
9515,3.18909,3873,1391,6203439,0
9516,3.14331,3873,1391,6198048,0
9517,3.15857,3873,1391,6204801,0
9518,3.20435,3873,1391,6201496,0
9519,3.17383,3873,1391,6202916,0
9520,3.41797,3873,1391,6202625,0
9521,3.15857,3873,1391,6201180,0
9522,3.2196,3873,1391,6202433,0
9523,3.15857,3873,1391,6202880,0
9524,3.11279,3873,1391,6202781,0
9525,3.5553,3873,1391,6202266,0
9526,3.0365,3873,1391,6200365,0
9527,3.18909,3873,1391,6201826,0
9528,3.11279,3873,1391,6203171,0
9529,3.23486,3873,1391,6201971,0
9530,3.2959,3873,1391,6200942,0
9531,3.2196,3873,1391,6200463,0
9532,3.05176,3873,1391,6198946,0
9533,3.31116,3873,1391,6202590,0
9534,2.92969,3873,1391,6203837,0
9535,3.479,3873,1391,6203071,0
9536,3.31116,3873,1391,6198624,0
9537,3.06702,3873,1391,6201949,0
9538,3.06702,3873,1391,6201736,0
9539,3.28064,3873,1391,6199667,0
9540,3.44849,3873,1391,6200047,0
9541,3.23486,3873,1391,6202406,0
9542,2.96021,3873,1391,6199275,0
9543,3.2196,3873,1391,6201611,0
9544,3.0365,3873,1391,6198206,0
9545,3.28064,3873,1391,6199235,0
9546,3.25012,3873,1391,6201535,0
9547,3.15857,3873,1391,6200034,0
9548,3.38745,3873,1391,6201599,0
9549,3.11279,3873,1391,6200312,0
9550,3.0365,3873,1391,6199768,0
9551,3.49426,3873,1391,6197631,0
9552,3.05176,3873,1391,6200568,0
9553,3.17383,3873,1391,6200064,0
9554,3.28064,3873,1391,6200968,0
9555,2.96021,3873,1391,6200983,0
9556,3.67737,3873,1391,6202141,0
9557,2.97546,3873,1391,6200965,0
9558,3.09753,3873,1391,6201072,0
9559,3.12805,3873,1391,6202869,0
9560,3.18909,3873,1391,6201304,0
9561,3.38745,3873,1391,6200250,0
9562,3.40271,3873,1391,6202358,0
9563,3.0365,3873,1391,6201235,0
9564,3.38745,3873,1391,6202099,0
9565,3.14331,3873,1391,6198463,0
9566,3.17383,3873,1391,6202214,0
9567,3.15857,3873,1391,6204070,0
9568,3.12805,3873,1391,6199600,0
9569,3.09753,3873,1391,6200040,0
9570,3.12805,3873,1391,6203118,0
9571,3.2959,3873,1391,6197301,0
9572,3.32642,3873,1391,6200838,0
9573,3.34167,3873,1391,6203212,0
9574,2.89917,3873,1391,6202862,0
9575,3.17383,3873,1391,6199835,0
9576,3.17383,3873,1391,6196672,0
9577,3.38745,3873,1391,6202810,0
9578,3.11279,3873,1391,6203321,0
9579,3.12805,3873,1391,6201903,0
9580,3.12805,3873,1391,6201608,0
9581,3.09753,3873,1391,6198073,0
9582,3.54004,3873,1391,6199658,0
9583,3.06702,3873,1391,6199657,0
9584,3.18909,3873,1391,6202786,0
9585,3.17383,3873,1391,6202199,0
9586,3.06702,3873,1391,6201264,0
9587,3.40271,3873,1391,6202103,0
9588,3.08228,3873,1391,6199605,0
9589,3.2959,3873,1391,6200093,0
9590,3.0365,3873,1391,6203801,0
9591,3.09753,3873,1391,6202223,0
9592,3.2196,3873,1391,6200258,0
9593,3.61633,3873,1391,6199132,0
9594,2.97546,3873,1391,6203071,0
9595,3.23486,3873,1391,6201647,0
9596,3.09753,3873,1391,6203028,0
9597,3.18909,3873,1391,6200728,0
9598,3.50952,3873,1391,6200703,0
9599,2.97546,3873,1391,6197212,0
9600,3.15857,3873,1391,6202315,0
9601,3.20435,3873,1391,6201492,0
9602,3.15857,3873,1391,6200015,0
9603,3.44849,3873,1391,6202404,0
9604,3.18909,3873,1391,6198944,0
9605,2.96021,3873,1391,6197871,0
9606,3.12805,3873,1391,6203868,0
9607,3.26538,3873,1391,6199936,0
9608,3.35693,3873,1391,6202651,0
9609,3.08228,3873,1391,6197222,0
9610,3.06702,3873,1391,6196576,0
9611,3.2196,3873,1391,6202309,0
9612,3.15857,3873,1391,6199657,0
9613,3.49426,3873,1391,6201331,0
9614,2.96021,3873,1391,6202428,0
9615,3.12805,3873,1391,6201883,0
9616,3.20435,3873,1391,6198407,0
9617,3.06702,3873,1391,6204364,0
9618,3.32642,3873,1391,6200252,0
9619,3.2959,3873,1391,6203885,0
9620,3.2196,3873,1391,6201481,0
9621,3.02124,3873,1391,6200749,0
9622,3.11279,3873,1391,6201874,0
9623,3.12805,3873,1391,6206329,0
9624,3.61633,3873,1391,6201284,0
9625,3.20435,3873,1391,6201832,0
9626,3.05176,3873,1391,6202777,0
9627,3.12805,3873,1391,6202047,0
9628,3.08228,3873,1391,6198954,0
9629,3.49426,3873,1391,6200127,0
9630,3.06702,3873,1391,6198514,0
9631,3.14331,3873,1391,6202186,0
9632,3.25012,3873,1391,6201160,0
9633,3.17383,3873,1391,6204425,0
9634,3.28064,3873,1391,6204342,0
9635,3.12805,3873,1391,6201089,0
9636,3.44849,3873,1391,6202031,0
9637,2.89917,3873,1391,6202717,0
9638,3.11279,3873,1391,6200233,0
9639,3.35693,3873,1391,6201313,0
9640,3.25012,3873,1391,6203038,0
9641,3.05176,3873,1391,6198331,0
9642,3.11279,3873,1391,6200296,0
9643,3.23486,3873,1391,6201140,0
9644,3.31116,3873,1391,6201707,0
9645,3.32642,3873,1391,6202974,0
9646,3.05176,3873,1391,6201030,0
9647,3.05176,3873,1391,6199930,0
9648,3.31116,3873,1391,6202783,0
9649,3.0365,3873,1391,6200529,0
9650,3.46375,3873,1391,6200240,0
9651,3.02124,3873,1391,6201965,0
9652,3.23486,3873,1391,6202255,0
9653,3.08228,3873,1391,6200882,0
9654,3.08228,3873,1391,6199495,0
9655,3.43323,3873,1391,6205437,0
9656,3.2959,3873,1391,6198673,0
9657,2.94495,3873,1391,6200274,0
9658,3.20435,3873,1391,6199453,0
9659,3.18909,3873,1391,6200824,0
9660,3.34167,3873,1391,6199668,0
9661,3.28064,3873,1391,6204764,0
9662,3.12805,3873,1391,6197808,0
9663,3.09753,3873,1391,6196335,0
9664,18.6768,3875,1391,6201980,0
9665,0.549316,3875,1391,6203112,0
9666,0.38147,3875,1391,6199933,0
9667,0.38147,3875,1392,6202967,12165120
9668,4.71497,3875,1392,6203869,12165120
9669,4.80652,3875,1392,6201293,12165120
9670,4.63867,3875,1392,6201643,12165120
9671,4.42505,3875,1392,6204081,12165120
9672,4.94385,3875,1392,6201489,12165120
9673,4.71497,3875,1392,6195412,12165120
9674,4.68445,3875,1392,6198976,12165120
9675,4.95911,3875,1392,6198738,12165120
9676,4.73022,3875,1392,6201246,12165120
9677,4.53186,3875,1392,6201186,12165120
9678,4.63867,3875,1392,6200300,12165120
9679,4.94385,3875,1392,6200938,12165120
9680,4.73022,3875,1392,6197976,12165120
9681,4.776,3875,1392,6199863,12165120
9682,4.82178,3875,1392,6204691,12165120
9683,4.65393,3875,1392,6202217,12165120
9684,4.71497,3875,1392,6204161,12165120
9685,4.79126,3875,1392,6202857,12165120
9686,5.11169,3875,1392,6203384,12165120
9687,4.5929,3875,1392,6194870,12165120
9688,4.80652,3875,1392,6199774,12165120
9689,5.05066,3875,1392,6202768,12165120
9690,4.5929,3875,1392,6202011,12165120
9691,4.74548,3875,1392,6199119,12165120
9692,4.54712,3875,1392,6201759,12165120
9693,5.12695,3875,1392,6196003,12165120
9694,4.53186,3875,1392,6201303,12165120
9695,4.69971,3875,1392,6197618,12165120
9696,5.00488,3875,1392,6202097,12165120
9697,4.776,3875,1392,6200099,12165120
9698,4.54712,3875,1392,6199453,12165120
9699,4.85229,3875,1392,6199369,12165120
9700,4.80652,3875,1392,6203351,12165120
9701,4.5929,3875,1392,6201756,12165120
9702,4.76074,3875,1392,6200939,12165120
9703,5.0354,3875,1392,6199969,12165120
9704,4.63867,3875,1392,6201175,12165120
9705,4.69971,3875,1392,6200228,12165120
9706,4.71497,3875,1392,6199171,12165120
9707,4.98962,3875,1392,6200756,12165120
9708,4.68445,3875,1392,6201328,12165120
9709,4.66919,3875,1392,6196073,12165120
9710,5.06592,3875,1392,6202925,12165120
9711,4.776,3875,1392,6202068,12165120
9712,4.66919,3875,1392,6200817,12165120
9713,4.71497,3875,1392,6200150,12165120
9714,5.02014,3875,1392,6200282,12165120
9715,4.74548,3875,1392,6199515,12165120
9716,4.53186,3875,1392,6202878,12165120
9717,4.86755,3875,1392,6203214,12165120
9718,4.92859,3875,1392,6202666,12165120
9719,4.50134,3875,1392,6194110,12165120
9720,4.63867,3875,1392,6200760,12165120
9721,5.00488,3875,1392,6200384,12165120
9722,4.73022,3875,1392,6200304,12165120
9723,4.54712,3875,1392,6199269,12165120
9724,5.11169,3875,1392,6200679,12165120
9725,4.54712,3875,1392,6200978,12165120
9726,4.71497,3875,1392,6199788,12165120
9727,4.69971,3875,1392,6200282,12165120
9728,4.94385,3875,1392,6197469,12165120
9729,4.71497,3875,1392,6204381,12165120
9730,4.5929,3875,1392,6203096,12165120
9731,5.24902,3875,1392,6199798,12165120
9732,4.57764,3875,1392,6201765,12165120
9733,4.74548,3875,1392,6198239,12165120
9734,4.98962,3875,1392,6202483,12165120
9735,4.776,3875,1392,6204331,12165120
9736,4.62341,3875,1392,6203432,12165120
9737,4.66919,3875,1392,6198528,12165120
9738,4.97437,3875,1392,6201302,12165120
9739,4.68445,3875,1392,6197730,12165120
9740,4.68445,3875,1392,6202179,12165120
9741,4.63867,3875,1392,6202822,12165120
9742,4.94385,3875,1392,6199948,12165120
9743,4.76074,3875,1392,6201702,12165120
9744,4.50134,3875,1392,6203314,12165120
9745,5.02014,3875,1392,6199514,12165120
9746,4.66919,3875,1392,6200905,12165120
9747,4.63867,3875,1392,6203365,12165120
9748,4.71497,3875,1392,6199405,12165120
9749,4.98962,3875,1392,6196067,12165120
9750,4.80652,3875,1392,6203528,12165120
9751,4.62341,3875,1392,6203155,12165120
9752,5.17273,3875,1392,6203212,12165120
9753,4.63867,3875,1392,6201239,12165120
9754,4.68445,3875,1392,6198962,12165120
9755,4.82178,3875,1392,6202491,12165120
9756,5.00488,3875,1392,6200223,12165120
9757,4.44031,3875,1392,6201705,12165120
9758,4.65393,3875,1392,6201152,12165120
9759,5.17273,3875,1392,6201175,12165120
9760,4.48608,3875,1392,6198084,12165120
9761,4.71497,3875,1392,6201707,12165120
9762,4.65393,3875,1392,6165528,12165120
9763,5.00488,3875,1392,6199985,12165120
9764,4.65393,3875,1392,6199569,12165120
9765,4.63867,3875,1392,6199852,12165120
9766,5.14221,3875,1392,6198071,12165120
9767,4.66919,3875,1392,6199051,12165120
9768,4.79126,3875,1392,6202542,12165120
9769,4.85229,3875,1392,6201227,12165120
9770,5.02014,3875,1392,6200799,12165120
9771,4.48608,3875,1392,6201852,12165120
9772,4.66919,3875,1392,6202768,12165120
9773,5.05066,3875,1392,6201121,12165120
9774,4.66919,3875,1392,6200959,12165120
9775,4.73022,3875,1392,6200686,12165120
9776,4.63867,3875,1392,6201707,12165120
9777,5.08118,3875,1392,6193464,12165120
9778,4.56238,3875,1392,6201130,12165120
9779,4.86755,3875,1392,6201674,12165120
9780,4.776,3875,1392,6201146,12165120
9781,4.73022,3875,1392,6204534,12165120
9782,4.74548,3875,1392,6199505,12165120
9783,4.63867,3875,1392,6188677,12165120
9784,4.97437,3875,1392,6200952,12165120
9785,4.85229,3875,1392,6198480,12165120
9786,4.54712,3875,1392,6199186,12165120
9787,4.97437,3875,1392,6205426,12165120
9788,4.5166,3875,1392,6200417,12165120
9789,4.86755,3875,1392,6202438,12165120
9790,4.54712,3875,1392,6204529,12165120
9791,5.06592,3875,1392,6207536,12165120
9792,4.80652,3875,1392,6209261,12165120
9793,4.56238,3875,1392,6212366,12165120
9794,5.23376,3875,1392,6213679,12165120
9795,4.79126,3875,1392,6219475,12165120
9796,4.88281,3875,1392,6221945,12165120
9797,4.79126,3875,1392,6226852,12165120
9798,5.09644,3875,1392,6233314,12165120
9799,4.48608,3875,1392,6239616,12165120
9800,4.83704,3875,1392,6244954,12165120
9801,4.91333,3875,1392,6252278,12165120
9802,4.79126,3875,1392,6256220,12165120
9803,4.69971,3875,1392,6264572,12165120
9804,5.0354,3875,1392,6270050,12165120
9805,4.91333,3875,1392,6279231,12165120
9806,4.82178,3875,1392,6286770,12165120
9807,4.50134,3875,1392,6297021,12165120
9808,5.0354,3875,1392,6303422,12165120
9809,4.69971,3875,1392,6312115,12165120
9810,4.76074,3875,1392,6324003,12165120
9811,5.02014,3875,1392,6331723,12165120
9812,4.776,3875,1392,6338055,12165120
9813,4.776,3875,1392,6350222,12165120
9814,4.76074,3875,1392,6363484,12165120
9815,5.17273,3875,1392,6370048,12165120
9816,5.08118,3875,1392,6376109,12165120
9817,4.56238,3875,1392,6387232,12165120
9818,5.50842,3875,1392,6400276,12165120
9819,4.60815,3875,1392,6405752,12165120
9820,4.5929,3875,1392,6412886,12165120
9821,5.11169,3875,1392,6427499,12165120
9822,5.38635,3875,1392,6433043,12165120
9823,4.22668,3875,1392,6442606,12165120
9824,5.08118,3875,1392,6436012,12165120
9825,5.11169,3875,1392,6445679,12165120
9826,4.65393,3875,1392,6452515,12165120
9827,4.88281,3875,1392,6453662,12165120
9828,5.44739,3875,1392,6451511,12165120
9829,4.56238,3875,1392,6461505,12165120
9830,5.00488,3875,1392,6459239,12165120
9831,5.18799,3875,1392,6456023,12165120
9832,4.71497,3875,1392,6461073,12165120
9833,4.88281,3875,1392,6447609,12165120
9834,4.92859,3875,1392,6439325,12165120
9835,4.92859,3875,1392,6439100,12165120
9836,5.05066,3875,1392,6428992,12165120
9837,4.98962,3875,1392,6410713,12165120
9838,4.80652,3875,1392,6421203,12165120
9839,5.18799,3875,1392,6422213,12165120
9840,4.76074,3875,1392,6418267,12165120
9841,4.69971,3875,1392,6419671,12165120
9842,5.61523,3875,1392,6421923,12165120
9843,4.69971,3875,1392,6420632,12165120
9844,4.73022,3875,1392,6426718,12165120
9845,5.35583,3875,1392,6422899,12165120
9846,4.85229,3875,1392,6419365,12165120
9847,4.76074,3875,1392,6431324,12165120
9848,5.23376,3875,1392,6422736,12165120
9849,5.02014,3875,1392,6414756,12165120
9850,4.60815,3875,1392,6419862,12165120
9851,5.08118,3875,1392,6395363,12165120
9852,5.12695,3875,1392,6384679,12165120
9853,4.95911,3875,1392,6387062,12165120
9854,5.0354,3875,1392,6369303,12165120
9855,5.0354,3875,1392,6363637,12165120
9856,4.74548,3875,1392,6362051,12165120
9857,4.94385,3875,1392,6354230,12165120
9858,5.11169,3875,1392,6349850,12165120
9859,4.98962,3875,1392,6349845,12165120
9860,5.09644,3875,1392,6340871,12165120
9861,4.79126,3875,1392,6335069,12165120
9862,5.00488,3875,1392,6338196,12165120
9863,4.97437,3875,1392,6329867,12165120
9864,4.74548,3875,1392,6327731,12165120
9865,5.50842,3875,1392,6334116,12165120
9866,4.73022,3875,1392,6327970,12165120
9867,4.89807,3875,1392,6330556,12165120
9868,5.02014,3875,1392,6326483,12165120
9869,5.0354,3875,1392,6329242,12165120
9870,4.91333,3875,1392,6329550,12165120
9871,4.83704,3875,1392,6331651,12165120
9872,5.18799,3875,1392,6331341,12165120
9873,4.89807,3875,1392,6334532,12165120
9874,4.76074,3875,1392,6334261,12165120
9875,5.17273,3875,1392,6336305,12165120
9876,4.83704,3875,1392,6338650,12165120
9877,4.94385,3875,1392,6338554,12165120
9878,4.97437,3875,1392,6341125,12165120
9879,5.00488,3875,1392,6339241,12165120
9880,4.80652,3875,1392,6342357,12165120
9881,4.88281,3875,1392,6343669,12165120
9882,5.15747,3875,1392,6342537,12165120
9883,4.80652,3875,1392,6343800,12165120
9884,4.86755,3875,1392,6347016,12165120
9885,5.27954,3875,1392,6347612,12165120
9886,4.91333,3875,1392,6346814,12165120
9887,4.83704,3875,1392,6347342,12165120
9888,4.94385,3875,1392,6347632,12165120
9889,5.31006,3875,1392,6346281,12165120
9890,4.776,3875,1392,6347767,12165120
9891,4.82178,3875,1392,6347799,12165120
9892,5.2948,3875,1392,6349443,12165120
9893,4.94385,3875,1392,6349467,12165120
9894,4.57764,3875,1392,6350707,12165120
9895,5.23376,3875,1392,6349999,12165120
9896,4.85229,3875,1392,6350920,12165120
9897,4.776,3875,1392,6351322,12165120
9898,4.88281,3875,1392,6350924,12165120
9899,5.17273,3875,1392,6352724,12165120
9900,4.82178,3875,1392,6351020,12165120
9901,4.89807,3875,1392,6350898,12165120
9902,5.26428,3875,1392,6349844,12165120
9903,4.76074,3875,1392,6349499,12165120
9904,4.95911,3875,1392,6349578,12165120
9905,5.05066,3875,1392,6349235,12165120
9906,5.08118,3875,1392,6348685,12165120
9907,4.776,3875,1392,6351099,12165120
9908,4.776,3875,1392,6350197,12165120
9909,5.35583,3875,1392,6351525,12165120
9910,4.91333,3875,1392,6348049,12165120
9911,4.92859,3875,1392,6349232,12165120
9912,5.12695,3875,1392,6350380,12165120
9913,4.97437,3875,1392,6347603,12165120
9914,4.88281,3875,1392,6348028,12165120
9915,5.05066,3875,1392,6350790,12165120
9916,4.97437,3875,1392,6353383,12165120
9917,4.92859,3875,1392,6353378,12165120
9918,4.86755,3875,1392,6355439,12165120
9919,5.38635,3875,1392,6356061,12165120
9920,4.71497,3875,1392,6356521,12165120
9921,4.89807,3875,1392,6358205,12165120
9922,5.17273,3875,1392,6362432,12165120
9923,4.91333,3875,1392,6362975,12165120
9924,4.88281,3875,1392,6366282,12165120
9925,5.20325,3875,1392,6367492,12165120
9926,4.94385,3875,1392,6367127,12165120
9927,4.89807,3875,1392,6371170,12165120
9928,5.05066,3875,1392,6373601,12165120
9929,5.12695,3875,1392,6377753,12165120
9930,4.86755,3875,1392,6380481,12165120
9931,5.02014,3875,1392,6385116,12165120
9932,5.40161,3875,1392,6389754,12165120
9933,4.92859,3875,1392,6394017,12165120
9934,5.2948,3875,1392,6400062,12165120
9935,4.80652,3875,1392,6406098,12165120
9936,5.08118,3875,1392,6409392,12165120
9937,4.74548,3875,1392,6417492,12165120
9938,4.97437,3875,1392,6421909,12165120
9939,5.23376,3875,1392,6427231,12165120
9940,4.94385,3875,1392,6433855,12165120
9941,4.92859,3875,1392,6438926,12165120
9942,5.21851,3875,1392,6446045,12165120
9943,4.89807,3875,1392,6451808,12165120
9944,5.05066,3875,1392,6456701,12165120
9945,5.18799,3875,1392,6463181,12165120
9946,4.89807,3875,1392,6469465,12165120
9947,5.15747,3875,1392,6472361,12165120
9948,4.79126,3875,1392,6479138,12165120
9949,5.17273,3875,1392,6483933,12165120
9950,5.0354,3875,1392,6488910,12165120
9951,5.17273,3875,1392,6494170,12165120
9952,5.52368,3875,1392,6498524,12165120
9953,4.73022,3875,1392,6503227,12165120
9954,4.92859,3875,1392,6508139,12165120
9955,5.08118,3875,1392,6513047,12165120
9956,5.0354,3875,1392,6520111,12165120
9957,5.02014,3875,1392,6523053,12165120
9958,5.05066,3875,1392,6496898,12165120
9959,5.18799,3875,1392,6527989,12165120
9960,4.85229,3875,1392,6530361,12165120
9961,4.95911,3875,1392,6534020,12165120
9962,5.50842,3875,1392,6536139,12165120
9963,4.69971,3875,1392,6539968,12165120
9964,4.91333,3875,1392,6541270,12165120
9965,5.38635,3875,1392,6544021,12165120
9966,4.89807,3875,1392,6545420,12165120
9967,5.02014,3875,1392,6550643,12165120
9968,5.0354,3875,1392,6552676,12165120
9969,5.12695,3875,1392,6553841,12165120
9970,5.14221,3875,1392,6554296,12165120
9971,5.0354,3875,1392,6557970,12165120
9972,5.41687,3875,1392,6557992,12165120
9973,4.92859,3875,1392,6560212,12165120
9974,5.11169,3875,1392,6561280,12165120
9975,5.20325,3875,1392,6563723,12165120
9976,4.91333,3875,1392,6566188,12165120
9977,4.98962,3875,1392,6567364,12165120
9978,5.34058,3875,1392,6570236,12165120
9979,4.86755,3875,1392,6572502,12165120
9980,5.02014,3875,1392,6575344,12165120
9981,5.31006,3875,1392,6577518,12165120
9982,5.11169,3875,1392,6577087,12165120
9983,4.71497,3875,1392,6580145,12165120
9984,5.32532,3875,1392,6579775,12165120
9985,4.92859,3875,1392,6582170,12165120
9986,5.14221,3875,1392,6585395,12165120
9987,4.74548,3875,1392,6587107,12165120
9988,5.43213,3875,1392,6588315,12165120
9989,4.86755,3875,1392,6591265,12165120
9990,5.05066,3875,1392,6593972,12165120
9991,5.05066,3875,1392,6594310,12165120
9992,5.40161,3875,1392,6595109,12165120
9993,4.89807,3875,1392,6597341,12165120
9994,5.12695,3875,1392,6595338,12165120
9995,5.09644,3875,1392,6598184,12165120
9996,4.88281,3875,1392,6598339,12165120
9997,5.15747,3875,1392,6601409,12165120
9998,5.49316,3875,1392,6601257,12165120
9999,4.76074,3875,1392,6603265,12165120
10000,5.06592,3875,1392,6605140,12165120
10001,5.23376,3875,1392,6607573,12165120
10002,4.91333,3875,1392,6605835,12165120
10003,5.14221,3875,1392,6607882,12165120
10004,4.89807,3875,1392,6606369,12165120
10005,5.61523,3875,1392,6608095,12165120
10006,4.65393,3875,1392,6610393,12165120
10007,4.95911,3875,1392,6610895,12165120
10008,5.18799,3875,1392,6611545,12165120
10009,4.95911,3875,1392,6610751,12165120
10010,5.12695,3875,1392,6611467,12165120
10011,5.17273,3875,1392,6611166,12165120
10012,4.88281,3875,1392,6614374,12165120
10013,4.98962,3875,1392,6613862,12165120
10014,5.21851,3875,1392,6614688,12165120
10015,5.26428,3875,1392,6617167,12165120
10016,4.95911,3875,1392,6616551,12165120
10017,4.91333,3875,1392,6618383,12165120
10018,5.2948,3875,1392,6618350,12165120
10019,5.08118,3875,1392,6617827,12165120
10020,5.00488,3875,1392,6619927,12165120
10021,5.14221,3875,1392,6620828,12165120
10022,4.89807,3875,1392,6621398,12165120
10023,5.06592,3875,1392,6624068,12165120
10024,5.15747,3875,1392,6622795,12165120
10025,5.05066,3875,1392,6621630,12165120
10026,4.94385,3875,1392,6625136,12165120
10027,5.05066,3875,1392,6622807,12165120
10028,5.14221,3875,1392,6621282,12165120
10029,4.88281,3875,1392,6626969,12165120
10030,5.12695,3875,1392,6623852,12165120
10031,5.14221,3875,1392,6622780,12165120
10032,4.94385,3875,1392,6624528,12165120
10033,5.00488,3875,1392,6624841,12165120
10034,5.34058,3875,1392,6625505,12165120
10035,5.14221,3875,1392,6624727,12165120
10036,5.08118,3875,1392,6624423,12165120
10037,5.14221,3875,1392,6626134,12165120
10038,5.06592,3875,1392,6626236,12165120
10039,4.95911,3875,1392,6620407,12165120
10040,5.24902,3875,1392,6622107,12165120
10041,4.94385,3875,1392,6619228,12165120
10042,5.09644,3875,1392,6611014,12165120
10043,4.98962,3875,1392,6604731,12165120
10044,5.08118,3875,1392,6604284,12165120
10045,5.46265,3875,1392,6591186,12165120
10046,4.62341,3875,1392,6580596,12165120
10047,5.24902,3875,1392,6581730,12165120
10048,5.23376,3875,1392,6565963,12165120
10049,5.02014,3875,1392,6556880,12165120
10050,4.73022,3875,1392,6557089,12165120
10051,5.61523,3875,1392,6534340,12165120
10052,4.95911,3875,1392,6515041,12165120
10053,4.79126,3875,1392,6516733,12165120
10054,5.46265,3875,1392,6492843,12165120
10055,5.17273,3875,1392,6462029,12165120
10056,4.71497,3875,1392,6462335,12165120
10057,5.61523,3875,1392,6448138,12165120
10058,4.98962,3875,1392,6427203,12165120
10059,4.83704,3875,1392,6426301,12165120
10060,5.37109,3875,1392,6390590,12165120
10061,4.98962,3875,1392,6360631,12165120
10062,4.776,3875,1392,6358635,12165120
10063,5.21851,3875,1392,6336739,12165120
10064,5.32532,3875,1392,6316561,12165120
10065,4.83704,3875,1392,6316536,12165120
10066,4.65393,3875,1392,6307606,12165120
10067,5.76782,3875,1392,6299960,12165120
10068,4.68445,3875,1392,6299814,12165120
10069,4.98962,3875,1392,6298638,12165120
10070,5.38635,3875,1392,6288870,12165120
10071,4.92859,3875,1392,6277771,12165120
10072,4.86755,3875,1392,6277511,12165120
10073,5.11169,3875,1392,6268963,12165120
10074,5.24902,3875,1392,6264177,12165120
10075,4.73022,3875,1392,6263614,12165120
10076,5.18799,3875,1392,6255658,12165120
10077,5.34058,3875,1392,6249375,12165120
10078,4.66919,3875,1392,6250070,12165120
10079,5.00488,3875,1392,6250157,12165120
10080,5.40161,3875,1392,6246723,12165120
10081,4.83704,3875,1392,6247401,12165120
10082,4.92859,3875,1392,6248753,12165120
10083,5.11169,3875,1392,6249156,12165120
10084,5.27954,3875,1392,6246951,12165120
10085,4.80652,3875,1392,6247329,12165120
10086,4.89807,3875,1392,6246529,12165120
10087,5.23376,3875,1392,6245485,12165120
10088,4.97437,3875,1392,6246744,12165120
10089,5.09644,3875,1392,6245134,12165120
10090,5.0354,3875,1392,6244688,12165120
10091,5.15747,3875,1392,6243937,12165120
10092,4.88281,3875,1392,6242850,12165120
10093,5.12695,3875,1392,6241315,12165120
10094,4.85229,3875,1392,6240720,12165120
10095,4.98962,3875,1392,6240585,12165120
10096,4.91333,3875,1392,6240548,12165120
10097,5.37109,3875,1392,6240006,12165120
10098,4.83704,3875,1392,6239540,12165120
10099,4.91333,3875,1392,6239109,12165120
10100,5.46265,3875,1392,6237754,12165120
10101,4.83704,3875,1392,6237565,12165120
10102,4.97437,3875,1392,6237919,12165120
10103,5.63049,3875,1392,6235775,12165120
10104,4.68445,3875,1392,6236063,12165120
10105,4.85229,3875,1392,6235403,12165120
10106,4.94385,3875,1392,6233506,12165120
10107,5.31006,3875,1392,6232275,12165120
10108,5.02014,3875,1392,6232476,12165120
10109,4.91333,3875,1392,6233720,12165120
10110,5.2948,3875,1392,6232227,12165120
10111,4.92859,3875,1392,6231315,12165120
10112,4.85229,3875,1392,6229249,12165120
10113,5.43213,3875,1392,6229709,12165120
10114,4.92859,3875,1392,6228705,12165120
10115,5.02014,3875,1392,6228537,12165120
10116,5.08118,3875,1392,6226018,12165120
10117,5.0354,3875,1392,6225259,12165120
10118,5.05066,3875,1392,6225021,12165120
10119,5.05066,3875,1392,6223840,12165120
10120,5.06592,3875,1392,6222975,12165120
10121,4.98962,3875,1392,6220712,12165120
10122,5.08118,3875,1392,6219195,12165120
10123,5.35583,3875,1392,6219018,12165120
10124,4.97437,3875,1392,6216832,12165120
10125,4.95911,3875,1392,6215137,12165120
10126,5.27954,3875,1392,6214223,12165120
10127,5.08118,3875,1392,6214080,12165120
10128,4.95911,3875,1392,6212967,12165120
10129,5.00488,3875,1392,6207794,12165120
10130,5.20325,3875,1392,6209623,12165120
10131,4.86755,3875,1392,6209067,12165120
10132,5.11169,3875,1392,6209330,12165120
10133,5.53894,3875,1392,6209346,12165120
10134,4.65393,3875,1392,6207769,12165120
10135,5.05066,3875,1392,6206798,12165120
10136,5.17273,3875,1392,6206271,12165120
10137,5.09644,3875,1392,6208012,12165120
10138,5.08118,3875,1392,6207083,12165120
10139,4.92859,3875,1392,6209498,12165120
10140,5.23376,3875,1392,6209859,12165120
10141,4.91333,3875,1392,6211872,12165120
10142,5.15747,3875,1392,6214271,12165120
10143,5.17273,3875,1392,6217339,12165120
10144,5.11169,3875,1392,6219978,12165120
10145,4.776,3875,1392,6225074,12165120
10146,5.93567,3875,1392,6230498,12165120
10147,4.44031,3875,1392,6234009,12165120
10148,4.88281,3875,1392,6237993,12165120
10149,5.18799,3875,1392,6245174,12165120
10150,5.20325,3875,1392,6248581,12165120
10151,4.85229,3875,1392,6255011,12165120
10152,5.14221,3875,1392,6262509,12165120
10153,5.11169,3875,1392,6268285,12165120
10154,4.85229,3875,1392,6275056,12165120
10155,4.89807,3875,1392,6280958,12165120
10156,5.31006,3875,1392,6288235,12165120
10157,4.85229,3875,1392,6296981,12165120
10158,5.00488,3875,1392,6307318,12165120
10159,5.38635,3875,1392,6320125,12165120
10160,4.80652,3875,1392,6330805,12165120
10161,5.05066,3875,1392,6340758,12165120
10162,4.95911,3875,1392,6352011,12165120
10163,5.32532,3875,1392,6365047,12165120
10164,4.98962,3875,1392,6377865,12165120
10165,5.05066,3875,1392,6391064,12165120
10166,5.37109,3875,1392,6408084,12165120
10167,5.0354,3875,1392,6425792,12165120
10168,5.08118,3875,1392,6446808,12165120
10169,5.50842,3875,1392,6467826,12165120
10170,4.91333,3875,1392,6488424,12165120
10171,5.08118,3875,1392,6511265,12165120
10172,5.26428,3875,1392,6532027,12165120
10173,4.97437,3875,1392,6560164,12165120
10174,4.95911,3875,1392,6590294,12165120
10175,5.06592,3875,1392,6618997,12165120
10176,5.2948,3875,1392,6647864,12165120
10177,5.21851,3875,1392,6672384,12165120
10178,5.02014,3875,1392,6700321,12165120
10179,5.26428,3875,1392,6730428,12165120
10180,4.94385,3875,1392,6758852,12165120
10181,5.18799,3875,1392,6785942,12165120
10182,5.17273,3875,1392,6797365,12165120
10183,5.18799,3875,1392,6795671,12165120
10184,5.02014,3875,1392,6794944,12165120
10185,5.37109,3875,1392,6781766,12165120
10186,5.09644,3875,1392,6774638,12165120
10187,5.24902,3875,1392,6766936,12165120
10188,5.20325,3875,1392,6757366,12165120
10189,5.61523,3875,1392,6754428,12165120
10190,4.92859,3875,1392,6750405,12165120
10191,5.02014,3875,1392,6761241,12165120
10192,5.44739,3875,1392,6757789,12165120
10193,4.82178,3875,1392,6758809,12165120
10194,5.24902,3875,1392,6760033,12165120
10195,5.23376,3875,1392,6759814,12165120
10196,5.02014,3875,1392,6746187,12165120
10197,5.24902,3875,1392,6750193,12165120
10198,5.56946,3875,1392,6749247,12165120
10199,4.63867,3875,1392,6729478,12165120
10200,5.12695,3875,1392,6739620,12165120
10201,5.56946,3875,1392,6734251,12165120
10202,4.98962,3875,1392,6715660,12165120
10203,5.12695,3875,1392,6716062,12165120
10204,5.2948,3875,1392,6712729,12165120
10205,5.06592,3875,1392,6703302,12165120
10206,5.05066,3875,1392,6708133,12165120
10207,5.12695,3875,1392,6711880,12165120
10208,5.66101,3875,1392,6708143,12165120
10209,4.83704,3875,1392,6712571,12165120
10210,5.53894,3875,1392,6708583,12165120
10211,4.98962,3875,1392,6726741,12165120
10212,5.08118,3875,1392,6725237,12165120
10213,5.34058,3875,1392,6728155,12165120
10214,5.37109,3875,1392,6730771,12165120
10215,4.86755,3875,1392,6728258,12165120
10216,5.5542,3875,1392,6726995,12165120
10217,5.17273,3875,1392,6726097,12165120
10218,5.20325,3875,1392,6723752,12165120
10219,4.95911,3875,1392,6732299,12165120
10220,5.49316,3875,1392,6710092,12165120
10221,5.26428,3875,1392,6724497,12165120
10222,5.02014,3875,1392,6722275,12165120
10223,5.69153,3875,1392,6715653,12165120
10224,5.11169,3875,1392,6709984,12165120
10225,5.09644,3875,1392,6707133,12165120
10226,5.23376,3875,1392,6713879,12165120
10227,5.67627,3875,1392,6718297,12165120
10228,5.17273,3875,1392,6727650,12165120
10229,4.92859,3875,1392,6736118,12165120
10230,5.41687,3875,1392,6745562,12165120
10231,5.32532,3875,1392,6759897,12165120
10232,5.02014,3875,1392,6767621,12165120
10233,5.8136,3875,1392,6774809,12165120
10234,5.35583,3875,1392,6781072,12165120
10235,4.85229,3875,1392,6790300,12165120
10236,5.40161,3875,1392,6784083,12165120
10237,5.15747,3875,1392,6793117,12165120
10238,5.14221,3875,1392,6792805,12165120
10239,5.31006,3875,1392,6794754,12165120
10240,5.38635,3875,1392,6788323,12165120
10241,5.12695,3875,1392,6785064,12165120
10242,5.15747,3875,1392,6779405,12165120
10243,5.59998,3875,1392,6773414,12165120
10244,5.17273,3875,1392,6766775,12165120
10245,5.24902,3875,1392,6759532,12165120
10246,5.46265,3875,1392,6749233,12165120
10247,5.18799,3875,1392,6738298,12165120
10248,5.40161,3875,1392,6724842,12165120
10249,5.47791,3875,1392,6714249,12165120
10250,5.18799,3875,1392,6702596,12165120
10251,5.38635,3875,1392,6689080,12165120
10252,5.5542,3875,1392,6680855,12165120
10253,5.23376,3875,1392,6661693,12165120
10254,5.49316,3875,1392,6649695,12165120
10255,5.34058,3875,1392,6638009,12165120
10256,5.12695,3875,1392,6625532,12165120
10257,5.52368,3875,1392,6615463,12165120
10258,5.43213,3875,1392,6607878,12165120
10259,5.23376,3875,1392,6597094,12165120
10260,5.44739,3875,1392,6587068,12165120
10261,5.32532,3875,1392,6580637,12165120
10262,5.35583,3875,1392,6569335,12165120
10263,5.32532,3875,1392,6557239,12165120
10264,5.35583,3875,1392,6553524,12165120
10265,5.46265,3875,1392,6546752,12165120
10266,5.47791,3875,1392,6545899,12165120
10267,5.47791,3875,1392,6552249,12165120
10268,5.23376,3875,1392,6552826,12165120
10269,5.23376,3875,1392,6549030,12165120
10270,5.2948,3875,1392,6544564,12165120
10271,6.22559,3875,1392,6537682,12165120
10272,4.88281,3875,1392,6530908,12165120
10273,5.35583,3875,1392,6527239,12165120
10274,5.49316,3875,1392,6523151,12165120
10275,5.27954,3875,1392,6519997,12165120
10276,5.26428,3875,1392,6523142,12165120
10277,5.58472,3875,1392,6526760,12165120
10278,5.14221,3875,1392,6536827,12165120
10279,5.34058,3875,1392,6546015,12165120
10280,5.63049,3875,1392,6549917,12165120
10281,5.06592,3875,1392,6547869,12165120
10282,5.2948,3875,1392,6547076,12165120
10283,5.63049,3875,1392,6536221,12165120
10284,5.26428,3875,1392,6524460,12165120
10285,5.2948,3875,1392,6515258,12165120
10286,5.35583,3875,1392,6496181,12165120
10287,5.15747,3875,1392,6481469,12165120
10288,5.32532,3875,1392,6461850,12165120
10289,5.64575,3875,1392,6444626,12165120
10290,5.23376,3875,1392,6430281,12165120
10291,5.2948,3875,1392,6419117,12165120
10292,5.34058,3875,1392,6400096,12165120
10293,5.56946,3875,1392,6382946,12165120
10294,5.27954,3875,1392,6365105,12165120
10295,5.50842,3875,1392,6345647,12165120
10296,5.5542,3875,1392,6331118,12165120
10297,5.32532,3875,1392,6310788,12165120
10298,5.5542,3875,1392,6294588,12165120
10299,5.40161,3875,1392,6282276,12165120
10300,5.18799,3875,1392,6269088,12165120
10301,5.32532,3875,1392,6254814,12165120
10302,5.69153,3875,1392,6243556,12165120
10303,5.38635,3875,1392,6230235,12165120
10304,5.20325,3875,1392,6221380,12165120
10305,5.63049,3875,1392,6212975,12165120
10306,5.37109,3875,1392,6207001,12165120
10307,5.50842,3875,1392,6200808,12165120
10308,5.53894,3875,1392,6201506,12165120
10309,5.31006,3875,1392,6202182,12165120
10310,5.31006,3875,1392,6205666,12165120
10311,5.69153,3875,1392,6209520,12165120
10312,5.37109,3875,1392,6209812,12165120
10313,5.37109,3875,1392,6211052,12165120
10314,5.44739,3875,1392,6206019,12165120
10315,5.40161,3875,1392,6198784,12165120
10316,5.24902,3875,1392,6189877,12165120
10317,5.8136,3875,1392,6180595,12165120
10318,5.24902,3875,1392,6166587,12165120
10319,5.14221,3875,1392,6154287,12165120
10320,5.44739,3875,1392,6141726,12165120
10321,5.24902,3875,1392,6123633,12165120
10322,5.2948,3875,1392,6104404,12165120
10323,5.52368,3875,1392,6085803,12165120
10324,5.23376,3875,1392,6063497,12165120
10325,5.47791,3875,1392,6039912,12165120
10326,5.49316,3875,1392,6016269,12165120
10327,5.23376,3875,1392,5988478,12165120
10328,5.17273,3875,1392,5950271,12165120
10329,5.53894,3875,1392,5920566,12165120
10330,5.64575,3875,1392,5885252,12165120
10331,5.20325,3875,1392,5854420,12165120
10332,5.24902,3875,1392,5808278,12165120
10333,5.50842,3875,1392,5768502,12165120
10334,5.20325,3875,1392,5725337,12165120
10335,5.23376,3875,1392,5694532,12165120
10336,5.69153,3875,1392,5680737,12165120
10337,5.12695,3875,1392,5674272,12165120
10338,5.09644,3875,1392,5662564,12165120
10339,5.66101,3875,1392,5657595,12165120
10340,5.14221,3875,1392,5642732,12165120
10341,5.2948,3875,1392,5627100,12165120
10342,5.40161,3875,1392,5622169,12165120
10343,5.43213,3875,1392,5619686,12165120
10344,5.11169,3875,1392,5603297,12165120
10345,5.58472,3875,1392,5580347,12165120
10346,5.18799,3875,1392,5560264,12165120
10347,5.24902,3875,1392,5543769,12165120
10348,5.61523,3875,1392,5525892,12165120
10349,5.20325,3875,1392,5515929,12165120
10350,5.35583,3875,1392,5496685,12165120
10351,5.50842,3875,1392,5473451,12165120
10352,5.31006,3875,1392,5453103,12165120
10353,5.32532,3875,1392,5414882,12165120
10354,5.27954,3875,1392,5377744,12165120
10355,5.43213,3875,1392,5349202,12165120
10356,5.37109,3875,1392,5306938,12165120
10357,5.05066,3875,1392,5247142,12165120
10358,5.70679,3875,1392,5184353,12165120
10359,5.09644,3875,1392,5117502,12165120
10360,5.20325,3875,1392,5060253,12165120
10361,5.37109,3875,1392,4921454,12165120
10362,5.08118,3875,1392,4824970,12165120
10363,5.06592,3875,1392,4826886,12165120
10364,5.35583,3875,1392,4874230,12165120
10365,5.06592,3875,1392,4945665,12165120
10366,4.83704,3875,1392,5059103,12165120
10367,5.58472,3875,1392,5194623,12165120
10368,4.85229,3875,1392,5316128,12165120
10369,5.24902,3875,1392,5402546,12165120
10370,5.2948,3875,1392,5515626,12165120
10371,5.17273,3875,1392,5640302,12165120
10372,5.15747,3875,1392,5787751,12165120
10373,5.58472,3875,1392,5915992,12165120
10374,5.43213,3875,1392,6022023,12165120
10375,5.52368,3875,1392,6123157,12165120
10376,5.32532,3875,1392,6191260,12165120
10377,5.93567,3875,1392,6258461,12165120
10378,5.21851,3875,1392,6337920,12165120
10379,5.40161,3875,1392,6416396,12165120
10380,5.69153,3875,1392,6446097,12165120
10381,5.34058,3875,1392,6452159,12165120
10382,5.61523,3875,1392,6461144,12165120
10383,5.5542,3875,1392,6471852,12165120
10384,5.27954,3875,1392,6484535,12165120
10385,5.15747,3875,1392,6498068,12165120
10386,5.56946,3875,1392,6509823,12165120
10387,5.17273,3875,1392,6523356,12165120
10388,5.23376,3875,1392,6535862,12165120
10389,5.79834,3875,1392,6546727,12165120
10390,5.17273,3875,1392,6556078,12165120
10391,5.35583,3875,1392,6562907,12165120
10392,5.50842,3875,1392,6566442,12165120
10393,5.18799,3875,1392,6567817,12165120
10394,5.24902,3875,1392,6566310,12165120
10395,5.59998,3875,1392,6566586,12165120
10396,5.23376,3875,1392,6563586,12165120
10397,5.08118,3875,1392,6559863,12165120
10398,5.90515,3875,1392,6553844,12165120
10399,4.86755,3875,1392,6548277,12165120
10400,5.34058,3875,1392,6542585,12165120
10401,5.46265,3875,1392,6534965,12165120
10402,5.2948,3875,1392,6531993,12165120
10403,5.23376,3875,1392,6525278,12165120
10404,5.47791,3875,1392,6517045,12165120
10405,5.34058,3875,1392,6511311,12165120
10406,5.2948,3875,1392,6507109,12165120
10407,5.44739,3875,1392,6504541,12165120
10408,5.2948,3875,1392,6501532,12165120
10409,5.26428,3875,1392,6499604,12165120
10410,5.2948,3875,1392,6493796,12165120
10411,5.78308,3875,1392,6486635,12165120
10412,5.2948,3875,1392,6476342,12165120
10413,5.17273,3875,1392,6462545,12165120
10414,5.8136,3875,1392,6454762,12165120
10415,5.06592,3875,1392,6449655,12165120
10416,5.24902,3875,1392,6446244,12165120
10417,5.69153,3875,1392,6447740,12165120
10418,5.15747,3875,1392,6450765,12165120
10419,5.24902,3875,1392,6455049,12165120
10420,5.7373,3875,1392,6459850,12165120
10421,5.08118,3875,1392,6470344,12165120
10422,5.23376,3875,1392,6489504,12165120
10423,5.53894,3875,1392,6512381,12165120
10424,5.18799,3875,1392,6532231,12165120
10425,5.49316,3875,1392,6551847,12165120
10426,5.61523,3875,1392,6567893,12165120
10427,5.08118,3875,1392,6582022,12165120
10428,5.05066,3875,1392,6594100,12165120
10429,5.78308,3875,1392,6604548,12165120
10430,5.0354,3875,1392,6610371,12165120
10431,5.2948,3875,1392,6611340,12165120
10432,5.38635,3875,1392,6612963,12165120
10433,5.46265,3875,1392,6608218,12165120
10434,5.11169,3875,1392,6601349,12165120
10435,5.14221,3875,1392,6591226,12165120
10436,5.79834,3875,1392,6579853,12165120
10437,5.23376,3875,1392,6569396,12165120
10438,5.11169,3875,1392,6556839,12165120
10439,5.72205,3875,1392,6537561,12165120
10440,5.52368,3875,1392,6506768,12165120
10441,5.38635,3875,1392,6490081,12165120
10442,5.0354,3875,1392,6458800,12165120
10443,5.49316,3875,1392,6435012,12165120
10444,5.46265,3875,1392,6414700,12165120
10445,5.32532,3875,1392,6389949,12165120
10446,5.78308,3875,1392,6368831,12165120
10447,5.08118,3875,1392,6351385,12165120
10448,5.8136,3875,1392,6319793,12165120
10449,4.98962,3875,1392,6313085,12165120
10450,5.50842,3875,1392,6331464,12165120
10451,5.88989,3875,1392,6366533,12165120
10452,5.23376,3875,1392,6365908,12165120
10453,5.18799,3875,1392,6390545,12165120
10454,5.59998,3875,1392,6413013,12165120
10455,5.59998,3875,1392,6434179,12165120
10456,4.82178,3875,1392,6437068,12165120
10457,6.08826,3875,1392,6449595,12165120
10458,5.17273,3875,1392,6463873,12165120
10459,5.17273,3875,1392,6467975,12165120
10460,5.27954,3875,1392,6485474,12165120
10461,5.31006,3875,1392,6509277,12165120
10462,5.38635,3875,1392,6540056,12165120
10463,5.34058,3875,1392,6549253,12165120
10464,5.50842,3875,1392,6578227,12165120
10465,4.98962,3875,1392,6610001,12165120
10466,5.5542,3875,1392,6614761,12165120
10467,4.94385,3875,1392,6640010,12165120
10468,5.31006,3875,1392,6664160,12165120
10469,5.17273,3875,1392,6687041,12165120
10470,5.40161,3875,1392,6684293,12165120
10471,5.34058,3875,1392,6697726,12165120
10472,5.34058,3875,1392,6711710,12165120
10473,5.2948,3875,1392,6711184,12165120
10474,5.17273,3875,1392,6713183,12165120
10475,5.24902,3875,1392,6719473,12165120
10476,5.26428,3875,1392,6713503,12165120
10477,5.09644,3875,1392,6721396,12165120
10478,5.2948,3875,1392,6731150,12165120
10479,5.50842,3875,1392,6726388,12165120
10480,4.95911,3875,1392,6721427,12165120
10481,5.2948,3875,1392,6733948,12165120
10482,5.27954,3875,1392,6725525,12165120
10483,5.21851,3875,1392,6705801,12165120
10484,5.35583,3875,1392,6705038,12165120
10485,5.34058,3875,1392,6688019,12165120
10486,5.26428,3875,1392,6659343,12165120
10487,5.11169,3875,1392,6645305,12165120
10488,5.26428,3875,1392,6641702,12165120
10489,5.53894,3875,1392,6630794,12165120
10490,4.79126,3875,1392,6625688,12165120
10491,5.44739,3875,1392,6616503,12165120
10492,5.56946,3875,1392,6614390,12165120
10493,4.98962,3875,1392,6604493,12165120
10494,5.26428,3875,1392,6603052,12165120
10495,5.56946,3875,1392,6597961,12165120
10496,5.02014,3875,1392,6595831,12165120
10497,5.05066,3875,1392,6588889,12165120
10498,5.88989,3875,1392,6596527,12165120
10499,4.76074,3875,1392,6602726,12165120
10500,4.88281,3875,1392,6598332,12165120
10501,5.8136,3875,1392,6600306,12165120
10502,5.00488,3875,1392,6605574,12165120
10503,4.82178,3875,1392,6597743,12165120
10504,5.2948,3875,1392,6593049,12165120
10505,5.67627,3875,1392,6597545,12165120
10506,4.88281,3875,1392,6592564,12165120
10507,5.00488,3875,1392,6587919,12165120
10508,5.70679,3875,1392,6589658,12165120
10509,4.91333,3875,1392,6594381,12165120
10510,5.05066,3875,1392,6578336,12165120
10511,5.70679,3875,1392,6575712,12165120
10512,5.05066,3875,1392,6574660,12165120
10513,5.09644,3875,1392,6568069,12165120
10514,5.50842,3875,1392,6560470,12165120
10515,5.09644,3875,1392,6552041,12165120
10516,4.98962,3875,1392,6548238,12165120
10517,5.5542,3875,1392,6542548,12165120
10518,5.2948,3875,1392,6541498,12165120
10519,4.83704,3875,1392,6542047,12165120
10520,4.92859,3875,1392,6537480,12165120
10521,5.63049,3875,1392,6530087,12165120
10522,5.02014,3875,1392,6530467,12165120
10523,5.08118,3875,1392,6541368,12165120
10524,5.56946,3875,1392,6532921,12165120
10525,4.79126,3875,1392,6535976,12165120
10526,5.17273,3875,1392,6536097,12165120
10527,5.49316,3875,1392,6538777,12165120
10528,5.41687,3875,1392,6544961,12165120
10529,4.57764,3875,1392,6541092,12165120
10530,5.35583,3875,1392,6551812,12165120
10531,5.21851,3875,1392,6560747,12165120
10532,5.21851,3875,1392,6558828,12165120
10533,4.88281,3875,1392,6555909,12165120
10534,5.7373,3875,1392,6579216,12165120
10535,5.0354,3875,1392,6585265,12165120
10536,4.71497,3875,1392,6591720,12165120
10537,5.44739,3875,1392,6592347,12165120
10538,4.97437,3875,1392,6601061,12165120
10539,4.88281,3875,1392,6602326,12165120
10540,5.50842,3875,1392,6616602,12165120
10541,4.86755,3875,1392,6619512,12165120
10542,5.12695,3875,1392,6622558,12165120
10543,5.61523,3875,1392,6629808,12165120
10544,5.00488,3875,1392,6625442,12165120
10545,4.63867,3875,1392,6625830,12165120
10546,5.47791,3875,1392,6633467,12165120
10547,5.14221,3875,1392,6649174,12165120
10548,4.94385,3875,1392,6638266,12165120
10549,4.97437,3875,1392,6644654,12165120
10550,5.5542,3875,1392,6642478,12165120
10551,5.31006,3875,1392,6651509,12165120
10552,4.85229,3875,1392,6653346,12165120
10553,5.23376,3875,1392,6649402,12165120
10554,4.98962,3875,1392,6659497,12165120
10555,4.94385,3875,1392,6651453,12165120
10556,5.35583,3875,1392,6650537,12165120
10557,4.97437,3875,1392,6652249,12165120
10558,5.11169,3875,1392,6653164,12165120
10559,5.37109,3875,1392,6655373,12165120
10560,5.0354,3875,1392,6652515,12165120
10561,4.98962,3875,1392,6653090,12165120
10562,4.92859,3875,1392,6654962,12165120
10563,5.41687,3875,1392,6656530,12165120
10564,4.97437,3875,1392,6667968,12165120
10565,5.14221,3875,1392,6661432,12165120
10566,5.24902,3875,1392,6663564,12165120
10567,5.15747,3875,1392,6665228,12165120
10568,5.08118,3875,1392,6668191,12165120
10569,5.43213,3875,1392,6679941,12165120
10570,4.97437,3875,1392,6668291,12165120
10571,5.09644,3875,1392,6668922,12165120
10572,5.58472,3875,1392,6664984,12165120
10573,5.08118,3875,1392,6660996,12165120
10574,4.95911,3875,1392,6658840,12165120
10575,5.0354,3875,1392,6651318,12165120
10576,5.43213,3875,1392,6652714,12165120
10577,5.14221,3875,1392,6647640,12165120
10578,4.92859,3875,1392,6648948,12165120
10579,5.43213,3875,1392,6638064,12165120
10580,5.47791,3875,1392,6633626,12165120
10581,4.79126,3875,1392,6628448,12165120
10582,5.32532,3875,1392,6624101,12165120
10583,4.98962,3875,1392,6621103,12165120
10584,5.15747,3875,1392,6618472,12165120
10585,5.47791,3875,1392,6615618,12165120
10586,4.98962,3875,1392,6614642,12165120
10587,5.15747,3875,1392,6611562,12165120
10588,5.26428,3875,1392,6604775,12165120
10589,5.2948,3875,1392,6607430,12165120
10590,5.20325,3875,1392,6607330,12165120
10591,5.23376,3875,1392,6607277,12165120
10592,5.31006,3875,1392,6608550,12165120
10593,5.18799,3875,1392,6607943,12165120
10594,5.09644,3875,1392,6608021,12165120
10595,5.38635,3875,1392,6604979,12165120
10596,5.12695,3875,1392,6607430,12165120
10597,5.21851,3875,1392,6606766,12165120
10598,5.37109,3875,1392,6606245,12165120
10599,5.15747,3875,1392,6603356,12165120
10600,5.08118,3875,1392,6601708,12165120
10601,5.46265,3875,1392,6594998,12165120
10602,5.17273,3875,1392,6590266,12165120
10603,5.12695,3875,1392,6586112,12165120
10604,5.23376,3875,1392,6581078,12165120
10605,5.46265,3875,1392,6574915,12165120
10606,4.95911,3875,1392,6570776,12165120
10607,4.97437,3875,1392,6564464,12165120
10608,5.46265,3875,1392,6555392,12165120
10609,4.94385,3875,1392,6549868,12165120
10610,5.20325,3875,1392,6544093,12165120
10611,5.46265,3875,1392,6536214,12165120
10612,4.97437,3875,1392,6529906,12165120
10613,5.34058,3875,1392,6522351,12165120
10614,5.38635,3875,1392,6514975,12165120
10615,4.82178,3875,1392,6508727,12165120
10616,5.11169,3875,1392,6504279,12165120
10617,5.34058,3875,1392,6500489,12165120
10618,4.98962,3875,1392,6497659,12165120
10619,5.12695,3875,1392,6494273,12165120
10620,5.18799,3875,1392,6492394,12165120
10621,5.24902,3875,1392,6489654,12165120
10622,4.83704,3875,1392,6488333,12165120
10623,5.02014,3875,1392,6487471,12165120
10624,5.20325,3875,1392,6486772,12165120
10625,5.21851,3875,1392,6483356,12165120
10626,4.95911,3875,1392,6482572,12165120
10627,5.26428,3875,1392,6478022,12165120
10628,4.95911,3875,1392,6478119,12165120
10629,4.85229,3875,1392,6476575,12165120
10630,5.32532,3875,1392,6476381,12165120
10631,5.38635,3875,1392,6473655,12165120
10632,4.85229,3875,1392,6471192,12165120
10633,4.73022,3875,1392,6447706,12165120
10634,5.21851,3875,1392,6469927,12165120
10635,4.82178,3875,1392,6469582,12165120
10636,4.91333,3875,1392,6469085,12165120
10637,5.46265,3875,1392,6469471,12165120
10638,5.02014,3875,1392,6467561,12165120
10639,4.74548,3875,1392,6464727,12165120
10640,5.41687,3875,1392,6463573,12165120
10641,4.82178,3875,1392,6462244,12165120
10642,4.86755,3875,1392,6460666,12165120
10643,5.0354,3875,1392,6456944,12165120
10644,5.21851,3875,1392,6452259,12165120
10645,4.91333,3875,1392,6450656,12165120
10646,4.94385,3875,1392,6440106,12165120
10647,5.37109,3875,1392,6426418,12165120
10648,4.80652,3875,1392,6411699,12165120
10649,4.63867,3875,1392,6397235,12165120
10650,5.23376,3875,1392,6383000,12165120
10651,4.86755,3875,1392,6371218,12165120
10652,4.94385,3875,1392,6356556,12165120
10653,4.97437,3875,1392,6347297,12165120
10654,5.15747,3875,1392,6339588,12165120
10655,4.73022,3875,1392,6336115,12165120
10656,4.88281,3875,1392,6323047,12165120
10657,5.06592,3875,1392,6318582,12165120
10658,4.85229,3875,1392,6312366,12165120
10659,4.89807,3875,1392,6309296,12165120
10660,4.92859,3875,1392,6306389,12165120
10661,4.98962,3875,1392,6307438,12165120
10662,4.80652,3875,1392,6311054,12165120
10663,4.66919,3875,1392,6309068,12165120
10664,5.09644,3875,1392,6308927,12165120
10665,4.91333,3875,1392,6314585,12165120
10666,4.63867,3875,1392,6316348,12165120
10667,5.35583,3875,1392,6319469,12165120
10668,4.5166,3875,1392,6319005,12165120
10669,4.62341,3875,1392,6315266,12165120
10670,4.82178,3875,1392,6304586,12165120
10671,4.79126,3875,1392,6294084,12165120
10672,4.80652,3875,1392,6281339,12165120
10673,4.69971,3875,1392,6264087,12165120
10674,5.17273,3875,1392,6247284,12165120
10675,4.44031,3875,1392,6230078,12165120
10676,4.66919,3875,1392,6218176,12165120
10677,4.69971,3875,1392,6201545,12165120
10678,4.88281,3875,1392,6189716,12165120
10679,4.50134,3875,1392,6175645,12165120
10680,4.5166,3875,1392,6161917,12165120
10681,5.06592,3875,1392,6142564,12165120
10682,4.65393,3875,1392,6133175,12165120
10683,4.50134,3875,1392,6116409,12165120
10684,4.69971,3875,1392,6098035,12165120
10685,4.74548,3875,1392,6083101,12165120
10686,4.66919,3875,1392,6072273,12165120
10687,4.60815,3875,1392,6060765,12165120
10688,4.66919,3875,1392,6052107,12165120
10689,4.48608,3875,1392,6044507,12165120
10690,4.54712,3875,1392,6038700,12165120
10691,5.17273,3875,1392,6034416,12165120
10692,4.48608,3875,1392,6030984,12165120
10693,4.60815,3875,1392,6027477,12165120
10694,4.31824,3875,1392,6024076,12165120
10695,4.60815,3875,1392,6021174,12165120
10696,4.97437,3875,1392,6019504,12165120
10697,4.27246,3875,1392,6016925,12165120
10698,4.76074,3875,1392,6016418,12165120
10699,4.89807,3875,1392,6017110,12165120
10700,4.36401,3875,1392,6013786,12165120
10701,4.68445,3875,1392,6015519,12165120
10702,4.34875,3875,1392,6012632,12165120
10703,4.94385,3875,1392,6011653,12165120
10704,4.42505,3875,1392,6014159,12165120
10705,4.40979,3875,1392,6012453,12165120
10706,5.24902,3875,1392,6013969,12165120
10707,4.30298,3875,1392,6019136,12165120
10708,4.91333,3875,1392,6017519,12165120
10709,4.5166,3875,1392,6023025,12165120
10710,4.56238,3875,1392,6021564,12165120
10711,4.97437,3875,1392,6030766,12165120
10712,4.42505,3875,1392,6042055,12165120
10713,4.28772,3875,1392,6040750,12165120
10714,5.15747,3875,1392,6059409,12165120
10715,4.39453,3875,1392,6075359,12165120
10716,4.80652,3875,1392,6074625,12165120
10717,4.95911,3875,1392,6092724,12165120
10718,4.47083,3875,1392,6091535,12165120
10719,4.65393,3875,1392,6114358,12165120
10720,4.3335,3875,1392,6137615,12165120
10721,4.91333,3875,1392,6136486,12165120
10722,4.92859,3875,1392,6161199,12165120
10723,4.42505,3875,1392,6160954,12165120
10724,5.17273,3875,1392,6159929,12165120
10725,4.47083,3875,1392,6215728,12165120
10726,4.5166,3875,1392,6216166,12165120
10727,4.80652,3875,1392,6232456,12165120
10728,5.12695,3875,1392,6234802,12165120
10729,4.40979,3875,1392,6234437,12165120
10730,4.94385,3875,1392,6229315,12165120
10731,5.34058,3875,1392,6220919,12165120
10732,4.2572,3875,1392,6219863,12165120
10733,5.31006,3875,1392,6210541,12165120
10734,4.31824,3875,1392,6192945,12165120
10735,5.26428,3875,1392,6191968,12165120
10736,4.71497,3875,1392,6173775,12165120
10737,4.50134,3875,1392,6172320,12165120
10738,5.31006,3875,1392,6161036,12165120
10739,4.60815,3875,1392,6136914,12165120
10740,4.5929,3875,1392,6135204,12165120
10741,5.27954,3875,1392,6099800,12165120
10742,4.92859,3875,1392,6068997,12165120
10743,4.53186,3875,1392,6068231,12165120
10744,4.82178,3875,1392,6053892,12165120
10745,5.27954,3875,1392,6047026,12165120
10746,4.30298,3875,1392,6046446,12165120
10747,4.85229,3875,1392,6058658,12165120
10748,5.21851,3875,1392,6073287,12165120
10749,4.94385,3875,1392,6072423,12165120
10750,4.54712,3875,1392,6071166,12165120
10751,4.5929,3875,1392,6142108,12165120
10752,5.35583,3875,1392,6200404,12165120
10753,4.73022,3875,1392,6198123,12165120
10754,4.73022,3875,1392,6200045,12165120
10755,5.41687,3875,1392,6223652,12165120
10756,4.82178,3875,1392,6256774,12165120
10757,4.92859,3875,1392,6255985,12165120
10758,5.15747,3875,1392,6303781,12165120
10759,5.40161,3875,1392,6375968,12165120
10760,4.62341,3875,1392,6375473,12165120
10761,5.11169,3875,1392,6434563,12165120
10762,5.37109,3875,1392,6487249,12165120
10763,4.83704,3875,1392,6486111,12165120
10764,5.35583,3875,1392,6534047,12165120
10765,5.50842,3875,1392,6576039,12165120
10766,5.0354,3875,1392,6574616,12165120
10767,4.92859,3875,1392,6601506,12165120
10768,5.79834,3875,1392,6595493,12165120
10769,5.44739,3875,1392,6585473,12165120
10770,5.00488,3875,1392,6584677,12165120
10771,6.13403,3875,1392,6589173,12165120
10772,4.88281,3875,1392,6611318,12165120
10773,5.34058,3875,1392,6609236,12165120
10774,5.84412,3875,1392,6654665,12165120
10775,5.40161,3875,1392,6712605,12165120
10776,5.46265,3875,1392,6761559,12165120
10777,6.11877,3875,1392,6762391,12165120
10778,4.76074,3875,1392,6802002,12165120
10779,5.46265,3875,1392,6826649,12165120
10780,5.9967,3875,1392,6825495,12165120
10781,5.09644,3875,1392,6827750,12165120
10782,5.41687,3875,1392,6825618,12165120
10783,5.53894,3875,1392,6824386,12165120
10784,5.70679,3875,1392,6823680,12165120
10785,5.20325,3875,1392,6822475,12165120
10786,5.92041,3875,1392,6824744,12165120
10787,5.34058,3875,1392,6820650,12165120
10788,5.26428,3875,1392,6820362,12165120
10789,5.27954,3875,1392,6822274,12165120
10790,5.52368,3875,1392,6819349,12165120
10791,5.23376,3875,1392,6822947,12165120
10792,5.23376,3875,1392,6821180,12165120
10793,6.30188,3875,1392,6818537,12165120
10794,5.15747,3875,1392,6819945,12165120
10795,5.63049,3875,1392,6820263,12165120
10796,5.21851,3875,1392,6818009,12165120
10797,5.56946,3875,1392,6818981,12165120
10798,5.2948,3875,1392,6818218,12165120
10799,5.53894,3875,1392,6819859,12165120
10800,5.27954,3875,1392,6818362,12165120
10801,5.63049,3875,1392,6816287,12165120
10802,5.44739,3875,1392,6817092,12165120
10803,5.06592,3875,1392,6817009,12165120
10804,5.78308,3875,1392,6811320,12165120
10805,5.58472,3875,1392,6815174,12165120
10806,5.24902,3875,1392,6812235,12165120
10807,5.12695,3875,1392,6813543,12165120
10808,5.78308,3875,1392,6811202,12165120
10809,5.34058,3875,1392,6812306,12165120
10810,5.50842,3875,1392,6812893,12165120
10811,5.20325,3875,1392,6812860,12165120
10812,5.58472,3875,1392,6812860,12165120
10813,5.02014,3875,1392,6812987,12165120
10814,5.75256,3875,1392,6810874,12165120
10815,5.58472,3875,1392,6811272,12165120
10816,5.17273,3875,1392,6811796,12165120
10817,5.87463,3875,1392,6811340,12165120
10818,4.88281,3875,1392,6809668,12165120
10819,5.47791,3875,1392,6811663,12165120
10820,5.75256,3875,1392,6810479,12165120
10821,5.06592,3875,1392,6808310,12165120
10822,5.58472,3875,1392,6808527,12165120
10823,5.53894,3875,1392,6809808,12165120
10824,5.37109,3875,1392,6809710,12165120
10825,5.17273,3875,1392,6809463,12165120
10826,5.75256,3875,1392,6809463,12165120
10827,5.23376,3875,1392,6811947,12165120
10828,5.46265,3875,1392,6805878,12165120
10829,5.18799,3875,1392,6809807,12165120
10830,5.67627,3875,1392,6808003,12165120
10831,5.49316,3875,1392,6806844,12165120
10832,5.15747,3875,1392,6812419,12165120
10833,5.47791,3875,1392,6807895,12165120
10834,5.47791,3875,1392,6809372,12165120
10835,5.23376,3875,1392,6808747,12165120
10836,5.58472,3875,1392,6810229,12165120
10837,5.64575,3875,1392,6809986,12165120
10838,5.31006,3875,1392,6810369,12165120
10839,5.15747,3875,1392,6807515,12165120
10840,5.84412,3875,1392,6805708,12165120
10841,5.31006,3875,1392,6808362,12165120
10842,5.44739,3875,1392,6806377,12165120
10843,4.89807,3875,1392,6809045,12165120
10844,5.32532,3875,1392,6807192,12165120
10845,5.70679,3875,1392,6811253,12165120
10846,5.31006,3875,1392,6807787,12165120
10847,5.23376,3875,1392,6805952,12165120
10848,5.59998,3875,1392,6808793,12165120
10849,5.37109,3875,1392,6805722,12165120
10850,5.27954,3875,1392,6807623,12165120
10851,5.56946,3875,1392,6806899,12165120
10852,5.27954,3875,1392,6803220,12165120
10853,5.2948,3875,1392,6807147,12165120
10854,5.67627,3875,1392,6804790,12165120
10855,5.84412,3875,1392,6805633,12165120
10856,5.11169,3875,1392,6806176,12165120
10857,5.41687,3875,1392,6804845,12165120
10858,5.12695,3875,1392,6808552,12165120
10859,5.59998,3875,1392,6817092,12165120
10860,5.56946,3875,1392,6815100,12165120
10861,5.23376,3875,1392,6832270,12165120
10862,5.61523,3875,1392,6853890,12165120
10863,5.66101,3875,1392,6877850,12165120
10864,5.20325,3875,1392,6876691,12165120
10865,5.17273,3875,1392,6903577,12165120
10866,6.02722,3875,1392,6936509,12165120
10867,5.41687,3875,1392,6973897,12165120
10868,5.34058,3875,1392,6973711,12165120
10869,5.98145,3875,1392,7016391,12165120
10870,5.32532,3875,1392,7059266,12165120
10871,5.58472,3875,1392,7059411,12165120
10872,5.59998,3875,1392,7082338,12165120
10873,5.70679,3875,1392,7104894,12165120
10874,5.43213,3875,1392,7128801,12165120
10875,5.82886,3875,1392,7124887,12165120
10876,5.18799,3875,1392,7142906,12165120
10877,5.69153,3875,1392,7130941,12165120
10878,5.70679,3875,1392,7141749,12165120
10879,5.59998,3875,1392,7145302,12165120
10880,4.97437,3875,1392,7151058,12165120
10881,5.95093,3875,1392,7158926,12165120
10882,5.12695,3875,1392,7164999,12165120
10883,5.24902,3875,1392,7167174,12165120
10884,5.40161,3875,1392,7155194,12165120
10885,5.53894,3875,1392,7137541,12165120
10886,5.38635,3875,1392,7141043,12165120
10887,5.20325,3875,1392,7140685,12165120
10888,5.66101,3875,1392,7159295,12165120
10889,5.35583,3875,1392,7164730,12165120
10890,5.47791,3875,1392,7161980,12165120
10891,5.12695,3875,1392,7151389,12165120
10892,5.32532,3875,1392,7149999,12165120
10893,5.31006,3875,1392,7146503,12165120
10894,5.59998,3875,1392,7147333,12165120
10895,5.06592,3875,1392,7152474,12165120
10896,5.63049,3875,1392,7152514,12165120
10897,5.84412,3875,1387,7151556,12165120
10898,4.73022,3875,1387,7148680,12165120
10899,5.53894,3875,1387,7145141,12165120
10900,5.72205,3875,1387,7137369,12165120
10901,5.20325,3875,1387,7135095,12165120
10902,5.56946,3875,1387,7123212,12165120
10903,5.59998,3875,1387,7108225,12165120
10904,5.41687,3875,1387,7110076,12165120
10905,5.08118,3875,1387,7094547,12165120
10906,5.7373,3875,1387,7091303,12165120
10907,5.24902,3875,1387,7088373,12165120
10908,5.43213,3875,1387,7088403,12165120
10909,5.41687,3875,1387,7081133,12165120
10910,5.37109,3875,1387,7075864,12165120
10911,5.23376,3875,1387,7074630,12165120
10912,5.56946,3875,1387,7074662,12165120
10913,5.38635,3875,1387,7068985,12165120
10914,5.49316,3875,1387,7065309,12165120
10915,5.40161,3875,1387,7066814,12165120
10916,5.02014,3875,1387,7064421,12165120
10917,5.59998,3875,1387,7062528,12165120
10918,5.37109,3875,1387,7058108,12165120
10919,5.14221,3875,1387,7058245,12165120
10920,5.50842,3875,1387,7057649,12165120
10921,5.32532,3875,1387,7057022,12165120
10922,5.34058,3875,1387,7055737,12165120
10923,4.91333,3875,1387,7057195,12165120
10924,5.38635,3875,1387,7055051,12165120
10925,5.49316,3875,1387,7057076,12165120
10926,4.76074,3875,1387,7056698,12165120
10927,5.17273,3875,1387,7054051,12165120
10928,5.44739,3875,1387,7052211,12165120
10929,5.2948,3875,1387,7053573,12165120
10930,4.98962,3875,1387,7052257,12165120
10931,5.75256,3875,1387,7050633,12165120
10932,4.94385,3875,1387,7052900,12165120
10933,5.17273,3875,1387,7051761,12165120
10934,5.53894,3875,1387,7053488,12165120
10935,5.14221,3875,1387,7052452,12165120
10936,5.26428,3875,1387,7052282,12165120
10937,5.69153,3875,1387,7051241,12165120
10938,4.57764,3875,1387,7052623,12165120
10939,5.12695,3875,1387,7050990,12165120
10940,5.20325,3875,1387,7053547,12165120
10941,5.59998,3875,1387,7051598,12165120
10942,4.83704,3875,1387,7053173,12165120
10943,5.23376,3875,1387,7053404,12165120
10944,5.35583,3875,1387,7051848,12165120
10945,5.00488,3875,1387,7053672,12165120
10946,5.20325,3875,1387,7052198,12165120
10947,5.37109,3875,1387,7051734,12165120
10948,5.18799,3875,1387,7052644,12165120
10949,4.85229,3875,1387,7052923,12165120
10950,5.66101,3875,1387,7053477,12165120
10951,4.98962,3875,1387,7054387,12165120
10952,5.20325,3875,1387,7053733,12165120
10953,5.2948,3875,1387,7053249,12165120
10954,5.31006,3875,1387,7051846,12165120
10955,5.00488,3875,1387,7053361,12165120
10956,5.27954,3875,1387,7053760,12165120
10957,5.18799,3875,1387,7053652,12165120
10958,5.31006,3875,1387,7054203,12165120
10959,4.98962,3875,1387,7053303,12165120
10960,5.82886,3875,1387,7054522,12165120
10961,5.02014,3875,1387,7053466,12165120
10962,5.00488,3875,1387,7054239,12165120
10963,5.66101,3875,1387,7053845,12165120
10964,4.83704,3875,1387,7053628,12165120
10965,4.86755,3875,1387,7052640,12165120
10966,5.7373,3875,1387,7051671,12165120
10967,5.06592,3875,1387,7052984,12165120
10968,5.02014,3875,1387,7052194,12165120
10969,5.21851,3875,1387,7050248,12165120
10970,5.63049,3875,1387,7053580,12165120
10971,5.02014,3875,1387,7052897,12165120
10972,4.79126,3875,1387,7053592,12165120
10973,5.64575,3875,1387,7052416,12165120
10974,5.05066,3875,1387,7051695,12165120
10975,5.12695,3875,1387,7053724,12165120
10976,5.32532,3875,1387,7053991,12165120
10977,5.15747,3875,1387,7053959,12165120
10978,4.97437,3875,1387,7054220,12165120
10979,5.46265,3875,1387,7052105,12165120
10980,5.00488,3875,1387,7053389,12165120
10981,5.18799,3875,1387,7052745,12165120
10982,5.32532,3875,1387,7054957,12165120
10983,5.12695,3875,1387,7052261,12165120
10984,5.23376,3875,1387,7052332,12165120
10985,5.20325,3875,1387,7052980,12165120
10986,5.85938,3875,1387,7052816,12165120
10987,4.62341,3875,1387,7053275,12165120
10988,5.05066,3875,1387,7051179,12165120
10989,6.073,3875,1387,7051766,12165120
10990,4.60815,3875,1387,7052131,12165120
10991,4.71497,3875,1387,7052502,12165120
10992,6.24084,3875,1387,7053458,12165120
10993,4.53186,3875,1387,7052543,12165120
10994,5.18799,3875,1387,7053587,12165120
10995,5.11169,3875,1387,7053322,12165120
10996,5.2948,3875,1387,7053301,12165120
10997,5.20325,3875,1387,7054700,12165120
10998,5.23376,3875,1387,7054063,12165120
10999,5.41687,3875,1387,7054652,12165120
11000,5.17273,3875,1387,7054261,12165120
11001,4.79126,3875,1387,7053134,12165120
11002,5.67627,3875,1387,7052771,12165120
11003,4.89807,3875,1387,7053932,12165120
11004,5.53894,3875,1387,7050168,12165120
11005,4.85229,3875,1387,7054417,12165120
11006,5.38635,3875,1387,7053846,12165120
11007,4.69971,3875,1387,7053876,12165120
11008,5.37109,3875,1387,7051100,12165120
11009,5.08118,3875,1387,7053912,12165120
11010,5.14221,3875,1387,7052708,12165120
11011,5.31006,3875,1387,7052839,12165120
11012,5.12695,3875,1387,7052364,12165120
11013,5.18799,3875,1387,7052539,12165120
11014,5.46265,3875,1387,7053844,12165120
11015,5.00488,3875,1387,7053947,12165120
11016,5.32532,3875,1387,7053694,12165120
11017,5.14221,3875,1387,7052789,12165120
11018,5.23376,3875,1387,7053773,12165120
11019,5.06592,3875,1387,7051743,12165120
11020,4.98962,3875,1387,7052549,12165120
11021,5.37109,3875,1387,7054078,12165120
11022,5.11169,3875,1387,7053202,12165120
11023,5.17273,3875,1387,7052887,12165120
11024,5.2948,3875,1387,7052378,12165120
11025,5.69153,3875,1387,7054734,12165120
11026,4.76074,3875,1387,7054044,12165120
11027,5.21851,3875,1387,7052547,12165120
11028,5.12695,3875,1387,7053716,12165120
11029,5.27954,3875,1387,7051941,12165120
11030,5.2948,3875,1387,7053849,12165120
11031,4.86755,3875,1387,7055014,12165120
11032,5.50842,3875,1387,7055146,12165120
11033,4.71497,3875,1387,7051960,12165120
11034,5.52368,3875,1387,7053595,12165120
11035,5.21851,3875,1387,7054472,12165120
11036,5.21851,3875,1387,7051894,12165120
11037,5.11169,3875,1387,7051732,12165120
11038,5.41687,3875,1387,7053210,12165120
11039,4.95911,3875,1387,7054347,12165120
11040,5.20325,3875,1387,7054705,12165120
11041,5.2948,3875,1387,7053019,12165120
11042,5.12695,3875,1387,7053788,12165120
11043,5.5542,3875,1387,7053953,12165120
11044,4.62341,3875,1387,7053769,12165120
11045,5.40161,3875,1387,7053338,12165120
11046,5.21851,3875,1387,7054072,12165120
11047,5.05066,3875,1387,7051845,12165120
11048,5.35583,3875,1387,7053359,12165120
11049,5.20325,3875,1387,7052091,12165120
11050,5.09644,3875,1387,7053219,12165120
11051,5.20325,3875,1387,7053577,12165120
11052,5.17273,3875,1387,7054285,12165120
11053,5.31006,3875,1387,7052645,12165120
11054,4.89807,3875,1387,7054479,12165120
11055,5.61523,3875,1387,7053427,12165120
11056,5.34058,3875,1387,7053747,12165120
11057,4.88281,3875,1387,7051786,12165120
11058,5.35583,3875,1387,7052970,12165120
11059,5.34058,3875,1387,7053745,12165120
11060,4.79126,3875,1387,7053443,12165120
11061,5.32532,3875,1387,7052211,12165120
11062,5.27954,3875,1387,7053538,12165120
11063,5.0354,3875,1387,7053118,12165120
11064,5.37109,3875,1387,7052770,12165120
11065,4.80652,3875,1387,7052462,12165120
11066,5.41687,3875,1387,7055331,12165120
11067,5.0354,3875,1387,7054225,12165120
11068,5.41687,3875,1387,7052271,12165120
11069,5.00488,3875,1387,7053558,12165120
11070,5.08118,3875,1387,7052841,12165120
11071,5.41687,3875,1387,7053704,12165120
11072,5.20325,3875,1387,7054539,12165120
11073,4.89807,3875,1387,7054190,12165120
11074,5.43213,3875,1387,7054881,12165120
11075,5.50842,3875,1387,7053389,12165120
11076,4.63867,3875,1387,7053298,12165120
11077,5.5542,3875,1387,7053694,12165120
11078,5.15747,3875,1387,7052748,12165120
11079,5.05066,3875,1387,7053451,12165120
11080,5.43213,3875,1387,7053741,12165120
11081,5.12695,3875,1387,7053307,12165120
11082,5.27954,3875,1387,7053409,12165120
11083,4.95911,3875,1387,7053572,12165120
11084,4.91333,3875,1387,7052434,12165120
11085,5.43213,3875,1387,7052974,12165120
11086,5.02014,3875,1387,7053741,12165120
11087,5.26428,3875,1387,7054033,12165120
11088,5.27954,3875,1380,7053503,12165120
11089,5.27954,3875,1380,7051544,12165120
11090,5.00488,3875,1380,7052977,12165120
11091,5.2948,3875,1380,7053177,12165120
11092,5.15747,3875,1380,7054210,12165120
11093,5.35583,3875,1380,7053786,12165120
11094,4.71497,3875,1380,7053217,12165120
11095,5.75256,3875,1380,7051583,12165120
11096,4.79126,3875,1380,7053187,12165120
11097,5.43213,3875,1380,7053993,12165120
11098,5.34058,3875,1380,7052563,12165120
11099,4.776,3875,1380,7052825,12165120
11100,5.21851,3875,1380,7054117,12165120
11101,5.44739,3875,1380,7053503,12165120
11102,5.15747,3875,1380,7052168,12165120
11103,5.15747,3875,1380,7053374,12165120
11104,5.43213,3875,1380,7053887,12165120
11105,4.92859,3875,1380,7053142,12165120
11106,5.17273,3875,1380,7053314,12165120
11107,5.35583,3875,1380,7053833,12165120
11108,5.09644,3875,1380,7053514,12165120
11109,5.08118,3875,1380,7055540,12165120
11110,5.20325,3875,1380,7051169,12165120
11111,5.2948,3875,1380,7053248,12165120
11112,5.11169,3875,1380,7053030,12165120
11113,5.11169,3875,1380,7052924,12165120
11114,5.40161,3875,1380,7053590,12165120
11115,5.12695,3875,1380,7052826,12165120
11116,5.06592,3875,1380,7053810,12165120
11117,5.64575,3875,1380,7052821,12165120
11118,4.88281,3875,1380,7054235,12165120
11119,5.0354,3875,1380,7053994,12165120
11120,5.5542,3875,1380,7052896,12165120
11121,4.89807,3875,1380,7052970,12165120
11122,5.09644,3875,1380,7052442,12165120
11123,5.18799,3875,1380,7050457,12165120
11124,5.35583,3875,1380,7051164,12165120
11125,5.23376,3875,1380,7053947,12165120
11126,5.12695,3875,1380,7052664,12165120
11127,5.40161,3875,1380,7054652,12165120
11128,5.15747,3875,1380,7054577,12165120
11129,5.08118,3875,1380,7053444,12165120
11130,5.35583,3875,1380,7054115,12165120
11131,5.17273,3875,1380,7053395,12165120
11132,5.00488,3875,1380,7052722,12165120
11133,5.32532,3875,1380,7054361,12165120
11134,5.20325,3875,1380,7054032,12165120
11135,5.05066,3875,1380,7052270,12165120
11136,5.37109,3875,1380,7053952,12165120
11137,5.06592,3875,1380,7051981,12165120
11138,5.18799,3875,1380,7053024,12165120
11139,5.21851,3875,1380,7052770,12165120
11140,5.23376,3875,1380,7054799,12165120
11141,5.12695,3875,1380,7052373,12165120
11142,5.21851,3875,1380,7052829,12165120
11143,5.24902,3875,1380,7054118,12165120
11144,5.27954,3875,1380,7052615,12165120
11145,5.05066,3875,1380,7052720,12165120
11146,5.63049,3875,1380,7052415,12165120
11147,4.79126,3875,1380,7053763,12165120
11148,5.2948,3875,1380,7053516,12165120
11149,5.11169,3875,1380,7053416,12165120
11150,5.0354,3875,1380,7055085,12165120
11151,5.18799,3875,1380,7053516,12165120
11152,5.49316,3875,1380,7053982,12165120
11153,5.08118,3875,1380,7054261,12165120
11154,5.15747,3875,1380,7053673,12165120
11155,5.21851,3875,1380,7053801,12165120
11156,5.21851,3875,1380,7054119,12165120
11157,5.08118,3875,1380,7053740,12165120
11158,5.02014,3875,1380,7053522,12165120
11159,5.38635,3875,1380,7052926,12165120
11160,5.14221,3875,1380,7053396,12165120
11161,5.00488,3875,1380,7054423,12165120
11162,5.40161,3875,1380,7052417,12165120
11163,5.06592,3875,1380,7052172,12165120
11164,5.24902,3875,1380,7053266,12165120
11165,5.09644,3875,1380,7052900,12165120
11166,5.15747,3875,1380,7053402,12165120
11167,4.97437,3875,1380,7052288,12165120
11168,5.32532,3875,1380,7053848,12165120
11169,5.15747,3875,1380,7052813,12165120
11170,4.92859,3875,1380,7053292,12165120
11171,5.2948,3875,1380,7052201,12165120
11172,5.26428,3875,1380,7053550,12165120
11173,4.97437,3875,1380,7052992,12165120
11174,5.02014,3875,1380,7053400,12165120
11175,5.52368,3875,1380,7052269,12165120
11176,5.15747,3875,1380,7052712,12165120
11177,4.74548,3875,1380,7053387,12165120
11178,5.75256,3875,1380,7053053,12165120
11179,5.00488,3875,1380,7053646,12165120
11180,4.76074,3875,1380,7052268,12165120
11181,5.47791,3875,1380,7052390,12165120
11182,5.31006,3875,1380,7053075,12165120
11183,4.89807,3875,1380,7052037,12165120
11184,5.50842,3875,1380,7054312,12165120
11185,5.26428,3875,1380,7053249,12165120
11186,4.76074,3875,1380,7052962,12165120
11187,5.53894,3875,1380,7054159,12165120
11188,4.95911,3875,1380,7054453,12165120
11189,4.88281,3875,1380,7054052,12165120
11190,5.26428,3875,1380,7054325,12165120
11191,5.46265,3875,1380,7053454,12165120
11192,4.86755,3875,1380,7053960,12165120
11193,5.08118,3875,1380,7050405,12165120
11194,5.56946,3875,1380,7054253,12165120
11195,4.82178,3875,1380,7054445,12165120
11196,5.09644,3875,1380,7053853,12165120
11197,5.27954,3875,1380,7054773,12165120
11198,5.20325,3875,1380,7052651,12165120
11199,4.92859,3875,1380,7052849,12165120
11200,5.72205,3875,1380,7053104,12165120
11201,4.86755,3875,1380,7054087,12165120
11202,4.776,3875,1380,7055165,12165120
11203,5.46265,3875,1380,7054769,12165120
11204,5.38635,3875,1380,7052997,12165120
11205,5.21851,3875,1380,7052189,12165120
11206,4.80652,3875,1380,7053624,12165120
11207,5.46265,3875,1380,7054246,12165120
11208,5.44739,3875,1380,7053978,12165120
11209,5.12695,3875,1380,7052478,12165120
11210,5.43213,3875,1380,7053037,12165120
11211,4.63867,3875,1380,7053302,12165120
11212,4.98962,3875,1380,7052837,12165120
11213,5.11169,3875,1380,7052573,12165120
11214,5.38635,3875,1380,7053965,12165120
11215,4.94385,3875,1380,7054281,12165120
11216,5.11169,3875,1380,7052939,12165120
11217,5.38635,3875,1380,7052090,12165120
11218,4.98962,3875,1380,7053735,12165120
11219,5.09644,3875,1380,7053183,12165120
11220,5.63049,3875,1380,7052586,12165120
11221,4.5929,3875,1380,7050764,12165120
11222,5.23376,3875,1380,7052915,12165120
11223,5.50842,3875,1380,7053747,12165120
11224,5.15747,3875,1380,7053397,12165120
11225,4.68445,3875,1380,7052284,12165120
11226,5.34058,3875,1380,7051711,12165120
11227,5.49316,3875,1380,7053870,12165120
11228,4.73022,3875,1380,7053963,12165120
11229,5.5542,3875,1380,7052874,12165120
11230,5.05066,3875,1380,7053934,12165120
11231,5.02014,3875,1380,7051244,12165120
11232,5.12695,3875,1380,7053302,12165120
11233,5.53894,3875,1380,7051412,12165120
11234,4.69971,3875,1380,7054950,12165120
11235,5.31006,3875,1380,7052933,12165120
11236,5.17273,3875,1380,7054330,12165120
11237,5.14221,3875,1380,7052675,12165120
11238,5.09644,3875,1380,7052224,12165120
11239,5.47791,3875,1380,7052323,12165120
11240,4.97437,3875,1380,7053699,12165120
11241,4.97437,3875,1380,7054795,12165120
11242,5.41687,3875,1380,7054139,12165120
11243,5.2948,3875,1380,7054310,12165120
11244,4.74548,3875,1380,7053890,12165120
11245,5.34058,3875,1380,7053568,12165120
11246,5.31006,3875,1380,7054553,12165120
11247,4.88281,3875,1380,7054468,12165120
11248,5.32532,3875,1380,7053701,12165120
11249,5.40161,3875,1380,7052430,12165120
11250,4.83704,3875,1380,7052553,12165120
11251,5.38635,3875,1380,7052922,12165120
11252,5.18799,3875,1380,7053708,12165120
11253,5.06592,3875,1380,7053071,12165120
11254,4.86755,3875,1380,7053723,12165120
11255,5.61523,3875,1380,7053497,12165120
11256,5.00488,3875,1380,7054034,12165120
11257,4.82178,3875,1380,7052595,12165120
11258,5.18799,3875,1380,7053142,12165120
11259,5.2948,3875,1380,7053355,12165120
11260,4.98962,3875,1380,7053313,12165120
11261,5.26428,3875,1380,7053198,12165120
11262,5.40161,3875,1380,7053741,12165120
11263,4.76074,3875,1380,7051609,12165120
11264,5.23376,3875,1380,7053439,12165120
11265,5.44739,3875,1380,7051587,12165120
11266,4.91333,3875,1380,7053622,12165120
11267,5.20325,3875,1380,7051894,12165120
11268,5.43213,3875,1380,7054204,12165120
11269,5.20325,3875,1380,7053187,12165120
11270,4.68445,3875,1380,7053727,12165120
11271,5.32532,3875,1380,7053043,12165120
11272,5.23376,3875,1380,7054222,12165120
11273,4.97437,3875,1380,7052661,12165120
11274,5.26428,3875,1380,7052638,12165120
11275,5.32532,3875,1380,7052865,12165120
11276,4.89807,3875,1380,7052338,12165120
11277,5.0354,3875,1380,7052291,12165120
11278,5.59998,3875,1380,7055130,12165120
11279,4.74548,3875,1380,7054503,12165120
11280,5.31006,3875,1380,7053467,12165120
11281,5.26428,3875,1368,7054400,12165120
11282,4.94385,3875,1368,7054508,12165120
11283,5.24902,3875,1368,7053974,12165120
11284,5.12695,3875,1368,7053770,12165120
11285,5.38635,3875,1368,7052516,12165120
11286,4.92859,3875,1368,7053243,12165120
11287,5.40161,3875,1368,7052394,12165120
11288,5.27954,3875,1368,7052938,12165120
11289,5.02014,3875,1368,7053628,12165120
11290,5.09644,3875,1368,7051949,12165120
11291,5.26428,3875,1368,7053782,12165120
11292,4.95911,3875,1368,7053018,12165120
11293,5.18799,3875,1368,7054906,12165120
11294,5.17273,3875,1368,7052308,12165120
11295,5.20325,3875,1368,7053876,12165120
11296,5.27954,3875,1368,7051392,12165120
11297,4.85229,3875,1368,7049486,12165120
11298,5.21851,3875,1368,7053414,12165120
11299,5.32532,3875,1368,7052712,12165120
11300,5.26428,3875,1368,7052503,12165120
11301,5.09644,3875,1368,7053174,12165120
11302,5.06592,3875,1368,7054243,12165120
11303,5.14221,3875,1368,7053367,12165120
11304,5.24902,3875,1368,7053389,12165120
11305,4.88281,3875,1368,7054311,12165120
11306,5.2948,3875,1368,7052935,12165120
11307,5.14221,3875,1368,7052413,12165120
11308,5.02014,3875,1368,7053666,12165120
11309,5.2948,3875,1368,7056822,12165120
11310,5.23376,3875,1368,7051496,12165120
11311,5.20325,3875,1368,7053745,12165120
11312,5.11169,3875,1368,7054751,12165120
11313,5.56946,3875,1368,7053630,12165120
11314,5.05066,3875,1368,7052909,12165120
11315,4.69971,3875,1368,7053861,12165120
11316,5.37109,3875,1368,7051904,12165120
11317,5.40161,3875,1368,7053581,12165120
11318,4.776,3875,1368,7052723,12165120
11319,5.15747,3875,1368,7053287,12165120
11320,5.35583,3875,1368,7054903,12165120
11321,5.12695,3875,1368,7053148,12165120
11322,5.0354,3875,1368,7053985,12165120
11323,5.2948,3875,1368,7053238,12165120
11324,5.14221,3875,1368,7052969,12165120
11325,5.05066,3875,1368,7053148,12165120
11326,5.47791,3875,1368,7045419,12165120
11327,5.09644,3875,1368,7053407,12165120
11328,4.95911,3875,1368,7055920,12165120
11329,5.32532,3875,1368,7052192,12165120
11330,5.21851,3875,1368,7053729,12165120
11331,5.00488,3875,1368,7053224,12165120
11332,5.11169,3875,1368,7053554,12165120
11333,5.34058,3875,1368,7051492,12165120
11334,5.20325,3875,1368,7051911,12165120
11335,5.05066,3875,1368,7054674,12165120
11336,5.35583,3875,1368,7053714,12165120
11337,5.11169,3875,1368,7053815,12165120
11338,5.02014,3875,1368,7053595,12165120
11339,4.89807,3875,1368,7053435,12165120
11340,5.40161,3875,1368,7053168,12165120
11341,5.00488,3875,1368,7053499,12165120
11342,5.26428,3875,1368,7054128,12165120
11343,5.12695,3875,1368,7052901,12165120
11344,5.35583,3875,1368,7053992,12165120
11345,4.86755,3875,1368,7052950,12165120
11346,5.96619,3875,1368,7053953,12165120
11347,4.54712,3875,1368,7053161,12165120
11348,5.26428,3875,1368,7053463,12165120
11349,5.35583,3875,1368,7051799,12165120
11350,4.89807,3875,1368,7053713,12165120
11351,5.24902,3875,1368,7054075,12165120
11352,5.27954,3875,1368,7053247,12165120
11353,5.11169,3875,1368,7052542,12165120
11354,5.47791,3875,1368,7053087,12165120
11355,4.88281,3875,1368,7054182,12165120
11356,5.06592,3875,1368,7051459,12165120
11357,5.20325,3875,1368,7051990,12165120
11358,4.86755,3875,1368,7053806,12165120
11359,5.64575,3875,1368,7053147,12165120
11360,5.15747,3875,1368,7053382,12165120
11361,4.94385,3875,1368,7053927,12165120
11362,5.56946,3875,1368,7054377,12165120
11363,4.92859,3875,1368,7053708,12165120
11364,4.82178,3875,1368,7052914,12165120
11365,5.23376,3875,1368,7052829,12165120
11366,5.21851,3875,1368,7052972,12165120
11367,5.2948,3875,1368,7054366,12165120
11368,4.776,3875,1368,7053943,12165120
11369,5.31006,3875,1368,7053585,12165120
11370,5.09644,3875,1368,7053340,12165120
11371,5.15747,3875,1368,7054005,12165120
11372,5.5542,3875,1368,7053484,12165120
11373,5.0354,3875,1368,7053079,12165120
11374,5.02014,3875,1368,7054318,12165120
11375,5.26428,3875,1368,7053056,12165120
11376,5.02014,3875,1368,7052566,12165120
11377,5.12695,3875,1368,7054644,12165120
11378,5.40161,3875,1368,7054491,12165120
11379,5.06592,3875,1368,7053506,12165120
11380,5.05066,3875,1368,7053510,12165120
11381,5.17273,3875,1368,7053778,12165120
11382,5.17273,3875,1368,7053478,12165120
11383,5.35583,3875,1368,7053402,12165120
11384,4.95911,3875,1368,7055141,12165120
11385,5.27954,3875,1368,7052077,12165120
11386,5.32532,3875,1368,7053814,12165120
11387,5.0354,3875,1368,7052952,12165120
11388,5.09644,3875,1368,7053061,12165120
11389,5.2948,3875,1368,7053597,12165120
11390,4.79126,3875,1368,7054232,12165120
11391,5.26428,3875,1368,7053725,12165120
11392,5.12695,3875,1368,7053472,12165120
11393,5.35583,3875,1368,7052852,12165120
11394,4.91333,3875,1368,7053459,12165120
11395,5.26428,3875,1368,7054029,12165120
11396,5.08118,3875,1368,7052392,12165120
11397,5.02014,3875,1368,7054140,12165120
11398,5.63049,3875,1368,7055152,12165120
11399,4.86755,3875,1368,7053731,12165120
11400,4.98962,3875,1368,7053969,12165120
11401,5.37109,3875,1368,7052752,12165120
11402,5.18799,3875,1368,7054075,12165120
11403,5.14221,3875,1368,7054662,12165120
11404,5.18799,3875,1368,7053245,12165120
11405,5.06592,3875,1368,7053593,12165120
11406,5.41687,3875,1368,7052110,12165120
11407,5.08118,3875,1368,7053573,12165120
11408,4.92859,3875,1368,7051877,12165120
11409,5.24902,3875,1368,7054662,12165120
11410,5.37109,3875,1368,7052271,12165120
11411,4.91333,3875,1368,7054169,12165120
11412,5.35583,3875,1368,7050919,12165120
11413,4.85229,3875,1368,7052570,12165120
11414,5.31006,3875,1368,7053238,12165120
11415,5.2948,3875,1368,7053024,12165120
11416,5.35583,3875,1368,7052852,12165120
11417,4.83704,3875,1368,7054896,12165120
11418,5.20325,3875,1368,7052361,12165120
11419,5.15747,3875,1368,7054741,12165120
11420,5.14221,3875,1368,7054040,12165120
11421,5.21851,3875,1368,7054148,12165120
11422,5.14221,3875,1368,7053495,12165120
11423,5.46265,3875,1368,7052107,12165120
11424,5.0354,3875,1368,7052312,12165120
11425,5.20325,3875,1368,7052119,12165120
11426,4.89807,3875,1368,7054019,12165120
11427,5.06592,3875,1368,7052931,12165120
11428,5.14221,3875,1368,7052813,12165120
11429,5.15747,3875,1368,7053175,12165120
11430,5.12695,3875,1368,7053139,12165120
11431,5.72205,3875,1368,7050731,12165120
11432,4.85229,3875,1368,7052543,12165120
11433,5.40161,3875,1368,7054849,12165120
11434,5.15747,3875,1368,7053822,12165120
11435,5.05066,3875,1368,7053053,12165120
11436,4.98962,3875,1368,7051455,12165120
11437,5.58472,3875,1368,7053303,12165120
11438,5.02014,3875,1368,7054302,12165120
11439,5.15747,3875,1368,7050839,12165120
11440,5.08118,3875,1368,7051781,12165120
11441,5.58472,3875,1368,7052393,12165120
11442,4.94385,3875,1368,7052886,12165120
11443,5.49316,3875,1368,7053034,12165120
11444,4.76074,3875,1368,7051679,12165120
11445,5.0354,3875,1368,7053868,12165120
11446,5.37109,3875,1368,7054060,12165120
11447,4.85229,3875,1368,7053818,12165120
11448,5.06592,3875,1368,7053708,12165120
11449,5.34058,3875,1368,7053812,12165120
11450,5.12695,3875,1368,7052702,12165120
11451,5.0354,3875,1368,7052647,12165120
11452,5.44739,3875,1368,7052900,12165120
11453,4.92859,3875,1368,7052283,12165120
11454,5.06592,3875,1368,7052996,12165120
11455,5.0354,3875,1368,7052857,12165120
11456,5.67627,3875,1368,7053447,12165120
11457,4.95911,3875,1368,7054112,12165120
11458,4.98962,3875,1368,7052086,12165120
11459,5.43213,3875,1368,7053701,12165120
11460,4.94385,3875,1368,7053303,12165120
11461,5.09644,3875,1368,7053005,12165120
11462,5.41687,3875,1368,7052322,12165120
11463,5.12695,3875,1368,7052427,12165120
11464,4.92859,3875,1368,7052746,12165120
11465,5.2948,3875,1368,7048920,12165120
11466,5.20325,3875,1368,7052950,12165120
11467,5.2948,3875,1368,7054157,12165120
11468,5.11169,3875,1368,7053888,12165120
11469,5.38635,3875,1368,7051965,12165120
11470,4.92859,3875,1368,7053715,12165120
11471,5.0354,3875,1368,7052893,12165120
11472,5.44739,3875,1368,7052997,12165120
11473,4.91333,3875,1368,7053975,12165120
11474,5.15747,3875,1368,7054624,12165120
11475,5.2948,3875,1356,7053400,12165120
11476,5.24902,3875,1356,7053141,12165120
11477,4.91333,3875,1356,7052752,12165120
11478,5.15747,3875,1356,7053052,12165120
11479,5.40161,3875,1356,7054118,12165120
11480,4.92859,3875,1356,7053462,12165120
11481,5.02014,3875,1356,7053718,12165120
11482,5.38635,3875,1356,7051885,12165120
11483,5.20325,3875,1356,7053142,12165120
11484,5.02014,3875,1356,7055146,12165120
11485,5.21851,3875,1356,7052580,12165120
11486,5.09644,3875,1356,7053318,12165120
11487,5.0354,3875,1356,7052079,12165120
11488,5.34058,3875,1356,7053575,12165120
11489,5.05066,3875,1356,7054956,12165120
11490,5.11169,3875,1356,7053808,12165120
11491,5.43213,3875,1356,7052339,12165120
11492,4.94385,3875,1356,7054336,12165120
11493,5.27954,3875,1356,7052579,12165120
11494,5.11169,3875,1356,7052575,12165120
11495,5.14221,3875,1356,7052063,12165120
11496,5.08118,3875,1356,7052504,12165120
11497,4.97437,3875,1356,7053291,12165120
11498,5.50842,3875,1356,7053229,12165120
11499,5.21851,3875,1356,7053303,12165120
11500,4.95911,3875,1356,7052890,12165120
11501,5.35583,3875,1356,7051404,12165120
11502,4.98962,3875,1356,7054237,12165120
11503,5.11169,3875,1356,7053375,12165120
11504,5.47791,3875,1356,7052831,12165120
11505,4.85229,3875,1356,7054959,12165120
11506,5.11169,3875,1356,7054882,12165120
11507,5.24902,3875,1356,7016458,12165120
11508,5.21851,3875,1356,7053017,12165120
11509,5.11169,3875,1356,7054160,12165120
11510,5.12695,3875,1356,7054681,12165120
11511,5.24902,3875,1356,7054196,12165120
11512,5.08118,3875,1356,7053085,12165120
11513,5.09644,3875,1356,7053971,12165120
11514,5.35583,3875,1356,7051435,12165120
11515,5.14221,3875,1356,7055082,12165120
11516,4.91333,3875,1356,7053457,12165120
11517,5.46265,3875,1356,7053602,12165120
11518,5.06592,3875,1356,7051957,12165120
11519,5.06592,3875,1356,7052726,12165120
11520,5.31006,3875,1356,7052782,12165120
11521,5.14221,3875,1356,7054266,12165120
11522,4.98962,3875,1356,7052706,12165120
11523,5.0354,3875,1356,7053573,12165120
11524,5.47791,3875,1356,7053228,12165120
11525,5.02014,3875,1356,7054045,12165120
11526,5.05066,3875,1356,7053210,12165120
11527,5.35583,3875,1356,7054033,12165120
11528,5.15747,3875,1356,7053238,12165120
11529,4.89807,3875,1356,7054713,12165120
11530,5.44739,3875,1356,7054148,12165120
11531,5.02014,3875,1356,7054160,12165120
11532,5.0354,3875,1356,7052189,12165120
11533,5.44739,3875,1356,7052752,12165120
11534,4.95911,3875,1356,7053693,12165120
11535,5.11169,3875,1356,7052876,12165120
11536,5.27954,3875,1356,7053064,12165120
11537,5.12695,3875,1356,7053551,12165120
11538,5.00488,3875,1356,7051753,12165120
11539,5.0354,3875,1356,7053476,12165120
11540,5.92041,3875,1356,7054449,12165120
11541,4.97437,3875,1356,7054033,12165120
11542,5.00488,3875,1356,7054165,12165120
11543,5.41687,3875,1356,7052551,12165120
11544,5.0354,3875,1356,7054807,12165120
11545,5.08118,3875,1356,7053460,12165120
11546,5.23376,3875,1356,7054302,12165120
11547,5.08118,3875,1356,7054485,12165120
11548,5.05066,3875,1356,7054131,12165120
11549,5.2948,3875,1356,7052240,12165120
11550,5.40161,3875,1356,7053077,12165120
11551,4.92859,3875,1356,7053337,12165120
11552,4.88281,3875,1356,7054374,12165120
11553,5.66101,3875,1356,7052310,12165120
11554,4.83704,3875,1356,7053063,12165120
11555,4.91333,3875,1356,7051949,12165120
11556,5.43213,3875,1356,7052455,12165120
11557,5.09644,3875,1356,7052824,12165120
11558,4.94385,3875,1356,7053493,12165120
11559,5.95093,3875,1356,7053149,12165120
11560,4.65393,3875,1356,7054835,12165120
11561,5.18799,3875,1356,7053213,12165120
11562,5.41687,3875,1356,7052926,12165120
11563,5.18799,3875,1356,7053199,12165120
11564,4.76074,3875,1356,7054492,12165120
11565,5.14221,3875,1356,7053688,12165120
11566,5.20325,3875,1356,7052642,12165120
11567,5.24902,3875,1356,7052131,12165120
11568,4.88281,3875,1356,7051869,12165120
11569,5.2948,3875,1356,7053260,12165120
11570,5.46265,3875,1356,7053823,12165120
11571,4.74548,3875,1356,7052852,12165120
11572,5.2948,3875,1356,7054456,12165120
11573,5.23376,3875,1356,7052748,12165120
11574,4.97437,3875,1356,7053253,12165120
11575,5.34058,3875,1356,7053613,12165120
11576,5.40161,3875,1356,7053992,12165120
11577,4.97437,3875,1356,7050720,12165120
11578,5.23376,3875,1356,7052869,12165120
11579,5.38635,3875,1356,7054185,12165120
11580,4.91333,3875,1356,7054420,12165120
11581,4.83704,3875,1356,7054181,12165120
11582,5.88989,3875,1356,7052600,12165120
11583,4.82178,3875,1356,7053413,12165120
11584,5.11169,3875,1356,7053978,12165120
11585,5.49316,3875,1356,7054384,12165120
11586,5.0354,3875,1356,7053483,12165120
11587,4.80652,3875,1356,7052910,12165120
11588,5.41687,3875,1356,7053375,12165120
11589,5.00488,3875,1356,7053235,12165120
11590,5.08118,3875,1356,7053584,12165120
11591,5.27954,3875,1356,7053461,12165120
11592,5.59998,3875,1356,7053634,12165120
11593,4.98962,3875,1356,7054167,12165120
11594,4.83704,3875,1356,7053033,12165120
11595,5.2948,3875,1356,7052769,12165120
11596,4.94385,3875,1356,7054057,12165120
11597,5.0354,3875,1356,7053591,12165120
11598,5.46265,3875,1356,7051614,12165120
11599,5.09644,3875,1356,7052822,12165120
11600,5.02014,3875,1356,7053439,12165120
11601,5.44739,3875,1356,7054790,12165120
11602,4.98962,3875,1356,7054080,12165120
11603,5.09644,3875,1356,7051772,12165120
11604,5.26428,3875,1356,7053126,12165120
11605,5.21851,3875,1356,7051669,12165120
11606,5.00488,3875,1356,7051863,12165120
11607,5.17273,3875,1356,7053908,12165120
11608,5.09644,3875,1356,7055029,12165120
11609,5.14221,3875,1356,7052702,12165120
11610,5.11169,3875,1356,7052898,12165120
11611,5.23376,3875,1356,7053346,12165120
11612,5.15747,3875,1356,7051916,12165120
11613,5.00488,3875,1356,7053183,12165120
11614,5.32532,3875,1356,7052928,12165120
11615,5.08118,3875,1356,7052785,12165120
11616,5.08118,3875,1356,7052742,12165120
11617,5.43213,3875,1356,7053815,12165120
11618,5.11169,3875,1356,7053846,12165120
11619,5.06592,3875,1356,7053844,12165120
11620,5.18799,3875,1356,7053636,12165120
11621,5.06592,3875,1356,7052200,12165120
11622,5.05066,3875,1356,7053662,12165120
11623,5.26428,3875,1356,7054995,12165120
11624,5.37109,3875,1356,7052732,12165120
11625,5.08118,3875,1356,7053434,12165120
11626,5.09644,3875,1356,7052729,12165120
11627,5.23376,3875,1356,7054054,12165120
11628,5.0354,3875,1356,7052411,12165120
11629,5.09644,3875,1356,7052362,12165120
11630,5.44739,3875,1356,7052191,12165120
11631,4.98962,3875,1356,7052510,12165120
11632,5.05066,3875,1356,7052521,12165120
11633,5.23376,3875,1356,7051508,12165120
11634,5.38635,3875,1356,7052334,12165120
11635,4.94385,3875,1356,7053751,12165120
11636,5.32532,3875,1356,7051295,12165120
11637,5.11169,3875,1356,7052904,12165120
11638,5.00488,3875,1356,7053539,12165120
11639,5.17273,3875,1356,7053837,12165120
11640,5.21851,3875,1356,7053320,12165120
11641,5.17273,3875,1356,7053032,12165120
11642,4.95911,3875,1356,7052790,12165120
11643,5.37109,3875,1356,7054297,12165120
11644,5.24902,3875,1356,7054059,12165120
11645,4.76074,3875,1356,7053458,12165120
11646,5.53894,3875,1356,7053344,12165120
11647,5.09644,3875,1356,7053811,12165120
11648,5.08118,3875,1356,7052005,12165120
11649,5.24902,3875,1356,7052245,12165120
11650,5.26428,3875,1356,7051852,12165120
11651,5.0354,3875,1356,7053451,12165120
11652,4.98962,3875,1356,7051781,12165120
11653,5.34058,3875,1356,7054056,12165120
11654,5.00488,3875,1356,7053739,12165120
11655,5.14221,3875,1356,7053516,12165120
11656,5.37109,3875,1356,7053326,12165120
11657,4.94385,3875,1356,7052948,12165120
11658,5.14221,3875,1356,7051080,12165120
11659,5.85938,3875,1356,7054029,12165120
11660,4.57764,3875,1356,7051889,12165120
11661,5.09644,3875,1356,7052525,12165120
11662,5.2948,3875,1356,7053727,12165120
11663,5.18799,3875,1356,7053646,12165120
11664,5.05066,3875,1356,7054933,12165120
11665,5.12695,3875,1356,7053075,12165120
11666,5.31006,3875,1356,7054551,12165120
11667,5.18799,3875,1356,7053634,12165120
11668,5.06592,3875,1356,7054383,12165120
11669,5.26428,3875,1343,7053155,12165120
11670,5.12695,3875,1343,7052967,12165120
11671,5.0354,3875,1343,7053600,12165120
11672,5.2948,3875,1343,7052530,12165120
11673,5.00488,3875,1343,7052926,12165120
11674,5.27954,3875,1343,7053921,12165120
11675,5.18799,3875,1343,7051497,12165120
11676,5.14221,3875,1343,7052771,12165120
11677,4.97437,3875,1343,7052337,12165120
11678,5.37109,3875,1343,7052987,12165120
11679,5.08118,3875,1343,7053223,12165120
11680,5.0354,3875,1343,7052148,12165120
11681,5.05066,3875,1343,7054441,12165120
11682,5.2948,3875,1343,7053445,12165120
11683,5.09644,3875,1343,7053963,12165120
11684,4.97437,3875,1343,7053396,12165120
11685,5.32532,3875,1343,7054473,12165120
11686,5.08118,3875,1343,7054158,12165120
11687,5.08118,3875,1343,7052963,12165120
11688,5.47791,3875,1343,7052648,12165120
11689,5.09644,3875,1343,7054164,12165120
11690,5.08118,3875,1343,7053322,12165120
11691,5.17273,3875,1343,7054311,12165120
11692,5.37109,3875,1343,7054048,12165120
11693,4.92859,3875,1343,7053262,12165120
11694,5.06592,3875,1343,7054348,12165120
11695,5.38635,3875,1343,7053181,12165120
11696,5.06592,3875,1343,7052438,12165120
11697,5.06592,3875,1343,7053060,12165120
11698,5.50842,3875,1343,7052669,12165120
11699,4.86755,3875,1343,7054204,12165120
11700,5.08118,3875,1343,7053241,12165120
11701,5.32532,3875,1343,7051576,12165120
11702,5.08118,3875,1343,7054567,12165120
11703,5.15747,3875,1343,7053909,12165120
11704,5.21851,3875,1343,7052471,12165120
11705,4.98962,3875,1343,7053908,12165120
11706,5.21851,3875,1343,7053782,12165120
11707,5.09644,3875,1343,7053308,12165120
11708,5.2948,3875,1343,7053622,12165120
11709,5.18799,3875,1343,7051430,12165120
11710,4.92859,3875,1343,7052673,12165120
11711,5.5542,3875,1343,7053185,12165120
11712,4.82178,3875,1343,7053806,12165120
11713,5.06592,3875,1343,7053509,12165120
11714,5.49316,3875,1343,7052527,12165120
11715,4.89807,3875,1343,7053033,12165120
11716,5.12695,3875,1343,7050909,12165120
11717,5.26428,3875,1343,7054056,12165120
11718,5.00488,3875,1343,7051787,12165120
11719,5.05066,3875,1343,7051956,12165120
11720,5.47791,3875,1343,7053043,12165120
11721,5.05066,3875,1343,7053887,12165120
11722,5.02014,3875,1343,7054285,12165120
11723,4.95911,3875,1343,7052149,12165120
11724,5.58472,3875,1343,7052723,12165120
11725,4.97437,3875,1343,7053544,12165120
11726,4.94385,3875,1343,7052543,12165120
11727,5.52368,3875,1343,7054899,12165120
11728,5.23376,3875,1343,7053305,12165120
11729,4.91333,3875,1343,7054276,12165120
11730,5.18799,3875,1343,7053583,12165120
11731,4.98962,3875,1343,7053825,12165120
11732,5.06592,3875,1343,7054626,12165120
11733,5.23376,3875,1343,7054698,12165120
11734,5.31006,3875,1343,7054041,12165120
11735,5.06592,3875,1343,7053064,12165120
11736,5.20325,3875,1343,7054005,12165120
11737,5.27954,3875,1343,7053963,12165120
11738,5.15747,3875,1343,7054558,12165120
11739,4.88281,3875,1343,7052514,12165120
11740,5.27954,3875,1343,7053807,12165120
11741,5.17273,3875,1343,7052533,12165120
11742,5.09644,3875,1343,7053383,12165120
11743,5.35583,3875,1343,7054604,12165120
11744,5.02014,3875,1343,7052937,12165120
11745,5.06592,3875,1343,7052892,12165120
11746,5.21851,3875,1343,7053214,12165120
11747,5.21851,3875,1343,7053457,12165120
11748,5.12695,3875,1343,7053330,12165120
11749,4.97437,3875,1343,7054487,12165120
11750,5.31006,3875,1343,7052475,12165120
11751,5.0354,3875,1343,7053237,12165120
11752,5.08118,3875,1343,7053567,12165120
11753,5.44739,3875,1343,7051343,12165120
11754,4.98962,3875,1343,7051300,12165120
11755,5.06592,3875,1343,7053313,12165120
11756,5.23376,3875,1343,7054328,12165120
11757,5.11169,3875,1343,7052701,12165120
11758,4.97437,3875,1343,7051235,12165120
11759,5.2948,3875,1343,7053228,12165120
11760,5.05066,3875,1343,7054348,12165120
11761,5.14221,3875,1343,7053421,12165120
11762,4.91333,3875,1343,7053117,12165120
11763,5.56946,3875,1343,7055762,12165120
11764,4.94385,3875,1343,7053874,12165120
11765,4.95911,3875,1343,7053038,12165120
11766,5.35583,3875,1343,7054115,12165120
11767,5.12695,3875,1343,7052067,12165120
11768,4.94385,3875,1343,7053788,12165120
11769,5.43213,3875,1343,7053317,12165120
11770,5.20325,3875,1343,7053944,12165120
11771,5.11169,3875,1343,7053770,12165120
11772,5.0354,3875,1343,7053367,12165120
11773,5.49316,3875,1343,7052194,12165120
11774,4.94385,3875,1343,7052428,12165120
11775,5.21851,3875,1343,7052427,12165120
11776,5.02014,3875,1343,7052687,12165120
11777,5.08118,3875,1343,7053748,12165120
11778,5.00488,3875,1343,7054489,12165120
11779,5.32532,3875,1343,7052315,12165120
11780,5.02014,3875,1343,7053342,12165120
11781,5.0354,3875,1343,7052900,12165120
11782,5.2948,3875,1343,7053538,12165120
11783,5.20325,3875,1343,7053569,12165120
11784,5.06592,3875,1343,7052891,12165120
11785,5.21851,3875,1343,7053268,12165120
11786,5.02014,3875,1343,7054208,12165120
11787,5.08118,3875,1343,7053322,12165120
11788,5.05066,3875,1343,7053346,12165120
11789,5.50842,3875,1343,7053377,12165120
11790,5.08118,3875,1343,7054293,12165120
11791,4.97437,3875,1343,7055356,12165120
11792,5.2948,3875,1343,7052971,12165120
11793,5.00488,3875,1343,7052109,12165120
11794,5.26428,3875,1343,7052521,12165120
11795,5.18799,3875,1343,7051368,12165120
11796,5.12695,3875,1343,7051336,12165120
11797,4.95911,3875,1343,7053617,12165120
11798,5.59998,3875,1343,7053628,12165120
11799,4.83704,3875,1343,7053912,12165120
11800,5.00488,3875,1343,7053213,12165120
11801,4.95911,3875,1343,7052283,12165120
11802,5.37109,3875,1343,7053313,12165120
11803,5.11169,3875,1343,7054898,12165120
11804,5.15747,3875,1343,7052919,12165120
11805,5.31006,3875,1343,7053397,12165120
11806,5.00488,3875,1343,7051896,12165120
11807,5.00488,3875,1343,7054077,12165120
11808,5.5542,3875,1343,7053195,12165120
11809,4.91333,3875,1343,7054667,12165120
11810,5.08118,3875,1343,7052807,12165120
11811,5.15747,3875,1343,7052392,12165120
11812,5.27954,3875,1343,7052821,12165120
11813,5.06592,3875,1343,7054288,12165120
11814,4.95911,3875,1343,7051836,12165120
11815,5.32532,3875,1343,7051901,12165120
11816,5.00488,3875,1343,7052875,12165120
11817,5.00488,3875,1343,7051975,12165120
11818,5.52368,3875,1343,7053782,12165120
11819,4.95911,3875,1343,7052867,12165120
11820,4.97437,3875,1343,7053254,12165120
11821,5.41687,3875,1343,7053525,12165120
11822,4.98962,3875,1343,7054985,12165120
11823,5.12695,3875,1343,7053539,12165120
11824,5.37109,3875,1343,7054513,12165120
11825,4.94385,3875,1343,7053833,12165120
11826,5.23376,3875,1343,7054827,12165120
11827,4.91333,3875,1343,7053636,12165120
11828,5.26428,3875,1343,7053474,12165120
11829,5.0354,3875,1343,7054536,12165120
11830,5.23376,3875,1343,7052832,12165120
11831,5.38635,3875,1343,7053855,12165120
11832,5.05066,3875,1343,7052880,12165120
11833,5.0354,3875,1343,7052333,12165120
11834,9.8877,3875,1343,7052692,12165120
11835,2.24304,3875,1343,7053138,12165120
11836,4.01306,3875,1343,7053942,12165120
11837,4.92859,3875,1343,7052754,12165120
11838,5.15747,3875,1343,7052539,12165120
11839,5.69153,3875,1343,7052647,12165120
11840,4.98962,3875,1343,7053639,12165120
11841,5.67627,3875,1343,7053103,12165120
11842,4.89807,3875,1343,7053221,12165120
11843,4.91333,3875,1343,7054515,12165120
11844,5.64575,3875,1343,7053699,12165120
11845,5.0354,3875,1343,7052392,12165120
11846,5.08118,3875,1343,7053476,12165120
11847,5.47791,3875,1343,7053394,12165120
11848,5.08118,3875,1343,7053070,12165120
11849,5.31006,3875,1343,7053183,12165120
11850,5.26428,3875,1343,7054864,12165120
11851,5.11169,3875,1343,7053259,12165120
11852,4.91333,3875,1343,7055582,12165120
11853,5.52368,3875,1343,7054069,12165120
11854,5.46265,3875,1343,7052407,12165120
11855,5.14221,3875,1343,7053002,12165120
11856,5.15747,3875,1343,7053749,12165120
11857,5.53894,3875,1343,7052731,12165120
11858,4.76074,3875,1343,7052861,12165120
11859,5.5542,3875,1343,7053436,12165120
11860,5.95093,3875,1343,7054610,12165120
11861,5.02014,3875,1343,7052234,12165120
11862,4.94385,3875,1334,7053831,12165120
11863,5.90515,3875,1334,7054802,12165120
11864,5.61523,3875,1334,7053660,12165120
11865,6.53076,3875,1334,7053011,12165120
11866,6.05774,3875,1334,7052415,12165120
11867,4.95911,3875,1334,7053769,12165120
11868,5.23376,3875,1334,7054232,12165120
11869,6.04248,3875,1334,7054344,12165120
11870,4.80652,3875,1334,7052935,12165120
11871,5.12695,3875,1334,7046339,12165120
11872,5.98145,3875,1334,7051464,12165120
11873,4.86755,3875,1334,7053085,12165120
11874,5.46265,3875,1334,7053329,12165120
11875,5.2948,3875,1334,7053063,12165120
11876,5.35583,3875,1334,7053592,12165120
11877,5.34058,3875,1334,7053268,12165120
11878,5.56946,3875,1334,7051571,12165120
11879,5.27954,3875,1334,7054627,12165120
11880,5.0354,3875,1334,7053412,12165120
11881,5.76782,3875,1334,7054607,12165120
11882,5.20325,3875,1334,7053342,12165120
11883,5.17273,3875,1334,7055463,12165120
11884,5.24902,3875,1334,7053436,12165120
11885,5.41687,3875,1334,7052206,12165120
11886,5.09644,3875,1334,7053130,12165120
11887,5.31006,3875,1334,7053866,12165120
11888,5.7373,3875,1334,7055559,12165120
11889,5.06592,3875,1334,7053438,12165120
11890,5.18799,3875,1334,7054177,12165120
11891,5.59998,3875,1334,7052087,12165120
11892,5.14221,3875,1334,7053038,12165120
11893,5.05066,3875,1334,7053728,12165120
11894,5.79834,3875,1334,7052192,12165120
11895,5.08118,3875,1334,7053369,12165120
11896,4.97437,3875,1334,7054750,12165120
11897,5.7373,3875,1334,7054616,12165120
11898,5.08118,3875,1334,7053848,12165120
11899,4.97437,3875,1334,7052987,12165120
11900,5.53894,3875,1334,7054596,12165120
11901,5.75256,3875,1334,7053548,12165120
11902,4.89807,3875,1334,7053767,12165120
11903,5.66101,3875,1334,7045714,12165120
11904,5.23376,3875,1334,7053646,12165120
11905,5.0354,3875,1334,7053016,12165120
11906,5.44739,3875,1334,7052990,12165120
11907,5.52368,3875,1334,7053114,12165120
11908,4.89807,3875,1334,7054130,12165120
11909,5.49316,3875,1334,7053229,12165120
11910,5.64575,3875,1334,7052097,12165120
11911,5.09644,3875,1334,7053368,12165120
11912,5.41687,3875,1334,7053076,12165120
11913,5.43213,3875,1334,7054300,12165120
11914,4.95911,3875,1334,7052012,12165120
11915,5.21851,3875,1334,7052983,12165120
11916,5.78308,3875,1334,7054371,12165120
11917,5.02014,3875,1334,7053119,12165120
11918,5.32532,3875,1334,7053882,12165120
11919,5.59998,3875,1334,7053038,12165120
11920,4.94385,3875,1334,7053770,12165120
11921,5.02014,3875,1334,7053562,12165120
11922,6.10352,3875,1334,7053871,12165120
11923,4.85229,3875,1334,7053532,12165120
11924,5.11169,3875,1334,7053585,12165120
11925,5.79834,3875,1334,7053049,12165120
11926,4.97437,3875,1334,7053868,12165120
11927,5.11169,3875,1334,7052500,12165120
11928,5.79834,3875,1334,7053096,12165120
11929,5.23376,3875,1334,7051787,12165120
11930,5.17273,3875,1334,7052979,12165120
11931,5.37109,3875,1334,7051192,12165120
11932,5.2948,3875,1334,7054225,12165120
11933,5.12695,3875,1334,7053873,12165120
11934,5.26428,3875,1334,7053265,12165120
11935,5.32532,3875,1334,7052638,12165120
11936,4.97437,3875,1334,7053296,12165120
11937,5.31006,3875,1334,7052624,12165120
11938,5.5542,3875,1334,7054501,12165120
11939,5.0354,3875,1334,7053626,12165120
11940,5.11169,3875,1334,7051951,12165120
11941,5.72205,3875,1334,7053048,12165120
11942,5.06592,3875,1334,7054581,12165120
11943,5.05066,3875,1334,7053981,12165120
11944,5.70679,3875,1334,7053929,12165120
11945,5.11169,3875,1334,7053443,12165120
11946,5.0354,3875,1334,7053336,12165120
11947,5.40161,3875,1334,7052296,12165120
11948,5.05066,3875,1334,7053666,12165120
11949,5.00488,3875,1334,7053657,12165120
11950,5.52368,3875,1334,7053478,12165120
11951,5.47791,3875,1334,7052493,12165120
11952,4.83704,3875,1334,7053635,12165120
11953,5.34058,3875,1334,7054873,12165120
11954,5.24902,3875,1334,7053902,12165120
11955,5.06592,3875,1334,7053765,12165120
11956,4.98962,3875,1334,7052430,12165120
11957,5.85938,3875,1334,7052433,12165120
11958,4.98962,3875,1334,7054282,12165120
11959,5.02014,3875,1334,7054061,12165120
11960,5.46265,3875,1334,7053592,12165120
11961,5.06592,3875,1334,7054185,12165120
11962,5.0354,3875,1334,7052510,12165120
11963,5.76782,3875,1334,7056118,12165120
11964,5.00488,3875,1334,7054003,12165120
11965,5.0354,3875,1334,7052793,12165120
11966,5.53894,3875,1334,7053592,12165120
11967,4.95911,3875,1334,7054208,12165120
11968,5.14221,3875,1334,7052559,12165120
11969,5.2948,3875,1334,7052501,12165120
11970,5.50842,3875,1334,7053525,12165120
11971,5.06592,3875,1334,7055650,12165120
11972,5.43213,3875,1334,7054977,12165120
11973,5.17273,3875,1334,7052676,12165120
11974,4.98962,3875,1334,7054119,12165120
11975,5.11169,3875,1334,7053696,12165120
11976,5.76782,3875,1334,7053220,12165120
11977,5.0354,3875,1334,7052635,12165120
11978,5.00488,3875,1334,7054638,12165120
11979,5.38635,3875,1334,7052587,12165120
11980,5.0354,3875,1334,7053284,12165120
11981,5.09644,3875,1334,7053839,12165120
11982,5.78308,3875,1334,7053854,12165120
11983,5.06592,3875,1334,7053563,12165120
11984,4.94385,3875,1334,7052671,12165120
11985,5.44739,3875,1334,7052691,12165120
11986,5.00488,3875,1334,7053466,12165120
11987,5.08118,3875,1334,7053207,12165120
11988,5.32532,3875,1334,7053047,12165120
11989,5.44739,3875,1334,7053643,12165120
11990,5.15747,3875,1334,7054514,12165120
11991,5.02014,3875,1334,7050800,12165120
11992,5.34058,3875,1334,7052853,12165120
11993,5.12695,3875,1334,7052864,12165120
11994,5.0354,3875,1334,7053824,12165120
11995,5.76782,3875,1334,7055153,12165120
11996,5.20325,3875,1334,7053202,12165120
11997,5.06592,3875,1334,7055164,12165120
11998,5.53894,3875,1334,7053825,12165120
11999,5.06592,3875,1334,7053623,12165120
12000,5.02014,3875,1334,7051540,12165120
12001,5.41687,3875,1334,7054718,12165120
12002,5.61523,3875,1334,7053396,12165120
12003,5.05066,3875,1334,7053588,12165120
12004,5.35583,3875,1334,7054294,12165120
12005,5.7373,3875,1334,7053225,12165120
12006,4.92859,3875,1334,7052054,12165120
12007,5.24902,3875,1334,7053440,12165120
12008,5.90515,3875,1334,7053382,12165120
12009,4.76074,3875,1334,7054235,12165120
12010,5.08118,3875,1334,7052524,12165120
12011,5.26428,3875,1334,7053825,12165120
12012,5.05066,3875,1334,7054479,12165120
12013,5.15747,3875,1334,7053922,12165120
12014,5.76782,3875,1334,7053470,12165120
12015,4.92859,3875,1334,7054430,12165120
12016,5.34058,3875,1334,7054037,12165120
12017,5.18799,3875,1334,7052962,12165120
12018,4.98962,3875,1334,7053377,12165120
12019,5.09644,3875,1334,7052912,12165120
12020,5.56946,3875,1334,7053187,12165120
12021,5.35583,3875,1334,7052684,12165120
12022,5.02014,3875,1334,7052808,12165120
12023,5.2948,3875,1334,7052315,12165120
12024,5.59998,3875,1334,7053376,12165120
12025,5.08118,3875,1334,7051938,12165120
12026,5.37109,3875,1334,7053146,12165120
12027,5.44739,3875,1334,7052692,12165120
12028,5.15747,3875,1334,7053283,12165120
12029,4.94385,3875,1334,7053463,12165120
12030,5.41687,3875,1334,7053058,12165120
12031,5.00488,3875,1334,7053116,12165120
12032,5.02014,3875,1334,7054516,12165120
12033,5.82886,3875,1334,7054098,12165120
12034,5.23376,3875,1334,7053472,12165120
12035,4.85229,3875,1334,7054253,12165120
12036,5.41687,3875,1334,7054419,12165120
12037,5.00488,3875,1334,7052255,12165120
12038,5.27954,3875,1334,7052886,12165120
12039,5.26428,3875,1334,7052186,12165120
12040,5.38635,3875,1334,7052832,12165120
12041,4.97437,3875,1334,7052495,12165120
12042,5.32532,3875,1334,7051957,12165120
12043,5.26428,3875,1334,7055049,12165120
12044,4.95911,3875,1334,7053934,12165120
12045,5.12695,3875,1334,7052709,12165120
12046,5.84412,3875,1334,7053779,12165120
12047,4.98962,3875,1334,7053724,12165120
12048,5.09644,3875,1334,7053050,12165120
12049,5.69153,3875,1334,7054532,12165120
12050,5.11169,3875,1334,7053821,12165120
12051,5.02014,3875,1334,7054403,12165120
12052,5.70679,3875,1334,7052576,12165120
12053,5.06592,3875,1334,7053449,12165120
12054,4.95911,3875,1334,7053423,12165120
12055,5.63049,3875,1334,7055466,12165120
12056,4.89807,3875,1334,7053731,12165120
12057,5.09644,3875,1334,7053531,12165120
12058,5.38635,3875,1334,7053135,12165120
12059,5.34058,3875,1334,7051730,12165120
12060,5.08118,3875,1334,7052103,12165120
12061,5.31006,3875,1334,7054129,12165120
12062,5.35583,3875,1334,7053752,12165120
12063,5.67627,3875,1334,7052217,12165120
12064,4.71497,3875,1334,7052988,12165120
12065,5.64575,3875,1334,7048517,12165120
12066,5.14221,3875,1334,7053784,12165120
12067,5.09644,3875,1334,7051576,12165120
12068,5.98145,3875,1334,7054310,12165120
12069,5.06592,3875,1334,7053781,12165120
12070,5.06592,3875,1334,7053142,12165120
12071,5.85938,3875,1334,7053249,12165120
12072,5.46265,3875,1334,7053908,12165120
12073,5.00488,3875,1334,7053715,12165120
12074,5.76782,3875,1334,7054550,12165120
12075,5.26428,3875,1334,7055747,12165120
12076,5.02014,3875,1334,7055633,12165120
12077,5.27954,3875,1334,7053012,12165120
12078,5.72205,3875,1334,7053290,12165120
12079,4.94385,3875,1334,7053357,12165120
12080,5.44739,3875,1334,7054855,12165120
12081,5.72205,3875,1334,7053008,12165120
12082,5.06592,3875,1334,7052040,12165120
12083,5.43213,3875,1334,7051458,12165120
12084,5.59998,3875,1334,7054216,12165120
12085,7.14111,3875,1334,7052969,12165120
12086,6.86646,3875,1334,7052363,12165120
12087,2.15149,3875,1334,7053807,12165120
12088,5.17273,3875,1334,7054474,12165120
12089,5.23376,3875,1334,7053689,12165120
12090,5.37109,3875,1334,7054305,12165120
12091,5.14221,3875,1334,7053736,12165120
12092,5.00488,3875,1334,7053553,12165120
12093,5.37109,3875,1334,7055130,12165120
12094,4.94385,3875,1334,7052963,12165120
12095,5.05066,3875,1334,7052936,12165120
12096,5.46265,3875,1334,7052770,12165120
12097,4.89807,3875,1334,7052928,12165120
12098,5.15747,3875,1334,7053965,12165120
12099,5.44739,3875,1334,7054003,12165120
12100,5.11169,3875,1334,7053349,12165120
12101,5.02014,3875,1334,7053993,12165120
12102,5.18799,3875,1334,7054286,12165120
12103,5.2948,3875,1334,7053486,12165120
12104,5.02014,3875,1334,7054817,12165120
12105,4.97437,3875,1334,7054007,12165120
12106,5.43213,3875,1334,7054269,12165120
12107,4.91333,3875,1334,7053606,12165120
12108,5.32532,3875,1334,7053763,12165120
12109,5.2948,3875,1334,7054290,12165120
12110,5.0354,3875,1334,7054641,12165120
12111,4.98962,3875,1334,7053488,12165120
12112,5.31006,3875,1334,7054116,12165120
12113,4.98962,3875,1334,7054141,12165120
12114,5.34058,3875,1334,7054907,12165120
12115,5.17273,3875,1334,7053707,12165120
12116,5.02014,3875,1334,7051850,12165120
12117,5.18799,3875,1334,7053669,12165120
12118,4.94385,3875,1334,7053628,12165120
12119,5.7373,3875,1334,7053352,12165120
12120,5.00488,3875,1334,7051638,12165120
12121,5.24902,3875,1334,7052963,12165120
12122,5.56946,3875,1334,7054359,12165120
12123,4.76074,3875,1334,7053056,12165120
12124,4.89807,3875,1334,7053360,12165120
12125,5.56946,3875,1334,7052340,12165120
12126,4.80652,3875,1334,7053589,12165120
12127,5.26428,3875,1334,7053845,12165120
12128,5.15747,3875,1334,7054145,12165120
12129,5.31006,3875,1334,7053357,12165120
12130,4.82178,3875,1334,7054422,12165120
12131,5.31006,3875,1334,7052528,12165120
12132,5.0354,3875,1334,7053219,12165120
12133,5.24902,3875,1334,7052651,12165120
12134,5.0354,3875,1334,7054048,12165120
12135,5.31006,3875,1334,7053335,12165120
12136,4.94385,3875,1334,7053208,12165120
12137,5.15747,3875,1334,7053558,12165120
12138,5.47791,3875,1334,7054661,12165120
12139,5.37109,3875,1335,7053315,12165120
12140,4.776,3875,1335,7053342,12165120
12141,5.38635,3875,1335,7053512,12165120
12142,5.15747,3875,1335,7052222,12165120
12143,4.94385,3875,1335,7053239,12165120
12144,5.31006,3875,1335,7053285,12165120
12145,5.27954,3875,1335,7053334,12165120
12146,4.86755,3875,1335,7054209,12165120
12147,5.09644,3875,1335,7053082,12165120
12148,5.23376,3875,1335,7053452,12165120
12149,4.98962,3875,1335,7052927,12165120
12150,5.05066,3875,1335,7051820,12165120
12151,5.2948,3875,1335,7054077,12165120
12152,5.05066,3875,1335,7053683,12165120
12153,5.17273,3875,1335,7053433,12165120
12154,5.32532,3875,1335,7053886,12165120
12155,4.94385,3875,1335,7052867,12165120
12156,5.38635,3875,1335,7052767,12165120
12157,5.09644,3875,1335,7053621,12165120
12158,5.21851,3875,1335,7053100,12165120
12159,5.20325,3875,1335,7053370,12165120
12160,5.05066,3875,1335,7053548,12165120
12161,5.26428,3875,1335,7053184,12165120
12162,5.09644,3875,1335,7051954,12165120
12163,5.09644,3875,1335,7053306,12165120
12164,5.31006,3875,1335,7053571,12165120
12165,4.94385,3875,1335,7054366,12165120
12166,5.00488,3875,1335,7053206,12165120
12167,5.61523,3875,1335,7052601,12165120
12168,4.94385,3875,1335,7053618,12165120
12169,5.06592,3875,1335,7052644,12165120
12170,5.18799,3875,1335,7053623,12165120
12171,5.18799,3875,1335,7053631,12165120
12172,4.86755,3875,1335,7051387,12165120
12173,5.35583,3875,1335,7054109,12165120
12174,5.05066,3875,1335,7053165,12165120
12175,5.11169,3875,1335,7052414,12165120
12176,5.27954,3875,1335,7053629,12165120
12177,5.11169,3875,1335,7053490,12165120
12178,5.02014,3875,1335,7053084,12165120
12179,5.08118,3875,1335,7054744,12165120
12180,5.43213,3875,1335,7053580,12165120
12181,4.98962,3875,1335,7054171,12165120
12182,5.02014,3875,1335,7054010,12165120
12183,5.38635,3875,1335,7054261,12165120
12184,5.05066,3875,1335,7052471,12165120
12185,5.08118,3875,1335,7053058,12165120
12186,5.26428,3875,1335,7051821,12165120
12187,5.15747,3875,1335,7054603,12165120
12188,4.98962,3875,1335,7055177,12165120
12189,4.98962,3875,1335,7052176,12165120
12190,5.38635,3875,1335,7053132,12165120
12191,5.06592,3875,1335,7053398,12165120
12192,5.02014,3875,1335,7052734,12165120
12193,5.35583,3875,1335,7053295,12165120
12194,5.00488,3875,1335,7053588,12165120
12195,5.09644,3875,1335,7054292,12165120
12196,5.2948,3875,1335,7052864,12165120
12197,5.15747,3875,1335,7054173,12165120
12198,5.09644,3875,1335,7052608,12165120
12199,5.26428,3875,1335,7051128,12165120
12200,5.27954,3875,1335,7052890,12165120
12201,5.0354,3875,1335,7052855,12165120
12202,5.09644,3875,1335,7053952,12165120
12203,5.26428,3875,1335,7051761,12165120
12204,5.06592,3875,1335,7053846,12165120
12205,5.15747,3875,1335,7053732,12165120
12206,5.17273,3875,1335,7054532,12165120
12207,5.05066,3875,1335,7054182,12165120
12208,5.09644,3875,1335,7054661,12165120
12209,5.26428,3875,1335,7054685,12165120
12210,5.05066,3875,1335,7053717,12165120
12211,5.14221,3875,1335,7053398,12165120
12212,5.12695,3875,1335,7053791,12165120
12213,5.14221,3875,1335,7053250,12165120
12214,5.09644,3875,1335,7052868,12165120
12215,5.0354,3875,1335,7053547,12165120
12216,5.38635,3875,1335,7053820,12165120
12217,4.94385,3875,1335,7052264,12165120
12218,5.21851,3875,1335,7052345,12165120
12219,5.26428,3875,1335,7053728,12165120
12220,4.94385,3875,1335,7054128,12165120
12221,5.09644,3875,1335,7054087,12165120
12222,5.50842,3875,1335,7052823,12165120
12223,5.00488,3875,1335,7053554,12165120
12224,5.00488,3875,1335,7054320,12165120
