Frame,CPU_Time_ms,VRAM_MB,RAM_MB
1,0,2821,1193
2,8.47244,2821,1193
3,2.12097,2821,1193
4,1.35422,2821,1193
5,1.21307,2821,1194
6,2.92969,2821,1194
7,6.11496,2821,1194
8,4.19998,2821,1194
9,4.29153,2821,1194
10,4.5166,2821,1194
11,3.82996,2821,1194
12,4.05121,2821,1194
13,4.18472,2821,1194
14,5.29861,2821,1194
15,3.82996,2821,1194
16,4.16565,2821,1194
17,4.58527,2821,1194
18,4.5166,2821,1194
19,4.08554,2821,1194
20,4.08554,2821,1194
21,4.77219,2821,1194
22,4.28009,2821,1194
23,4.16183,2821,1194
24,4.53949,2821,1194
25,4.47464,2821,1194
26,4.39835,2821,1194
27,4.11224,2821,1194
28,4.16946,2821,1194
29,4.78363,2821,1194
30,4.24194,2821,1194
31,4.42505,2821,1194
32,3.85284,2821,1194
33,5.40161,2821,1194
34,3.73077,2821,1194
35,4.74167,2821,1194
36,4.36401,2821,1194
37,4.66537,2821,1194
38,4.82559,2821,1194
39,4.53949,2821,1194
40,5.08881,2821,1194
41,4.16565,2821,1194
42,4.33731,2821,1194
43,4.07791,2821,1194
44,4.76074,2821,1194
45,4.76074,2821,1194
46,4.2305,2821,1194
47,4.45175,2821,1194
48,4.69971,2821,1194
49,4.66156,2821,1194
50,4.2572,2821,1194
51,4.30679,2821,1194
52,4.94766,2821,1194
53,4.39453,2821,1194
54,4.36783,2821,1194
55,4.79126,2821,1194
56,4.29916,2821,1194
57,4.28772,2821,1194
58,4.1275,2821,1194
59,4.99344,2821,1194
60,4.63867,2821,1194
61,4.08173,2821,1194
62,4.73785,2821,1194
63,4.57764,2821,1194
64,4.4136,2821,1194
65,4.0741,2821,1194
66,5.13458,2821,1194
67,4.08173,2821,1194
68,4.77982,2821,1194
69,4.13132,2821,1194
70,4.8027,2821,1194
71,4.51279,2821,1194
72,4.22668,2821,1194
73,4.65012,2821,1194
74,4.33731,2821,1194
75,4.47845,2821,1194
76,4.40979,2821,1194
77,4.36783,2821,1194
78,4.53568,2821,1194
79,4.84085,2821,1194
80,4.05884,2821,1194
81,4.66156,2821,1194
82,4.50134,2821,1194
83,4.69589,2821,1194
84,4.03214,2821,1194
85,5.02396,2821,1194
86,4.75311,2821,1194
87,4.14276,2821,1194
88,4.70352,2821,1194
89,4.5433,2821,1194
90,4.44412,2821,1194
91,4.06647,2821,1194
92,4.69208,2821,1194
93,4.69208,2821,1194
94,4.47083,2821,1194
95,4.16946,2821,1194
96,4.81415,2821,1194
97,4.60815,2821,1194
98,4.35638,2821,1194
99,4.9324,2821,1183
100,4.02069,2821,1183
101,4.53568,2821,1183
102,4.07028,2821,1183
103,4.95529,2821,1183
104,4.13132,2821,1183
105,4.49371,2821,1183
106,4.31824,2821,1183
107,5.18799,2821,1183
108,4.37164,2821,1183
109,4.11987,2821,1183
110,4.4136,2821,1183
111,4.65012,2821,1183
112,4.52042,2821,1183
113,4.38309,2821,1183
114,4.40598,2821,1183
115,4.44412,2821,1183
116,4.56619,2821,1183
117,4.16183,2821,1183
118,4.70734,2821,1183
119,4.40216,2821,1183
120,4.18472,2821,1183
121,4.53568,2821,1183
122,4.54712,2821,1183
123,4.50897,2821,1183
124,4.50516,2821,1183
125,4.3602,2821,1183
126,4.60434,2821,1183
127,4.61578,2821,1183
128,4.35257,2821,1183
129,4.31824,2821,1183
130,5.05447,2821,1183
131,4.34875,2821,1183
132,4.18854,2821,1183
133,4.90952,2821,1183
134,4.47083,2821,1183
135,4.6196,2821,1183
136,4.21524,2821,1183
137,4.48608,2821,1183
138,4.67682,2821,1183
139,4.37164,2821,1183
140,4.27628,2821,1183
141,4.89807,2821,1183
142,4.40979,2821,1183
143,4.23813,2821,1183
144,4.73022,2821,1183
145,4.83704,2821,1183
146,4.80652,2821,1183
147,3.48282,2821,1183
148,4.5929,2821,1183
149,5.36346,2821,1183
150,3.97873,2821,1183
151,4.35257,2821,1183
152,4.74548,2821,1183
153,4.4632,2821,1183
154,4.25339,2821,1183
155,4.63486,2821,1183
156,4.91714,2821,1183
157,4.14276,2821,1183
158,4.19998,2821,1183
159,5.01251,2821,1183
160,4.36401,2821,1183
161,4.18472,2821,1183
162,4.32205,2821,1183
163,4.78745,2821,1183
164,4.47845,2821,1183
165,4.16183,2821,1183
166,4.90952,2821,1183
167,4.74548,2821,1183
168,4.13895,2821,1183
169,4.24194,2821,1183
170,4.81033,2821,1183
171,4.59671,2821,1183
172,4.19235,2821,1183
173,4.2305,2821,1183
174,4.87137,2821,1183
175,4.66156,2821,1183
176,4.21524,2821,1183
177,4.35638,2821,1183
178,4.69589,2821,1183
179,4.5929,2821,1183
180,4.40979,2821,1183
181,4.58908,2821,1183
182,4.43649,2821,1183
183,4.63486,2821,1183
184,4.17709,2821,1183
185,4.69208,2821,1183
186,4.44412,2821,1183
187,4.52423,2821,1183
188,4.53568,2821,1183
189,4.92096,2821,1183
190,4.46701,2821,1183
191,4.20761,2821,1183
192,4.73022,2821,1183
193,4.7226,2821,1183
194,4.23813,2821,1183
195,4.21143,2821,1183
196,4.76456,2821,1183
197,4.60815,2821,1183
198,4.32968,2821,1183
199,4.34494,2821,1183
200,4.87137,2821,1183
201,4.55093,2821,1183
202,4.28772,2821,1183
203,4.55475,2821,1183
204,4.68826,2821,1183
205,4.58527,2821,1183
206,4.17709,2821,1183
207,4.90189,2821,1183
208,4.53568,2821,1183
209,4.23813,2821,1183
210,4.64249,2821,1183
211,4.62723,2821,1183
212,4.55475,2821,1183
213,4.26483,2821,1183
214,4.55856,2821,1183
215,4.82559,2821,1183
216,5.98145,2821,1183
217,2.76566,2821,1183
218,4.63867,2821,1183
219,4.85611,2821,1183
220,4.26483,2821,1183
221,4.13513,2821,1183
222,4.70734,2821,1183
223,4.39072,2821,1183
224,4.49371,2821,1183
225,4.32205,2821,1183
226,4.77982,2821,1183
227,4.76456,2821,1183
228,4.50897,2821,1183
229,4.56619,2821,1183
230,4.5166,2821,1183
231,4.54712,2821,1183
232,4.24576,2821,1183
233,4.79126,2821,1183
234,4.92477,2821,1183
235,4.42505,2821,1183
236,4.26483,2821,1183
237,4.3602,2821,1183
238,4.08936,2821,1183
239,4.20761,2821,1183
240,4.53568,2821,1183
241,4.56619,2821,1183
242,4.11987,2821,1183
243,4.24194,2821,1183
244,4.84085,2821,1183
245,4.40598,2821,1183
246,4.21524,2821,1183
247,4.24957,2821,1183
248,4.84467,2821,1183
249,4.00162,2821,1183
250,4.28391,2821,1183
251,4.53186,2821,1183
252,4.43649,2821,1183
253,4.32587,2821,1183
254,4.37164,2821,1183
255,4.61197,2821,1183
256,4.51279,2821,1183
257,4.19235,2821,1183
258,4.27246,2821,1183
259,4.78745,2821,1183
260,4.11606,2821,1183
261,4.15802,2821,1183
262,4.36401,2821,1183
263,4.74167,2821,1183
264,4.13132,2821,1183
265,4.45938,2821,1183
266,4.22287,2821,1183
267,4.55856,2821,1184
268,4.26865,2821,1184
269,4.30679,2821,1184
270,4.32587,2821,1184
271,4.72641,2821,1184
272,4.22287,2821,1184
273,4.2038,2821,1184
274,4.44031,2821,1184
275,4.5929,2821,1184
276,4.30298,2821,1184
277,4.15802,2821,1184
278,4.53949,2821,1184
279,4.46701,2821,1184
280,4.21143,2821,1184
281,4.2038,2821,1184
282,4.83322,2821,1184
283,4.26483,2821,1184
284,4.2038,2821,1184
285,4.2038,2821,1184
286,4.74548,2821,1184
287,4.2572,2821,1184
288,4.19617,2821,1184
289,4.32587,2821,1184
290,5.1384,2821,1184
291,4.02069,2821,1184
292,4.16946,2821,1184
293,4.49753,2821,1184
294,4.58527,2821,1184
295,4.05121,2821,1184
296,4.19998,2821,1184
297,4.44794,2821,1184
298,4.47464,2821,1184
299,4.18472,2821,1184
300,4.25339,2821,1184
301,4.84085,2821,1184
302,4.16565,2821,1184
303,4.23431,2821,1184
304,4.21143,2821,1184
305,4.95148,2821,1184
306,4.08936,2821,1184
307,4.19998,2821,1184
308,4.5166,2821,1184
309,4.52423,2821,1184
310,4.2572,2821,1184
311,4.28772,2821,1184
312,4.43649,2821,1184
313,4.42886,2821,1184
314,4.23813,2821,1184
315,4.24576,2821,1184
316,4.49753,2821,1184
317,4.46701,2821,1184
318,4.30298,2821,1184
319,4.23813,2821,1184
320,4.70734,2821,1184
321,6.03867,2821,1184
322,2.84958,2821,1184
323,3.9978,2821,1184
324,4.58527,2821,1174
325,4.21143,2821,1174
326,4.24194,2821,1174
327,4.08554,2821,1174
328,4.99344,2821,1174
329,4.13895,2821,1174
330,4.44412,2821,1174
331,4.46701,2821,1174
332,4.40979,2821,1174
333,4.16946,2821,1174
334,4.24576,2821,1174
335,4.4632,2821,1174
336,4.43268,2821,1174
337,4.25339,2821,1174
338,4.36783,2821,1174
339,4.4136,2821,1174
340,4.40216,2821,1174
341,4.18091,2821,1174
342,4.26102,2821,1174
343,5.01633,2821,1174
344,4.34113,2821,1174
345,3.91006,2821,1174
346,4.2038,2821,1174
347,5.11551,2821,1174
348,3.89862,2821,1174
349,4.24576,2821,1174
350,4.21524,2821,1174
351,4.66537,2821,1174
352,4.33731,2821,1174
353,4.23813,2821,1174
354,4.69971,2821,1174
355,4.37164,2821,1174
356,4.17328,2821,1174
357,4.18472,2821,1174
358,4.52805,2821,1174
359,4.70352,2821,1174
360,4.26102,2821,1174
361,4.19998,2821,1174
362,5.10025,2821,1174
363,3.98636,2821,1174
364,4.23431,2821,1174
365,4.41742,2821,1174
366,4.45938,2821,1174
367,4.1008,2821,1174
368,4.14658,2821,1174
369,4.17709,2821,1174
370,5.1918,2821,1174
371,3.98254,2821,1174
372,4.24957,2821,1174
373,4.5166,2821,1174
374,4.66156,2821,1174
375,4.28391,2821,1174
376,4.15421,2821,1174
377,4.36401,2821,1174
378,4.41742,2821,1174
379,4.45175,2821,1174
380,4.14658,2821,1174
381,4.48227,2821,1174
382,6.94656,2821,1174
383,5.37109,2821,1174
384,4.30298,2821,1174
385,1.65558,2821,1174
386,5.02777,2821,1174
387,4.24957,2821,1174
388,4.15039,2821,1174
389,4.63104,2821,1174
390,4.31061,2821,1174
391,4.06647,2821,1174
392,4.96292,2821,1174
393,4.19998,2821,1174
394,4.17328,2821,1174
395,4.3869,2821,1174
396,4.3335,2821,1174
397,4.52042,2821,1174
398,3.94058,2821,1174
399,4.15802,2821,1174
400,5.02014,2821,1174
401,4.20761,2821,1174
402,4.14276,2821,1174
403,4.27628,2821,1174
404,4.69589,2821,1174
405,4.15039,2821,1174
406,4.13513,2821,1174
407,4.24576,2821,1174
408,4.68826,2821,1174
409,4.19617,2821,1174
410,4.16946,2821,1174
411,4.50516,2821,1174
412,4.40598,2821,1174
413,4.21524,2821,1174
414,4.17328,2821,1174
415,4.65775,2821,1174
416,4.2572,2821,1174
417,4.3335,2821,1174
418,4.45175,2821,1174
419,4.3602,2821,1174
420,4.2305,2821,1174
421,4.32587,2821,1174
422,4.29916,2821,1174
423,4.85229,2821,1174
424,4.28009,2821,1174
425,4.12369,2821,1174
426,4.39453,2821,1174
427,4.56619,2821,1174
428,4.16946,2821,1174
429,4.26102,2821,1174
430,4.32587,2821,1174
431,4.37164,2821,1174
432,4.34875,2821,1174
433,4.20761,2821,1174
434,4.33731,2821,1174
435,4.5166,2821,1174
436,4.26483,2821,1174
437,4.21143,2821,1174
438,4.4136,2821,1174
439,4.43268,2821,1174
440,4.36783,2821,1174
441,4.13513,2821,1174
442,4.71497,2821,1174
443,4.14658,2821,1174
444,4.24957,2821,1174
445,4.28009,2821,1174
446,4.74167,2821,1174
447,4.16946,2821,1174
448,4.29153,2821,1174
449,4.03595,2821,1174
450,4.62341,2821,1174
451,4.39835,2821,1174
452,4.11224,2821,1174
453,4.27628,2821,1174
454,4.8027,2821,1174
455,4.1275,2821,1174
456,4.37927,2821,1174
457,4.55856,2821,1174
458,4.42886,2821,1174
459,4.16946,2821,1174
460,4.02069,2821,1174
461,4.48608,2821,1174
462,5.93185,2821,1174
463,2.84576,2821,1174
464,4.87137,2821,1174
465,4.53186,2821,1174
466,4.45175,2821,1174
467,4.36783,2821,1174
468,3.97873,2821,1174
469,5.00488,2821,1174
470,3.83759,2821,1174
471,4.45557,2821,1174
472,4.77219,2821,1174
473,3.78036,2821,1174
474,4.53949,2821,1174
475,4.11606,2821,1174
476,4.71115,2821,1174
477,4.32968,2821,1176
478,3.83759,2821,1176
479,7.34329,2821,1176
480,1.61362,2821,1176
481,5.08881,2821,1176
482,3.77655,2821,1176
483,4.50134,2821,1176
484,4.63486,2821,1176
485,3.8681,2821,1176
486,4.78745,2821,1176
487,3.79181,2821,1176
488,4.76837,2821,1176
489,4.13132,2821,1176
490,4.14658,2821,1176
491,4.10461,2821,1176
492,4.63867,2821,1176
493,4.52042,2821,1176
494,4.02451,2821,1176
495,4.71497,2821,1176
496,4.25339,2821,1176
497,4.02832,2821,1176
498,4.47845,2821,1176
499,4.26865,2821,1176
500,4.55093,2821,1176
501,3.93677,2821,1176
502,4.61197,2821,1176
503,4.44794,2821,1176
504,4.2305,2821,1176
505,4.53568,2821,1176
506,3.89862,2821,1176
507,5.15747,2821,1176
508,4.08936,2821,1176
509,3.9711,2821,1176
510,4.50134,2821,1176
511,4.81796,2821,1176
512,4.01306,2821,1176
513,3.9711,2821,1176
514,4.55475,2821,1176
515,4.53186,2821,1176
516,3.95203,2821,1176
517,4.37164,2821,1176
518,4.11224,2821,1176
519,4.74548,2821,1176
520,3.91006,2821,1176
521,4.65775,2821,1176
522,4.52042,2821,1176
523,3.89099,2821,1176
524,4.45557,2821,1176
525,4.05121,2821,1176
526,4.86755,2821,1176
527,4.33731,2821,1176
528,3.88718,2821,1176
529,4.53186,2821,1176
530,4.31442,2821,1176
531,4.68826,2821,1176
532,3.79562,2821,1176
533,4.60052,2821,1176
534,4.52423,2821,1176
535,3.86047,2821,1176
536,4.6196,2821,1176
537,4.2038,2821,1176
538,4.60815,2821,1176
539,3.90625,2821,1176
540,4.34494,2821,1176
541,4.49753,2821,1176
542,4.14276,2821,1176
543,4.59671,2821,1176
544,3.88718,2821,1176
545,4.71497,2821,1176
546,4.16946,2821,1176
547,4.4632,2821,1176
548,4.13513,2821,1176
549,4.29153,2821,1176
550,5.08118,2821,1176
551,3.61252,2821,1176
552,4.66156,2821,1176
553,4.42123,2821,1165
554,3.97873,2821,1165
555,4.58145,2821,1165
556,3.86429,2821,1165
557,4.81033,2821,1165
558,4.01306,2821,1165
559,4.673,2821,1165
560,4.01688,2821,1165
561,4.37546,2821,1165
562,4.55856,2821,1165
563,3.8681,2821,1165
564,4.29535,2821,1165
565,4.53186,2821,1165
566,4.60052,2821,1165
567,4.13513,2821,1165
568,3.89481,2821,1165
569,5.35202,2821,1165
570,3.63922,2821,1165
571,4.90189,2821,1165
572,3.5553,2821,1165
573,5.01251,2821,1165
574,4.03976,2821,1165
575,3.9711,2821,1165
576,4.97437,2821,1165
577,3.85666,2821,1165
578,4.54712,2821,1165
579,4.0741,2821,1165
580,4.70734,2821,1165
581,4.15421,2821,1165
582,4.2305,2821,1165
583,4.17328,2821,1165
584,4.56619,2821,1165
585,4.23813,2821,1165
586,4.21143,2821,1165
587,4.32587,2821,1165
588,5.92041,2821,1165
589,2.8801,2821,1165
590,4.26865,2821,1165
591,4.28391,2821,1165
592,4.58908,2821,1165
593,4.27246,2821,1165
594,4.18091,2821,1165
595,4.26865,2821,1165
596,4.84467,2821,1165
597,4.29916,2821,1165
598,4.54712,2821,1165
599,4.13513,2821,1165
600,4.4899,2821,1165
601,4.04358,2821,1165
602,4.47083,2821,1165
603,4.49371,2821,1165
604,4.59671,2821,1165
605,4.05502,2821,1165
606,4.19235,2821,1165
607,4.63867,2821,1165
608,4.10843,2821,1165
609,4.52805,2821,1165
610,4.24576,2821,1165
611,4.3869,2821,1165
612,4.5166,2821,1165
613,4.05121,2821,1165
614,4.78363,2821,1165
615,4.16565,2821,1165
616,4.54712,2821,1165
617,4.19617,2821,1165
618,4.38309,2821,1165
619,4.79507,2821,1165
620,4.11606,2821,1165
621,4.78363,2821,1165
622,4.68826,2821,1165
623,4.24194,2821,1165
624,4.8027,2821,1165
625,4.34875,2821,1165
626,5.04684,2821,1165
627,4.7493,2821,1165
628,4.38309,2821,1165
629,5.05447,2821,1165
630,4.60815,2821,1165
631,4.35257,2821,1165
632,4.55475,2821,1165
633,4.64249,2821,1165
634,4.77219,2821,1165
635,4.43649,2821,1165
636,4.3602,2821,1165
637,5.03922,2821,1165
638,4.31442,2821,1165
639,4.90952,2821,1165
640,4.84085,2821,1165
641,4.47083,2821,1165
642,4.7493,2821,1165
643,4.55475,2821,1165
644,4.66919,2821,1165
645,4.94385,2821,1165
646,4.31824,2821,1165
647,5.19943,2821,1165
648,4.7226,2821,1165
649,4.41742,2821,1165
650,5.19562,2821,1165
651,4.72641,2821,1165
652,4.53949,2821,1165
653,4.91714,2821,1165
654,5.0354,2821,1165
655,4.52805,2821,1165
656,5.01251,2821,1165
657,4.68063,2821,1165
658,4.84467,2821,1165
659,4.88281,2821,1165
660,4.55093,2821,1165
661,5.41687,2821,1165
662,5.02014,2821,1165
663,4.53568,2821,1165
664,5.27573,2821,1165
665,4.90189,2821,1165
666,4.4899,2821,1165
667,5.03159,2821,1165
668,5.05447,2821,1165
669,4.50516,2821,1165
670,5.16129,2821,1165
671,4.83704,2821,1165
672,4.50516,2821,1165
673,4.94003,2821,1165
674,4.6196,2821,1165
675,4.81033,2821,1165
676,4.95148,2821,1165
677,4.38309,2821,1165
678,5.63431,2821,1165
679,4.14658,2821,1165
680,4.81796,2821,1165
681,4.57382,2821,1165
682,5.5809,2821,1165
683,4.24576,2821,1165
684,4.66156,2821,1165
685,4.91714,2821,1165
686,4.78363,2821,1165
687,4.47083,2821,1165
688,4.61578,2821,1165
689,4.93622,2821,1165
690,4.50897,2821,1165
691,4.61578,2821,1165
692,4.83322,2821,1165
693,4.76074,2821,1165
694,4.57001,2821,1165
695,4.59671,2821,1165
696,5.01251,2821,1165
697,5.28717,2821,1165
698,4.15421,2821,1165
699,4.5166,2821,1165
700,5.25665,2821,1165
701,4.3602,2821,1165
702,4.42123,2821,1165
703,5.08499,2821,1165
704,4.35638,2821,1165
705,5.02777,2821,1165
706,4.50134,2821,1165
707,4.60434,2821,1165
708,5.17654,2821,1165
709,4.24957,2821,1165
710,4.91714,2821,1165
711,4.85611,2821,1165
712,4.22287,2821,1165
713,5.24521,2821,1165
714,4.73022,2821,1165
715,4.1275,2821,1165
716,8.03757,2821,1165
717,1.70135,2821,1165
718,4.29916,2821,1165
719,4.98962,2821,1165
720,4.30679,2821,1165
721,5.0354,2821,1165
722,4.95529,2821,1165
723,4.43268,2821,1165
724,5.44739,2821,1165
725,4.48227,2821,1165
726,4.06647,2821,1165
727,4.85229,2821,1165
728,4.95911,2821,1165
729,4.17328,2821,1165
730,5.25665,2821,1165
731,4.24957,2821,1165
732,5.15747,2821,1165
733,4.26865,2821,1165
734,4.37546,2821,1165
735,5.20706,2821,1165
736,4.34113,2821,1165
737,4.85229,2821,1165
738,4.76456,2821,1165
739,4.50516,2821,1165
740,4.73022,2821,1165
741,4.52042,2821,1165
742,4.92096,2821,1165
743,4.71878,2821,1165
744,4.6463,2821,1165
745,4.74548,2821,1165
746,4.85992,2821,1165
747,4.22668,2821,1165
748,4.879,2821,1165
749,4.84085,2821,1165
750,4.36401,2821,1165
751,4.98199,2821,1165
752,4.16946,2821,1165
753,5.36728,2821,1165
754,4.59671,2821,1165
755,4.21524,2821,1165
756,5.18417,2821,1165
757,4.60052,2821,1165
758,4.27246,2821,1165
759,5.0087,2821,1165
760,4.5166,2821,1165
761,4.76074,2821,1165
762,4.4899,2821,1165
763,5.23758,2821,1165
764,4.37164,2821,1165
765,4.60434,2821,1165
766,4.57764,2821,1165
767,4.87137,2821,1165
768,4.62723,2821,1165
769,4.57764,2821,1165
770,5.19943,2821,1165
771,4.37546,2821,1156
772,4.68445,2821,1156
773,4.66919,2821,1156
774,4.59671,2821,1156
775,4.81415,2821,1156
776,4.36401,2821,1156
777,5.50079,2821,1156
778,4.40979,2821,1156
779,4.79507,2821,1156
780,4.52042,2821,1156
781,5.15747,2821,1156
782,4.3869,2821,1156
783,4.91714,2821,1156
784,4.76074,2821,1156
785,4.99344,2821,1156
786,4.95911,2821,1156
787,4.72641,2821,1156
788,4.88281,2821,1156
789,4.91714,2821,1156
790,4.58908,2821,1156
791,5.34821,2821,1156
792,4.63867,2821,1156
793,4.57382,2821,1156
794,4.62341,2821,1156
795,5.0354,2821,1156
796,4.79126,2821,1156
797,4.67682,2821,1156
798,4.879,2821,1156
799,4.63104,2821,1156
800,4.91333,2821,1156
801,4.49371,2821,1156
802,5.26428,2821,1156
803,4.16565,2821,1156
804,4.58908,2821,1156
805,4.86374,2821,1156
806,4.97437,2821,1156
807,4.73404,2821,1156
808,4.69971,2821,1156
809,5.00107,2821,1156
810,4.92096,2821,1156
811,4.31061,2821,1156
812,4.84085,2821,1156
813,4.72641,2821,1156
814,5.25284,2821,1156
815,3.87192,2821,1156
816,5.02014,2821,1156
817,4.65012,2821,1156
818,4.71115,2821,1156
819,4.98581,2821,1156
820,4.48608,2821,1156
821,4.64249,2821,1156
822,4.77219,2821,1156
823,4.7226,2821,1156
824,4.55856,2821,1156
825,4.51279,2821,1156
826,4.67682,2821,1156
827,5.1384,2821,1156
828,4.52805,2821,1156
829,4.62723,2821,1156
830,4.91714,2821,1156
831,4.60052,2821,1156
832,4.63867,2821,1156
833,4.83704,2821,1156
834,4.80652,2821,1156
835,4.7493,2821,1156
836,4.50134,2821,1156
837,4.98581,2821,1156
838,4.52423,2821,1156
839,4.59671,2821,1156
840,4.60052,2821,1156
841,5.02396,2821,1156
842,4.62723,2821,1156
843,4.58527,2821,1156
844,4.87137,2821,1156
845,4.84848,2821,1156
846,4.49753,2821,1156
847,4.63867,2821,1156
848,6.32095,2821,1156
849,3.8681,2821,1156
850,4.10461,2821,1156
851,5.49698,2821,1156
852,4.17328,2821,1156
853,4.29535,2821,1156
854,4.74548,2821,1156
855,4.95911,2821,1156
856,5.08499,2821,1156
857,4.30298,2821,1156
858,4.62341,2821,1156
859,5.01633,2821,1156
860,4.41742,2821,1156
861,4.37927,2821,1156
862,5.4512,2821,1156
863,4.11606,2821,1156
864,4.84467,2821,1156
865,4.879,2821,1156
866,4.32968,2821,1156
867,4.90952,2821,1156
868,5.11551,2821,1156
869,4.44031,2821,1156
870,4.90952,2821,1156
871,4.71115,2821,1156
872,4.3869,2821,1156
873,5.14984,2821,1156
874,4.19998,2821,1156
875,5.01633,2821,1156
876,4.82178,2821,1156
877,4.36401,2821,1156
878,5.04684,2821,1156
879,4.4899,2821,1156
880,4.45938,2821,1156
881,4.98581,2821,1156
882,4.34113,2821,1156
883,5.19943,2821,1156
884,4.60052,2821,1156
885,4.32205,2821,1156
886,4.879,2821,1156
887,5.0087,2821,1156
888,4.28772,2821,1156
889,4.78745,2821,1156
890,4.74548,2821,1156
891,5.05829,2821,1156
892,4.53186,2821,1156
893,4.32587,2821,1156
894,5.33295,2821,1156
895,4.4899,2821,1156
896,4.32205,2821,1156
897,5.25665,2821,1156
898,4.30679,2821,1156
899,5.12314,2821,1156
900,4.41742,2821,1156
901,4.68445,2821,1156
902,4.6463,2821,1156
903,4.62723,2821,1156
904,4.85229,2821,1156
905,4.59671,2821,1156
906,4.50516,2821,1156
907,4.84848,2821,1156
908,4.81796,2821,1156
909,4.60052,2821,1156
910,4.69208,2821,1156
911,4.46701,2821,1156
912,4.93622,2821,1156
913,4.54712,2821,1156
914,4.65775,2821,1156
915,4.82178,2821,1156
916,4.71878,2821,1156
917,4.51279,2821,1156
918,4.51279,2821,1156
919,4.96674,2821,1156
920,4.54712,2821,1156
921,4.57764,2821,1156
922,5.10025,2821,1156
923,4.66537,2821,1156
924,4.49371,2821,1156
925,4.54712,2821,1156
926,4.91714,2821,1156
927,4.57382,2821,1156
928,4.53568,2821,1156
929,4.89044,2821,1156
930,4.79126,2821,1156
931,4.60815,2821,1156
932,4.53949,2821,1156
933,4.91333,2821,1156
934,4.65393,2821,1156
935,4.45938,2821,1156
936,4.88663,2821,1156
937,4.53186,2821,1156
938,4.58145,2821,1156
939,4.61197,2821,1156
940,4.91333,2821,1156
941,4.4899,2821,1156
942,4.61578,2821,1156
943,4.62341,2821,1156
944,4.91714,2821,1156
945,4.43649,2821,1156
946,4.62723,2821,1156
947,4.78363,2821,1156
948,4.63104,2821,1156
949,4.50897,2821,1156
950,4.55856,2821,1156
951,5.04303,2821,1156
952,4.63867,2821,1156
953,4.47845,2821,1156
954,4.91333,2821,1156
955,4.55475,2821,1156
956,4.51279,2821,1156
957,4.61578,2821,1156
958,5.97,2821,1156
959,3.54767,2821,1156
960,4.37927,2821,1156
961,4.9057,2821,1156
962,4.58527,2821,1156
963,4.91333,2821,1156
964,4.33731,2821,1156
965,4.8027,2821,1156
966,4.65012,2821,1156
967,4.52805,2821,1156
968,4.76456,2821,1156
969,4.98581,2821,1156
970,4.21143,2821,1156
971,4.87518,2821,1156
972,5.13077,2821,1156
973,4.48608,2821,1156
974,4.79889,2821,1156
975,4.50134,2821,1156
976,5.32913,2821,1156
977,4.57001,2821,1156
978,4.60815,2821,1156
979,5.2681,2821,1156
980,4.66537,2821,1156
981,4.47464,2821,1156
982,5.10406,2821,1152
983,4.88663,2821,1152
984,4.59671,2821,1152
985,4.86374,2821,1152
986,4.76074,2821,1152
987,4.58145,2821,1152
988,4.81033,2821,1152
989,4.44412,2821,1152
990,4.99725,2821,1152
991,4.6196,2821,1152
992,4.36401,2821,1152
993,5.36728,2821,1152
994,4.47083,2821,1152
995,4.43649,2821,1152
996,4.71878,2821,1152
997,4.72641,2821,1152
998,4.74548,2821,1152
999,4.58527,2821,1152
1000,4.52805,2821,1152
1001,4.85229,2821,1152
1002,4.45557,2821,1152
1003,4.34875,2821,1152
1004,4.95911,2821,1152
1005,4.45557,2821,1152
1006,4.67682,2821,1152
1007,4.47083,2821,1152
1008,4.89426,2821,1152
1009,4.3335,2821,1152
1010,4.47464,2821,1152
1011,4.84085,2821,1152
1012,4.50516,2821,1152
1013,4.53949,2821,1152
1014,4.48608,2821,1152
1015,5.85556,2821,1152
1016,3.57819,2821,1152
1017,4.47845,2821,1152
1018,4.92096,2821,1152
1019,4.48227,2821,1152
1020,4.88663,2821,1152
1021,4.05121,2821,1152
1022,5.44357,2821,1152
1023,4.00925,2821,1152
1024,5.15366,2821,1152
1025,4.22668,2821,1152
1026,4.3869,2821,1152
1027,5.31387,2821,1152
1028,3.8414,2821,1152
1029,5.16129,2821,1152
1030,4.34875,2821,1152
1031,4.27246,2821,1152
1032,5.10025,2821,1152
1033,4.68445,2821,1152
1034,4.15802,2821,1152
1035,4.82559,2821,1152
1036,4.39835,2821,1152
1037,5.29099,2821,1152
1038,4.43649,2821,1152
1039,4.14276,2821,1152
1040,5.19562,2821,1152
1041,4.02832,2821,1152
1042,4.96674,2821,1152
1043,4.07791,2821,1152
1044,5.3215,2821,1152
1045,4.39453,2821,1152
1046,4.58145,2821,1152
1047,4.5929,2821,1152
1048,4.89807,2821,1152
1049,4.08554,2821,1152
1050,4.87518,2821,1152
1051,4.78363,2821,1152
1052,4.31061,2821,1152
1053,4.8027,2821,1152
1054,4.79889,2821,1152
1055,4.28772,2821,1152
1056,4.95148,2821,1152
1057,4.06647,2821,1152
1058,5.93185,2821,1152
1059,4.11224,2821,1152
1060,4.22287,2821,1152
1061,4.87518,2821,1152
1062,4.39453,2821,1152
1063,4.93622,2821,1152
1064,4.31824,2821,1152
1065,4.63104,2821,1152
1066,4.88663,2821,1152
1067,4.55475,2821,1152
1068,4.39835,2821,1152
1069,5.1384,2821,1152
1070,4.09317,2821,1153
1071,9.6283,2821,1153
1072,0.713348,2821,1153
1073,3.63159,2821,1153
1074,4.94003,2821,1153
1075,4.34113,2821,1153
1076,5.03922,2821,1153
1077,4.65012,2821,1153
1078,4.19235,2821,1153
1079,5.05447,2821,1153
1080,4.86374,2821,1153
1081,4.26483,2821,1153
1082,4.88663,2821,1153
1083,4.57764,2821,1153
1084,4.74548,2821,1153
1085,4.95148,2821,1153
1086,4.06647,2821,1153
1087,5.1384,2821,1153
1088,4.42123,2821,1153
1089,4.44794,2821,1153
1090,5.04303,2821,1153
1091,4.42505,2821,1153
1092,4.80652,2821,1153
1093,4.47464,2821,1153
1094,4.57001,2821,1153
1095,5.00488,2821,1153
1096,4.51279,2821,1153
1097,4.5433,2821,1153
1098,4.94003,2821,1153
1099,4.24576,2821,1153
1100,4.95911,2821,1153
1101,4.95529,2821,1153
1102,4.37927,2821,1153
1103,4.84848,2821,1153
1104,4.68063,2821,1153
1105,4.44031,2821,1153
1106,4.90952,2821,1153
1107,4.32968,2821,1153
1108,5.32913,2821,1153
1109,4.91333,2821,1153
1110,4.11987,2821,1153
1111,5.0621,2821,1153
1112,4.79507,2821,1153
1113,4.33731,2821,1153
1114,4.88281,2821,1153
1115,5.10025,2821,1153
1116,4.25339,2821,1153
1117,5.06592,2821,1153
1118,4.16946,2821,1153
1119,5.03159,2821,1153
1120,4.83704,2821,1153
1121,4.34113,2821,1153
1122,5.31006,2821,1153
1123,4.58145,2821,1153
1124,4.26865,2821,1153
1125,5.02777,2821,1153
1126,4.60052,2821,1153
1127,5.09644,2821,1153
1128,4.51279,2821,1153
1129,4.63867,2821,1153
1130,4.89807,2821,1153
1131,4.32205,2821,1153
1132,4.82941,2821,1153
1133,5.72968,2821,1153
1134,4.14276,2821,1153
1135,5.02014,2821,1153
1136,4.76456,2821,1153
1137,4.49371,2821,1153
1138,4.90189,2821,1153
1139,4.61578,2821,1153
1140,4.88663,2821,1153
1141,5.00107,2821,1153
1142,4.50897,2821,1153
1143,4.89044,2821,1153
1144,4.98581,2821,1153
1145,4.31824,2821,1153
1146,5.10788,2821,1153
1147,4.91333,2821,1153
1148,4.34113,2821,1153
1149,4.72641,2821,1153
1150,5.22614,2821,1153
1151,4.44794,2821,1153
1152,5.05066,2821,1153
1153,4.4632,2821,1153
1154,4.92477,2821,1153
1155,4.76456,2821,1153
1156,4.48608,2821,1153
1157,5.35583,2821,1153
1158,4.26483,2821,1153
1159,4.69208,2821,1153
1160,5.03922,2821,1153
1161,5.25665,2821,1153
1162,4.37546,2821,1153
1163,4.89426,2821,1153
1164,4.68445,2821,1153
1165,4.77982,2821,1153
1166,5.16129,2821,1153
1167,4.15421,2821,1153
1168,5.18799,2821,1153
1169,4.35638,2821,1153
1170,4.85229,2821,1153
1171,5.35202,2821,1153
1172,4.28391,2821,1153
1173,4.61578,2821,1153
1174,4.68445,2821,1153
1175,4.92477,2821,1153
1176,4.77982,2821,1153
1177,4.56238,2821,1153
1178,4.97437,2821,1153
1179,4.66156,2821,1153
1180,4.77982,2821,1153
1181,4.6196,2821,1153
1182,5.12695,2821,1153
1183,4.81033,2821,1153
1184,4.60052,2821,1153
1185,5.03922,2821,1153
1186,4.62341,2821,1153
1187,4.7226,2821,1153
1188,4.92477,2821,1153
1189,4.73785,2821,1153
1190,4.67682,2821,1153
1191,4.68063,2821,1153
1192,4.88663,2821,1153
1193,4.6463,2821,1153
1194,4.71115,2821,1153
1195,4.78745,2821,1153
1196,4.91714,2821,1151
1197,4.61197,2821,1151
1198,4.673,2821,1151
1199,4.94385,2821,1151
1200,4.71497,2821,1151
1201,4.7493,2821,1151
1202,4.65775,2821,1151
1203,5.07355,2821,1151
1204,4.71878,2821,1151
1205,4.57764,2821,1151
1206,4.96292,2821,1151
1207,4.65393,2821,1151
1208,5.20706,2821,1151
1209,4.35638,2821,1151
1210,4.70734,2821,1151
1211,4.63486,2821,1151
1212,4.62723,2821,1151
1213,5.47409,2821,1151
1214,4.32587,2821,1151
1215,4.69971,2821,1151
1216,4.75311,2821,1151
1217,4.879,2821,1151
1218,4.68063,2821,1151
1219,4.57001,2821,1151
1220,4.96292,2821,1151
1221,4.6463,2821,1151
1222,4.76456,2821,1151
1223,4.69971,2821,1151
1224,4.98962,2821,1151
1225,4.57001,2821,1151
1226,4.63867,2821,1151
1227,5.24139,2821,1151
1228,4.4632,2821,1151
1229,5.23758,2821,1151
1230,4.29153,2821,1151
1231,4.59671,2821,1151
1232,4.70734,2821,1151
1233,4.78363,2821,1151
1234,4.81796,2821,1151
1235,4.72641,2821,1151
1236,4.56619,2821,1151
1237,4.66537,2821,1151
1238,5.11551,2821,1151
1239,4.75311,2821,1151
1240,4.28391,2821,1151
1241,5.00107,2821,1151
1242,4.82178,2821,1151
1243,4.52042,2821,1151
1244,4.52423,2821,1151
1245,5.43213,2821,1151
1246,4.33731,2821,1151
1247,4.70352,2821,1151
1248,4.97055,2821,1151
1249,4.57382,2821,1151
1250,4.5929,2821,1151
1251,5.08118,2821,1151
1252,4.49371,2821,1151
1253,4.64249,2821,1151
1254,4.75693,2821,1151
1255,4.78745,2821,1151
1256,4.8027,2821,1151
1257,4.3602,2821,1151
1258,4.65012,2821,1151
1259,4.97818,2821,1151
1260,4.60052,2821,1151
1261,4.68826,2821,1151
1262,5.0087,2821,1151
1263,4.52423,2821,1151
1264,4.68445,2821,1151
1265,4.89807,2821,1151
1266,4.68063,2821,1151
1267,4.62723,2821,1151
1268,4.78363,2821,1151
1269,4.75693,2821,1151
1270,4.57001,2821,1151
1271,4.65012,2821,1151
1272,4.61578,2821,1151
1273,4.95148,2821,1151
1274,4.56238,2821,1151
1275,4.79507,2821,1151
1276,4.5166,2821,1151
1277,4.97055,2821,1151
1278,4.58527,2821,1151
1279,4.62723,2821,1151
1280,4.86374,2821,1151
1281,4.6463,2821,1151
1282,4.59671,2821,1151
1283,4.68826,2821,1151
1284,4.81033,2821,1151
1285,4.7226,2821,1151
1286,4.57764,2821,1151
1287,5.00488,2821,1151
1288,4.66537,2821,1151
1289,4.53949,2821,1151
1290,4.6463,2821,1151
1291,4.83704,2821,1151
1292,4.55475,2821,1151
1293,4.7226,2821,1151
1294,4.83322,2821,1151
1295,4.68445,2821,1151
1296,4.53949,2821,1151
1297,4.58908,2821,1151
1298,4.92859,2821,1151
1299,4.56238,2821,1151
1300,4.62341,2821,1151
1301,4.88281,2821,1151
1302,4.5929,2821,1151
1303,4.70352,2821,1151
1304,4.57764,2821,1151
1305,4.85229,2821,1151
1306,4.73404,2821,1151
1307,4.97055,2821,1151
1308,4.3602,2821,1151
1309,4.80652,2821,1151
1310,4.50897,2821,1151
1311,4.6196,2821,1151
1312,5.0087,2821,1151
1313,4.67682,2821,1151
1314,4.58145,2821,1151
1315,4.41742,2821,1150
1316,5.00488,2821,1150
1317,4.53949,2821,1150
1318,4.60434,2821,1150
1319,5.1384,2821,1150
1320,4.91333,2821,1150
1321,4.27628,2821,1150
1322,4.70734,2821,1150
1323,4.85229,2821,1150
1324,4.53568,2821,1150
1325,4.65012,2821,1150
1326,5.19562,2821,1150
1327,4.57001,2821,1150
1328,4.53568,2821,1150
1329,4.69971,2821,1150
1330,4.84085,2821,1150
1331,4.44031,2821,1150
1332,4.71497,2821,1150
1333,4.95911,2821,1150
1334,4.48227,2821,1150
1335,4.58527,2821,1150
1336,4.71878,2821,1150
1337,4.81415,2821,1150
1338,4.5929,2821,1150
1339,4.56619,2821,1150
1340,4.79126,2821,1150
1341,4.7493,2821,1150
1342,4.6196,2821,1150
1343,4.52423,2821,1150
1344,4.97818,2821,1150
1345,4.68063,2821,1150
1346,4.47464,2821,1150
1347,4.52042,2821,1150
1348,5.10025,2821,1150
1349,4.84085,2821,1150
1350,4.49371,2821,1150
1351,4.8027,2821,1150
1352,4.5929,2821,1150
1353,4.58145,2821,1150
1354,4.6463,2821,1150
1355,4.85229,2821,1150
1356,4.83704,2821,1150
1357,4.38309,2821,1150
1358,5.19943,2821,1150
1359,4.29153,2821,1150
1360,4.75311,2821,1150
1361,4.42123,2821,1150
1362,5.02014,2821,1150
1363,4.49753,2821,1150
1364,4.58145,2821,1150
1365,4.85992,2821,1150
1366,4.61578,2821,1150
1367,4.70352,2821,1150
1368,4.39453,2821,1150
1369,5.14984,2821,1150
1370,4.69971,2821,1150
1371,4.5166,2821,1150
1372,4.82178,2821,1150
1373,4.63867,2821,1150
1374,4.52805,2821,1150
1375,4.57001,2821,1150
1376,4.84085,2821,1150
1377,4.5433,2821,1150
1378,4.73785,2821,1150
1379,4.79889,2821,1150
1380,4.60815,2821,1150
1381,4.47083,2821,1150
1382,4.65012,2821,1150
1383,4.91333,2821,1150
1384,4.55856,2821,1150
1385,4.62341,2821,1150
1386,4.60052,2821,1150
1387,4.96674,2821,1150
1388,4.58145,2821,1150
1389,4.50897,2821,1150
1390,4.94766,2821,1150
1391,4.69589,2821,1150
1392,4.58145,2821,1150
1393,4.57764,2821,1150
1394,4.82559,2821,1150
1395,4.58145,2821,1150
1396,4.58145,2821,1150
1397,4.88281,2821,1150
1398,4.58908,2821,1150
1399,4.65393,2821,1150
1400,4.89044,2821,1150
1401,4.42123,2821,1150
1402,4.73404,2821,1150
1403,4.53186,2821,1150
1404,4.81796,2821,1150
1405,4.81796,2821,1150
1406,4.46701,2821,1150
1407,4.53949,2821,1150
1408,4.97055,2821,1149
1409,4.57001,2821,1149
1410,4.57001,2821,1149
1411,4.64249,2821,1149
1412,5.07736,2821,1149
1413,4.50516,2821,1149
1414,4.55856,2821,1149
1415,4.98199,2821,1149
1416,4.58527,2821,1149
1417,4.52805,2821,1149
1418,4.5166,2821,1149
1419,5.05447,2821,1149
1420,4.55475,2821,1149
1421,4.42886,2821,1149
1422,4.92477,2821,1149
1423,4.64249,2821,1149
1424,4.53949,2821,1149
1425,4.64249,2821,1149
1426,4.84467,2821,1149
1427,4.66156,2821,1149
1428,4.44412,2821,1149
1429,4.84848,2821,1149
1430,4.69971,2821,1149
1431,4.63867,2821,1149
1432,4.4136,2821,1149
1433,5.11932,2821,1149
1434,4.48227,2821,1149
1435,4.70734,2821,1149
1436,4.56238,2821,1149
1437,4.88663,2821,1149
1438,4.54712,2821,1149
1439,4.58527,2821,1149
1440,4.85229,2821,1149
1441,4.6196,2821,1149
1442,4.57001,2821,1149
1443,4.57764,2821,1149
1444,4.85992,2821,1149
1445,4.84848,2821,1149
1446,4.34113,2821,1149
1447,4.88281,2821,1149
1448,4.66537,2821,1149
1449,4.71497,2821,1149
1450,4.42886,2821,1149
1451,4.81796,2821,1149
1452,4.71497,2821,1149
1453,4.61197,2821,1149
1454,4.6196,2821,1149
1455,4.78745,2821,1149
1456,4.73785,2821,1149
1457,4.47845,2821,1149
1458,4.97055,2821,1149
1459,4.66156,2821,1149
1460,4.4899,2821,1149
1461,4.75311,2821,1149
1462,4.5929,2821,1149
1463,4.51279,2821,1149
1464,4.70734,2821,1149
1465,4.82559,2821,1149
1466,4.59671,2821,1149
1467,4.58145,2821,1149
1468,4.78745,2821,1149
1469,4.73022,2821,1149
1470,4.52423,2821,1149
1471,4.56238,2821,1149
1472,5.06592,2821,1149
1473,4.53186,2821,1149
1474,4.67682,2821,1149
1475,4.51279,2821,1149
1476,4.8027,2821,1149
1477,4.85611,2821,1149
1478,4.32587,2821,1149
1479,5.0354,2821,1149
1480,4.40598,2821,1149
1481,4.70734,2821,1149
1482,4.66537,2821,1149
1483,4.69971,2821,1149
1484,4.58908,2821,1149
1485,4.63104,2821,1149
1486,4.58908,2821,1149
1487,5.03922,2821,1149
1488,4.54712,2821,1149
1489,4.47083,2821,1149
1490,4.95911,2821,1149
1491,4.54712,2821,1149
1492,4.68445,2821,1149
1493,4.45175,2821,1149
1494,5.02014,2821,1149
1495,4.69971,2821,1149
1496,4.49371,2821,1149
1497,4.96674,2821,1149
1498,4.50516,2821,1149
1499,4.63867,2821,1149
1500,4.44794,2821,1149
1501,4.89807,2821,1149
1502,4.879,2821,1149
1503,4.2305,2821,1149
1504,4.89807,2821,1149
1505,4.98581,2821,1149
1506,4.1008,2821,1149
1507,4.74167,2821,1149
1508,4.84085,2821,1149
1509,4.58145,2821,1149
1510,4.76074,2821,1149
1511,4.48608,2821,1149
1512,4.83704,2821,1149
1513,4.53568,2821,1149
1514,4.67682,2821,1149
1515,4.92859,2821,1149
1516,4.60052,2821,1149
1517,4.77982,2821,1149
1518,4.66537,2821,1149
1519,4.62723,2821,1149
1520,4.60815,2821,1149
1521,4.55475,2821,1149
1522,5.15366,2821,1149
1523,4.30298,2821,1149
1524,4.43649,2821,1149
1525,4.63867,2821,1149
1526,5.13077,2821,1149
1527,4.40216,2821,1149
1528,4.47845,2821,1149
1529,5.05447,2821,1149
1530,4.40216,2821,1149
1531,4.62341,2821,1149
1532,4.50516,2821,1149
1533,5.77545,2821,1149
1534,4.17709,2821,1149
1535,4.70734,2821,1149
1536,4.94385,2821,1149
1537,5.51987,2821,1149
1538,4.02451,2821,1149
1539,4.83322,2821,1149
1540,4.75693,2821,1149
1541,5.37872,2821,1149
1542,4.51279,2821,1149
1543,4.88281,2821,1149
1544,5.11169,2821,1149
1545,4.83704,2821,1149
1546,4.68826,2821,1149
1547,5.32532,2821,1150
1548,4.73785,2821,1150
1549,4.42886,2821,1150
1550,4.84467,2821,1150
1551,5.47409,2821,1150
1552,4.44031,2821,1150
1553,4.4136,2821,1150
1554,5.08499,2821,1150
1555,5.25284,2821,1150
1556,4.58908,2821,1150
1557,4.91333,2821,1150
1558,4.53568,2821,1150
1559,4.78363,2821,1150
1560,4.91714,2821,1150
1561,5.30624,2821,1150
1562,4.776,2821,1150
1563,4.44412,2821,1150
1564,5.18799,2821,1150
1565,4.65393,2821,1150
1566,4.92477,2821,1150
1567,5.1651,2821,1150
1568,4.69208,2821,1150
1569,4.81033,2821,1150
1570,4.67682,2821,1150
1571,4.69589,2821,1150
1572,4.84848,2821,1150
1573,4.65393,2821,1150
1574,5.21088,2821,1150
1575,4.95911,2821,1150
1576,5.22995,2821,1150
1577,4.13895,2821,1150
1578,5.26428,2821,1150
1579,4.5929,2821,1150
1580,4.63104,2821,1150
1581,4.85611,2821,1150
1582,5.40161,2821,1150
1583,4.28009,2821,1150
1584,4.7226,2821,1150
1585,4.63867,2821,1150
1586,5.15747,2821,1150
1587,4.57764,2821,1150
1588,4.76837,2821,1150
1589,4.7493,2821,1150
1590,4.68063,2821,1150
1591,4.92477,2821,1150
1592,5.31006,2821,1150
1593,4.63867,2821,1150
1594,4.53949,2821,1150
1595,4.93622,2821,1150
1596,4.79126,2821,1150
1597,4.61197,2821,1150
1598,4.79889,2821,1150
1599,5.04684,2821,1150
1600,4.70352,2821,1150
1601,4.65012,2821,1150
1602,4.89807,2821,1150
1603,4.879,2821,1152
1604,11.6539,2821,1152
1605,0.839233,2821,1152
1606,1.84631,2821,1152
1607,4.97818,2821,1152
1608,4.45175,2821,1152
1609,5.02777,2821,1152
1610,4.48608,2821,1152
1611,4.68063,2821,1152
1612,4.88663,2821,1152
1613,4.80652,2821,1152
1614,4.49371,2821,1152
1615,4.68445,2821,1152
1616,4.86374,2821,1152
1617,4.65393,2821,1152
1618,4.45938,2821,1152
1619,4.83322,2821,1144
1620,4.95911,2821,1144
1621,4.26865,2821,1144
1622,4.67682,2821,1144
1623,4.83704,2821,1144
1624,4.51279,2821,1144
1625,4.57001,2821,1144
1626,4.55475,2821,1144
1627,5.20325,2821,1144
1628,4.14276,2821,1144
1629,4.673,2821,1144
1630,5.14603,2821,1144
1631,4.68063,2821,1144
1632,4.32968,2821,1144
1633,4.59671,2821,1144
1634,4.879,2821,1144
1635,4.73022,2821,1144
1636,4.86374,2821,1144
1637,4.49371,2821,1144
1638,4.82941,2821,1144
1639,4.47464,2821,1144
1640,4.37164,2821,1144
1641,5.24521,2821,1144
1642,4.19617,2821,1144
1643,4.74548,2821,1144
1644,4.74167,2821,1144
1645,4.65393,2821,1144
1646,4.60052,2821,1144
1647,4.66537,2821,1144
1648,4.74167,2821,1144
1649,4.60052,2821,1144
1650,4.63104,2821,1144
1651,4.50897,2821,1144
1652,5.04684,2821,1144
1653,4.36783,2821,1144
1654,4.70352,2821,1144
1655,4.98581,2821,1144
1656,4.77219,2821,1144
1657,4.47845,2821,1144
1658,4.6196,2821,1144
1659,4.82941,2821,1144
1660,4.76074,2821,1144
1661,4.33731,2821,1144
1662,4.92859,2821,1144
1663,4.53568,2821,1144
1664,4.68826,2821,1144
1665,4.5433,2821,1144
1666,4.9057,2821,1144
1667,4.58908,2821,1144
1668,4.58145,2821,1144
1669,4.79507,2821,1144
1670,4.63104,2821,1144
1671,4.52805,2821,1144
1672,4.87137,2821,1144
1673,4.60815,2821,1144
1674,4.73785,2821,1144
1675,4.53186,2821,1144
1676,4.74167,2821,1144
1677,4.77982,2821,1144
1678,4.63486,2821,1144
1679,4.52805,2821,1144
1680,4.9057,2821,1144
1681,4.72641,2821,1144
1682,4.35638,2821,1144
1683,4.71497,2821,1144
1684,4.88663,2821,1144
1685,4.57764,2821,1144
1686,4.56238,2821,1144
1687,4.87137,2821,1144
1688,4.60815,2821,1144
1689,4.57382,2821,1144
1690,4.52042,2821,1144
1691,5.02014,2821,1144
1692,4.49753,2821,1144
1693,4.73404,2821,1144
1694,4.85992,2821,1144
1695,4.60434,2821,1144
1696,4.55475,2821,1144
1697,4.57382,2821,1144
1698,5.12314,2821,1144
1699,4.52805,2821,1144
1700,4.57764,2821,1144
1701,4.879,2821,1144
1702,4.55093,2821,1144
1703,4.59671,2821,1144
1704,4.68445,2821,1144
1705,4.78363,2821,1144
1706,4.58908,2821,1144
1707,4.84467,2821,1144
1708,4.59671,2821,1144
1709,4.62723,2821,1144
1710,4.67682,2821,1144
1711,4.63486,2821,1144
1712,4.87518,2821,1144
1713,4.59671,2821,1144
1714,4.5166,2821,1144
1715,4.89807,2821,1144
1716,4.55475,2821,1144
1717,4.58145,2821,1144
1718,4.61578,2821,1144
1719,5.00107,2821,1144
1720,4.55856,2821,1144
1721,4.58527,2821,1144
1722,4.60052,2821,1144
1723,4.89044,2821,1144
1724,4.66919,2821,1144
1725,4.69971,2821,1144
1726,4.76456,2821,1144
1727,4.59671,2821,1144
1728,4.57764,2821,1144
1729,4.47845,2821,1144
1730,5.00488,2821,1144
1731,4.62723,2821,1144
1732,4.47083,2821,1144
1733,4.81796,2821,1144
1734,4.69971,2821,1144
1735,4.50134,2821,1144
1736,4.63104,2821,1144
1737,4.80652,2821,1144
1738,4.89426,2821,1144
1739,4.39453,2821,1144
1740,4.58908,2821,1144
1741,5.0087,2821,1144
1742,4.53568,2821,1144
1743,4.62723,2821,1144
1744,4.91333,2821,1144
1745,4.66919,2821,1144
1746,4.63104,2821,1144
1747,4.88281,2821,1144
1748,4.89044,2821,1144
1749,4.7493,2821,1144
1750,4.43649,2821,1144
1751,4.92477,2821,1144
1752,4.7493,2821,1144
1753,4.3869,2821,1144
1754,4.50897,2821,1144
1755,4.95911,2821,1144
1756,4.65012,2821,1144
1757,4.57001,2821,1144
1758,5.0621,2821,1144
1759,4.58145,2821,1144
1760,4.5929,2821,1144
1761,4.48608,2821,1144
1762,4.91714,2821,1144
1763,4.57382,2821,1144
1764,4.84848,2821,1144
1765,4.6196,2821,1144
1766,4.68445,2821,1144
1767,4.44412,2821,1144
1768,4.69971,2821,1144
1769,4.94003,2821,1144
1770,4.56238,2821,1144
1771,4.63867,2821,1144
1772,4.65012,2821,1144
1773,4.84848,2821,1144
1774,4.45175,2821,1144
1775,4.78363,2821,1144
1776,5.06592,2821,1144
1777,4.44412,2821,1144
1778,4.81796,2821,1144
1779,4.44412,2821,1144
1780,5.02777,2821,1144
1781,4.49753,2821,1144
1782,5.51987,2821,1144
1783,4.06265,2821,1144
1784,4.53949,2821,1144
1785,4.72641,2821,1144
1786,4.58527,2821,1144
1787,5.00107,2821,1144
1788,4.6196,2821,1144
1789,4.4136,2821,1144
1790,4.73022,2821,1144
1791,4.79507,2821,1144
1792,4.60434,2821,1144
1793,4.66537,2821,1144
1794,4.85229,2821,1144
1795,4.67682,2821,1144
1796,4.48227,2821,1144
1797,4.66537,2821,1144
1798,4.83322,2821,1144
1799,4.96292,2821,1144
1800,4.17328,2821,1144
1801,5.3215,2821,1144
1802,4.25339,2821,1144
1803,5.05447,2821,1144
1804,4.63104,2821,1144
1805,4.3335,2821,1144
1806,4.9057,2821,1144
1807,4.30679,2821,1144
1808,5.2948,2821,1144
1809,4.45557,2821,1144
1810,4.34494,2821,1144
1811,4.97437,2821,1144
1812,4.69971,2821,1144
1813,4.32587,2821,1144
1814,4.879,2821,1144
1815,4.80652,2821,1144
1816,4.80652,2821,1144
1817,4.48227,2821,1144
1818,4.46701,2821,1144
1819,5.04303,2821,1144
1820,4.47083,2821,1144
1821,4.34494,2821,1144
1822,5.10406,2821,1144
1823,4.51279,2821,1144
1824,5.0354,2821,1144
1825,4.47464,2821,1144
1826,4.673,2821,1144
1827,4.78363,2821,1144
1828,4.28772,2821,1144
1829,4.87518,2821,1144
1830,4.95911,2821,1144
1831,4.21143,2821,1144
1832,4.93622,2821,1144
1833,4.97437,2821,1138
1834,4.57001,2821,1138
1835,4.64249,2821,1138
1836,4.56619,2821,1138
1837,4.48608,2821,1138
1838,4.88281,2821,1138
1839,4.21524,2821,1138
1840,5.39017,2821,1138
1841,4.65393,2821,1138
1842,4.29535,2821,1138
1843,4.80652,2821,1138
1844,4.94385,2821,1138
1845,4.19235,2821,1138
1846,5.09644,2821,1138
1847,4.40598,2821,1138
1848,5.12314,2821,1138
1849,4.44031,2821,1138
1850,4.21524,2821,1138
1851,5.22232,2821,1138
1852,4.55856,2821,1138
1853,4.32205,2821,1138
1854,5.27954,2821,1138
1855,4.18854,2821,1138
1856,4.95148,2821,1138
1857,4.24576,2821,1138
1858,4.83704,2821,1138
1859,4.80652,2821,1138
1860,4.33731,2821,1138
1861,4.85992,2821,1138
1862,4.79507,2821,1138
1863,4.66919,2821,1138
1864,4.43649,2821,1138
1865,5.36728,2821,1138
1866,4.24576,2821,1138
1867,4.5166,2821,1138
1868,4.55475,2821,1138
1869,4.95148,2821,1138
1870,4.57001,2821,1138
1871,4.56238,2821,1138
1872,4.85229,2821,1138
1873,4.55093,2821,1138
1874,4.85992,2821,1138
1875,4.35638,2821,1138
1876,4.85611,2821,1138
1877,4.73404,2821,1138
1878,4.52805,2821,1138
1879,4.91333,2821,1138
1880,4.49371,2821,1138
1881,4.71115,2821,1138
1882,4.55093,2821,1138
1883,5.08118,2821,1138
1884,4.55093,2821,1138
1885,4.56619,2821,1138
1886,4.83704,2821,1138
1887,4.61578,2821,1138
1888,4.56619,2821,1138
1889,4.58145,2821,1138
1890,4.92859,2821,1138
1891,4.55475,2821,1138
1892,4.5929,2821,1138
1893,4.6463,2821,1138
1894,4.91333,2821,1138
1895,4.52423,2821,1138
1896,4.56619,2821,1138
1897,4.9057,2821,1138
1898,4.51279,2821,1138
1899,4.71115,2821,1138
1900,4.53568,2821,1138
1901,4.91714,2821,1138
1902,4.59671,2821,1138
1903,4.50516,2821,1138
1904,5.0354,2821,1138
1905,4.6463,2821,1138
1906,4.47083,2821,1138
1907,4.7226,2821,1138
1908,4.79889,2821,1138
1909,4.51279,2821,1138
1910,4.69589,2821,1138
1911,4.83322,2821,1138
1912,4.66156,2821,1138
1913,4.92859,2821,1138
1914,4.19998,2821,1138
1915,4.90189,2821,1138
1916,4.47845,2821,1138
1917,4.59671,2821,1138
1918,4.87137,2821,1138
1919,4.56238,2821,1138
1920,4.66156,2821,1138
1921,5.03922,2821,1138
1922,4.43649,2821,1138
1923,4.57382,2821,1138
1924,4.55475,2821,1138
1925,4.55475,2821,1138
1926,5.25665,2821,1138
1927,4.50897,2821,1138
1928,4.57382,2821,1138
1929,4.85611,2821,1138
1930,4.50516,2821,1138
1931,4.64249,2821,1138
1932,4.58145,2821,1138
1933,5.02396,2821,1138
1934,4.55475,2821,1138
1935,4.45938,2821,1138
1936,4.93622,2821,1138
1937,4.5433,2821,1138
1938,4.77219,2821,1138
1939,4.45557,2821,1138
1940,4.879,2821,1138
1941,4.56619,2821,1138
1942,4.58527,2821,1138
1943,4.90189,2821,1138
1944,4.6463,2821,1138
1945,4.96674,2821,1138
1946,4.52423,2821,1138
1947,5.92804,2821,1138
1948,3.37601,2821,1138
1949,4.76074,2821,1138
1950,4.48227,2821,1138
1951,4.30679,2821,1138
1952,3.73459,2821,1138
1953,3.68118,2821,1138
1954,3.91006,2821,1138
1955,4.05121,2821,1138
1956,3.8147,2821,1138
1957,3.8147,2821,1138
1958,3.77274,2821,1138
1959,4.42123,2821,1138
1960,3.57437,2821,1138
1961,3.99399,2821,1138
1962,3.81851,2821,1138
1963,4.08173,2821,1138
1964,3.91769,2821,1138
1965,4.00162,2821,1138
1966,3.74603,2821,1138
1967,3.84521,2821,1138
1968,4.16946,2821,1138
1969,3.76892,2821,1138
1970,3.85666,2821,1138
1971,3.78418,2821,1138
1972,4.19617,2821,1138
1973,3.91769,2821,1138
1974,3.83759,2821,1138
1975,3.74603,2821,1138
1976,4.1008,2821,1138
1977,3.9444,2821,1138
1978,3.73077,2821,1138
1979,3.79944,2821,1138
1980,4.17328,2821,1138
1981,3.90625,2821,1138
1982,3.78418,2821,1138
1983,3.81851,2821,1138
1984,3.74603,2821,1138
1985,4.13895,2821,1138
1986,3.92532,2821,1138
1987,3.72314,2821,1138
1988,3.84903,2821,1138
1989,4.03976,2821,1138
1990,3.9444,2821,1138
1991,3.76892,2821,1138
1992,4.07791,2821,1138
1993,3.92532,2821,1138
1994,3.82614,2821,1138
1995,3.75748,2821,1138
1996,3.79944,2821,1138
1997,4.15421,2821,1138
1998,4.22287,2821,1138
1999,3.76892,2821,1138
2000,3.8681,2821,1138
2001,3.81088,2821,1138
2002,4.08173,2821,1138
2003,3.84521,2821,1138
2004,3.97873,2821,1138
2005,3.63159,2821,1138
2006,4.11987,2821,1138
2007,3.84903,2821,1138
2008,3.89099,2821,1138
2009,3.75366,2821,1138
2010,4.0741,2821,1138
2011,3.85284,2821,1138
2012,3.91769,2821,1138
2013,3.70026,2821,1138
2014,4.06265,2821,1138
2015,3.91769,2821,1138
2016,3.87573,2821,1138
2017,3.75748,2821,1138
2018,3.7384,2821,1138
2019,4.13513,2821,1138
2020,3.84903,2821,1138
2021,3.92532,2821,1138
2022,3.69263,2821,1138
2023,4.27246,2821,1138
2024,3.8414,2821,1138
2025,3.86429,2821,1138
2026,3.80707,2821,1138
2027,4.01688,2821,1138
2028,3.89481,2821,1138
2029,3.77655,2821,1138
2030,3.8681,2821,1138
2031,3.9711,2821,1138
2032,4.08173,2821,1138
2033,3.78418,2821,1138
2034,3.75748,2821,1138
2035,3.83377,2821,1138
2036,4.03214,2821,1138
2037,3.79181,2821,1138
2038,3.84903,2821,1138
2039,3.83377,2821,1138
2040,4.16946,2821,1138
2041,3.83759,2821,1138
2042,3.74222,2821,1138
2043,3.78799,2821,1138
2044,3.82614,2821,1138
2045,4.11987,2821,1138
2046,3.83759,2821,1138
2047,3.75748,2821,1138
2048,3.95584,2821,1138
2049,4.11987,2821,1138
2050,3.85284,2821,1138
2051,3.80707,2821,1138
2052,3.82233,2821,1138
2053,4.11987,2821,1138
2054,3.74985,2821,1138
2055,3.78036,2821,1138
2056,3.81088,2821,1138
2057,4.1275,2821,1138
2058,3.87573,2821,1138
2059,3.7384,2821,1138
2060,4.01688,2821,1138
2061,3.7117,2821,1138
2062,4.09698,2821,1138
2063,3.94058,2821,1138
2064,3.69263,2821,1138
2065,3.85666,2821,1138
2066,4.28009,2821,1134
2067,3.51334,2821,1134
2068,3.79944,2821,1134
2069,3.84903,2821,1134
2070,4.25339,2821,1134
2071,3.74985,2821,1134
2072,3.83377,2821,1134
2073,3.83377,2821,1134
2074,3.90625,2821,1134
2075,4.17709,2821,1134
2076,3.95203,2821,1134
2077,3.68118,2821,1134
2078,3.70026,2821,1134
2079,4.22287,2821,1134
2080,3.79944,2821,1134
2081,3.685,2821,1134
2082,3.92151,2821,1134
2083,4.09698,2821,1134
2084,3.8681,2821,1134
2085,3.7117,2821,1134
2086,3.80325,2821,1134
2087,4.05884,2821,1134
2088,4.06647,2821,1134
2089,3.62778,2821,1134
2090,3.72696,2821,1134
2091,3.82614,2821,1134
2092,4.2038,2821,1134
2093,3.72314,2821,1134
2094,3.76511,2821,1134
2095,3.86047,2821,1134
2096,4.04358,2821,1134
2097,3.85666,2821,1134
2098,3.8147,2821,1134
2099,3.83759,2821,1134
2100,4.02832,2821,1134
2101,3.9978,2821,1134
2102,3.79562,2821,1134
2103,3.7384,2821,1134
2104,3.81088,2821,1134
2105,4.11224,2821,1134
2106,3.88718,2821,1134
2107,3.83377,2821,1134
2108,3.80707,2821,1134
2109,4.03214,2821,1134
2110,3.86047,2821,1134
2111,3.70407,2821,1134
2112,3.81851,2821,1134
2113,4.15421,2821,1134
2114,3.8681,2821,1134
2115,3.8147,2821,1134
2116,3.73077,2821,1134
2117,4.10461,2821,1134
2118,3.91769,2821,1134
2119,3.74222,2821,1134
2120,3.72314,2821,1134
2121,3.81851,2821,1134
2122,4.10461,2821,1134
2123,3.77274,2821,1134
2124,3.99017,2821,1134
2125,4.01306,2821,1134
2126,4.22668,2821,1134
2127,3.7117,2821,1134
2128,3.90244,2821,1134
2129,3.60489,2821,1134
2130,4.08554,2821,1134
2131,3.94821,2821,1134
2132,3.85284,2821,1134
2133,3.68118,2821,1134
2134,4.05884,2821,1134
2135,3.93677,2821,1134
2136,3.81088,2821,1134
2137,3.88336,2821,1134
2138,3.67355,2821,1134
2139,4.15421,2821,1134
2140,3.75366,2821,1134
2141,3.81088,2821,1134
2142,3.79944,2821,1134
2143,4.35257,2821,1134
2144,3.81088,2821,1134
2145,3.86429,2821,1134
2146,3.66592,2821,1134
2147,4.09698,2821,1134
2148,3.92914,2821,1134
2149,3.82996,2821,1134
2150,3.83759,2821,1134
2151,3.74603,2821,1134
2152,4.2038,2821,1134
2153,3.92532,2821,1134
2154,3.86047,2821,1134
2155,3.74985,2821,1134
2156,4.01688,2821,1134
2157,3.76511,2821,1134
2158,3.99399,2821,1134
2159,3.685,2821,1134
2160,4.31824,2821,1134
2161,3.91769,2821,1134
2162,3.60107,2821,1134
2163,3.76129,2821,1134
2164,4.29916,2821,1134
2165,3.58582,2821,1134
2166,3.87192,2821,1134
2167,3.8681,2821,1134
2168,4.61578,2821,1134
2169,5.51987,2821,1134
2170,4.09698,2821,1134
2171,4.49753,2821,1134
2172,5.00488,2821,1134
2173,4.52042,2821,1134
2174,4.5433,2821,1134
2175,4.81796,2821,1134
2176,4.91714,2821,1134
2177,4.58527,2821,1134
2178,4.60052,2821,1134
2179,4.97055,2821,1134
2180,4.6196,2821,1134
2181,4.55856,2821,1134
2182,4.69589,2821,1134
2183,4.81033,2821,1134
2184,4.66156,2821,1134
2185,4.60052,2821,1134
2186,4.82559,2821,1134
2187,4.71115,2821,1134
2188,4.52805,2821,1134
2189,4.60815,2821,1134
2190,4.89807,2821,1134
2191,4.65012,2821,1134
2192,4.57001,2821,1134
2193,4.84467,2821,1134
2194,4.65012,2821,1134
2195,4.52805,2821,1134
2196,4.673,2821,1134
2197,4.95148,2821,1134
2198,4.60815,2821,1134
2199,4.63867,2821,1134
2200,4.83322,2821,1134
2201,4.66537,2821,1134
2202,4.60434,2821,1134
2203,4.63486,2821,1134
2204,4.82178,2821,1134
2205,4.55475,2821,1134
2206,4.73404,2821,1134
2207,4.61578,2821,1134
2208,4.88281,2821,1134
2209,4.53949,2821,1134
2210,4.70352,2821,1134
2211,5.04303,2821,1134
2212,4.60815,2821,1134
2213,4.57382,2821,1134
2214,4.57382,2821,1134
2215,4.97818,2821,1134
2216,4.63867,2821,1134
2217,4.60434,2821,1134
2218,4.85229,2821,1134
2219,4.62341,2821,1134
2220,4.60815,2821,1134
2221,4.66537,2821,1134
2222,4.776,2821,1134
2223,4.60434,2821,1134
2224,4.63486,2821,1134
2225,4.8027,2821,1134
2226,4.71497,2821,1134
2227,4.6463,2821,1134
2228,4.51279,2821,1134
2229,4.79507,2821,1134
2230,4.74167,2821,1134
2231,4.49371,2821,1134
2232,4.84467,2821,1134
2233,4.69971,2821,1134
2234,4.50897,2821,1134
2235,4.53949,2821,1134
2236,5.39398,2821,1134
2237,4.62723,2821,1134
2238,4.82178,2821,1134
2239,4.18472,2821,1134
2240,5.39017,2821,1134
2241,4.39835,2821,1134
2242,4.32968,2821,1134
2243,5.5542,2821,1134
2244,4.17709,2821,1134
2245,4.26102,2821,1134
2246,5.32532,2821,1134
2247,4.18091,2821,1134
2248,5.22614,2821,1134
2249,4.28009,2821,1134
2250,4.6463,2821,1134
2251,4.84085,2821,1134
2252,4.89044,2821,1134
2253,4.04358,2821,1134
2254,5.18417,2821,1134
2255,4.2572,2821,1134
2256,5.04303,2821,1134
2257,4.77219,2821,1134
2258,4.42505,2821,1134
2259,4.95911,2821,1134
2260,4.45938,2821,1134
2261,4.76456,2821,1134
2262,4.43268,2821,1134
2263,4.66537,2821,1134
2264,5.44357,2821,1134
2265,4.35638,2821,1134
2266,4.26102,2821,1134
2267,4.84085,2821,1134
2268,4.88663,2821,1134
2269,4.40598,2821,1134
2270,4.97818,2821,1134
2271,4.10461,2821,1134
2272,5.68771,2821,1134
2273,4.11606,2821,1134
2274,4.31061,2821,1134
2275,5.35965,2821,1134
2276,4.56619,2821,1134
2277,4.40979,2821,1134
2278,4.90189,2821,1134
2279,4.52042,2821,1134
2280,4.97055,2821,1134
2281,4.4632,2821,1134
2282,4.50897,2821,1134
2283,4.96674,2821,1134
2284,4.55856,2821,1134
2285,4.40979,2821,1134
2286,5.44357,2821,1134
2287,3.93295,2821,1134
2288,5.04684,2821,1134
2289,4.5929,2821,1134
2290,4.5166,2821,1134
2291,4.70734,2821,1134
2292,4.70734,2821,1134
2293,4.60434,2821,1134
2294,4.7226,2821,1134
2295,4.42886,2821,1134
2296,4.68826,2821,1125
2297,4.95529,2821,1123
2298,4.63867,2821,1123
2299,4.6196,2821,1123
2300,4.89044,2821,1123
2301,4.61197,2821,1123
2302,4.67682,2821,1123
2303,4.52423,2821,1123
2304,4.76456,2821,1123
2305,4.6463,2821,1123
2306,4.5929,2821,1123
2307,5.16129,2821,1123
2308,4.22668,2821,1123
2309,4.65775,2821,1123
2310,5.21469,2821,1123
2311,4.13895,2821,1123
2312,4.6196,2821,1123
2313,4.70352,2821,1123
2314,4.81796,2821,1123
2315,4.76074,2821,1123
2316,4.52423,2821,1123
2317,4.65393,2821,1123
2318,5.02396,2821,1123
2319,4.63486,2821,1123
2320,4.56619,2821,1123
2321,4.85229,2821,1123
2322,4.53568,2821,1123
2323,4.75311,2821,1123
2324,4.44794,2821,1123
2325,5.05829,2821,1123
2326,4.37927,2821,1123
2327,4.61578,2821,1123
2328,4.69208,2821,1123
2329,6.1264,2821,1123
2330,3.8147,2821,1123
2331,4.32968,2821,1123
2332,4.96674,2821,1123
2333,4.28009,2821,1123
2334,4.98581,2821,1123
2335,4.33731,2821,1123
2336,5.28717,2821,1123
2337,4.4632,2821,1123
2338,4.28772,2821,1123
2339,5.43213,2821,1123
2340,4.47083,2821,1123
2341,4.26483,2821,1123
2342,5.14984,2821,1123
2343,4.37927,2821,1123
2344,4.90952,2821,1123
2345,4.89044,2821,1123
2346,4.40598,2821,1123
2347,5.01251,2821,1123
2348,4.11224,2821,1123
2349,4.73404,2821,1123
2350,5.19562,2821,1123
2351,4.21524,2821,1123
2352,4.60434,2821,1123
2353,5.17654,2821,1123
2354,4.23431,2821,1123
2355,4.69971,2821,1123
2356,4.63486,2821,1123
2357,4.79889,2821,1123
2358,5.11169,2821,1123
2359,4.10461,2821,1123
2360,4.9057,2821,1123
2361,4.79889,2821,1123
2362,4.54712,2821,1123
2363,5.10788,2821,1123
2364,4.40216,2821,1123
2365,4.64249,2821,1123
2366,4.95529,2821,1123
2367,4.19617,2821,1123
2368,5.2948,2821,1123
2369,4.24957,2821,1123
2370,4.54712,2821,1123
2371,5.26047,2821,1123
2372,4.43649,2821,1123
2373,4.36401,2821,1123
2374,4.50516,2821,1123
2375,4.98962,2821,1123
2376,5.11169,2821,1123
2377,4.06265,2821,1123
2378,4.86374,2821,1123
2379,5.09262,2821,1123
2380,4.03214,2821,1123
2381,4.74548,2821,1123
2382,4.99344,2821,1123
2383,4.57001,2821,1123
2384,4.68063,2821,1123
2385,5.12695,2821,1123
2386,4.35257,2821,1123
2387,4.65393,2821,1123
2388,4.56619,2821,1123
2389,5.01251,2821,1123
2390,4.50134,2821,1123
2391,4.75693,2821,1123
2392,4.63486,2821,1123
2393,4.66919,2821,1123
2394,4.57001,2821,1123
2395,4.60434,2821,1123
2396,4.94385,2821,1123
2397,4.48608,2821,1123
2398,4.60052,2821,1123
2399,4.67682,2821,1123
2400,4.95148,2821,1123
2401,4.40216,2821,1123
2402,4.60815,2821,1126
2403,15.7509,2821,1126
2404,1.0376,2821,1126
2405,0.709534,2821,1126
2406,3.62396,2821,1126
2407,4.73022,2821,1126
2408,4.44794,2821,1126
2409,4.59671,2821,1126
2410,4.85611,2821,1126
2411,4.6196,2821,1126
2412,4.55475,2821,1126
2413,4.87137,2821,1126
2414,4.58145,2821,1126
2415,4.65393,2821,1126
2416,4.55475,2821,1126
2417,4.97818,2821,1126
2418,4.39453,2821,1126
2419,4.65012,2821,1126
2420,4.98581,2821,1126
2421,4.44412,2821,1126
2422,4.57382,2821,1126
2423,4.95148,2821,1126
2424,4.94003,2821,1126
2425,5.14984,2821,1126
2426,3.87955,2821,1126
2427,4.57764,2821,1126
2428,5.44357,2821,1126
2429,3.98254,2821,1126
2430,4.71878,2821,1126
2431,4.81415,2821,1126
2432,4.70734,2821,1126
2433,4.47083,2821,1126
2434,4.57382,2821,1126
2435,4.83322,2821,1126
2436,4.52423,2821,1126
2437,4.6463,2821,1126
2438,5.62286,2821,1126
2439,3.78036,2821,1126
2440,4.54712,2821,1126
2441,4.60052,2821,1126
2442,5.04303,2821,1126
2443,4.58908,2821,1126
2444,4.56238,2821,1126
2445,4.82941,2821,1126
2446,4.84848,2821,1126
2447,4.34494,2821,1126
2448,4.59671,2821,1126
2449,5.0354,2821,1126
2450,4.71497,2821,1126
2451,4.40216,2821,1126
2452,4.73785,2821,1126
2453,4.72641,2821,1126
2454,4.64249,2821,1126
2455,4.57764,2821,1126
2456,4.81796,2821,1126
2457,4.52042,2821,1126
2458,4.5929,2821,1126
2459,4.776,2821,1126
2460,4.61578,2821,1126
2461,4.60815,2821,1126
2462,4.60434,2821,1126
2463,4.82178,2821,1126
2464,4.71115,2821,1126
2465,4.58527,2821,1126
2466,4.62341,2821,1126
2467,4.83322,2821,1126
2468,4.61578,2821,1126
2469,4.45557,2821,1126
2470,4.90189,2821,1126
2471,4.95529,2821,1126
2472,4.22668,2821,1126
2473,4.61197,2821,1126
2474,4.8027,2821,1126
2475,4.53186,2821,1126
2476,4.55475,2821,1126
2477,4.61578,2821,1126
2478,4.92859,2821,1126
2479,4.58145,2821,1126
2480,4.55093,2821,1126
2481,5.08499,2821,1126
2482,4.24194,2821,1126
2483,4.61197,2821,1126
2484,4.53568,2821,1126
2485,5.00488,2821,1126
2486,4.66537,2821,1126
2487,4.50516,2821,1126
2488,4.77982,2821,1126
2489,4.58145,2821,1126
2490,4.47845,2821,1126
2491,4.60052,2821,1126
2492,4.91333,2821,1126
2493,4.51279,2821,1126
2494,4.69208,2821,1126
2495,4.49371,2821,1126
2496,4.85611,2821,1126
2497,4.5433,2821,1126
2498,4.63486,2821,1126
2499,4.76074,2821,1126
2500,4.57382,2821,1126
2501,4.5929,2821,1126
2502,4.52805,2821,1126
2503,4.93622,2821,1126
2504,4.42886,2821,1126
2505,4.48608,2821,1126
2506,4.83704,2821,1126
2507,4.75693,2821,1126
2508,4.61578,2821,1126
2509,4.61197,2821,1126
2510,4.776,2821,1116
2511,4.60052,2821,1116
2512,4.57001,2821,1116
2513,4.94385,2821,1116
2514,4.45557,2821,1116
2515,4.60434,2821,1116
2516,4.5929,2821,1116
2517,4.71878,2821,1116
2518,4.79889,2821,1116
2519,4.28772,2821,1116
2520,4.61197,2821,1116
2521,4.92859,2821,1116
2522,4.57764,2821,1116
2523,4.44031,2821,1116
2524,4.90952,2821,1116
2525,4.53186,2821,1116
2526,4.57001,2821,1116
2527,4.89426,2821,1116
2528,4.7226,2821,1116
2529,4.48608,2821,1116
2530,4.53568,2821,1116
2531,4.85229,2821,1116
2532,4.6196,2821,1116
2533,4.92096,2821,1116
2534,4.09317,2821,1116
2535,4.97818,2821,1116
2536,4.4899,2821,1116
2537,4.57382,2821,1116
2538,4.75693,2821,1116
2539,4.65012,2821,1116
2540,4.60434,2821,1116
2541,4.53568,2821,1116
2542,4.776,2821,1116
2543,4.6463,2821,1116
2544,4.48227,2821,1116
2545,4.55093,2821,1116
2546,5.14984,2821,1116
2547,4.42123,2821,1116
2548,4.46701,2821,1116
2549,4.79507,2821,1116
2550,4.87137,2821,1116
2551,4.55093,2821,1116
2552,4.48608,2821,1116
2553,4.91714,2821,1116
2554,4.60052,2821,1116
2555,4.54712,2821,1116
2556,4.73022,2821,1116
2557,4.88281,2821,1116
2558,4.72641,2821,1116
2559,4.06647,2821,1116
2560,5.04303,2821,1116
2561,4.45175,2821,1116
2562,4.49371,2821,1116
2563,4.6463,2821,1116
2564,4.92477,2821,1116
2565,4.42505,2821,1116
2566,4.55856,2821,1116
2567,5.05066,2821,1116
2568,4.48608,2821,1116
2569,4.56238,2821,1116
2570,4.40598,2821,1116
2571,5.46265,2821,1116
2572,4.2572,2821,1116
2573,4.56238,2821,1116
2574,4.77982,2821,1116
2575,4.70352,2821,1116
2576,4.50516,2821,1116
2577,4.50516,2821,1116
2578,4.87137,2821,1116
2579,4.58908,2821,1116
2580,4.79889,2821,1116
2581,4.52805,2821,1116
2582,4.7226,2821,1116
2583,4.55475,2821,1116
2584,4.47083,2821,1116
2585,4.92096,2821,1116
2586,4.45938,2821,1116
2587,4.55475,2821,1116
2588,4.77219,2821,1116
2589,4.70352,2821,1116
2590,4.50897,2821,1116
2591,4.65775,2821,1116
2592,4.60052,2821,1116
2593,4.99725,2821,1116
2594,4.55093,2821,1116
2595,4.5929,2821,1116
2596,4.79126,2821,1116
2597,4.63867,2821,1116
2598,4.53949,2821,1116
2599,4.77982,2821,1116
2600,4.6196,2821,1116
2601,4.52423,2821,1116
2602,4.60434,2821,1116
2603,4.86755,2821,1116
2604,4.56619,2821,1116
2605,4.52423,2821,1116
2606,4.75693,2821,1116
2607,4.66537,2821,1116
2608,5.17654,2821,1116
2609,3.99399,2821,1116
2610,4.83704,2821,1116
2611,4.6196,2821,1116
2612,4.98581,2821,1116
2613,3.97491,2821,1116
2614,5.10406,2821,1116
2615,4.60815,2821,1116
2616,4.52423,2821,1116
2617,4.7226,2821,1116
2618,5.07736,2821,1116
2619,4.13132,2821,1116
2620,4.53186,2821,1116
2621,5.0621,2821,1116
2622,4.53568,2821,1116
2623,4.55475,2821,1116
2624,4.45175,2821,1116
2625,5.03159,2821,1116
2626,4.37927,2821,1116
2627,4.61578,2821,1116
2628,4.79507,2821,1116
2629,4.66919,2821,1116
2630,4.48227,2821,1116
2631,4.58145,2821,1116
2632,4.78363,2821,1116
2633,4.63486,2821,1116
2634,4.7226,2821,1116
2635,4.68445,2821,1116
2636,4.776,2821,1116
2637,4.45557,2821,1116
2638,4.776,2821,1116
2639,4.90952,2821,1116
2640,4.65012,2821,1116
2641,4.53949,2821,1116
2642,4.62341,2821,1116
2643,4.89426,2821,1116
2644,4.47083,2821,1116
2645,4.49371,2821,1116
2646,5.00107,2821,1116
2647,4.5929,2821,1116
2648,4.48227,2821,1116
2649,4.60434,2821,1116
2650,4.92477,2821,1116
2651,4.49753,2821,1116
2652,4.4899,2821,1116
2653,5.04684,2821,1116
2654,4.65393,2821,1116
2655,4.62723,2821,1116
2656,4.42505,2821,1116
2657,4.94385,2821,1116
2658,4.63486,2821,1116
2659,4.48227,2821,1116
2660,4.97818,2821,1116
2661,4.49753,2821,1116
2662,4.53568,2821,1116
2663,4.44794,2821,1116
2664,5.00107,2821,1116
2665,4.48227,2821,1116
2666,4.68063,2821,1116
2667,5.13077,2821,1116
2668,4.53568,2821,1116
2669,4.48227,2821,1116
2670,4.55856,2821,1116
2671,4.92477,2821,1116
2672,4.5433,2821,1116
2673,4.52042,2821,1116
2674,4.57001,2821,1116
2675,5.11932,2821,1116
2676,4.50134,2821,1116
2677,4.57001,2821,1116
2678,4.92096,2821,1116
2679,4.48227,2821,1116
2680,5.00107,2821,1116
2681,4.14276,2821,1116
2682,4.94385,2821,1116
2683,4.57764,2821,1116
2684,4.51279,2821,1116
2685,4.81796,2821,1116
2686,4.55856,2821,1116
2687,4.60052,2821,1116
2688,4.7226,2821,1116
2689,4.84467,2821,1116
2690,4.58145,2821,1116
2691,4.50516,2821,1116
2692,4.76837,2821,1116
2693,4.66156,2821,1116
2694,4.53568,2821,1116
2695,4.52805,2821,1116
2696,5.02396,2821,1116
2697,4.56238,2821,1116
2698,4.72641,2821,1116
2699,4.50134,2821,1116
2700,4.94003,2821,1116
2701,4.4632,2821,1116
2702,4.73404,2821,1116
2703,4.67682,2821,1116
2704,4.57382,2821,1116
2705,4.77219,2821,1116
2706,4.37546,2821,1116
2707,5.33295,2821,1116
2708,4.08554,2821,1116
2709,4.5929,2821,1116
2710,4.81796,2821,1116
2711,4.6196,2821,1116
2712,4.61197,2821,1116
2713,4.58527,2821,1116
2714,4.89044,2821,1116
2715,4.46701,2821,1116
2716,4.59671,2821,1116
2717,4.49753,2821,1116
2718,5.05066,2821,1116
2719,4.74548,2821,1116
2720,4.4899,2821,1116
2721,4.80652,2821,1116
2722,4.52805,2821,1116
2723,4.51279,2821,1116
2724,4.76074,2821,1112
2725,4.82559,2821,1105
2726,4.4136,2821,1105
2727,4.52042,2821,1105
2728,5.31006,2821,1105
2729,4.22287,2821,1105
2730,4.47083,2821,1105
2731,4.65393,2821,1105
2732,4.92859,2821,1105
2733,4.34875,2821,1105
2734,4.56619,2821,1105
2735,4.84848,2821,1105
2736,4.61197,2821,1105
2737,4.89044,2821,1105
2738,4.21524,2821,1105
2739,4.96674,2821,1105
2740,4.58527,2821,1105
2741,4.68826,2821,1105
2742,4.65012,2821,1105
2743,4.67682,2821,1105
2744,4.76456,2821,1105
2745,4.39072,2821,1105
2746,4.98199,2821,1105
2747,4.54712,2821,1105
2748,4.47083,2821,1105
2749,4.52423,2821,1105
2750,5.01251,2821,1105
2751,4.50897,2821,1105
2752,4.63104,2821,1105
2753,4.90189,2821,1105
2754,4.44412,2821,1105
2755,4.45557,2821,1105
2756,4.64249,2821,1105
2757,5.24139,2821,1105
2758,4.4899,2821,1105
2759,4.37546,2821,1105
2760,4.73785,2821,1105
2761,4.88663,2821,1105
2762,4.44031,2821,1105
2763,4.71878,2821,1105
2764,4.65775,2821,1105
2765,4.52805,2821,1105
2766,4.64249,2821,1105
2767,4.5929,2821,1105
2768,4.71878,2821,1105
2769,4.99344,2821,1105
2770,4.19998,2821,1105
2771,4.94766,2821,1105
2772,4.57382,2821,1105
2773,4.44412,2821,1105
2774,4.75693,2821,1105
2775,4.73022,2821,1105
2776,4.7226,2821,1105
2777,4.44031,2821,1105
2778,4.63104,2821,1105
2779,4.96674,2821,1105
2780,4.50516,2821,1105
2781,4.85611,2821,1105
2782,4.58908,2821,1105
2783,4.81796,2821,1105
2784,4.50134,2821,1105
2785,4.56619,2821,1105
2786,4.75693,2821,1105
2787,5.17273,2821,1105
2788,3.80707,2821,1105
2789,4.94385,2821,1105
2790,4.56238,2821,1105
2791,4.53568,2821,1105
2792,4.55856,2821,1105
2793,4.82178,2821,1105
2794,4.98199,2821,1105
2795,4.08936,2821,1105
2796,4.86374,2821,1105
2797,4.60052,2821,1105
2798,4.82559,2821,1105
2799,4.39453,2821,1105
2800,4.91333,2821,1105
2801,4.57001,2821,1105
2802,4.72641,2821,1105
2803,4.7226,2821,1105
2804,4.57001,2821,1105
2805,4.52423,2821,1105
2806,4.60052,2821,1105
2807,4.82941,2821,1105
2808,4.53186,2821,1105
2809,4.61578,2821,1105
2810,4.49753,2821,1105
2811,4.92096,2821,1105
2812,4.56619,2821,1105
2813,4.52805,2821,1105
2814,4.85611,2821,1105
2815,4.97055,2821,1105
2816,4.18472,2821,1105
2817,4.6463,2821,1105
2818,4.82941,2821,1105
2819,4.42886,2821,1105
2820,4.60434,2821,1105
2821,4.83704,2821,1105
2822,4.71878,2821,1105
2823,4.72641,2821,1105
2824,4.37927,2821,1105
2825,4.95911,2821,1105
2826,4.48227,2821,1105
2827,4.59671,2821,1105
2828,4.79126,2821,1105
2829,4.68445,2821,1105
2830,4.57001,2821,1105
2831,4.44412,2821,1105
2832,4.93622,2821,1105
2833,4.54712,2821,1105
2834,4.63867,2821,1105
2835,4.55856,2821,1105
2836,4.81033,2821,1105
2837,4.68445,2821,1105
2838,4.57764,2821,1105
2839,4.69589,2821,1105
2840,4.56619,2821,1105
2841,4.65012,2821,1105
2842,4.60434,2821,1105
2843,5.22995,2821,1105
2844,4.29153,2821,1105
2845,4.5433,2821,1105
2846,4.79126,2821,1105
2847,4.68826,2821,1105
2848,4.53949,2821,1105
2849,4.47464,2821,1105
2850,4.90952,2821,1105
2851,4.69589,2821,1105
2852,4.5433,2821,1105
2853,4.94003,2821,1105
2854,4.45175,2821,1105
2855,4.54712,2821,1105
2856,4.50516,2821,1105
2857,5.02396,2821,1105
2858,4.61197,2821,1105
2859,4.70734,2821,1105
2860,4.37164,2821,1105
2861,4.91714,2821,1105
2862,4.8027,2821,1105
2863,4.53186,2821,1105
2864,4.65012,2821,1105
2865,4.62341,2821,1105
2866,4.55856,2821,1105
2867,4.58527,2821,1105
2868,4.83322,2821,1105
2869,4.58145,2821,1105
2870,4.7493,2821,1105
2871,4.60434,2821,1105
2872,4.61578,2821,1105
2873,4.68063,2821,1105
2874,4.47464,2821,1105
2875,4.83704,2821,1105
2876,4.57764,2821,1105
2877,4.63486,2821,1105
2878,4.50516,2821,1105
2879,4.8027,2821,1105
2880,4.78745,2821,1105
2881,4.6196,2821,1105
2882,4.79889,2821,1105
2883,4.6196,2821,1105
2884,4.52805,2821,1105
2885,4.7226,2821,1105
2886,4.93622,2821,1105
2887,4.57382,2821,1105
2888,4.50516,2821,1105
2889,4.82178,2821,1105
2890,4.70734,2821,1105
2891,4.34494,2821,1105
2892,4.5929,2821,1105
2893,4.82941,2821,1105
2894,4.68063,2821,1105
2895,4.59671,2821,1105
2896,4.75693,2821,1105
2897,4.61578,2821,1105
2898,4.673,2821,1105
2899,4.44794,2821,1105
2900,5.02014,2821,1105
2901,4.39835,2821,1105
2902,4.50516,2821,1105
2903,4.5166,2821,1105
2904,4.89044,2821,1105
2905,4.58145,2821,1105
2906,4.70734,2821,1105
2907,4.82941,2821,1105
2908,4.50134,2821,1105
2909,4.65012,2821,1105
2910,5.40543,2821,1105
2911,3.97873,2821,1105
2912,4.56619,2821,1105
2913,4.57001,2821,1105
2914,4.85992,2821,1105
2915,4.60815,2821,1105
2916,4.54712,2821,1105
2917,4.57764,2821,1105
2918,4.75311,2821,1105
2919,4.70352,2821,1105
2920,4.61578,2821,1105
2921,4.42123,2821,1105
2922,4.87518,2821,1105
2923,4.50134,2821,1105
2924,4.81033,2821,1105
2925,4.60052,2821,1105
2926,4.7226,2821,1105
2927,4.50516,2821,1105
2928,4.60815,2821,1105
2929,4.84467,2821,1105
2930,4.78745,2821,1105
2931,4.37164,2821,1105
2932,4.88663,2821,1105
2933,4.60434,2821,1105
2934,4.40979,2821,1105
2935,4.58908,2821,1105
2936,4.92859,2821,1105
2937,4.54712,2821,1105
2938,4.47845,2821,1105
2939,4.8027,2821,1101
2940,4.68445,2821,1095
2941,4.61197,2821,1095
2942,4.44794,2821,1095
2943,4.79507,2821,1095
2944,4.5929,2821,1095
2945,4.56619,2821,1095
2946,4.61578,2821,1095
2947,4.9324,2821,1095
2948,4.49371,2821,1095
2949,4.7493,2821,1095
2950,4.65775,2821,1095
2951,4.52423,2821,1095
2952,4.61578,2821,1095
2953,4.66156,2821,1095
2954,4.9324,2821,1095
2955,4.55475,2821,1095
2956,4.57382,2821,1095
2957,4.73022,2821,1095
2958,4.68445,2821,1095
2959,4.55093,2821,1095
2960,4.45175,2821,1095
2961,4.95148,2821,1095
2962,4.58145,2821,1095
2963,4.63867,2821,1095
2964,4.58527,2821,1095
2965,4.81796,2821,1095
2966,4.46701,2821,1095
2967,4.58145,2821,1095
2968,4.88281,2821,1095
2969,4.52423,2821,1095
2970,4.55475,2821,1095
2971,4.59671,2821,1095
2972,4.74548,2821,1095
2973,4.65775,2821,1095
2974,4.54712,2821,1095
2975,4.776,2821,1095
2976,4.776,2821,1095
2977,4.52423,2821,1095
2978,4.64249,2821,1095
2979,4.88663,2821,1095
2980,4.47464,2821,1095
2981,4.66537,2821,1095
2982,4.68445,2821,1095
2983,4.56619,2821,1095
2984,4.84085,2821,1095
2985,4.47464,2821,1095
2986,4.7493,2821,1095
2987,4.55856,2821,1095
2988,4.56238,2821,1095
2989,4.65012,2821,1095
2990,5.33676,2821,1095
2991,4.03214,2821,1095
2992,4.59671,2821,1095
2993,4.82941,2821,1095
2994,4.48227,2821,1095
2995,4.69208,2821,1095
2996,4.45938,2821,1095
2997,5.04303,2821,1095
2998,4.53949,2821,1095
2999,4.57764,2821,1095
3000,4.84848,2821,1095
3001,4.6196,2821,1095
3002,4.48608,2821,1095
3003,4.60815,2821,1095
3004,4.87137,2821,1095
3005,5.09644,2821,1095
3006,3.97873,2821,1095
3007,4.61578,2821,1095
3008,4.83322,2821,1095
3009,4.5433,2821,1095
3010,4.55093,2821,1095
3011,4.9057,2821,1095
3012,4.55093,2821,1095
3013,4.4899,2821,1095
3014,4.58908,2821,1095
3015,4.81796,2821,1095
3016,4.52423,2821,1095
3017,4.78363,2821,1095
3018,4.71497,2821,1095
3019,4.98581,2821,1095
3020,4.24957,2821,1095
3021,4.62723,2821,1095
3022,4.89426,2821,1095
3023,4.57001,2821,1095
3024,4.5433,2821,1095
3025,4.81796,2821,1095
3026,4.62723,2821,1095
3027,4.60815,2821,1095
3028,4.39835,2821,1095
3029,4.88281,2821,1095
3030,4.50897,2821,1095
3031,4.63486,2821,1095
3032,4.56619,2821,1095
3033,4.879,2821,1095
3034,4.68826,2821,1095
3035,4.29153,2821,1095
3036,4.92859,2821,1095
3037,4.62723,2821,1095
3038,4.66919,2821,1095
3039,4.46701,2821,1095
3040,4.85611,2821,1095
3041,4.62341,2821,1095
3042,4.58527,2821,1095
3043,4.68826,2821,1095
3044,4.83322,2821,1095
3045,4.6196,2821,1095
3046,4.48608,2821,1095
3047,4.82941,2821,1095
3048,4.47845,2821,1095
3049,4.61197,2821,1095
3050,4.65012,2821,1095
3051,5.03922,2821,1095
3052,4.60052,2821,1095
3053,4.42123,2821,1095
3054,5.08499,2821,1095
3055,4.50897,2821,1095
3056,4.46701,2821,1095
3057,4.56619,2821,1095
3058,4.78363,2821,1095
3059,4.55856,2821,1095
3060,4.53568,2821,1095
3061,4.92477,2821,1095
3062,4.60815,2821,1095
3063,4.55093,2821,1095
3064,4.54712,2821,1095
3065,4.96674,2821,1095
3066,4.52042,2821,1095
3067,4.71115,2821,1095
3068,4.75693,2821,1095
3069,4.4632,2821,1095
3070,4.67682,2821,1095
3071,4.4899,2821,1095
3072,4.8027,2821,1095
3073,4.70352,2821,1095
3074,4.5433,2821,1095
3075,4.71497,2821,1095
3076,4.68445,2821,1095
3077,4.45938,2821,1095
3078,4.84085,2821,1095
3079,4.62723,2821,1095
3080,4.55475,2821,1095
3081,4.5433,2821,1095
3082,4.56619,2821,1095
3083,4.86374,2821,1095
3084,4.52805,2821,1095
3085,4.61197,2821,1095
3086,4.70352,2821,1095
3087,4.81033,2821,1095
3088,4.50134,2821,1095
3089,4.55093,2821,1095
3090,5.20706,2821,1095
3091,4.25339,2821,1095
3092,4.65775,2821,1095
3093,4.4136,2821,1095
3094,4.94766,2821,1095
3095,4.62341,2821,1095
3096,4.44412,2821,1095
3097,5.10406,2821,1095
3098,4.55475,2821,1095
3099,4.47464,2821,1095
3100,4.61578,2821,1095
3101,4.82941,2821,1095
3102,4.57382,2821,1095
3103,4.55856,2821,1095
3104,4.80652,2821,1095
3105,4.57764,2821,1095
3106,4.63486,2821,1095
3107,4.43649,2821,1095
3108,5.14221,2821,1095
3109,4.50134,2821,1095
3110,4.55093,2821,1095
3111,4.83322,2821,1095
3112,4.58527,2821,1095
3113,4.53568,2821,1095
3114,4.52805,2821,1095
3115,4.92859,2821,1095
3116,4.56238,2821,1095
3117,4.49371,2821,1095
3118,4.7493,2821,1095
3119,4.69971,2821,1095
3120,4.60434,2821,1095
3121,4.50516,2821,1095
3122,4.85611,2821,1095
3123,4.53186,2821,1095
3124,4.57764,2821,1095
3125,4.66156,2821,1095
3126,4.7226,2821,1095
3127,4.7226,2821,1095
3128,4.42886,2821,1095
3129,4.81796,2821,1095
3130,4.7226,2821,1095
3131,4.60434,2821,1095
3132,4.59671,2821,1095
3133,4.84085,2821,1095
3134,4.55475,2821,1095
3135,4.57001,2821,1095
3136,4.52805,2821,1095
3137,4.95911,2821,1095
3138,4.42123,2821,1095
3139,4.67682,2821,1095
3140,4.73022,2821,1095
3141,4.53568,2821,1095
3142,4.70352,2821,1095
3143,4.5166,2821,1095
3144,4.77219,2821,1095
3145,4.63104,2821,1095
3146,4.44412,2821,1095
3147,4.91333,2821,1095
3148,4.60815,2821,1095
3149,4.5166,2821,1095
3150,4.53186,2821,1095
3151,5.08499,2821,1095
3152,4.55093,2821,1095
3153,4.5166,2821,1095
3154,4.76074,2821,1095
3155,4.66537,2821,1084
3156,4.48608,2821,1084
3157,4.55093,2821,1084
3158,4.92477,2821,1084
3159,4.52423,2821,1084
3160,4.75693,2821,1084
3161,4.36783,2821,1084
3162,4.89807,2821,1084
3163,4.52423,2821,1084
3164,4.58908,2821,1084
3165,4.72641,2821,1084
3166,4.63867,2821,1084
3167,4.50134,2821,1084
3168,4.58908,2821,1084
3169,4.82559,2821,1084
3170,4.5433,2821,1084
3171,4.57001,2821,1084
3172,4.81415,2821,1084
3173,4.75693,2821,1084
3174,4.45175,2821,1084
3175,4.68445,2821,1084
3176,4.73022,2821,1084
3177,4.5929,2821,1084
3178,4.69589,2821,1084
3179,4.53186,2821,1084
3180,4.73785,2821,1084
3181,4.5929,2821,1084
3182,4.68445,2821,1084
3183,4.73404,2821,1084
3184,4.54712,2821,1084
3185,4.69208,2821,1084
3186,4.58527,2821,1084
3187,5.26428,2821,1084
3188,3.9444,2821,1084
3189,4.57764,2821,1084
3190,4.89807,2821,1084
3191,4.58908,2821,1084
3192,4.64249,2821,1084
3193,4.57001,2821,1084
3194,4.70734,2821,1084
3195,4.63867,2821,1084
3196,4.47083,2821,1084
3197,4.66919,2821,1084
3198,5.01633,2821,1084
3199,4.57001,2821,1084
3200,4.73404,2821,1084
3201,4.67682,2821,1084
3202,4.50897,2821,1084
3203,4.79889,2821,1084
3204,4.77982,2821,1084
3205,4.46701,2821,1084
3206,4.5166,2821,1084
3207,4.73404,2821,1084
3208,4.79507,2821,1084
3209,4.57001,2821,1084
3210,4.68445,2821,1084
3211,4.56619,2821,1084
3212,4.87518,2821,1084
3213,4.58908,2821,1084
3214,4.6463,2821,1084
3215,4.59671,2821,1084
3216,4.74167,2821,1084
3217,4.60815,2821,1084
3218,4.46701,2821,1084
3219,5.02396,2821,1084
3220,4.4632,2821,1084
3221,4.43268,2821,1084
3222,4.55093,2821,1084
3223,5.02014,2821,1084
3224,4.68063,2821,1084
3225,4.57001,2821,1084
3226,4.77982,2821,1084
3227,4.58527,2821,1084
3228,4.53949,2821,1084
3229,4.65012,2821,1084
3230,4.78745,2821,1084
3231,4.57764,2821,1084
3232,4.50897,2821,1084
3233,4.85229,2821,1084
3234,5.0621,2821,1084
3235,4.16183,2821,1084
3236,4.64249,2821,1084
3237,4.63104,2821,1084
3238,4.62341,2821,1084
3239,4.55856,2821,1084
3240,4.76837,2821,1084
3241,4.66537,2821,1084
3242,4.6196,2821,1084
3243,4.57001,2821,1084
3244,4.98962,2821,1084
3245,4.59671,2821,1084
3246,4.52042,2821,1084
3247,4.45938,2821,1084
3248,4.84848,2821,1084
3249,4.55856,2821,1084
3250,4.6463,2821,1084
3251,4.81415,2821,1084
3252,4.55093,2821,1084
3253,4.53568,2821,1084
3254,4.66156,2821,1084
3255,4.79126,2821,1084
3256,4.49371,2821,1084
3257,4.63486,2821,1084
3258,4.78745,2821,1084
3259,4.63486,2821,1084
3260,4.49371,2821,1084
3261,4.5166,2821,1084
3262,4.89426,2821,1084
3263,4.6196,2821,1084
3264,4.776,2821,1084
3265,4.35257,2821,1084
3266,4.97437,2821,1084
3267,4.50134,2821,1084
3268,4.5929,2821,1084
3269,4.879,2821,1084
3270,4.61578,2821,1084
3271,4.50134,2821,1084
3272,4.5929,2821,1084
3273,4.82178,2821,1084
3274,4.5166,2821,1084
3275,4.65775,2821,1084
3276,4.74167,2821,1084
3277,4.6463,2821,1084
3278,4.48608,2821,1084
3279,4.63867,2821,1084
3280,4.75693,2821,1084
3281,4.57764,2821,1084
3282,4.58908,2821,1084
3283,4.76837,2821,1084
3284,4.7226,2821,1084
3285,4.67682,2821,1084
3286,4.69589,2821,1084
3287,4.79507,2821,1084
3288,4.65775,2821,1084
3289,4.61197,2821,1084
3290,4.72641,2821,1084
3291,4.59671,2821,1084
3292,4.66156,2821,1084
3293,4.47464,2821,1084
3294,4.82941,2821,1084
3295,4.48608,2821,1084
3296,4.60815,2821,1084
3297,4.6196,2821,1084
3298,4.94003,2821,1084
3299,4.5433,2821,1084
3300,4.47464,2821,1084
3301,4.73022,2821,1084
3302,4.69208,2821,1084
3303,4.55093,2821,1084
3304,4.56238,2821,1084
3305,4.85611,2821,1084
3306,4.69589,2821,1084
3307,4.49371,2821,1084
3308,4.53186,2821,1084
3309,5.14221,2821,1084
3310,4.4899,2821,1084
3311,4.74167,2821,1084
3312,4.86755,2821,1084
3313,4.63486,2821,1084
3314,4.44412,2821,1084
3315,4.61578,2821,1084
3316,4.77219,2821,1084
3317,4.63867,2821,1084
3318,4.57764,2821,1084
3319,4.82178,2821,1084
3320,4.55475,2821,1084
3321,4.5929,2821,1084
3322,4.60052,2821,1084
3323,4.7493,2821,1084
3324,4.65775,2821,1084
3325,4.37927,2821,1084
3326,4.88663,2821,1084
3327,4.65012,2821,1084
3328,4.52042,2821,1084
3329,4.60052,2821,1084
3330,4.95148,2821,1084
3331,4.5433,2821,1084
3332,4.72641,2821,1084
3333,4.56619,2821,1084
3334,4.69589,2821,1084
3335,4.60815,2821,1084
3336,4.59671,2821,1084
3337,4.67682,2821,1084
3338,4.58145,2821,1084
3339,4.65393,2821,1084
3340,4.41742,2821,1084
3341,4.85611,2821,1084
3342,4.6463,2821,1084
3343,4.66156,2821,1084
3344,4.65775,2821,1084
3345,4.79126,2821,1084
3346,4.36783,2821,1084
3347,4.5433,2821,1084
3348,4.879,2821,1084
3349,4.54712,2821,1084
3350,4.71878,2821,1084
3351,4.5433,2821,1084
3352,4.95529,2821,1084
3353,4.45938,2821,1084
3354,4.81033,2821,1084
3355,4.7226,2821,1084
3356,4.53186,2821,1084
3357,4.50134,2821,1084
3358,4.5433,2821,1084
3359,4.93622,2821,1084
3360,4.63867,2821,1084
3361,4.55093,2821,1084
3362,4.71878,2821,1084
3363,4.55093,2821,1084
3364,4.65012,2821,1084
3365,4.52805,2821,1084
3366,4.87137,2821,1084
3367,4.62341,2821,1084
3368,4.48608,2821,1084
3369,4.74548,2821,1074
3370,4.65012,2821,1074
3371,4.6463,2821,1074
3372,4.52805,2821,1074
3373,4.86755,2821,1074
3374,4.47464,2821,1074
3375,4.53186,2821,1074
3376,4.85992,2821,1074
3377,4.69971,2821,1074
3378,4.61197,2821,1074
3379,4.60434,2821,1074
3380,4.77219,2821,1074
3381,4.59671,2821,1074
3382,4.5929,2821,1074
3383,4.60052,2821,1074
3384,4.81415,2821,1074
3385,4.52042,2821,1074
3386,4.66919,2821,1074
3387,6.10352,2821,1074
3388,3.15857,2821,1074
3389,4.59671,2821,1074
3390,4.58908,2821,1074
3391,5.92804,2821,1074
3392,3.47137,2821,1074
3393,4.57382,2821,1074
3394,4.67682,2821,1074
3395,4.7493,2821,1074
3396,4.57382,2821,1074
3397,4.50897,2821,1074
3398,5.06973,2821,1074
3399,4.58908,2821,1074
3400,4.44031,2821,1074
3401,4.71497,2821,1074
3402,4.81796,2821,1074
3403,4.55093,2821,1074
3404,4.62723,2821,1074
3405,4.74548,2821,1074
3406,4.52423,2821,1074
3407,4.68445,2821,1074
3408,4.42505,2821,1074
3409,4.86755,2821,1074
3410,4.50134,2821,1074
3411,4.70734,2821,1074
3412,4.71497,2821,1074
3413,4.60052,2821,1074
3414,4.56619,2821,1074
3415,4.60815,2821,1074
3416,4.81415,2821,1074
3417,4.62341,2821,1074
3418,4.55093,2821,1074
3419,4.75311,2821,1074
3420,5.04303,2821,1074
3421,4.78745,2821,1074
3422,4.57764,2821,1074
3423,4.66156,2821,1074
3424,4.34494,2821,1074
3425,4.66537,2821,1074
3426,4.57001,2821,1074
3427,4.76837,2821,1074
3428,4.49753,2821,1074
3429,4.68063,2821,1074
3430,4.7226,2821,1074
3431,4.62341,2821,1074
3432,4.45938,2821,1074
3433,4.65775,2821,1074
3434,4.77982,2821,1074
3435,4.71878,2821,1074
3436,4.55856,2821,1074
3437,4.42123,2821,1074
3438,4.89044,2821,1074
3439,4.70734,2821,1074
3440,4.87137,2821,1074
3441,4.53949,2821,1074
3442,4.45557,2821,1074
3443,4.6196,2821,1074
3444,4.34113,2821,1074
3445,5.56564,2821,1074
3446,4.11606,2821,1074
3447,4.5929,2821,1074
3448,4.79889,2821,1074
3449,4.59671,2821,1074
3450,4.59671,2821,1074
3451,4.52423,2821,1074
3452,4.82941,2821,1074
3453,4.50134,2821,1074
3454,4.60052,2821,1074
3455,4.776,2821,1074
3456,4.74167,2821,1074
3457,4.5166,2821,1074
3458,4.5433,2821,1074
3459,4.91333,2821,1074
3460,4.66156,2821,1074
3461,4.45557,2821,1074
3462,4.59671,2821,1074
3463,4.84085,2821,1074
3464,4.62341,2821,1074
3465,4.48227,2821,1074
3466,4.97437,2821,1074
3467,4.62723,2821,1074
3468,4.6463,2821,1074
3469,4.39835,2821,1074
3470,4.98581,2821,1074
3471,4.53949,2821,1074
3472,4.47845,2821,1074
3473,4.85611,2821,1074
3474,4.60815,2821,1074
3475,4.49371,2821,1074
3476,4.65393,2821,1074
3477,4.7493,2821,1074
3478,4.60434,2821,1074
3479,4.53949,2821,1074
3480,4.79126,2821,1074
3481,4.6463,2821,1074
3482,4.50134,2821,1074
3483,4.65012,2821,1074
3484,4.82559,2821,1074
3485,4.56619,2821,1074
3486,4.54712,2821,1074
3487,4.60052,2821,1074
3488,5.06973,2821,1074
3489,4.5166,2821,1074
3490,4.64249,2821,1074
3491,4.70352,2821,1074
3492,4.5433,2821,1074
3493,4.63104,2821,1074
3494,4.46701,2821,1074
3495,4.94766,2821,1074
3496,4.56619,2821,1074
3497,4.49371,2821,1074
3498,5.15747,2821,1074
3499,4.45175,2821,1074
3500,5.36728,2821,1074
3501,3.84521,2821,1074
3502,4.85229,2821,1074
3503,4.84467,2821,1074
3504,4.52423,2821,1074
3505,4.74548,2821,1074
3506,4.40598,2821,1074
3507,4.57382,2821,1074
3508,4.94003,2821,1074
3509,4.98581,2821,1074
3510,4.1275,2821,1074
3511,4.86374,2821,1074
3512,4.23813,2821,1074
3513,5.2681,2821,1074
3514,4.46701,2821,1074
3515,4.26102,2821,1074
3516,5.28336,2821,1074
3517,4.40979,2821,1074
3518,4.24576,2821,1074
3519,4.98962,2821,1074
3520,4.4632,2821,1074
3521,4.95911,2821,1074
3522,4.26102,2821,1074
3523,4.78745,2821,1074
3524,5.03922,2821,1074
3525,4.28391,2821,1074
3526,4.6463,2821,1074
3527,4.71115,2821,1074
3528,4.673,2821,1074
3529,4.84467,2821,1074
3530,4.53949,2821,1074
3531,4.65775,2821,1074
3532,4.96292,2821,1074
3533,4.11606,2821,1074
3534,4.99725,2821,1074
3535,4.879,2821,1074
3536,4.27628,2821,1074
3537,4.40979,2821,1074
3538,5.14221,2821,1074
3539,4.31061,2821,1074
3540,4.50134,2821,1074
3541,4.87518,2821,1074
3542,4.84848,2821,1074
3543,4.47845,2821,1074
3544,4.28391,2821,1074
3545,5.67627,2821,1074
3546,4.12369,2821,1074
3547,4.26102,2821,1074
3548,4.85229,2821,1074
3549,4.55475,2821,1074
3550,4.55093,2821,1074
3551,4.82559,2821,1074
3552,4.73785,2821,1074
3553,4.66156,2821,1074
3554,4.46701,2821,1074
3555,5.51605,2821,1074
3556,4.37164,2821,1074
3557,4.02832,2821,1074
3558,5.12695,2821,1074
3559,4.55856,2821,1074
3560,4.34113,2821,1074
3561,4.7493,2821,1074
3562,4.26102,2821,1074
3563,5.34058,2821,1074
3564,4.48608,2821,1074
3565,4.22287,2821,1074
3566,4.77982,2821,1074
3567,4.89044,2821,1074
3568,4.21906,2821,1074
3569,4.57382,2821,1074
3570,4.879,2821,1074
3571,4.63486,2821,1074
3572,4.81033,2821,1074
3573,4.2305,2821,1074
3574,5.10788,2821,1074
3575,4.54712,2821,1074
3576,4.46701,2821,1074
3577,5.41306,2821,1074
3578,3.90244,2821,1074
3579,4.65775,2821,1074
3580,4.50897,2821,1074
3581,4.93622,2821,1074
3582,5.18417,2821,1074
3583,3.89099,2821,1074
3584,5.51224,2821,1064
3585,3.85666,2821,1064
3586,4.60815,2821,1064
3587,4.84085,2821,1064
3588,5.14221,2821,1064
3589,4.13895,2821,1064
3590,4.83322,2821,1064
3591,4.49371,2821,1064
3592,4.95911,2821,1064
3593,4.673,2821,1064
3594,4.19235,2821,1064
3595,5.33295,2821,1064
3596,4.48227,2821,1064
3597,4.32205,2821,1064
3598,4.69971,2821,1064
3599,4.73022,2821,1064
3600,4.80652,2821,1064
3601,4.24576,2821,1070
3602,20.7748,2821,1070
3603,0.774384,2821,1070
3604,0.682831,2821,1070
3605,3.20053,2821,1070
3606,4.66537,2821,1070
3607,4.47464,2821,1070
3608,4.97055,2821,1070
3609,4.54712,2821,1070
3610,4.61197,2821,1070
3611,4.41742,2821,1070
3612,4.8027,2821,1070
3613,4.66919,2821,1070
3614,4.47083,2821,1070
3615,4.93622,2821,1070
3616,5.25284,2821,1070
3617,3.8414,2821,1070
3618,4.69208,2821,1070
3619,5.31006,2821,1070
3620,3.93295,2821,1070
3621,4.69971,2821,1070
3622,4.8027,2821,1070
3623,4.65775,2821,1070
3624,4.52423,2821,1070
3625,4.60815,2821,1070
3626,4.81415,2821,1070
3627,4.56238,2821,1070
3628,4.43268,2821,1070
3629,4.5929,2821,1070
3630,4.85611,2821,1070
3631,4.56619,2821,1070
3632,4.6463,2821,1070
3633,4.70734,2821,1070
3634,4.56619,2821,1070
3635,5.11169,2821,1070
3636,4.00162,2821,1070
3637,5.86319,2821,1070
3638,3.50571,2821,1070
3639,4.76837,2821,1070
3640,4.62341,2821,1070
3641,4.90952,2821,1070
3642,4.45175,2821,1070
3643,4.58527,2821,1070
3644,4.79507,2821,1070
3645,4.6463,2821,1070
3646,4.45557,2821,1070
3647,4.83322,2821,1070
3648,4.84085,2821,1070
3649,4.37927,2821,1070
3650,4.55856,2821,1070
3651,4.84085,2821,1070
3652,4.47083,2821,1070
3653,4.53186,2821,1070
3654,4.63867,2821,1070
3655,4.80652,2821,1070
3656,4.61578,2821,1070
3657,4.53186,2821,1070
3658,4.89426,2821,1070
3659,4.53186,2821,1070
3660,4.48227,2821,1070
3661,4.60434,2821,1070
3662,5.11169,2821,1070
3663,4.4632,2821,1070
3664,4.66156,2821,1070
3665,4.84848,2821,1070
3666,4.60052,2821,1070
3667,4.6196,2821,1070
3668,4.45557,2821,1070
3669,4.85992,2821,1070
3670,4.53949,2821,1070
3671,4.66156,2821,1070
3672,4.673,2821,1070
3673,4.72641,2821,1070
3674,4.45938,2821,1070
3675,4.65012,2821,1070
3676,4.90952,2821,1070
3677,4.45175,2821,1070
3678,4.5433,2821,1070
3679,4.66537,2821,1070
3680,4.67682,2821,1070
3681,4.63867,2821,1070
3682,5.09644,2821,1070
3683,4.2572,2821,1070
3684,4.71497,2821,1070
3685,4.44794,2821,1070
3686,4.58527,2821,1070
3687,4.96674,2821,1070
3688,4.42505,2821,1070
3689,4.64249,2821,1070
3690,5.13077,2821,1070
3691,4.27246,2821,1070
3692,4.52805,2821,1070
3693,4.49753,2821,1070
3694,5.00107,2821,1070
3695,4.45938,2821,1070
3696,4.66156,2821,1070
3697,4.50897,2821,1070
3698,4.8027,2821,1070
3699,4.62723,2821,1070
3700,4.96674,2821,1070
3701,4.33731,2821,1070
3702,4.66156,2821,1070
3703,4.56238,2821,1070
3704,4.673,2821,1070
3705,4.94003,2821,1070
3706,4.39835,2821,1070
3707,4.54712,2821,1070
3708,4.84848,2821,1070
3709,4.71878,2821,1070
3710,4.5433,2821,1070
3711,4.66919,2821,1070
3712,4.71878,2821,1070
3713,4.7226,2821,1070
3714,5.27573,2821,1070
3715,4.1275,2821,1070
3716,4.75693,2821,1070
3717,4.53949,2821,1070
3718,4.81033,2821,1070
3719,4.45175,2821,1070
3720,4.58908,2821,1070
3721,4.76837,2821,1070
3722,4.3869,2821,1070
3723,4.90952,2821,1070
3724,4.53186,2821,1070
3725,4.50134,2821,1070
3726,4.879,2821,1070
3727,4.65775,2821,1070
3728,4.4136,2821,1070
3729,4.58145,2821,1070
3730,5.06592,2821,1070
3731,4.8027,2821,1070
3732,4.3602,2821,1070
3733,4.73785,2821,1070
3734,4.5433,2821,1070
3735,4.76074,2821,1070
3736,4.49753,2821,1070
3737,4.8027,2821,1070
3738,4.50134,2821,1070
3739,4.63104,2821,1070
3740,5.02396,2821,1070
3741,4.53186,2821,1070
3742,4.28009,2821,1070
3743,4.76456,2821,1070
3744,5.07736,2821,1070
3745,4.60052,2821,1070
3746,4.71497,2821,1070
3747,4.39453,2821,1070
3748,4.72641,2821,1070
3749,4.50134,2821,1070
3750,4.65012,2821,1070
3751,4.79126,2821,1070
3752,4.70734,2821,1070
3753,4.53949,2821,1070
3754,4.60052,2821,1070
3755,5.04303,2821,1070
3756,4.50897,2821,1070
3757,4.52423,2821,1070
3758,4.4136,2821,1070
3759,4.86374,2821,1070
3760,4.70352,2821,1070
3761,4.49371,2821,1070
3762,4.98199,2821,1070
3763,4.44412,2821,1070
3764,4.45938,2821,1070
3765,4.76837,2821,1070
3766,4.77982,2821,1070
3767,4.49753,2821,1070
3768,4.48608,2821,1070
3769,4.93622,2821,1070
3770,4.47464,2821,1070
3771,4.6463,2821,1070
3772,4.50897,2821,1070
3773,5.00107,2821,1070
3774,4.673,2821,1070
3775,4.44412,2821,1070
3776,4.82941,2821,1070
3777,4.5433,2821,1070
3778,4.57764,2821,1070
3779,4.57382,2821,1070
3780,4.89426,2821,1070
3781,4.58908,2821,1070
3782,4.55093,2821,1070
3783,4.63486,2821,1070
3784,4.79889,2821,1070
3785,4.57001,2821,1070
3786,4.54712,2821,1070
3787,4.82559,2821,1070
3788,4.49371,2821,1070
3789,4.50516,2821,1070
3790,4.63486,2821,1070
3791,4.82559,2821,1070
3792,4.65393,2821,1070
3793,4.52423,2821,1070
3794,4.79507,2821,1070
3795,4.76456,2821,1070
3796,4.53568,2821,1070
3797,4.45175,2821,1070
3798,5.07355,2821,1059
3799,4.52805,2821,1059
3800,4.50516,2821,1059
3801,4.63104,2821,1059
3802,4.84085,2821,1059
3803,4.60434,2821,1059
3804,4.55856,2821,1059
3805,4.87518,2821,1059
3806,4.48608,2821,1059
3807,4.61578,2821,1059
3808,4.45938,2821,1059
3809,5.05829,2821,1059
3810,4.35638,2821,1059
3811,4.8027,2821,1059
3812,4.58908,2821,1059
3813,4.673,2821,1059
3814,4.60815,2821,1059
3815,4.5433,2821,1059
3816,5.05829,2821,1059
3817,4.68063,2821,1059
3818,4.44412,2821,1059
3819,4.73404,2821,1059
3820,4.60815,2821,1059
3821,4.60052,2821,1059
3822,4.50134,2821,1059
3823,5.01633,2821,1059
3824,4.63104,2821,1059
3825,4.57382,2821,1059
3826,4.58527,2821,1059
3827,4.79889,2821,1059
3828,4.52423,2821,1059
3829,4.53186,2821,1059
3830,4.87137,2821,1059
3831,4.52423,2821,1059
3832,4.65775,2821,1059
3833,4.50134,2821,1059
3834,4.87518,2821,1059
3835,4.53186,2821,1059
3836,4.673,2821,1059
3837,4.76456,2821,1059
3838,4.69208,2821,1059
3839,4.60815,2821,1059
3840,4.60815,2821,1059
3841,4.74548,2821,1059
3842,4.66156,2821,1059
3843,4.56238,2821,1059
3844,4.69589,2821,1059
3845,4.6196,2821,1059
3846,4.76074,2821,1059
3847,4.40216,2821,1059
3848,4.81415,2821,1059
3849,4.58527,2821,1059
3850,4.46701,2821,1059
3851,4.80652,2821,1059
3852,4.77219,2821,1059
3853,4.46701,2821,1059
3854,4.6196,2821,1059
3855,4.89807,2821,1059
3856,4.51279,2821,1059
3857,4.51279,2821,1059
3858,4.5929,2821,1059
3859,4.96674,2821,1059
3860,4.57764,2821,1059
3861,4.50516,2821,1059
3862,4.83322,2821,1059
3863,4.56619,2821,1059
3864,4.66537,2821,1059
3865,4.52042,2821,1059
3866,4.89807,2821,1059
3867,4.57764,2821,1059
3868,4.42886,2821,1059
3869,4.63867,2821,1059
3870,4.84467,2821,1059
3871,4.5929,2821,1059
3872,4.5929,2821,1059
3873,4.95911,2821,1059
3874,4.4136,2821,1059
3875,4.62341,2821,1059
3876,4.47083,2821,1059
3877,4.96292,2821,1059
3878,4.50134,2821,1059
3879,4.52805,2821,1059
3880,4.81796,2821,1059
3881,4.70734,2821,1059
3882,4.56238,2821,1059
3883,4.65393,2821,1059
3884,4.7226,2821,1059
3885,4.60815,2821,1059
3886,4.53186,2821,1059
3887,4.58145,2821,1059
3888,4.78745,2821,1059
3889,4.61197,2821,1059
3890,4.59671,2821,1059
3891,4.89807,2821,1059
3892,4.4899,2821,1059
3893,4.5166,2821,1059
3894,4.60052,2821,1059
3895,4.8027,2821,1059
3896,4.48608,2821,1059
3897,4.60434,2821,1059
3898,4.95529,2821,1059
3899,4.48227,2821,1059
3900,4.47845,2821,1059
3901,4.74548,2821,1059
3902,4.79126,2821,1059
3903,4.673,2821,1059
3904,4.39453,2821,1059
3905,4.79126,2821,1059
3906,4.83322,2821,1059
3907,4.62341,2821,1059
3908,4.44794,2821,1059
3909,4.81033,2821,1059
3910,4.67682,2821,1059
3911,4.45557,2821,1059
3912,4.55856,2821,1059
3913,5.17273,2821,1059
3914,4.19998,2821,1059
3915,4.65775,2821,1059
3916,4.7226,2821,1059
3917,4.54712,2821,1059
3918,4.75311,2821,1059
3919,4.48227,2821,1059
3920,4.7493,2821,1059
3921,4.58145,2821,1059
3922,4.58527,2821,1059
3923,4.85992,2821,1059
3924,4.56238,2821,1059
3925,4.48227,2821,1059
3926,4.57764,2821,1059
3927,5.03922,2821,1059
3928,4.7493,2821,1059
3929,4.67682,2821,1059
3930,4.45175,2821,1059
3931,4.85611,2821,1059
3932,4.673,2821,1059
3933,4.51279,2821,1059
3934,4.91333,2821,1059
3935,4.55475,2821,1059
3936,4.52805,2821,1059
3937,4.47083,2821,1059
3938,4.82941,2821,1059
3939,4.60052,2821,1059
3940,4.56238,2821,1059
3941,4.776,2821,1059
3942,4.52805,2821,1059
3943,4.63867,2821,1059
3944,4.58908,2821,1059
3945,4.75311,2821,1059
3946,4.63104,2821,1059
3947,4.58527,2821,1059
3948,4.71115,2821,1059
3949,4.85611,2821,1059
3950,4.4899,2821,1059
3951,4.52805,2821,1059
3952,5.0087,2821,1059
3953,4.43268,2821,1059
3954,4.69208,2821,1059
3955,4.55093,2821,1059
3956,4.95148,2821,1059
3957,4.5166,2821,1059
3958,4.55475,2821,1059
3959,4.86374,2821,1059
3960,4.55093,2821,1059
3961,4.52805,2821,1059
3962,4.50897,2821,1059
3963,5.01633,2821,1059
3964,4.55856,2821,1059
3965,4.55093,2821,1059
3966,4.74167,2821,1059
3967,4.9324,2821,1059
3968,4.11987,2821,1059
3969,4.68063,2821,1059
3970,5.00488,2821,1059
3971,4.47845,2821,1059
3972,4.60052,2821,1059
3973,4.68445,2821,1059
3974,4.87518,2821,1059
3975,4.3869,2821,1059
3976,4.65012,2821,1059
3977,4.76456,2821,1059
3978,4.5433,2821,1059
3979,4.49753,2821,1059
3980,4.58908,2821,1059
3981,4.94385,2821,1059
3982,4.46701,2821,1059
3983,4.58527,2821,1059
3984,4.81796,2821,1059
3985,4.61197,2821,1059
3986,4.47464,2821,1059
3987,4.52423,2821,1059
3988,4.90189,2821,1059
3989,4.52042,2821,1059
3990,4.57764,2821,1059
3991,4.79889,2821,1059
3992,4.84085,2821,1059
3993,4.56619,2821,1059
3994,4.50516,2821,1059
3995,4.9324,2821,1059
3996,4.64249,2821,1059
3997,4.46701,2821,1059
3998,4.6196,2821,1059
3999,4.85992,2821,1059
4000,4.5929,2821,1059
4001,4.44794,2821,1059
4002,4.81033,2821,1059
4003,4.56619,2821,1059
4004,4.52805,2821,1059
4005,4.58908,2821,1059
4006,4.87518,2821,1059
4007,4.48227,2821,1059
4008,4.6196,2821,1059
4009,4.84848,2821,1059
4010,4.65775,2821,1059
4011,4.52805,2821,1059
4012,4.4899,2821,1059
4013,5.02014,2821,1048
4014,4.50516,2821,1048
4015,4.71115,2821,1048
4016,4.45938,2821,1048
4017,4.8027,2821,1048
4018,4.64249,2821,1048
4019,4.63867,2821,1048
4020,4.75693,2821,1048
4021,4.63104,2821,1048
4022,4.49371,2821,1048
4023,4.66156,2821,1048
4024,4.75311,2821,1048
4025,4.55093,2821,1048
4026,4.5929,2821,1048
4027,4.78745,2821,1048
4028,4.53568,2821,1048
4029,4.65012,2821,1048
4030,4.62341,2821,1048
4031,4.75311,2821,1048
4032,4.6463,2821,1048
4033,4.52423,2821,1048
4034,4.60434,2821,1048
4035,4.92477,2821,1048
4036,4.46701,2821,1048
4037,4.68826,2821,1048
4038,4.98581,2821,1048
4039,4.34875,2821,1048
4040,4.70352,2821,1048
4041,4.39835,2821,1048
4042,4.94003,2821,1048
4043,4.50897,2821,1048
4044,4.8027,2821,1048
4045,4.63867,2821,1048
4046,4.61578,2821,1048
4047,4.50897,2821,1048
4048,4.61578,2821,1048
4049,4.77982,2821,1048
4050,4.62341,2821,1048
4051,4.55475,2821,1048
4052,4.78745,2821,1048
4053,5.43594,2821,1048
4054,3.685,2821,1048
4055,4.52423,2821,1048
4056,4.99344,2821,1048
4057,4.40979,2821,1048
4058,5.38254,2821,1048
4059,3.83377,2821,1048
4060,4.97818,2821,1048
4061,4.46701,2821,1048
4062,4.6196,2821,1048
4063,4.87137,2821,1048
4064,4.48608,2821,1048
4065,4.66156,2821,1048
4066,4.47464,2821,1048
4067,4.86374,2821,1048
4068,4.53568,2821,1048
4069,4.75311,2821,1048
4070,4.673,2821,1048
4071,4.65393,2821,1048
4072,4.58527,2821,1048
4073,4.57001,2821,1048
4074,4.776,2821,1048
4075,4.63104,2821,1048
4076,4.51279,2821,1048
4077,4.53186,2821,1048
4078,4.92859,2821,1048
4079,4.60434,2821,1048
4080,4.42505,2821,1048
4081,5.01633,2821,1048
4082,4.56238,2821,1048
4083,4.65012,2821,1048
4084,4.66156,2821,1048
4085,4.70352,2821,1048
4086,4.65775,2821,1048
4087,4.46701,2821,1048
4088,4.94766,2821,1048
4089,4.48608,2821,1048
4090,4.50897,2821,1048
4091,4.58145,2821,1048
4092,5.04684,2821,1048
4093,4.39072,2821,1048
4094,4.6196,2821,1048
4095,4.74548,2821,1048
4096,4.67682,2821,1048
4097,4.56619,2821,1048
4098,4.54712,2821,1048
4099,4.83704,2821,1048
4100,4.58527,2821,1048
4101,4.47464,2821,1048
4102,4.5929,2821,1048
4103,4.89426,2821,1048
4104,4.65775,2821,1048
4105,4.66537,2821,1048
4106,4.85992,2821,1048
4107,4.58527,2821,1048
4108,4.49371,2821,1048
4109,4.50134,2821,1048
4110,4.81415,2821,1048
4111,4.56238,2821,1048
4112,4.673,2821,1048
4113,4.85611,2821,1048
4114,4.48608,2821,1048
4115,4.81415,2821,1048
4116,4.67682,2821,1048
4117,4.80652,2821,1048
4118,4.2038,2821,1048
4119,4.58145,2821,1048
4120,4.59671,2821,1048
4121,5.2681,2821,1048
4122,4.44412,2821,1048
4123,4.24194,2821,1048
4124,5.33676,2821,1048
4125,4.81415,2821,1048
4126,4.01306,2821,1048
4127,5.74493,2821,1048
4128,3.87192,2821,1048
4129,4.89807,2821,1048
4130,4.55856,2821,1048
4131,4.4632,2821,1048
4132,5.07355,2821,1048
4133,4.15421,2821,1048
4134,4.89807,2821,1048
4135,5.20325,2821,1048
4136,3.96347,2821,1048
4137,4.84467,2821,1048
4138,4.879,2821,1048
4139,4.5433,2821,1048
4140,4.87518,2821,1048
4141,4.02451,2821,1048
4142,5.40924,2821,1048
4143,4.53568,2821,1048
4144,4.28772,2821,1048
4145,5.0354,2821,1048
4146,4.42886,2821,1048
4147,4.60434,2821,1048
4148,4.97055,2821,1048
4149,4.54712,2821,1048
4150,4.92477,2821,1048
4151,4.37164,2821,1048
4152,4.35638,2821,1048
4153,5.25665,2821,1048
4154,4.50897,2821,1048
4155,4.31824,2821,1048
4156,5.32532,2821,1048
4157,4.18854,2821,1048
4158,4.86374,2821,1048
4159,4.49371,2821,1048
4160,4.60815,2821,1048
4161,4.92096,2821,1048
4162,4.51279,2821,1048
4163,4.60434,2821,1048
4164,4.98962,2821,1048
4165,4.2038,2821,1048
4166,5.34821,2821,1048
4167,4.43649,2821,1048
4168,4.32205,2821,1048
4169,4.81415,2821,1048
4170,4.63486,2821,1048
4171,4.75693,2821,1048
4172,4.84848,2821,1048
4173,4.29916,2821,1048
4174,5.3215,2821,1048
4175,5.09644,2821,1048
4176,3.70407,2821,1048
4177,4.88281,2821,1048
4178,4.86755,2821,1048
4179,4.2038,2821,1048
4180,4.97055,2821,1048
4181,4.45557,2821,1048
4182,4.84467,2821,1048
4183,4.62341,2821,1048
4184,4.31061,2821,1048
4185,5.39398,2821,1048
4186,4.16565,2821,1048
4187,4.94003,2821,1048
4188,4.68826,2821,1048
4189,4.44031,2821,1048
4190,4.79126,2821,1048
4191,4.53949,2821,1048
4192,5.10025,2821,1048
4193,4.79126,2821,1048
4194,4.11606,2821,1048
4195,5.4245,2821,1048
4196,4.34113,2821,1048
4197,4.35257,2821,1048
4198,4.75693,2821,1048
4199,4.92096,2821,1048
4200,4.50516,2821,1048
4201,4.29535,2821,1048
4202,4.58527,2821,1048
4203,4.92477,2821,1048
4204,4.47464,2821,1048
4205,4.68445,2821,1048
4206,4.92477,2821,1048
4207,4.43268,2821,1048
4208,4.56619,2821,1048
4209,4.66537,2821,1048
4210,4.74167,2821,1048
4211,4.7493,2821,1048
4212,4.36401,2821,1048
4213,4.88281,2821,1048
4214,4.53949,2821,1048
4215,4.71497,2821,1048
4216,4.46701,2821,1048
4217,4.98962,2821,1048
4218,4.63104,2821,1048
4219,4.53568,2821,1048
4220,4.78745,2821,1048
4221,4.67682,2821,1048
4222,4.47083,2821,1048
4223,4.76456,2821,1048
4224,4.73785,2821,1048
4225,4.63104,2821,1048
4226,4.44794,2821,1048
4227,4.61578,2821,1044
4228,4.94766,2821,1038
4229,4.52042,2821,1038
4230,4.56619,2821,1038
4231,4.76456,2821,1038
4232,4.62723,2821,1038
4233,4.4899,2821,1038
4234,4.71878,2821,1038
4235,4.7226,2821,1038
4236,4.6463,2821,1038
4237,4.65775,2821,1038
4238,4.776,2821,1038
4239,4.69208,2821,1038
4240,4.50134,2821,1038
4241,4.60815,2821,1038
4242,4.84467,2821,1038
4243,5.10025,2821,1038
4244,4.02832,2821,1038
4245,4.82941,2821,1038
4246,4.66919,2821,1038
4247,4.61578,2821,1038
4248,4.47464,2821,1038
4249,4.99344,2821,1038
4250,4.4899,2821,1038
4251,4.52805,2821,1038
4252,4.56238,2821,1038
4253,5.00488,2821,1038
4254,4.57382,2821,1038
4255,4.65775,2821,1038
4256,4.84085,2821,1038
4257,4.52805,2821,1038
4258,4.54712,2821,1038
4259,4.6463,2821,1038
4260,4.98962,2821,1038
4261,4.49371,2821,1038
4262,4.62341,2821,1038
4263,4.87518,2821,1038
4264,4.71878,2821,1038
4265,4.3602,2821,1038
4266,4.60815,2821,1038
4267,5.31387,2821,1038
4268,4.18091,2821,1038
4269,4.776,2821,1038
4270,4.68445,2821,1038
4271,4.71497,2821,1038
4272,4.92477,2821,1038
4273,4.45938,2821,1038
4274,4.73022,2821,1038
4275,5.21088,2821,1038
4276,3.8681,2821,1038
4277,5.13458,2821,1038
4278,4.61578,2821,1038
4279,4.39072,2821,1038
4280,4.90952,2821,1038
4281,4.77982,2821,1038
4282,4.36401,2821,1038
4283,5.02777,2821,1038
4284,4.09317,2821,1038
4285,5.14984,2821,1038
4286,4.65012,2821,1038
4287,4.28009,2821,1038
4288,5.03922,2821,1038
4289,4.61197,2821,1038
4290,4.48227,2821,1038
4291,4.75311,2821,1038
4292,4.84085,2821,1038
4293,4.61578,2821,1038
4294,4.5433,2821,1038
4295,4.9057,2821,1038
4296,4.81796,2821,1038
4297,4.44412,2821,1038
4298,4.5166,2821,1038
4299,5.0621,2821,1038
4300,4.42886,2821,1038
4301,4.84085,2821,1038
4302,5.02014,2821,1038
4303,4.2572,2821,1038
4304,4.91714,2821,1038
4305,4.68445,2821,1038
4306,4.96674,2821,1038
4307,4.86374,2821,1038
4308,4.68445,2821,1038
4309,4.90952,2821,1038
4310,5.53131,2821,1038
4311,3.99017,2821,1038
4312,5.13077,2821,1038
4313,4.9324,2821,1038
4314,4.4136,2821,1038
4315,5.05066,2821,1038
4316,4.83704,2821,1038
4317,4.86755,2821,1038
4318,4.73785,2821,1038
4319,4.75311,2821,1038
4320,4.80652,2821,1038
4321,4.88281,2821,1038
4322,4.72641,2821,1038
4323,4.77219,2821,1038
4324,4.93622,2821,1038
4325,4.49753,2821,1038
4326,4.99344,2821,1038
4327,4.69971,2821,1038
4328,4.71497,2821,1038
4329,5.01633,2821,1038
4330,4.76837,2821,1038
4331,4.43649,2821,1038
4332,4.65393,2821,1038
4333,4.71878,2821,1038
4334,4.79126,2821,1038
4335,4.53568,2821,1038
4336,4.60815,2821,1038
4337,4.77982,2821,1038
4338,4.66919,2821,1038
4339,4.70734,2821,1038
4340,4.36783,2821,1038
4341,4.94766,2821,1038
4342,4.5929,2821,1038
4343,4.57382,2821,1038
4344,4.81415,2821,1038
4345,4.54712,2821,1038
4346,4.60815,2821,1038
4347,4.52423,2821,1038
4348,4.89807,2821,1038
4349,4.5166,2821,1038
4350,4.53949,2821,1038
4351,4.53186,2821,1038
4352,5.00488,2821,1038
4353,4.5166,2821,1038
4354,4.64249,2821,1038
4355,4.6463,2821,1038
4356,4.63486,2821,1038
4357,4.52805,2821,1038
4358,4.63104,2821,1038
4359,4.96292,2821,1038
4360,4.47083,2821,1038
4361,4.51279,2821,1038
4362,4.85229,2821,1038
4363,4.47083,2821,1038
4364,4.62723,2821,1038
4365,4.62341,2821,1038
4366,4.85611,2821,1038
4367,4.68826,2821,1038
4368,4.41742,2821,1038
4369,4.70734,2821,1038
4370,4.89426,2821,1038
4371,4.65775,2821,1038
4372,4.52805,2821,1038
4373,5.07355,2821,1038
4374,4.71115,2821,1038
4375,4.54712,2821,1038
4376,4.64249,2821,1038
4377,4.94003,2821,1038
4378,4.79889,2821,1038
4379,4.52805,2821,1038
4380,4.97818,2821,1038
4381,4.87518,2821,1038
4382,4.65012,2821,1038
4383,4.89426,2821,1038
4384,4.79126,2821,1038
4385,4.76074,2821,1038
4386,4.66156,2821,1038
4387,5.10788,2821,1038
4388,4.68826,2821,1038
4389,4.66919,2821,1038
4390,4.83322,2821,1038
4391,4.92096,2821,1038
4392,4.73022,2821,1038
4393,4.84467,2821,1038
4394,5.14221,2821,1038
4395,4.73404,2821,1038
4396,4.74548,2821,1038
4397,4.95148,2821,1038
4398,4.79507,2821,1038
4399,4.71497,2821,1038
4400,4.74167,2821,1038
4401,5.05447,2821,1038
4402,4.66537,2821,1038
4403,4.71115,2821,1038
4404,4.97055,2821,1038
4405,4.74167,2821,1038
4406,4.66919,2821,1038
4407,4.73404,2821,1038
4408,4.91333,2821,1038
4409,4.7226,2821,1038
4410,4.73022,2821,1038
4411,5.50079,2821,1038
4412,4.11606,2821,1038
4413,4.6463,2821,1038
4414,5.05447,2821,1038
4415,4.68445,2821,1038
4416,4.84848,2821,1038
4417,4.34494,2821,1038
4418,5.19943,2821,1038
4419,4.42505,2821,1038
4420,4.4899,2821,1038
4421,5.05447,2821,1038
4422,4.4899,2821,1038
4423,4.24194,2821,1038
4424,4.85229,2821,1038
4425,4.45175,2821,1038
4426,4.78363,2821,1038
4427,4.5166,2821,1038
4428,4.36783,2821,1038
4429,4.98581,2821,1038
4430,4.52805,2821,1038
4431,4.21524,2821,1038
4432,4.86755,2821,1038
4433,4.39835,2821,1038
4434,4.81033,2821,1038
4435,4.82941,2821,1038
4436,3.99399,2821,1038
4437,4.879,2821,1038
4438,4.36783,2821,1038
4439,4.61197,2821,1038
4440,4.96292,2821,1028
4441,4.28009,2821,1028
4442,4.62341,2821,1028
4443,4.2305,2821,1028
4444,4.87137,2821,1028
4445,4.39453,2821,1028
4446,4.26865,2821,1028
4447,5.23758,2821,1028
4448,3.90244,2821,1028
4449,4.73022,2821,1028
4450,4.40979,2821,1028
4451,4.55093,2821,1028
4452,4.62341,2821,1028
4453,4.2572,2821,1028
4454,4.65393,2821,1028
4455,4.75311,2821,1028
4456,4.2572,2821,1028
4457,4.66919,2821,1028
4458,4.18472,2821,1028
4459,5.01251,2821,1028
4460,4.37546,2821,1028
4461,4.2305,2821,1028
4462,5.05066,2821,1028
4463,4.34113,2821,1028
4464,4.32587,2821,1028
4465,4.39453,2821,1028
4466,4.68445,2821,1028
4467,4.33731,2821,1028
4468,4.34113,2821,1028
4469,4.30679,2821,1028
4470,4.63867,2821,1028
4471,4.4899,2821,1028
4472,4.37164,2821,1028
4473,4.4136,2821,1028
4474,4.86755,2821,1028
4475,4.03595,2821,1028
4476,4.11224,2821,1028
4477,4.87518,2821,1028
4478,4.2038,2821,1028
4479,4.78363,2821,1028
4480,4.15421,2821,1028
4481,4.37164,2821,1028
4482,4.53568,2821,1028
4483,4.05121,2821,1028
4484,4.37546,2821,1028
4485,4.45557,2821,1028
4486,4.43268,2821,1028
4487,4.17328,2821,1028
4488,4.12369,2821,1028
4489,4.53568,2821,1028
4490,4.19998,2821,1028
4491,4.3335,2821,1028
4492,4.34494,2821,1028
4493,4.32587,2821,1028
4494,4.82559,2821,1028
4495,3.70407,2821,1028
4496,4.50134,2821,1028
4497,4.17328,2821,1028
4498,4.66919,2821,1028
4499,3.84903,2821,1028
4500,5.00107,2821,1028
4501,4.19235,2821,1028
4502,4.00925,2821,1028
4503,4.50897,2821,1028
4504,4.24576,2821,1028
4505,4.50516,2821,1028
4506,4.24957,2821,1028
4507,4.00925,2821,1028
4508,4.91333,2821,1028
4509,3.82996,2821,1028
4510,4.50897,2821,1028
4511,4.13513,2821,1028
4512,5.00107,2821,1028
4513,4.15421,2821,1028
4514,4.02069,2821,1028
4515,4.73785,2821,1028
4516,4.0741,2821,1028
4517,4.53186,2821,1028
4518,4.31061,2821,1028
4519,4.21143,2821,1028
4520,4.48608,2821,1028
4521,4.19235,2821,1028
4522,4.60815,2821,1028
4523,4.15802,2821,1028
4524,4.69971,2821,1028
4525,4.05884,2821,1028
4526,4.00925,2821,1028
4527,5.01251,2821,1028
4528,3.89862,2821,1028
4529,4.50134,2821,1028
4530,3.97491,2821,1028
4531,4.95911,2821,1028
4532,4.29916,2821,1028
4533,4.0741,2821,1028
4534,4.39835,2821,1028
4535,4.49753,2821,1028
4536,4.3335,2821,1028
4537,4.79889,2821,1028
4538,3.99399,2821,1028
4539,4.75693,2821,1028
4540,3.97491,2821,1028
4541,4.50897,2821,1028
4542,4.14658,2821,1028
4543,4.74167,2821,1028
4544,4.26102,2821,1028
4545,4.15802,2821,1028
4546,4.89044,2821,1028
4547,4.11987,2821,1028
4548,4.28772,2821,1028
4549,4.29535,2821,1028
4550,4.34113,2821,1028
4551,4.5929,2821,1028
4552,3.94821,2821,1028
4553,4.78745,2821,1028
4554,4.53568,2821,1028
4555,3.89862,2821,1028
4556,4.673,2821,1028
4557,3.95584,2821,1028
4558,4.879,2821,1028
4559,3.92914,2821,1028
4560,4.59671,2821,1028
4561,4.60052,2821,1028
4562,4.15421,2821,1028
4563,4.3602,2821,1028
4564,4.31824,2821,1028
4565,5.00107,2821,1028
4566,3.78418,2821,1028
4567,4.35638,2821,1028
4568,4.25339,2821,1028
4569,4.6463,2821,1028
4570,4.16946,2821,1028
4571,4.48608,2821,1028
4572,4.23813,2821,1028
4573,4.85229,2821,1028
4574,4.01306,2821,1028
4575,4.56619,2821,1028
4576,3.95203,2821,1028
4577,4.75311,2821,1028
4578,4.36783,2821,1028
4579,4.06647,2821,1028
4580,4.91714,2821,1028
4581,4.09698,2821,1028
4582,4.48608,2821,1028
4583,4.2038,2821,1028
4584,4.90189,2821,1028
4585,4.2038,2821,1028
4586,4.21143,2821,1028
4587,4.42505,2821,1028
4588,4.55093,2821,1028
4589,4.52042,2821,1028
4590,4.24194,2821,1028
4591,4.34494,2821,1028
4592,4.92096,2821,1028
4593,4.08554,2821,1028
4594,4.71878,2821,1028
4595,4.79889,2821,1028
4596,4.43268,2821,1028
4597,4.80652,2821,1028
4598,4.39453,2821,1028
4599,4.98962,2821,1028
4600,4.55856,2821,1028
4601,4.42886,2821,1028
4602,5.0087,2821,1028
4603,4.59671,2821,1028
4604,4.49753,2821,1028
4605,5.00107,2821,1028
4606,4.48608,2821,1028
4607,4.57001,2821,1028
4608,4.82178,2821,1028
4609,4.22287,2821,1028
4610,5.26047,2821,1028
4611,4.01306,2821,1028
4612,4.66919,2821,1028
4613,4.46701,2821,1028
4614,4.42886,2821,1028
4615,4.776,2821,1028
4616,4.13513,2821,1028
4617,5.50461,2821,1028
4618,3.92914,2821,1028
4619,4.14658,2821,1028
4620,4.45175,2821,1028
4621,4.70734,2821,1028
4622,4.43649,2821,1028
4623,4.51279,2821,1028
4624,4.49753,2821,1028
4625,4.55475,2821,1028
4626,4.4899,2821,1028
4627,4.47083,2821,1028
4628,4.5929,2821,1028
4629,4.3869,2821,1028
4630,4.38309,2821,1028
4631,4.39835,2821,1028
4632,4.90952,2821,1028
4633,4.53949,2821,1028
4634,4.35638,2821,1028
4635,4.35638,2821,1028
4636,4.81033,2821,1028
4637,4.2572,2821,1028
4638,5.3215,2821,1028
4639,3.7117,2821,1028
4640,4.63486,2821,1028
4641,4.3335,2821,1028
4642,4.43649,2821,1028
4643,4.73022,2821,1028
4644,4.34113,2821,1028
4645,4.52805,2821,1028
4646,4.48608,2821,1028
4647,4.65393,2821,1028
4648,4.34113,2821,1028
4649,4.51279,2821,1028
4650,4.60052,2821,1028
4651,4.43649,2821,1028
4652,4.41742,2821,1028
4653,4.52423,2821,1028
4654,4.57764,2821,1028
4655,4.39835,2821,1028
4656,4.42886,2821,1028
4657,4.47464,2821,1028
4658,4.83704,2821,1028
4659,4.49753,2821,1028
4660,4.35257,2821,1028
4661,4.6463,2821,1028
4662,4.58145,2821,1028
4663,4.29153,2821,1028
4664,4.44794,2821,1028
4665,4.73022,2821,1018
4666,4.37164,2821,1018
4667,4.40598,2821,1018
4668,4.52042,2821,1018
4669,4.62341,2821,1018
4670,4.4136,2821,1018
4671,4.3869,2821,1018
4672,4.56619,2821,1018
4673,4.60815,2821,1018
4674,4.37927,2821,1018
4675,4.39072,2821,1018
4676,4.63104,2821,1018
4677,4.40979,2821,1018
4678,4.47083,2821,1018
4679,4.3335,2821,1018
4680,4.96292,2821,1018
4681,4.31061,2821,1018
4682,4.50897,2821,1018
4683,4.39453,2821,1018
4684,4.68445,2821,1018
4685,4.3869,2821,1018
4686,4.28772,2821,1018
4687,4.66156,2821,1018
4688,4.42505,2821,1018
4689,4.41742,2821,1018
4690,4.34113,2821,1018
4691,4.73022,2821,1018
4692,4.36401,2821,1018
4693,4.43649,2821,1018
4694,4.49753,2821,1018
4695,4.74167,2821,1018
4696,4.37164,2821,1018
4697,4.35638,2821,1018
4698,4.48608,2821,1018
4699,4.58527,2821,1018
4700,4.44794,2821,1018
4701,4.69208,2821,1018
4702,4.43268,2821,1018
4703,4.47845,2821,1018
4704,4.32587,2821,1018
4705,4.42505,2821,1018
4706,4.74548,2821,1018
4707,4.42505,2821,1018
4708,4.24194,2821,1018
4709,4.44794,2821,1018
4710,5.11932,2821,1018
4711,3.89862,2821,1018
4712,5.25665,2821,1018
4713,4.18854,2821,1018
4714,4.08173,2821,1018
4715,4.65393,2821,1018
4716,4.04358,2821,1018
4717,5.51605,2821,1018
4718,4.14276,2821,1018
4719,3.89862,2821,1018
4720,4.54712,2821,1018
4721,4.47845,2821,1018
4722,4.57764,2821,1018
4723,4.35638,2821,1018
4724,4.1275,2821,1018
4725,5.19562,2821,1018
4726,4.08173,2821,1018
4727,4.69971,2821,1018
4728,4.56238,2821,1018
4729,4.18091,2821,1018
4730,4.7226,2821,1018
4731,4.05884,2821,1018
4732,4.87518,2821,1018
4733,4.47845,2821,1018
4734,4.1275,2821,1018
4735,4.65393,2821,1018
4736,4.36401,2821,1018
4737,4.71497,2821,1018
4738,4.28009,2821,1018
4739,4.15039,2821,1018
4740,5.04303,2821,1018
4741,4.0741,2821,1018
4742,4.62341,2821,1018
4743,5.28717,2821,1018
4744,3.54767,2821,1018
4745,4.55475,2821,1018
4746,4.18854,2821,1018
4747,5.00488,2821,1018
4748,3.99017,2821,1018
4749,4.776,2821,1018
4750,4.3869,2821,1018
4751,4.54712,2821,1018
4752,4.63104,2821,1018
4753,4.1275,2821,1018
4754,5.10406,2821,1018
4755,4.19617,2821,1018
4756,4.05121,2821,1018
4757,4.80652,2821,1018
4758,4.63104,2821,1018
4759,4.53949,2821,1018
4760,4.19617,2821,1018
4761,4.19617,2821,1018
4762,4.85229,2821,1018
4763,4.01306,2821,1018
4764,4.89044,2821,1018
4765,4.30298,2821,1018
4766,4.47083,2821,1018
4767,4.73022,2821,1018
4768,4.04358,2821,1018
4769,4.66919,2821,1018
4770,4.36401,2821,1018
4771,4.28772,2821,1018
4772,4.82941,2821,1018
4773,4.19617,2821,1018
4774,4.82178,2821,1018
4775,4.34875,2821,1018
4776,4.03595,2821,1018
4777,5.28717,2821,1018
4778,3.86047,2821,1018
4779,4.70734,2821,1018
4780,4.37927,2821,1018
4781,4.47845,2821,1018
4782,4.75311,2821,1018
4783,4.02069,2821,1018
4784,4.92096,2821,1018
4785,4.45557,2821,1018
4786,4.11987,2821,1018
4787,4.57764,2821,1018
4788,4.34113,2821,1018
4789,4.9057,2821,1018
4790,4.17328,2821,1018
4791,4.09698,2821,1018
4792,4.80652,2821,1018
4793,4.28009,2821,1018
4794,4.3869,2821,1018
4795,4.83704,2821,1018
4796,4.37927,2821,1018
4797,4.34113,2821,1018
4798,4.28772,2821,1018
4799,4.74548,2821,1018
4800,4.37927,2821,1018
4801,4.36401,2821,1018
4802,4.73022,2821,1018
4803,4.6463,2821,1018
4804,4.34875,2821,1018
4805,4.31061,2821,1018
4806,4.53949,2821,1018
4807,4.54712,2821,1018
4808,4.43268,2821,1018
4809,4.40979,2821,1018
4810,4.60052,2821,1018
4811,4.47845,2821,1018
4812,4.50134,2821,1018
4813,4.23431,2821,1018
4814,4.63104,2821,1018
4815,4.5166,2821,1018
4816,4.26483,2821,1018
4817,4.3335,2821,1018
4818,4.73022,2821,1018
4819,4.53186,2821,1018
4820,4.2038,2821,1018
4821,4.44031,2821,1018
4822,5.26428,2821,1018
4823,3.99017,2821,1018
4824,5.05066,2821,1018
4825,3.82996,2821,1018
4826,5.04303,2821,1018
4827,4.28772,2821,1018
4828,3.91388,2821,1018
4829,5.18036,2821,1018
4830,3.91388,2821,1018
4831,4.76074,2821,1018
4832,4.34875,2821,1018
4833,4.34875,2821,1018
4834,4.75311,2821,1018
4835,4.17328,2821,1018
4836,4.82178,2821,1018
4837,4.40216,2821,1018
4838,4.05884,2821,1018
4839,4.76074,2821,1018
4840,4.41742,2821,1018
4841,4.70734,2821,1018
4842,3.97491,2821,1018
4843,4.40216,2821,1018
4844,5.15747,2821,1018
4845,4.00543,2821,1018
4846,4.76074,2821,1018
4847,4.40216,2821,1018
4848,4.23431,2821,1018
4849,4.69208,2821,1018
4850,4.08173,2821,1018
4851,5.06592,2821,1018
4852,4.02832,2821,1018
4853,4.52423,2821,1018
4854,4.47083,2821,1018
4855,4.54712,2821,1018
4856,4.57764,2821,1018
4857,4.00543,2821,1018
4858,4.76837,2821,1018
4859,4.29535,2821,1018
4860,4.47083,2821,1018
4861,4.60815,2821,1018
4862,4.18091,2821,1018
4863,4.82178,2821,1018
4864,4.41742,2821,1018
4865,4.10461,2821,1018
4866,4.89807,2821,1018
4867,4.34875,2821,1018
4868,4.73022,2821,1018
4869,4.01306,2821,1018
4870,4.69208,2821,1018
4871,4.31061,2821,1018
4872,4.40216,2821,1018
4873,4.39453,2821,1018
4874,4.5929,2821,1018
4875,4.4632,2821,1018
4876,4.34113,2821,1018
4877,4.35638,2821,1018
4878,4.65393,2821,1018
4879,4.45557,2821,1018
4880,4.44031,2821,1018
4881,5.08881,2821,1018
4882,3.78418,2821,1018
4883,4.32587,2821,1018
4884,4.39453,2821,1018
4885,4.7226,2821,1018
4886,4.99725,2821,1018
4887,3.75366,2821,1018
4888,4.70734,2821,1018
4889,4.79889,2821,1009
4890,4.10461,2821,1009
4891,4.95911,2821,1009
4892,4.04358,2821,1009
4893,4.3869,2821,1009
4894,4.27246,2821,1009
4895,4.53186,2821,1009
4896,4.66156,2821,1009
4897,4.34875,2821,1009
4898,4.76837,2821,1009
4899,3.83759,2821,1009
4900,4.69208,2821,1009
4901,4.29535,2821,1009
4902,4.43268,2821,1009
4903,5.28717,2821,1009
4904,3.86047,2821,1009
4905,4.94385,2821,1009
4906,3.82996,2821,1009
4907,4.52423,2821,1009
4908,4.54712,2821,1009
4909,4.23431,2821,1009
4910,5.06592,2821,1009
4911,4.0741,2821,1009
4912,4.47845,2821,1009
4913,4.34875,2821,1009
4914,4.28009,2821,1009
4915,4.70734,2821,1009
4916,4.47083,2821,1009
4917,4.2572,2821,1009
4918,4.41742,2821,1009
4919,4.62341,2821,1009
4920,4.47845,2821,1009
4921,4.3869,2821,1009
4922,4.49371,2821,1009
4923,5.08118,2821,1009
4924,4.776,2821,1009
4925,3.32642,2821,1009
4926,4.73022,2821,1009
4927,4.37927,2821,1009
4928,4.3335,2821,1009
4929,4.44031,2821,1009
4930,4.66919,2821,1009
4931,4.2572,2821,1009
4932,4.36401,2821,1009
4933,5.0354,2821,1009
4934,4.1275,2821,1009
4935,4.44031,2821,1009
4936,4.2572,2821,1009
4937,4.6463,2821,1009
4938,5.05066,2821,1009
4939,3.95203,2821,1009
4940,5.0354,2821,1009
4941,4.08936,2821,1009
4942,4.62341,2821,1009
4943,4.24957,2821,1009
4944,4.0741,2821,1009
4945,5.08118,2821,1009
4946,4.04358,2821,1009
4947,4.66919,2821,1009
4948,4.2572,2821,1009
4949,4.41742,2821,1009
4950,4.48608,2821,1009
4951,4.32587,2821,1009
4952,5.13458,2821,1009
4953,3.83759,2821,1009
4954,4.31061,2821,1009
4955,5.46265,2821,1009
4956,3.76892,2821,1009
4957,4.37164,2821,1009
4958,4.76074,2821,1009
4959,4.05121,2821,1009
4960,4.92859,2821,1009
4961,3.96729,2821,1009
4962,4.4632,2821,1009
4963,5.07355,2821,1009
4964,3.93677,2821,1009
4965,4.42505,2821,1009
4966,4.73022,2821,1009
4967,4.32587,2821,1009
4968,4.22668,2821,1009
4969,4.76837,2821,1009
4970,4.40979,2821,1009
4971,4.28009,2821,1009
4972,4.68445,2821,1009
4973,4.00543,2821,1009
4974,4.69208,2821,1009
4975,4.6463,2821,1009
4976,4.31824,2821,1009
4977,4.50897,2821,1009
4978,4.24957,2821,1009
4979,4.84467,2821,1009
4980,4.56238,2821,1009
4981,3.98254,2821,1009
4982,4.87518,2821,1009
4983,4.24194,2821,1009
4984,4.65393,2821,1009
4985,4.16565,2821,1009
4986,4.40979,2821,1009
4987,4.92096,2821,1009
4988,4.00543,2821,1009
4989,4.67682,2821,1009
4990,4.53186,2821,1009
4991,4.02832,2821,1009
4992,4.69971,2821,1009
4993,4.27246,2821,1009
4994,4.70734,2821,1009
4995,4.0741,2821,1009
4996,4.65393,2821,1009
4997,4.67682,2821,1009
4998,4.06647,2821,1009
4999,4.73785,2821,1009
5000,4.05884,2821,1009
5001,5.12695,2821,1009
5002,4.03595,2821,1009
5003,4.50134,2821,1009
5004,4.27246,2821,1009
5005,4.70734,2821,1009
5006,4.30298,2821,1009
5007,5.05066,2821,1009
5008,3.99017,2821,1009
5009,4.44794,2821,1009
5010,4.21906,2821,1009
5011,4.40979,2821,1009
5012,4.69208,2821,1009
5013,4.30298,2821,1009
5014,4.35638,2821,1009
5015,4.4632,2821,1009
5016,4.74548,2821,1009
5017,4.34875,2821,1009
5018,4.31824,2821,1009
5019,4.30298,2821,1009
5020,4.68445,2821,1009
5021,4.50897,2821,1009
5022,4.30298,2821,1009
5023,4.50134,2821,1009
5024,4.66919,2821,1009
5025,4.24957,2821,1009
5026,4.47845,2821,1009
5027,4.79126,2821,1009
5028,4.40979,2821,1009
5029,4.36401,2821,1009
5030,4.41742,2821,1009
5031,4.57764,2821,1009
5032,4.34113,2821,1009
5033,4.39453,2821,1009
5034,4.40216,2821,1009
5035,4.63867,2821,1009
5036,4.40216,2821,1009
5037,4.31824,2821,1009
5038,4.74548,2821,1009
5039,4.35638,2821,1009
5040,4.2572,2821,1009
5041,4.4632,2821,1009
5042,4.6463,2821,1009
5043,4.40979,2821,1009
5044,4.36401,2821,1009
5045,4.44794,2821,1009
5046,4.776,2821,1009
5047,4.31061,2821,1009
5048,4.42505,2821,1009
5049,4.54712,2821,1009
5050,4.48608,2821,1009
5051,4.28772,2821,1009
5052,4.42505,2821,1009
5053,4.66156,2821,1009
5054,4.47083,2821,1009
5055,4.23431,2821,1009
5056,5.18036,2821,1009
5057,4.02832,2821,1009
5058,4.86755,2821,1009
5059,3.76892,2821,1009
5060,4.50134,2821,1009
5061,5.0354,2821,1009
5062,3.89862,2821,1009
5063,5.14984,2821,1009
5064,3.9444,2821,1009
5065,4.47845,2821,1009
5066,4.73785,2821,1009
5067,3.8681,2821,1009
5068,5.2948,2821,1009
5069,3.88336,2821,1009
5070,4.36401,2821,1009
5071,4.74548,2821,1009
5072,4.31824,2821,1009
5073,4.31061,2821,1009
5074,4.45557,2821,1009
5075,4.3335,2821,1009
5076,5.07355,2821,1009
5077,3.9444,2821,1009
5078,4.39453,2821,1009
5079,4.5929,2821,1009
5080,4.49371,2821,1009
5081,4.69971,2821,1009
5082,3.95203,2821,1009
5083,4.63104,2821,1009
5084,4.34875,2821,1009
5085,4.92096,2821,1009
5086,3.91388,2821,1009
5087,4.65393,2821,1009
5088,4.53949,2821,1009
5089,4.22668,2821,1009
5090,4.30298,2821,1009
5091,4.85229,2821,1009
5092,4.45557,2821,1009
5093,4.34875,2821,1009
5094,4.57001,2821,1009
5095,4.58527,2821,1009
5096,4.57001,2821,1009
5097,4.21906,2821,1009
5098,4.65393,2821,1009
5099,4.2572,2821,1009
5100,4.44031,2821,1009
5101,4.44794,2821,1009
5102,5.14221,2821,1009
5103,3.96729,2821,1009
5104,4.05121,2821,1009
5105,4.76837,2821,1009
5106,4.49371,2821,1009
5107,4.35638,2821,1009
5108,4.2038,2821,1009
5109,4.76837,2821,1009
5110,4.80652,2821,1009
5111,3.9978,2821,1009
5112,4.94385,2821,1009
5113,4.3335,2821,999
5114,4.15039,2821,999
5115,4.18091,2821,999
5116,4.41742,2821,999
5117,5.45502,2821,999
5118,4.17328,2821,999
5119,3.97491,2821,999
5120,4.62341,2821,999
5121,4.47845,2821,999
5122,4.62341,2821,999
5123,4.02069,2821,999
5124,4.66156,2821,999
5125,4.63867,2821,999
5126,4.05121,2821,999
5127,4.85992,2821,999
5128,4.23431,2821,999
5129,4.37927,2821,999
5130,4.40979,2821,999
5131,4.53186,2821,999
5132,4.86755,2821,999
5133,3.99017,2821,999
5134,4.41742,2821,999
5135,4.92859,2821,999
5136,4.11987,2821,999
5137,4.34875,2821,999
5138,4.37927,2821,999
5139,4.76837,2821,999
5140,4.60052,2821,999
5141,4.18091,2821,999
5142,4.34875,2821,999
5143,4.68445,2821,999
5144,4.36401,2821,999
5145,4.50897,2821,999
5146,4.36401,2821,999
5147,4.56238,2821,999
5148,4.54712,2821,999
5149,4.26483,2821,999
5150,4.66919,2821,999
5151,4.37164,2821,999
5152,4.37164,2821,999
5153,4.44794,2821,999
5154,4.58527,2821,999
5155,4.47083,2821,999
5156,4.30298,2821,999
5157,4.40979,2821,999
5158,4.69971,2821,999
5159,4.31824,2821,999
5160,4.9057,2821,999
5161,3.76129,2821,999
5162,5.47028,2821,999
5163,3.82996,2821,999
5164,4.63867,2821,999
5165,4.35638,2821,999
5166,4.60815,2821,999
5167,4.69971,2821,999
5168,3.77655,2821,999
5169,5.27954,2821,999
5170,4.57001,2821,999
5171,3.61633,2821,999
5172,4.52423,2821,999
5173,4.68445,2821,999
5174,5.0354,2821,999
5175,4.15802,2821,999
5176,3.79181,2821,999
5177,5.26428,2821,999
5178,3.79944,2821,999
5179,5.13458,2821,999
5180,4.50134,2821,999
5181,3.91388,2821,999
5182,4.57764,2821,999
5183,4.05121,2821,999
5184,4.95148,2821,999
5185,4.08936,2821,999
5186,4.82178,2821,999
5187,4.2038,2821,999
5188,4.5929,2821,999
5189,4.66156,2821,999
5190,4.26483,2821,999
5191,4.76074,2821,999
5192,4.37164,2821,999
5193,4.17328,2821,999
5194,5.05066,2821,999
5195,3.96729,2821,999
5196,5.01251,2821,999
5197,4.28772,2821,999
5198,3.82996,2821,999
5199,5.31006,2821,999
5200,3.70789,2821,999
5201,4.7226,2821,999
5202,4.32587,2821,999
5203,4.42505,2821,999
5204,4.76074,2821,999
5205,4.04358,2821,999
5206,4.84467,2821,999
5207,4.41742,2821,999
5208,4.05884,2821,999
5209,4.776,2821,999
5210,4.66156,2821,999
5211,4.52423,2821,999
5212,4.21143,2821,999
5213,4.15039,2821,999
5214,5.40161,2821,999
5215,3.79944,2821,999
5216,4.62341,2821,999
5217,4.50134,2821,999
5218,4.2572,2821,999
5219,4.65393,2821,999
5220,4.05121,2821,999
5221,4.98199,2821,999
5222,4.43268,2821,999
5223,4.13513,2821,999
5224,4.54712,2821,999
5225,4.4632,2821,999
5226,4.66156,2821,999
5227,4.15039,2821,999
5228,4.57001,2821,999
5229,4.65393,2821,999
5230,4.0741,2821,999
5231,4.82178,2821,999
5232,4.13513,2821,999
5233,4.79889,2821,999
5234,4.32587,2821,999
5235,4.14276,2821,999
5236,4.60052,2821,999
5237,4.57001,2821,999
5238,4.44794,2821,999
5239,4.31824,2821,999
5240,4.76837,2821,999
5241,4.57001,2821,999
5242,4.08936,2821,999
5243,4.45557,2821,999
5244,4.87518,2821,999
5245,4.13513,2821,999
5246,4.3869,2821,999
5247,4.67682,2821,999
5248,4.40979,2821,999
5249,4.74548,2821,999
5250,3.9444,2821,999
5251,4.65393,2821,999
5252,4.54712,2821,999
5253,4.21906,2821,999
5254,4.28772,2821,999
5255,4.79126,2821,999
5256,4.53949,2821,999
5257,4.18854,2821,999
5258,4.50134,2821,999
5259,5.14221,2821,999
5260,3.89862,2821,999
5261,4.48608,2821,999
5262,4.56238,2821,999
5263,5.09644,2821,999
5264,3.62396,2821,999
5265,4.34875,2821,999
5266,4.70734,2821,999
5267,4.57764,2821,999
5268,4.66919,2821,999
5269,3.93677,2821,999
5270,4.69971,2821,999
5271,4.29535,2821,999
5272,4.47845,2821,999
5273,4.63104,2821,999
5274,4.3869,2821,999
5275,4.40216,2821,999
5276,4.24957,2821,999
5277,4.87518,2821,999
5278,4.21906,2821,999
5279,4.50134,2821,999
5280,4.40979,2821,999
5281,5.22614,2821,999
5282,3.92914,2821,999
5283,4.91333,2821,999
5284,3.8147,2821,999
5285,4.80652,2821,999
5286,4.30298,2821,999
5287,4.40979,2821,999
5288,4.73785,2821,999
5289,4.30298,2821,999
5290,4.35638,2821,999
5291,4.28772,2821,999
5292,4.71497,2821,999
5293,4.50897,2821,999
5294,4.24957,2821,999
5295,4.37927,2821,999
5296,4.67682,2821,999
5297,4.29535,2821,999
5298,4.49371,2821,999
5299,4.3869,2821,999
5300,4.93622,2821,999
5301,4.22668,2821,999
5302,4.15802,2821,999
5303,4.40979,2821,999
5304,4.76837,2821,999
5305,4.37164,2821,999
5306,4.92859,2821,999
5307,4.02832,2821,999
5308,4.37164,2821,999
5309,4.40216,2821,999
5310,4.82941,2821,999
5311,4.27246,2821,999
5312,4.3335,2821,999
5313,4.40979,2821,999
5314,4.34875,2821,999
5315,5.11932,2821,999
5316,4.02069,2821,999
5317,4.2572,2821,999
5318,4.62341,2821,999
5319,4.54712,2821,999
5320,4.37164,2821,999
5321,4.28772,2821,999
5322,4.80652,2821,999
5323,4.43268,2821,999
5324,4.52423,2821,999
5325,4.27246,2821,999
5326,4.53949,2821,999
5327,4.48608,2821,999
5328,4.30298,2821,999
5329,4.47083,2821,999
5330,4.80652,2821,999
5331,4.28772,2821,999
5332,4.3335,2821,999
5333,4.70734,2821,999
5334,4.44794,2821,999
5335,5.17273,2821,999
5336,3.47137,2821,999
5337,4.9057,2821,989
5338,4.29535,2821,989
5339,4.34113,2821,989
5340,4.31824,2821,989
5341,4.75311,2821,989
5342,4.29535,2821,989
5343,4.53186,2821,989
5344,5.11169,2821,989
5345,3.73077,2821,989
5346,4.3869,2821,989
5347,4.37164,2821,989
5348,4.67682,2821,989
5349,4.47845,2821,989
5350,4.29535,2821,989
5351,4.3869,2821,989
5352,4.74548,2821,989
5353,4.40979,2821,989
5354,4.36401,2821,989
5355,4.34875,2821,989
5356,4.66919,2821,989
5357,4.47083,2821,989
5358,4.43268,2821,989
5359,4.30298,2821,989
5360,4.68445,2821,989
5361,4.35638,2821,989
5362,4.34113,2821,989
5363,4.76074,2821,989
5364,4.31061,2821,989
5365,4.29535,2821,989
5366,4.50897,2821,989
5367,4.62341,2821,989
5368,4.28772,2821,989
5369,4.47083,2821,989
5370,4.31824,2821,989
5371,4.69971,2821,989
5372,4.45557,2821,989
5373,4.28009,2821,989
5374,4.63867,2821,989
5375,4.61578,2821,989
5376,4.30298,2821,989
5377,4.4632,2821,989
5378,4.6463,2821,989
5379,4.47845,2821,989
5380,4.21906,2821,989
5381,4.44031,2821,989
5382,4.58527,2821,989
5383,4.35638,2821,989
5384,4.43268,2821,989
5385,4.48608,2821,989
5386,4.56238,2821,989
5387,4.49371,2821,989
5388,4.30298,2821,989
5389,4.60052,2821,989
5390,4.3869,2821,989
5391,4.53186,2821,989
5392,4.22668,2821,989
5393,4.6463,2821,989
5394,4.40979,2821,989
5395,4.30298,2821,989
5396,4.3869,2821,989
5397,4.92859,2821,989
5398,4.39453,2821,989
5399,4.44794,2821,998
5400,27.7634,2821,998
5401,0.923157,2821,998
5402,0.930786,2821,998
5403,3.01361,2821,998
5404,4.52423,2821,998
5405,4.40216,2821,998
5406,4.49371,2821,998
5407,4.17328,2821,998
5408,4.49371,2821,998
5409,4.53186,2821,998
5410,4.37164,2821,998
5411,4.54712,2821,998
5412,4.49371,2821,998
5413,4.40979,2821,998
5414,4.30298,2821,998
5415,4.44031,2821,998
5416,4.63867,2821,998
5417,4.40979,2821,998
5418,4.32587,2821,998
5419,4.5166,2821,998
5420,4.79889,2821,998
5421,4.70734,2821,998
5422,4.05121,2821,998
5423,4.55475,2821,998
5424,4.39453,2821,998
5425,4.50897,2821,998
5426,4.19617,2821,998
5427,4.74548,2821,998
5428,4.50897,2821,998
5429,4.21143,2821,998
5430,4.37927,2821,998
5431,4.67682,2821,998
5432,4.41742,2821,998
5433,4.58527,2821,998
5434,4.27246,2821,998
5435,4.66156,2821,998
5436,4.22668,2821,998
5437,4.45557,2821,998
5438,4.75311,2821,998
5439,4.52423,2821,998
5440,4.13513,2821,998
5441,4.36401,2821,998
5442,4.81415,2821,998
5443,4.45557,2821,998
5444,4.34113,2821,998
5445,4.50897,2821,998
5446,4.60052,2821,998
5447,4.30298,2821,998
5448,4.44794,2821,998
5449,4.71497,2821,998
5450,4.31061,2821,998
5451,4.41742,2821,998
5452,4.27246,2821,998
5453,4.6463,2821,998
5454,4.53949,2821,998
5455,4.31824,2821,998
5456,4.42505,2821,998
5457,4.63867,2821,998
5458,4.3335,2821,998
5459,4.42505,2821,998
5460,4.3335,2821,998
5461,4.73022,2821,998
5462,4.32587,2821,998
5463,4.43268,2821,998
5464,4.35638,2821,998
5465,4.80652,2821,998
5466,4.44031,2821,998
5467,4.35638,2821,998
5468,4.63104,2821,998
5469,4.40216,2821,998
5470,4.39453,2821,998
5471,4.37164,2821,998
5472,4.62341,2821,998
5473,4.47083,2821,998
5474,4.60815,2821,998
5475,4.37164,2821,998
5476,4.62341,2821,998
5477,4.31061,2821,998
5478,4.39453,2821,998
5479,4.65393,2821,998
5480,4.45557,2821,998
5481,4.24957,2821,998
5482,4.68445,2821,998
5483,4.85992,2821,998
5484,4.15802,2821,998
5485,4.37164,2821,998
5486,4.34113,2821,998
5487,4.86755,2821,998
5488,4.4632,2821,998
5489,4.26483,2821,998
5490,4.37164,2821,998
5491,4.80652,2821,998
5492,4.27246,2821,998
5493,4.37164,2821,998
5494,4.69971,2821,998
5495,4.43268,2821,998
5496,4.31061,2821,998
5497,4.47845,2821,998
5498,4.58527,2821,998
5499,4.5166,2821,998
5500,4.85229,2821,998
5501,3.80707,2821,998
5502,4.89807,2821,998
5503,4.40216,2821,998
5504,4.3869,2821,998
5505,4.47083,2821,998
5506,4.47083,2821,998
5507,4.37164,2821,998
5508,4.57764,2821,998
5509,4.67682,2821,998
5510,4.69971,2821,998
5511,4.02069,2821,998
5512,4.53949,2821,998
5513,4.60815,2821,998
5514,4.41742,2821,998
5515,4.40216,2821,998
5516,4.2572,2821,998
5517,4.69971,2821,998
5518,4.42505,2821,998
5519,4.53949,2821,998
5520,4.78363,2821,998
5521,4.19617,2821,998
5522,4.28772,2821,998
5523,4.37927,2821,998
5524,4.68445,2821,998
5525,4.43268,2821,998
5526,4.44794,2821,998
5527,4.40216,2821,998
5528,4.58527,2821,998
5529,4.47083,2821,998
5530,4.36401,2821,998
5531,4.27246,2821,998
5532,4.85992,2821,998
5533,4.53949,2821,998
5534,4.30298,2821,998
5535,4.85229,2821,998
5536,4.39453,2821,998
5537,4.15802,2821,998
5538,5.09644,2821,998
5539,4.03595,2821,998
5540,4.50134,2821,998
5541,4.2572,2821,998
5542,4.42505,2821,998
5543,4.69971,2821,998
5544,4.34875,2821,998
5545,4.34875,2821,998
5546,4.61578,2821,998
5547,4.48608,2821,998
5548,4.42505,2821,998
5549,4.35638,2821,998
5550,4.70734,2821,998
5551,4.34113,2821,998
5552,4.37927,2821,998
5553,4.48608,2821,998
5554,4.85229,2821,998
5555,4.21906,2821,998
5556,4.40216,2821,998
5557,4.40979,2821,998
5558,4.67682,2821,995
5559,4.44794,2821,995
5560,4.34113,2821,995
5561,4.63104,2821,995
5562,4.45557,2821,995
5563,4.37164,2821,995
5564,4.39453,2821,995
5565,4.82941,2821,995
5566,4.2572,2821,995
5567,4.37927,2821,995
5568,4.37927,2821,995
5569,5.04303,2821,995
5570,4.24194,2821,995
5571,4.24957,2821,995
5572,4.50134,2821,995
5573,4.57764,2821,995
5574,4.27246,2821,995
5575,4.54712,2821,995
5576,4.6463,2821,995
5577,4.45557,2821,995
5578,4.22668,2821,995
5579,4.43268,2821,995
5580,4.84467,2821,995
5581,4.26483,2821,995
5582,4.37927,2821,995
5583,4.43268,2821,995
5584,4.76837,2821,995
5585,4.39453,2821,995
5586,4.40216,2821,995
5587,4.50134,2821,995
5588,4.53186,2821,995
5589,4.41742,2821,995
5590,4.2038,2821,995
5591,4.63867,2821,995
5592,4.39453,2821,995
5593,4.35638,2821,995
5594,4.67682,2821,995
5595,4.54712,2821,995
5596,4.31824,2821,995
5597,4.47083,2821,995
5598,4.44031,2821,995
5599,4.63104,2821,995
5600,4.34113,2821,995
5601,4.4632,2821,995
5602,4.53186,2821,995
5603,4.60052,2821,995
5604,4.85229,2821,995
5605,3.89862,2821,995
5606,4.73022,2821,995
5607,4.3335,2821,995
5608,4.44794,2821,995
5609,4.57001,2821,995
5610,4.57001,2821,995
5611,4.35638,2821,995
5612,4.40979,2821,995
5613,4.35638,2821,995
5614,4.66919,2821,995
5615,4.3869,2821,995
5616,4.39453,2821,995
5617,4.63104,2821,995
5618,4.39453,2821,995
5619,4.50897,2821,995
5620,4.15039,2821,995
5621,4.80652,2821,995
5622,4.29535,2821,995
5623,4.44794,2821,995
5624,4.35638,2821,995
5625,4.85992,2821,995
5626,4.47083,2821,995
5627,4.36401,2821,995
5628,4.7226,2821,995
5629,4.39453,2821,995
5630,4.45557,2821,995
5631,4.34113,2821,995
5632,4.79126,2821,995
5633,4.35638,2821,995
5634,4.21906,2821,995
5635,4.39453,2821,995
5636,4.67682,2821,995
5637,4.34113,2821,995
5638,4.56238,2821,995
5639,4.34113,2821,995
5640,4.53949,2821,995
5641,4.63104,2821,995
5642,4.14276,2821,995
5643,4.67682,2821,995
5644,4.48608,2821,995
5645,4.41742,2821,995
5646,4.3335,2821,995
5647,4.60815,2821,995
5648,4.44031,2821,995
5649,4.34875,2821,995
5650,4.54712,2821,995
5651,5.05829,2821,995
5652,3.93677,2821,995
5653,4.49371,2821,995
5654,4.776,2821,995
5655,4.34113,2821,995
5656,4.30298,2821,995
5657,4.3869,2821,995
5658,4.7226,2821,995
5659,4.34875,2821,995
5660,4.47845,2821,995
5661,4.53186,2821,995
5662,4.45557,2821,995
5663,4.34113,2821,995
5664,4.49371,2821,995
5665,4.27246,2821,995
5666,4.70734,2821,995
5667,4.36401,2821,995
5668,4.5166,2821,995
5669,4.53186,2821,995
5670,4.89044,2821,995
5671,3.97491,2821,995
5672,4.31061,2821,995
5673,4.83704,2821,995
5674,4.35638,2821,995
5675,4.5166,2821,995
5676,4.44031,2821,995
5677,4.43268,2821,995
5678,4.55475,2821,995
5679,4.37927,2821,995
5680,4.40216,2821,995
5681,4.65393,2821,995
5682,4.44794,2821,995
5683,4.24957,2821,995
5684,4.66156,2821,995
5685,4.57764,2821,995
5686,4.32587,2821,995
5687,4.26483,2821,995
5688,4.73022,2821,995
5689,4.4632,2821,995
5690,4.28772,2821,995
5691,4.40979,2821,995
5692,4.69208,2821,995
5693,4.32587,2821,995
5694,4.35638,2821,995
5695,4.67682,2821,995
5696,5.34821,2821,995
5697,3.70789,2821,995
5698,4.57001,2821,995
5699,4.62341,2821,995
5700,4.3869,2821,995
5701,4.37927,2821,995
5702,4.48608,2821,995
5703,4.6463,2821,995
5704,4.42505,2821,995
5705,4.31824,2821,995
5706,4.5166,2821,995
5707,4.60052,2821,995
5708,4.34113,2821,995
5709,4.39453,2821,995
5710,4.76074,2821,995
5711,4.36401,2821,995
5712,4.37927,2821,995
5713,4.44794,2821,995
5714,4.56238,2821,995
5715,4.57001,2821,995
5716,4.2038,2821,995
5717,4.41742,2821,995
5718,4.86755,2821,995
5719,4.35638,2821,995
5720,4.31061,2821,995
5721,4.60052,2821,995
5722,4.57764,2821,995
5723,4.47845,2821,995
5724,4.28772,2821,995
5725,4.91333,2821,995
5726,4.27246,2821,995
5727,4.57764,2821,995
5728,4.2038,2821,995
5729,4.78363,2821,995
5730,4.37164,2821,995
5731,4.60815,2821,995
5732,4.16565,2821,995
5733,4.69971,2821,995
5734,4.54712,2821,995
5735,4.23431,2821,995
5736,4.61578,2821,995
5737,4.50134,2821,995
5738,4.28009,2821,995
5739,4.47083,2821,995
5740,4.79126,2821,995
5741,4.30298,2821,995
5742,4.44031,2821,995
5743,4.87518,2821,995
5744,4.13513,2821,995
5745,4.45557,2821,995
5746,4.57764,2821,995
5747,4.18091,2821,995
5748,4.73022,2821,995
5749,4.40216,2821,995
5750,4.4632,2821,995
5751,4.76074,2821,995
5752,4.19617,2821,995
5753,4.40979,2821,995
5754,4.4632,2821,995
5755,4.62341,2821,995
5756,4.44794,2821,995
5757,4.30298,2821,995
5758,4.50134,2821,995
5759,4.60052,2821,995
5760,4.34875,2821,995
5761,4.54712,2821,995
5762,4.45557,2821,995
5763,4.70734,2821,995
5764,4.29535,2821,995
5765,4.34875,2821,995
5766,4.68445,2821,995
5767,4.41742,2821,995
5768,4.36401,2821,995
5769,4.50134,2821,995
5770,4.65393,2821,995
5771,4.40216,2821,995
5772,4.31061,2821,995
5773,4.4632,2821,995
5774,4.63867,2821,995
5775,4.37927,2821,995
5776,4.37927,2821,995
5777,4.69208,2821,995
5778,4.50897,2821,995
5779,4.3335,2821,995
5780,4.37164,2821,995
5781,4.89807,2821,992
5782,4.23431,2821,992
5783,4.31824,2821,992
5784,4.39453,2821,992
5785,4.5929,2821,992
5786,4.55475,2821,992
5787,4.31061,2821,992
5788,4.98199,2821,992
5789,4.30298,2821,992
5790,4.23431,2821,992
5791,4.53186,2821,992
5792,4.49371,2821,992
5793,4.34875,2821,992
5794,4.53186,2821,992
5795,4.28009,2821,992
5796,4.6463,2821,992
5797,4.50897,2821,992
5798,4.30298,2821,992
5799,4.45557,2821,992
5800,4.63104,2821,992
5801,4.42505,2821,992
5802,4.2572,2821,992
5803,4.69208,2821,992
5804,4.42505,2821,992
5805,4.31824,2821,992
5806,4.48608,2821,992
5807,4.5166,2821,992
5808,4.44031,2821,992
5809,4.31061,2821,992
5810,4.4632,2821,992
5811,4.70734,2821,992
5812,4.40979,2821,992
5813,4.42505,2821,992
5814,4.39453,2821,992
5815,4.69971,2821,992
5816,4.30298,2821,992
5817,4.3335,2821,992
5818,4.63867,2821,992
5819,4.44031,2821,992
5820,4.3869,2821,992
5821,4.34113,2821,992
5822,4.76074,2821,992
5823,4.35638,2821,992
5824,4.24194,2821,992
5825,4.4632,2821,992
5826,4.776,2821,992
5827,4.39453,2821,992
5828,4.19617,2821,992
5829,4.44031,2821,992
5830,4.82178,2821,992
5831,4.36401,2821,992
5832,4.36401,2821,992
5833,4.6463,2821,992
5834,4.58527,2821,992
5835,4.30298,2821,992
5836,4.58527,2821,992
5837,4.48608,2821,992
5838,4.55475,2821,992
5839,4.2038,2821,992
5840,4.57764,2821,992
5841,4.65393,2821,992
5842,4.34113,2821,992
5843,4.31061,2821,992
5844,4.41742,2821,992
5845,4.66156,2821,992
5846,4.36401,2821,992
5847,4.34875,2821,992
5848,4.61578,2821,992
5849,4.37927,2821,992
5850,4.37927,2821,992
5851,4.5166,2821,992
5852,4.54712,2821,992
5853,4.48608,2821,992
5854,4.28772,2821,992
5855,4.44031,2821,992
5856,4.71497,2821,992
5857,4.54712,2821,992
5858,4.21906,2821,992
5859,4.65393,2821,992
5860,4.37164,2821,992
5861,4.44794,2821,992
5862,4.40979,2821,992
5863,4.53949,2821,992
5864,4.66156,2821,992
5865,4.0741,2821,992
5866,4.55475,2821,992
5867,4.67682,2821,992
5868,4.24194,2821,992
5869,4.39453,2821,992
5870,4.41742,2821,992
5871,4.61578,2821,992
5872,4.3869,2821,992
5873,4.36401,2821,992
5874,4.6463,2821,992
5875,4.79889,2821,992
5876,4.08173,2821,992
5877,4.36401,2821,992
5878,4.75311,2821,992
5879,4.50134,2821,992
5880,4.30298,2821,992
5881,4.32587,2821,992
5882,4.69208,2821,992
5883,4.3869,2821,992
5884,4.31824,2821,992
5885,4.49371,2821,992
5886,4.66919,2821,992
5887,4.31824,2821,992
5888,4.34875,2821,992
5889,4.98199,2821,992
5890,4.02069,2821,992
5891,4.4632,2821,992
5892,4.40979,2821,992
5893,4.75311,2821,992
5894,4.24957,2821,992
5895,4.36401,2821,992
5896,4.50897,2821,992
5897,4.65393,2821,992
5898,4.39453,2821,992
5899,4.73022,2821,992
5900,4.11224,2821,992
5901,4.80652,2821,992
5902,4.3335,2821,992
5903,4.39453,2821,992
5904,4.7226,2821,992
5905,4.29535,2821,992
5906,4.3869,2821,992
5907,4.73785,2821,992
5908,4.40216,2821,992
5909,4.28009,2821,992
5910,4.41742,2821,992
5911,4.44031,2821,992
5912,4.61578,2821,992
5913,4.42505,2821,992
5914,4.40979,2821,992
5915,4.5929,2821,992
5916,4.44794,2821,992
5917,4.31824,2821,992
5918,4.39453,2821,992
5919,4.66919,2821,992
5920,4.40216,2821,992
5921,4.48608,2821,992
5922,4.23431,2821,992
5923,4.83704,2821,992
5924,4.49371,2821,992
5925,4.34875,2821,992
5926,4.24194,2821,992
5927,4.68445,2821,992
5928,4.50897,2821,992
5929,4.44031,2821,992
5930,4.54712,2821,992
5931,4.34875,2821,992
5932,4.30298,2821,992
5933,4.50134,2821,992
5934,4.60052,2821,992
5935,4.50134,2821,992
5936,4.31824,2821,992
5937,4.79889,2821,992
5938,4.18854,2821,992
5939,4.41742,2821,992
5940,4.42505,2821,992
5941,4.28009,2821,992
5942,4.79126,2821,992
5943,4.37164,2821,992
5944,4.7226,2821,992
5945,4.22668,2821,992
5946,4.56238,2821,992
5947,4.32587,2821,992
5948,4.69971,2821,992
5949,4.57764,2821,992
5950,4.32587,2821,992
5951,4.56238,2821,992
5952,4.23431,2821,992
5953,4.62341,2821,992
5954,4.35638,2821,992
5955,4.40979,2821,992
5956,4.57764,2821,992
5957,4.58527,2821,992
5958,4.21143,2821,992
5959,4.37164,2821,992
5960,4.63867,2821,992
5961,4.63867,2821,992
5962,4.15039,2821,992
5963,4.34113,2821,992
5964,4.69208,2821,992
5965,4.50897,2821,992
5966,4.31824,2821,992
5967,4.28772,2821,992
5968,4.85992,2821,992
5969,4.37164,2821,992
5970,4.40216,2821,992
5971,4.54712,2821,992
5972,4.42505,2821,992
5973,4.4632,2821,992
5974,4.30298,2821,992
5975,4.65393,2821,992
5976,4.37164,2821,992
5977,4.55475,2821,992
5978,4.22668,2821,992
5979,4.6463,2821,992
5980,4.37927,2821,992
5981,4.44031,2821,992
5982,4.32587,2821,992
5983,4.65393,2821,992
5984,4.43268,2821,992
5985,4.30298,2821,992
5986,4.7226,2821,992
5987,4.29535,2821,992
5988,4.39453,2821,992
5989,4.3335,2821,992
5990,4.78363,2821,992
5991,4.37164,2821,992
5992,4.49371,2821,992
5993,4.28772,2821,992
5994,4.78363,2821,992
5995,4.39453,2821,992
5996,4.52423,2821,992
5997,4.39453,2821,992
5998,4.55475,2821,992
5999,4.30298,2821,992
6000,4.36401,2821,992
6001,4.68445,2821,992
6002,4.47845,2821,992
6003,4.30298,2821,992
6004,4.31061,2821,992
6005,4.7226,2821,990
6006,4.44794,2821,990
6007,4.29535,2821,990
6008,4.34875,2821,990
6009,4.68445,2821,990
6010,4.47083,2821,990
6011,4.31061,2821,990
6012,4.44031,2821,990
6013,4.66919,2821,990
6014,4.3335,2821,990
6015,4.47083,2821,990
6016,4.66156,2821,990
6017,4.3335,2821,990
6018,4.50897,2821,990
6019,4.31061,2821,990
6020,4.73022,2821,990
6021,4.34113,2821,990
6022,4.44794,2821,990
6023,4.35638,2821,990
6024,4.57764,2821,990
6025,4.50134,2821,990
6026,4.40216,2821,990
6027,4.44031,2821,990
6028,4.52423,2821,990
6029,4.24957,2821,990
6030,4.41742,2821,990
6031,4.71497,2821,990
6032,4.32587,2821,990
6033,4.63867,2821,990
6034,4.21906,2821,990
6035,4.53186,2821,990
6036,4.34875,2821,990
6037,4.41742,2821,990
6038,4.3869,2821,990
6039,4.95148,2821,990
6040,4.3335,2821,990
6041,4.31824,2821,990
6042,4.68445,2821,990
6043,4.29535,2821,990
6044,4.39453,2821,990
6045,4.37164,2821,990
6046,4.74548,2821,990
6047,4.31824,2821,990
6048,4.53186,2821,990
6049,4.40216,2821,990
6050,4.67682,2821,990
6051,4.24194,2821,990
6052,4.39453,2821,990
6053,4.55475,2821,990
6054,4.63104,2821,990
6055,4.37164,2821,990
6056,4.2572,2821,990
6057,4.61578,2821,990
6058,4.5166,2821,990
6059,4.55475,2821,990
6060,4.21906,2821,990
6061,4.53949,2821,990
6062,4.36401,2821,990
6063,4.37927,2821,990
6064,4.47845,2821,990
6065,4.73022,2821,990
6066,4.76074,2821,990
6067,4.0741,2821,990
6068,4.42505,2821,990
6069,4.6463,2821,990
6070,4.37164,2821,990
6071,4.39453,2821,990
6072,4.60052,2821,990
6073,4.42505,2821,990
6074,4.44794,2821,990
6075,4.24194,2821,990
6076,4.7226,2821,990
6077,4.31824,2821,990
6078,4.4632,2821,990
6079,4.35638,2821,990
6080,4.68445,2821,990
6081,4.41742,2821,990
6082,4.35638,2821,990
6083,4.49371,2821,990
6084,4.41742,2821,990
6085,4.43268,2821,990
6086,4.40979,2821,990
6087,4.70734,2821,990
6088,4.34875,2821,990
6089,4.36401,2821,990
6090,4.43268,2821,990
6091,4.69971,2821,990
6092,4.3335,2821,990
6093,4.52423,2821,990
6094,4.31061,2821,990
6095,4.82941,2821,990
6096,4.45557,2821,990
6097,4.26483,2821,990
6098,4.63867,2821,990
6099,4.63104,2821,990
6100,4.28772,2821,990
6101,4.37164,2821,990
6102,4.69208,2821,990
6103,4.31824,2821,990
6104,4.42505,2821,990
6105,4.48608,2821,990
6106,4.5166,2821,990
6107,4.50897,2821,990
6108,4.23431,2821,990
6109,4.52423,2821,990
6110,4.78363,2821,990
6111,4.40979,2821,990
6112,4.31061,2821,990
6113,4.58527,2821,990
6114,4.50134,2821,990
6115,4.30298,2821,990
6116,4.49371,2821,990
6117,4.60815,2821,990
6118,4.34875,2821,990
6119,4.36401,2821,990
6120,4.37927,2821,990
6121,4.67682,2821,990
6122,4.47083,2821,990
6123,4.36401,2821,990
6124,4.50897,2821,990
6125,4.47083,2821,990
6126,4.40216,2821,990
6127,4.3869,2821,990
6128,4.56238,2821,990
6129,4.48608,2821,990
6130,4.31824,2821,990
6131,4.49371,2821,990
6132,4.63867,2821,990
6133,4.44031,2821,990
6134,4.44031,2821,990
6135,4.27246,2821,990
6136,4.68445,2821,990
6137,4.43268,2821,990
6138,4.28009,2821,990
6139,4.6463,2821,990
6140,4.40216,2821,990
6141,4.37927,2821,990
6142,4.35638,2821,990
6143,4.79126,2821,990
6144,4.50134,2821,990
6145,4.37164,2821,990
6146,4.2572,2821,990
6147,5.07355,2821,990
6148,3.86047,2821,990
6149,4.44031,2821,990
6150,4.35638,2821,990
6151,4.68445,2821,990
6152,4.41742,2821,990
6153,4.31061,2821,990
6154,4.7226,2821,990
6155,4.52423,2821,990
6156,4.34875,2821,990
6157,4.42505,2821,990
6158,4.50897,2821,990
6159,4.40216,2821,990
6160,4.41742,2821,990
6161,4.27246,2821,990
6162,4.79126,2821,990
6163,4.76837,2821,990
6164,3.89862,2821,990
6165,4.43268,2821,990
6166,4.71497,2821,990
6167,4.2572,2821,990
6168,4.50134,2821,990
6169,4.50134,2821,990
6170,4.37164,2821,990
6171,4.66919,2821,990
6172,4.34113,2821,990
6173,4.6463,2821,990
6174,4.87518,2821,990
6175,3.85284,2821,990
6176,4.47845,2821,990
6177,4.71497,2821,990
6178,4.37164,2821,990
6179,4.35638,2821,990
6180,4.3869,2821,990
6181,4.69208,2821,990
6182,4.3869,2821,990
6183,4.3869,2821,990
6184,4.65393,2821,990
6185,4.4632,2821,990
6186,4.31061,2821,990
6187,4.4632,2821,990
6188,4.57001,2821,990
6189,4.44794,2821,990
6190,4.41742,2821,990
6191,4.34875,2821,990
6192,4.62341,2821,990
6193,4.37927,2821,990
6194,4.47845,2821,990
6195,4.50134,2821,990
6196,4.39453,2821,990
6197,4.47845,2821,990
6198,4.37164,2821,990
6199,4.57001,2821,990
6200,4.43268,2821,990
6201,4.30298,2821,990
6202,4.48608,2821,990
6203,4.76837,2821,990
6204,4.3869,2821,990
6205,4.39453,2821,990
6206,4.3335,2821,990
6207,4.69971,2821,990
6208,4.35638,2821,990
6209,4.40216,2821,990
6210,4.66156,2821,990
6211,4.34875,2821,990
6212,4.45557,2821,990
6213,4.37927,2821,990
6214,4.63867,2821,990
6215,4.61578,2821,990
6216,4.09698,2821,990
6217,4.48608,2821,990
6218,4.70734,2821,990
6219,4.37164,2821,990
6220,4.3335,2821,990
6221,4.50134,2821,990
6222,4.55475,2821,990
6223,4.35638,2821,990
6224,4.36401,2821,990
6225,5.08118,2821,990
6226,4.08936,2821,990
6227,4.3335,2821,990
6228,4.40979,2821,990
6229,4.75311,2821,988
6230,4.39453,2821,988
6231,4.37164,2821,988
6232,4.45557,2821,988
6233,4.87518,2821,988
6234,4.4632,2821,988
6235,4.34113,2821,988
6236,4.57001,2821,988
6237,4.57764,2821,988
6238,4.36401,2821,988
6239,4.31061,2821,988
6240,4.69971,2821,988
6241,4.40979,2821,988
6242,4.44794,2821,988
6243,4.31061,2821,988
6244,4.87518,2821,988
6245,4.23431,2821,988
6246,4.53186,2821,988
6247,4.2572,2821,988
6248,4.80652,2821,988
6249,4.44031,2821,988
6250,4.50134,2821,988
6251,4.53949,2821,988
6252,4.84467,2821,988
6253,4.01306,2821,988
6254,4.37164,2821,988
6255,4.81415,2821,988
6256,4.44794,2821,988
6257,4.37927,2821,988
6258,4.42505,2821,988
6259,4.62341,2821,988
6260,4.5166,2821,988
6261,4.39453,2821,988
6262,4.55475,2821,988
6263,4.44794,2821,988
6264,4.39453,2821,988
6265,4.37164,2821,988
6266,4.74548,2821,988
6267,4.43268,2821,988
6268,4.28772,2821,988
6269,4.44794,2821,988
6270,4.9057,2821,988
6271,4.31824,2821,988
6272,4.43268,2821,988
6273,4.50897,2821,988
6274,4.5929,2821,988
6275,4.32587,2821,988
6276,4.37927,2821,988
6277,4.71497,2821,988
6278,4.44794,2821,988
6279,4.37164,2821,988
6280,4.40216,2821,988
6281,4.61578,2821,988
6282,4.47083,2821,988
6283,4.44031,2821,988
6284,4.53949,2821,988
6285,4.43268,2821,988
6286,4.61578,2821,988
6287,4.21143,2821,988
6288,4.66156,2821,988
6289,4.49371,2821,988
6290,4.28772,2821,988
6291,4.39453,2821,988
6292,4.86755,2821,988
6293,4.3869,2821,988
6294,4.39453,2821,988
6295,4.44031,2821,988
6296,4.66156,2821,988
6297,4.50134,2821,988
6298,4.40216,2821,988
6299,4.26483,2821,988
6300,4.74548,2821,988
6301,4.32587,2821,988
6302,4.53186,2821,988
6303,4.66919,2821,988
6304,4.37927,2821,988
6305,4.36401,2821,988
6306,4.5929,2821,988
6307,4.50134,2821,988
6308,4.34113,2821,988
6309,4.42505,2821,988
6310,4.41742,2821,988
6311,4.68445,2821,988
6312,4.42505,2821,988
6313,4.37927,2821,988
6314,4.49371,2821,988
6315,4.73785,2821,988
6316,4.56238,2821,988
6317,4.31061,2821,988
6318,4.65393,2821,988
6319,4.35638,2821,988
6320,4.4632,2821,988
6321,4.24194,2821,988
6322,4.73785,2821,988
6323,4.40979,2821,988
6324,4.43268,2821,988
6325,4.39453,2821,988
6326,4.69208,2821,988
6327,4.85229,2821,988
6328,3.88336,2821,988
6329,4.68445,2821,988
6330,4.45557,2821,988
6331,4.39453,2821,988
6332,4.3335,2821,988
6333,4.89807,2821,988
6334,4.11987,2821,988
6335,4.53186,2821,988
6336,4.41742,2821,988
6337,4.69971,2821,988
6338,4.47845,2821,988
6339,4.53186,2821,988
6340,4.47845,2821,988
6341,4.47083,2821,988
6342,4.39453,2821,988
6343,4.40216,2821,988
6344,4.55475,2821,988
6345,4.45557,2821,988
6346,4.31824,2821,988
6347,4.84467,2821,988
6348,4.34113,2821,988
6349,4.31061,2821,988
6350,4.36401,2821,988
6351,4.57001,2821,988
6352,4.53186,2821,988
6353,4.44031,2821,988
6354,4.31061,2821,988
6355,4.79889,2821,988
6356,4.18091,2821,988
6357,4.40216,2821,988
6358,4.56238,2821,988
6359,4.65393,2821,988
6360,4.50134,2821,988
6361,4.18854,2821,988
6362,4.41742,2821,988
6363,4.7226,2821,988
6364,4.37927,2821,988
6365,4.44794,2821,988
6366,4.31824,2821,988
6367,4.60815,2821,988
6368,4.44794,2821,988
6369,4.44794,2821,988
6370,4.62341,2821,988
6371,4.45557,2821,988
6372,4.31061,2821,988
6373,4.41742,2821,988
6374,4.57001,2821,988
6375,4.40979,2821,988
6376,4.31061,2821,988
6377,4.7226,2821,988
6378,4.40216,2821,988
6379,4.35638,2821,988
6380,4.3869,2821,988
6381,4.47845,2821,988
6382,4.80652,2821,988
6383,4.31824,2821,988
6384,4.49371,2821,988
6385,4.60815,2821,988
6386,4.37927,2821,988
6387,4.44794,2821,988
6388,4.31061,2821,988
6389,4.73785,2821,988
6390,4.36401,2821,988
6391,4.4632,2821,988
6392,4.31061,2821,988
6393,4.57001,2821,988
6394,4.84467,2821,988
6395,3.95966,2821,988
6396,4.48608,2821,988
6397,4.73785,2821,988
6398,4.43268,2821,988
6399,4.57001,2821,988
6400,4.43268,2821,988
6401,4.3869,2821,988
6402,4.53949,2821,988
6403,4.24194,2821,988
6404,4.92096,2821,988
6405,4.31061,2821,988
6406,4.4632,2821,988
6407,4.31061,2821,988
6408,4.82178,2821,988
6409,4.40979,2821,988
6410,4.27246,2821,988
6411,4.92859,2821,988
6412,4.2038,2821,988
6413,4.37164,2821,988
6414,5.05066,2821,988
6415,3.99017,2821,988
6416,4.54712,2821,988
6417,4.34875,2821,988
6418,4.35638,2821,988
6419,4.61578,2821,988
6420,4.42505,2821,988
6421,4.60052,2821,988
6422,4.16565,2821,988
6423,4.74548,2821,988
6424,4.34875,2821,988
6425,4.31061,2821,988
6426,4.94385,2821,988
6427,4.3869,2821,988
6428,4.34875,2821,988
6429,4.34875,2821,988
6430,4.69971,2821,988
6431,4.4632,2821,988
6432,4.75311,2821,988
6433,3.98254,2821,988
6434,4.776,2821,988
6435,4.44031,2821,988
6436,4.4632,2821,988
6437,4.56238,2821,988
6438,4.34875,2821,988
6439,4.44031,2821,988
6440,4.5166,2821,988
6441,4.54712,2821,988
6442,4.55475,2821,988
6443,4.27246,2821,988
6444,4.57001,2821,988
6445,4.36401,2821,988
6446,4.34113,2821,988
6447,4.58527,2821,988
6448,4.28772,2821,988
6449,4.776,2821,988
6450,4.50897,2821,988
6451,4.24957,2821,988
6452,4.87518,2821,978
6453,4.60052,2821,978
6454,4.2038,2821,978
6455,4.18091,2821,978
6456,4.7226,2821,978
6457,4.36401,2821,978
6458,4.5166,2821,978
6459,4.26483,2821,978
6460,4.6463,2821,978
6461,4.54712,2821,978
6462,4.29535,2821,978
6463,4.41742,2821,978
6464,4.76837,2821,978
6465,4.34875,2821,978
6466,4.37164,2821,978
6467,4.63867,2821,978
6468,4.47845,2821,978
6469,4.24194,2821,978
6470,4.42505,2821,978
6471,4.89807,2821,978
6472,4.31061,2821,978
6473,4.42505,2821,978
6474,4.3335,2821,978
6475,4.82941,2821,978
6476,4.40216,2821,978
6477,4.30298,2821,978
6478,4.63867,2821,978
6479,4.60052,2821,978
6480,4.37164,2821,978
6481,4.37164,2821,978
6482,4.62341,2821,978
6483,4.42505,2821,978
6484,4.53949,2821,978
6485,4.18854,2821,978
6486,4.85992,2821,978
6487,4.34113,2821,978
6488,4.69971,2821,978
6489,4.02069,2821,978
6490,4.82178,2821,978
6491,4.47845,2821,978
6492,4.31061,2821,978
6493,4.76074,2821,978
6494,4.56238,2821,978
6495,4.2572,2821,978
6496,4.37164,2821,978
6497,4.7226,2821,978
6498,4.45557,2821,978
6499,4.52423,2821,978
6500,4.18091,2821,978
6501,4.79889,2821,978
6502,4.36401,2821,978
6503,4.37927,2821,978
6504,4.57764,2821,978
6505,4.58527,2821,978
6506,4.21143,2821,978
6507,4.49371,2821,978
6508,4.60815,2821,978
6509,4.43268,2821,978
6510,4.32587,2821,978
6511,4.60052,2821,978
6512,4.44794,2821,978
6513,4.45557,2821,978
6514,4.34113,2821,978
6515,4.85229,2821,978
6516,4.45557,2821,978
6517,4.39453,2821,978
6518,4.24194,2821,978
6519,4.76074,2821,978
6520,4.36401,2821,978
6521,4.42505,2821,978
6522,4.3869,2821,978
6523,4.65393,2821,978
6524,4.44794,2821,978
6525,4.28772,2821,978
6526,4.45557,2821,978
6527,4.66156,2821,978
6528,4.61578,2821,978
6529,4.48608,2821,978
6530,4.36401,2821,978
6531,4.3869,2821,978
6532,4.54712,2821,978
6533,4.82178,2821,978
6534,4.31061,2821,978
6535,4.24957,2821,978
6536,4.60052,2821,978
6537,4.13513,2821,978
6538,4.78363,2821,978
6539,4.47845,2821,978
6540,4.21906,2821,978
6541,4.36401,2821,978
6542,4.92096,2821,978
6543,4.75311,2821,978
6544,4.05884,2821,978
6545,4.47845,2821,978
6546,4.5929,2821,978
6547,4.4632,2821,978
6548,4.67682,2821,978
6549,4.39453,2821,978
6550,4.47845,2821,978
6551,4.44031,2821,978
6552,4.15039,2821,978
6553,4.95148,2821,978
6554,4.08936,2821,978
6555,4.39453,2821,978
6556,4.40979,2821,978
6557,4.69208,2821,978
6558,4.37164,2821,978
6559,4.58527,2821,978
6560,4.52423,2821,978
6561,4.3869,2821,978
6562,4.55475,2821,978
6563,4.24957,2821,978
6564,4.60815,2821,978
6565,4.62341,2821,978
6566,4.09698,2821,978
6567,4.4632,2821,978
6568,4.92096,2821,978
6569,4.30298,2821,978
6570,4.43268,2821,978
6571,4.60815,2821,978
6572,4.50897,2821,978
6573,4.22668,2821,978
6574,4.5166,2821,978
6575,4.66919,2821,978
6576,4.9057,2821,978
6577,3.84521,2821,978
6578,4.3869,2821,978
6579,4.76074,2821,978
6580,4.41742,2821,978
6581,4.28772,2821,978
6582,4.5166,2821,978
6583,4.57001,2821,978
6584,4.39453,2821,978
6585,4.3869,2821,978
6586,4.5929,2821,978
6587,4.78363,2821,978
6588,4.05121,2821,978
6589,4.40216,2821,978
6590,4.9057,2821,978
6591,4.47845,2821,978
6592,4.24194,2821,978
6593,4.54712,2821,978
6594,4.53186,2821,978
6595,4.45557,2821,978
6596,4.47083,2821,978
6597,4.31061,2821,978
6598,4.58527,2821,978
6599,4.44031,2821,978
6600,4.5166,2821,978
6601,4.57764,2821,978
6602,4.37927,2821,978
6603,4.53186,2821,978
6604,4.31824,2821,978
6605,5.11932,2821,978
6606,4.06647,2821,978
6607,4.21906,2821,978
6608,4.40979,2821,978
6609,4.70734,2821,978
6610,4.43268,2821,978
6611,4.42505,2821,978
6612,4.61578,2821,978
6613,4.44031,2821,978
6614,4.52423,2821,978
6615,4.36401,2821,978
6616,4.63867,2821,978
6617,4.53186,2821,978
6618,4.2572,2821,978
6619,4.3869,2821,978
6620,4.6463,2821,978
6621,4.52423,2821,978
6622,4.44031,2821,978
6623,4.3869,2821,978
6624,4.69971,2821,978
6625,4.36401,2821,978
6626,4.35638,2821,978
6627,4.68445,2821,978
6628,4.54712,2821,978
6629,4.22668,2821,978
6630,4.45557,2821,978
6631,4.61578,2821,978
6632,4.48608,2821,978
6633,4.3869,2821,978
6634,4.24957,2821,978
6635,4.92859,2821,978
6636,4.41742,2821,978
6637,4.39453,2821,978
6638,4.5929,2821,978
6639,4.47845,2821,978
6640,4.3335,2821,978
6641,4.58527,2821,978
6642,4.53186,2821,978
6643,4.39453,2821,978
6644,4.39453,2821,978
6645,4.34875,2821,978
6646,4.74548,2821,978
6647,4.27246,2821,978
6648,4.57764,2821,978
6649,4.17328,2821,978
6650,4.89807,2821,978
6651,4.3335,2821,978
6652,4.3335,2821,978
6653,4.57001,2821,978
6654,4.44794,2821,978
6655,4.40979,2821,978
6656,4.3869,2821,978
6657,4.94385,2821,978
6658,4.3335,2821,978
6659,4.34875,2821,978
6660,4.31061,2821,978
6661,4.73785,2821,978
6662,4.41742,2821,978
6663,4.34875,2821,978
6664,4.62341,2821,978
6665,4.44794,2821,978
6666,4.41742,2821,978
6667,4.37164,2821,978
6668,4.69971,2821,978
6669,4.32587,2821,978
6670,4.42505,2821,978
6671,4.63867,2821,978
6672,4.53186,2821,978
6673,4.24194,2821,978
6674,4.4632,2821,978
6675,4.30298,2821,978
6676,4.80652,2821,969
6677,4.28009,2821,969
6678,4.48608,2821,969
6679,4.60815,2821,969
6680,4.53949,2821,969
6681,4.36401,2821,969
6682,4.28772,2821,969
6683,4.85229,2821,969
6684,4.45557,2821,969
6685,4.9057,2821,969
6686,3.90625,2821,969
6687,4.5929,2821,969
6688,4.40216,2821,969
6689,4.45557,2821,969
6690,4.35638,2821,969
6691,4.70734,2821,969
6692,4.50897,2821,969
6693,4.31061,2821,969
6694,4.56238,2821,969
6695,4.36401,2821,969
6696,4.61578,2821,969
6697,4.24957,2821,969
6698,4.66156,2821,969
6699,4.40216,2821,969
6700,4.34875,2821,969
6701,4.40216,2821,969
6702,4.65393,2821,969
6703,4.41742,2821,969
6704,4.53949,2821,969
6705,4.45557,2821,969
6706,4.55475,2821,969
6707,4.49371,2821,969
6708,4.32587,2821,969
6709,4.71497,2821,969
6710,4.31824,2821,969
6711,4.45557,2821,969
6712,4.34875,2821,969
6713,4.71497,2821,969
6714,4.47083,2821,969
6715,4.47845,2821,969
6716,4.17328,2821,969
6717,4.73022,2821,969
6718,4.40216,2821,969
6719,4.3869,2821,969
6720,4.67682,2821,969
6721,4.45557,2821,969
6722,4.24957,2821,969
6723,4.44031,2821,969
6724,4.7226,2821,969
6725,4.43268,2821,969
6726,4.28009,2821,969
6727,4.57001,2821,969
6728,4.66156,2821,969
6729,4.47083,2821,969
6730,4.29535,2821,969
6731,4.42505,2821,969
6732,4.69208,2821,969
6733,4.32587,2821,969
6734,4.99725,2821,969
6735,4.11224,2821,969
6736,4.44794,2821,969
6737,4.26483,2821,969
6738,4.55475,2821,969
6739,4.65393,2821,969
6740,4.44794,2821,969
6741,4.42505,2821,969
6742,4.22668,2821,969
6743,4.75311,2821,969
6744,4.3335,2821,969
6745,4.37927,2821,969
6746,4.63867,2821,969
6747,4.65393,2821,969
6748,4.36401,2821,969
6749,4.36401,2821,969
6750,4.79889,2821,969
6751,4.49371,2821,969
6752,4.3335,2821,969
6753,4.47083,2821,969
6754,4.54712,2821,969
6755,4.37164,2821,969
6756,4.37927,2821,969
6757,4.4632,2821,969
6758,4.67682,2821,969
6759,4.53186,2821,969
6760,4.37164,2821,969
6761,4.47845,2821,969
6762,4.53949,2821,969
6763,4.36401,2821,969
6764,4.45557,2821,969
6765,4.57001,2821,969
6766,4.49371,2821,969
6767,4.30298,2821,969
6768,4.44794,2821,969
6769,4.60815,2821,969
6770,4.45557,2821,969
6771,4.34875,2821,969
6772,4.63867,2821,969
6773,4.5166,2821,969
6774,4.47083,2821,969
6775,4.27246,2821,969
6776,4.89044,2821,969
6777,4.2572,2821,969
6778,4.32587,2821,969
6779,4.5166,2821,969
6780,4.60815,2821,969
6781,4.39453,2821,969
6782,4.35638,2821,969
6783,4.73022,2821,969
6784,4.37164,2821,969
6785,4.32587,2821,969
6786,4.37164,2821,969
6787,4.69208,2821,969
6788,4.42505,2821,969
6789,4.49371,2821,969
6790,4.29535,2821,969
6791,4.66156,2821,969
6792,4.43268,2821,969
6793,4.43268,2821,969
6794,4.31824,2821,969
6795,4.87518,2821,969
6796,4.36401,2821,969
6797,4.39453,2821,969
6798,4.28772,2821,969
6799,4.68445,2821,969
6800,4.48608,2821,969
6801,4.5166,2821,969
6802,4.69208,2821,969
6803,4.22668,2821,969
6804,4.40979,2821,969
6805,4.42505,2821,969
6806,4.58527,2821,969
6807,4.60815,2821,969
6808,4.24194,2821,969
6809,4.34113,2821,969
6810,4.70734,2821,969
6811,4.776,2821,969
6812,3.92914,2821,969
6813,4.66919,2821,969
6814,4.4632,2821,969
6815,4.39453,2821,969
6816,4.4632,2821,969
6817,4.66919,2821,969
6818,4.27246,2821,969
6819,4.48608,2821,969
6820,4.31824,2821,969
6821,4.73785,2821,969
6822,4.40216,2821,969
6823,4.41742,2821,969
6824,4.7226,2821,969
6825,4.39453,2821,969
6826,4.40979,2821,969
6827,4.36401,2821,969
6828,4.58527,2821,969
6829,4.48608,2821,969
6830,4.41742,2821,969
6831,4.40979,2821,969
6832,4.73022,2821,969
6833,4.39453,2821,969
6834,4.27246,2821,969
6835,4.31061,2821,969
6836,5.27191,2821,969
6837,4.02069,2821,969
6838,4.36401,2821,969
6839,4.55475,2821,969
6840,4.53949,2821,969
6841,4.3335,2821,969
6842,4.37927,2821,969
6843,4.85992,2821,969
6844,4.50897,2821,969
6845,4.31061,2821,969
6846,4.57764,2821,969
6847,4.7226,2821,969
6848,4.3869,2821,969
6849,4.21906,2821,969
6850,4.81415,2821,969
6851,4.29535,2821,969
6852,4.41742,2821,969
6853,4.35638,2821,969
6854,4.62341,2821,969
6855,4.3869,2821,969
6856,4.34875,2821,969
6857,4.44794,2821,969
6858,4.71497,2821,969
6859,4.31061,2821,969
6860,4.44794,2821,969
6861,4.34113,2821,969
6862,4.78363,2821,969
6863,4.26483,2821,969
6864,4.5166,2821,969
6865,4.18854,2821,969
6866,4.9057,2821,969
6867,4.42505,2821,969
6868,4.4632,2821,969
6869,4.54712,2821,969
6870,4.79889,2821,969
6871,4.15039,2821,969
6872,4.26483,2821,969
6873,5.08881,2821,969
6874,3.92151,2821,969
6875,4.36401,2821,969
6876,4.47083,2821,969
6877,4.6463,2821,969
6878,4.34875,2821,969
6879,4.43268,2821,969
6880,4.66919,2821,969
6881,4.3869,2821,969
6882,4.35638,2821,969
6883,4.53186,2821,969
6884,4.54712,2821,969
6885,4.3869,2821,969
6886,4.50134,2821,969
6887,4.24957,2821,969
6888,4.98962,2821,969
6889,4.48608,2821,969
6890,4.26483,2821,969
6891,4.3335,2821,969
6892,4.69971,2821,969
6893,4.40216,2821,969
6894,4.48608,2821,969
6895,4.76074,2821,969
6896,4.39453,2821,969
6897,4.21143,2821,969
6898,4.53186,2821,969
6899,4.65393,2821,960
6900,4.4632,2821,960
6901,4.22668,2821,960
6902,4.44794,2821,960
6903,4.67682,2821,960
6904,4.29535,2821,960
6905,4.55475,2821,960
6906,4.23431,2821,960
6907,4.79126,2821,960
6908,4.29535,2821,960
6909,4.39453,2821,960
6910,4.73785,2821,960
6911,4.29535,2821,960
6912,4.47845,2821,960
6913,4.4632,2821,960
6914,4.67682,2821,960
6915,4.34875,2821,960
6916,4.3869,2821,960
6917,4.47845,2821,960
6918,4.63104,2821,960
6919,4.37164,2821,960
6920,4.44031,2821,960
6921,4.58527,2821,960
6922,4.49371,2821,960
6923,4.31061,2821,960
6924,4.37164,2821,960
6925,4.82941,2821,960
6926,4.39453,2821,960
6927,4.41742,2821,960
6928,4.36401,2821,960
6929,4.76074,2821,960
6930,4.3335,2821,960
6931,4.41742,2821,960
6932,4.40216,2821,960
6933,4.76837,2821,960
6934,4.35638,2821,960
6935,4.39453,2821,960
6936,4.66156,2821,960
6937,4.47083,2821,960
6938,4.45557,2821,960
6939,4.3335,2821,960
6940,4.67682,2821,960
6941,4.39453,2821,960
6942,4.41742,2821,960
6943,4.27246,2821,960
6944,4.73022,2821,960
6945,4.40979,2821,960
6946,4.40216,2821,960
6947,4.6463,2821,960
6948,4.48608,2821,960
6949,4.42505,2821,960
6950,4.34113,2821,960
6951,4.7226,2821,960
6952,4.3869,2821,960
6953,4.6463,2821,960
6954,4.16565,2821,960
6955,4.85229,2821,960
6956,4.39453,2821,960
6957,4.57764,2821,960
6958,4.26483,2821,960
6959,4.63867,2821,960
6960,4.54712,2821,960
6961,4.53949,2821,960
6962,4.39453,2821,960
6963,4.44794,2821,960
6964,4.34113,2821,960
6965,4.35638,2821,960
6966,4.7226,2821,960
6967,4.29535,2821,960
6968,4.48608,2821,960
6969,4.32587,2821,960
6970,4.75311,2821,960
6971,4.31824,2821,960
6972,4.47845,2821,960
6973,4.37164,2821,960
6974,4.79889,2821,960
6975,4.37927,2821,960
6976,4.40979,2821,960
6977,4.58527,2821,960
6978,4.3335,2821,960
6979,4.42505,2821,960
6980,4.36401,2821,960
6981,4.88281,2821,960
6982,4.41742,2821,960
6983,4.5166,2821,960
6984,4.18091,2821,960
6985,4.98962,2821,960
6986,4.16565,2821,960
6987,4.39453,2821,960
6988,4.57001,2821,960
6989,4.5166,2821,960
6990,4.47083,2821,960
6991,4.31061,2821,960
6992,4.87518,2821,960
6993,4.21143,2821,960
6994,4.30298,2821,960
6995,4.50134,2821,960
6996,4.67682,2821,960
6997,4.26483,2821,960
6998,4.37927,2821,960
6999,4.63867,2821,960
7000,4.47845,2821,960
7001,4.40979,2821,960
7002,4.31061,2821,960
7003,4.84467,2821,960
7004,4.45557,2821,960
7005,4.53949,2821,960
7006,4.13513,2821,960
7007,4.75311,2821,960
7008,4.32587,2821,960
7009,4.39453,2821,960
7010,4.50134,2821,960
7011,4.65393,2821,960
7012,4.34113,2821,960
7013,4.47845,2821,960
7014,4.35638,2821,960
7015,4.82178,2821,960
7016,4.24194,2821,960
7017,4.37164,2821,960
7018,4.70734,2821,960
7019,4.42505,2821,960
7020,4.42505,2821,960
7021,4.39453,2821,960
7022,4.56238,2821,960
7023,4.48608,2821,960
7024,4.26483,2821,960
7025,4.47083,2821,960
7026,4.67682,2821,960
7027,4.3335,2821,960
7028,4.53186,2821,960
7029,4.39453,2821,960
7030,4.76074,2821,960
7031,4.24194,2821,960
7032,4.49371,2821,960
7033,4.53186,2821,960
7034,4.43268,2821,960
7035,4.3869,2821,960
7036,4.41742,2821,960
7037,4.776,2821,960
7038,4.73022,2821,960
7039,3.89862,2821,960
7040,4.42505,2821,960
7041,4.776,2821,960
7042,4.31824,2821,960
7043,4.2572,2821,960
7044,5.19562,2821,960
7045,3.89862,2821,960
7046,4.31061,2821,960
7047,4.54712,2821,960
7048,4.56238,2821,960
7049,4.47845,2821,960
7050,4.43268,2821,960
7051,4.26483,2821,960
7052,4.85992,2821,960
7053,4.44031,2821,960
7054,4.44794,2821,960
7055,4.53186,2821,960
7056,4.37927,2821,960
7057,4.49371,2821,960
7058,4.22668,2821,960
7059,4.80652,2821,960
7060,4.44031,2821,960
7061,4.31824,2821,960
7062,4.47845,2821,960
7063,4.50897,2821,960
7064,4.47083,2821,960
7065,4.41742,2821,960
7066,4.29535,2821,960
7067,4.80652,2821,960
7068,4.2572,2821,960
7069,4.60815,2821,960
7070,4.55475,2821,960
7071,4.5166,2821,960
7072,4.32587,2821,960
7073,4.32587,2821,960
7074,4.9057,2821,960
7075,4.42505,2821,960
7076,4.28009,2821,960
7077,4.50134,2821,960
7078,4.5929,2821,960
7079,4.44794,2821,960
7080,4.40216,2821,960
7081,4.2572,2821,960
7082,4.73785,2821,960
7083,4.37164,2821,960
7084,4.41742,2821,960
7085,4.55475,2821,960
7086,4.39453,2821,960
7087,4.4632,2821,960
7088,4.30298,2821,960
7089,5.24139,2821,960
7090,3.92914,2821,960
7091,4.35638,2821,960
7092,4.29535,2821,960
7093,4.73785,2821,960
7094,4.31061,2821,960
7095,4.44794,2821,960
7096,4.57764,2821,960
7097,4.57001,2821,960
7098,4.37164,2821,960
7099,4.56238,2821,960
7100,4.57764,2821,960
7101,4.52423,2821,960
7102,4.31061,2821,960
7103,4.26483,2821,960
7104,4.6463,2821,960
7105,4.56238,2821,960
7106,4.26483,2821,960
7107,4.40979,2821,960
7108,4.60815,2821,960
7109,4.43268,2821,960
7110,4.37164,2821,960
7111,4.65393,2821,960
7112,4.45557,2821,960
7113,4.35638,2821,960
7114,4.43268,2821,960
7115,4.60815,2821,960
7116,4.31824,2821,960
7117,4.50134,2821,960
7118,4.31824,2821,960
7119,4.89044,2821,960
7120,4.45557,2821,960
7121,4.36401,2821,960
7122,4.28009,2821,960
7123,4.75311,2821,952
7124,4.44031,2821,952
7125,4.39453,2821,952
7126,4.78363,2821,952
7127,4.37164,2821,952
7128,4.36401,2821,952
7129,4.36401,2821,952
7130,4.61578,2821,952
7131,4.50134,2821,952
7132,4.3869,2821,952
7133,4.43268,2821,952
7134,4.53949,2821,952
7135,4.39453,2821,952
7136,4.53186,2821,952
7137,4.47083,2821,952
7138,4.39453,2821,952
7139,4.36401,2821,952
7140,4.48608,2821,952
7141,4.79889,2821,952
7142,4.47845,2821,952
7143,4.18091,2821,952
7144,4.43268,2821,952
7145,4.68445,2821,952
7146,4.58527,2821,952
7147,4.28772,2821,952
7148,4.22668,2821,952
7149,4.69208,2821,952
7150,4.47845,2821,952
7151,4.66156,2821,952
7152,4.32587,2821,952
7153,4.3335,2821,952
7154,4.53949,2821,952
7155,4.2572,2821,952
7156,4.63867,2821,952
7157,4.50897,2821,952
7158,4.50134,2821,952
7159,4.18854,2821,952
7160,4.66919,2821,952
7161,4.50897,2821,952
7162,4.31061,2821,952
7163,4.40216,2821,952
7164,4.79889,2821,952
7165,4.34875,2821,952
7166,5.27191,2821,952
7167,3.87573,2821,952
7168,4.23431,2821,952
7169,4.45557,2821,952
7170,4.47083,2821,952
7171,4.60815,2821,952
7172,4.56238,2821,952
7173,4.18854,2821,952
7174,4.44031,2821,952
7175,4.60815,2821,952
7176,4.41742,2821,952
7177,4.40979,2821,952
7178,4.53949,2821,952
7179,4.43268,2821,952
7180,4.45557,2821,952
7181,4.39453,2821,952
7182,4.54712,2821,952
7183,4.53186,2821,952
7184,4.29535,2821,952
7185,4.34113,2821,952
7186,5.01251,2821,952
7187,4.17328,2821,952
7188,5.1651,2821,952
7189,3.65448,2821,952
7190,4.76837,2821,952
7191,4.21143,2821,952
7192,5.18036,2821,952
7193,4.45557,2821,952
7194,3.95966,2821,952
7195,5.13458,2821,952
7196,3.58582,2821,952
7197,4.76837,2821,952
7198,4.56238,2821,952
7199,4.21143,2821,952
7200,4.57001,2821,952
7201,4.40979,2821,952
7202,4.69971,2821,952
7203,4.24957,2821,952
7204,4.40979,2821,952
7205,4.84467,2821,952
7206,4.1275,2821,952
7207,4.47083,2821,952
7208,4.50897,2821,952
7209,4.28009,2821,952
7210,4.73022,2821,952
7211,4.06647,2821,952
7212,5.1651,2821,952
7213,4.18854,2821,952
7214,4.24194,2821,952
7215,4.76837,2821,952
7216,4.21143,2821,952
7217,4.89044,2821,952
7218,4.11987,2821,952
7219,4.21906,2821,952
7220,4.86755,2821,952
7221,4.10461,2821,952
7222,4.61578,2821,952
7223,4.76837,2821,952
7224,4.15039,2821,952
7225,4.32587,2821,952
7226,4.7226,2821,952
7227,4.74548,2821,952
7228,4.23431,2821,952
7229,4.08173,2821,952
7230,4.53949,2821,952
7231,4.55475,2821,952
7232,4.63867,2821,952
7233,4.02832,2821,952
7234,4.82178,2821,952
7235,4.5929,2821,952
7236,4.08173,2821,952
7237,4.63867,2821,952
7238,4.68445,2821,952
7239,4.67682,2821,952
7240,4.18854,2821,952
7241,4.23431,2821,952
7242,4.98962,2821,952
7243,4.03595,2821,952
7244,4.57001,2821,952
7245,4.47083,2821,952
7246,4.3869,2821,952
7247,4.68445,2821,952
7248,3.9444,2821,952
7249,4.95911,2821,952
7250,4.41742,2821,952
7251,4.08173,2821,952
7252,4.73022,2821,952
7253,4.53186,2821,952
7254,4.52423,2821,952
7255,4.43268,2821,952
7256,4.23431,2821,952
7257,4.82941,2821,952
7258,4.1275,2821,952
7259,4.55475,2821,952
7260,4.50897,2821,952
7261,4.3869,2821,952
7262,5.05829,2821,952
7263,3.92914,2821,952
7264,4.82178,2821,952
7265,4.29535,2821,952
7266,4.17328,2821,952
7267,4.75311,2821,952
7268,4.16565,2821,952
7269,4.89807,2821,952
7270,3.8681,2821,952
7271,4.62341,2821,952
7272,4.62341,2821,952
7273,4.4632,2821,952
7274,4.75311,2821,952
7275,4.48608,2821,952
7276,4.3335,2821,952
7277,4.50897,2821,952
7278,4.30298,2821,952
7279,4.95148,2821,952
7280,4.28009,2821,952
7281,4.40979,2821,952
7282,4.73022,2821,952
7283,4.5929,2821,952
7284,4.92859,2821,952
7285,4.40216,2821,952
7286,4.57764,2821,952
7287,5.11169,2821,952
7288,4.37927,2821,952
7289,4.83704,2821,952
7290,4.98199,2821,952
7291,4.80652,2821,952
7292,4.73022,2821,952
7293,5.34821,2821,952
7294,4.70734,2821,952
7295,4.76074,2821,952
7296,5.23376,2821,952
7297,5.04303,2821,952
7298,5.14984,2821,952
7299,4.85992,2821,952
7300,5.18036,2821,952
7301,4.92096,2821,952
7302,5.30243,2821,952
7303,5.36346,2821,952
7304,4.5166,2821,952
7305,5.18799,2821,952
7306,4.66156,2821,952
7307,5.31769,2821,952
7308,4.95911,2821,952
7309,4.57001,2821,952
7310,5.44739,2821,952
7311,4.6463,2821,952
7312,4.57001,2821,952
7313,5.34821,2821,952
7314,4.67682,2821,952
7315,4.66919,2821,952
7316,5.18036,2821,952
7317,4.87518,2821,952
7318,4.56238,2821,952
7319,5.0354,2821,952
7320,4.97437,2821,952
7321,5.0354,2821,952
7322,4.5929,2821,952
7323,4.73785,2821,952
7324,4.82178,2821,952
7325,5.04303,2821,952
7326,4.47083,2821,952
7327,5.31769,2821,952
7328,4.74548,2821,952
7329,4.53949,2821,952
7330,4.98199,2821,952
7331,4.76074,2821,952
7332,4.65393,2821,952
7333,4.80652,2821,952
7334,4.94385,2821,952
7335,4.73022,2821,952
7336,4.66156,2821,952
7337,4.94385,2821,952
7338,4.76074,2821,952
7339,4.70734,2821,952
7340,4.69208,2821,952
7341,5.07355,2821,942
7342,4.67682,2821,942
7343,4.80652,2821,942
7344,4.92859,2821,942
7345,4.76837,2821,942
7346,4.75311,2821,942
7347,4.65393,2821,942
7348,5.18799,2821,942
7349,4.76837,2821,942
7350,5.04303,2821,942
7351,4.60815,2821,942
7352,4.71497,2821,942
7353,4.76074,2821,942
7354,4.76074,2821,942
7355,5.02777,2821,942
7356,4.82941,2821,942
7357,4.66919,2821,942
7358,5.11932,2821,942
7359,4.69208,2821,942
7360,4.74548,2821,942
7361,4.80652,2821,942
7362,5.01251,2821,942
7363,4.96674,2821,942
7364,4.63104,2821,942
7365,5.02014,2821,942
7366,4.79126,2821,942
7367,4.82941,2821,942
7368,4.96674,2821,942
7369,5.14221,2821,942
7370,4.69971,2821,942
7371,4.81415,2821,942
7372,5.40924,2821,942
7373,4.57764,2821,942
7374,4.53186,2821,942
7375,5.48553,2821,942
7376,4.82178,2821,942
7377,4.66156,2821,942
7378,5.08881,2821,942
7379,4.93622,2821,942
7380,4.4632,2821,942
7381,4.92859,2821,942
7382,5.21851,2821,942
7383,4.3869,2821,942
7384,5.15747,2821,942
7385,4.80652,2821,942
7386,4.52423,2821,942
7387,5.06592,2821,942
7388,4.19617,2821,942
7389,5.7373,2821,942
7390,4.24194,2821,942
7391,4.40979,2821,942
7392,4.80652,2821,942
7393,4.92859,2821,942
7394,4.24194,2821,942
7395,4.776,2821,942
7396,4.60052,2821,942
7397,4.69971,2821,942
7398,4.44031,2821,942
7399,3.99017,2821,942
7400,4.89044,2821,942
7401,4.04358,2821,942
7402,4.55475,2821,942
7403,4.37927,2821,942
7404,4.55475,2821,942
7405,4.45557,2821,942
7406,4.11987,2821,942
7407,4.75311,2821,942
7408,4.49371,2821,942
7409,4.28009,2821,942
7410,4.53186,2821,942
7411,4.34875,2821,942
7412,4.57001,2821,942
7413,4.26483,2821,942
7414,4.34113,2821,942
7415,4.48608,2821,942
7416,3.9978,2821,942
7417,4.56238,2821,942
7418,4.00543,2821,942
7419,4.69208,2821,942
7420,3.91388,2821,942
7421,4.27246,2821,942
7422,4.23431,2821,942
7423,4.60815,2821,942
7424,4.37927,2821,942
7425,3.9978,2821,942
7426,4.2038,2821,942
7427,4.45557,2821,942
7428,4.21906,2821,942
7429,4.31824,2821,942
7430,4.42505,2821,942
7431,4.42505,2821,942
7432,3.96729,2821,942
7433,4.19617,2821,942
7434,4.4632,2821,942
7435,4.43268,2821,942
7436,4.14276,2821,942
7437,4.31061,2821,942
7438,4.79889,2821,942
7439,3.92914,2821,942
7440,4.66919,2821,942
7441,4.02832,2821,942
7442,4.41742,2821,942
7443,4.4632,2821,942
7444,3.95966,2821,942
7445,4.47083,2821,942
7446,4.3335,2821,942
7447,4.5929,2821,942
7448,4.09698,2821,942
7449,4.36401,2821,942
7450,4.68445,2821,942
7451,3.90625,2821,942
7452,4.55475,2821,942
7453,4.34875,2821,942
7454,4.40216,2821,942
7455,4.5166,2821,942
7456,4.04358,2821,942
7457,4.86755,2821,942
7458,4.18854,2821,942
7459,4.70734,2821,942
7460,4.21906,2821,942
7461,4.52423,2821,942
7462,4.56238,2821,942
7463,4.15039,2821,942
7464,4.73785,2821,942
7465,4.52423,2821,942
7466,4.02069,2821,942
7467,4.61578,2821,942
7468,4.15039,2821,942
7469,4.85229,2821,942
7470,4.31061,2821,942
7471,4.16565,2821,942
7472,4.69971,2821,942
7473,4.37164,2821,942
7474,4.39453,2821,942
7475,3.93677,2821,942
7476,4.81415,2821,942
7477,4.26483,2821,942
7478,4.11224,2821,942
7479,4.36401,2821,942
7480,4.48608,2821,942
7481,4.40216,2821,942
7482,4.53186,2821,942
7483,4.17328,2821,942
7484,4.82941,2821,942
7485,4.14276,2821,942
7486,4.15039,2821,942
7487,4.24194,2821,942
7488,4.776,2821,942
7489,4.1275,2821,942
7490,4.27246,2821,942
7491,4.22668,2821,942
7492,4.75311,2821,942
7493,4.13513,2821,942
7494,4.26483,2821,942
7495,4.66156,2821,942
7496,4.22668,2821,942
7497,4.28772,2821,942
7498,4.2038,2821,942
7499,4.5166,2821,942
7500,4.43268,2821,942
7501,4.16565,2821,942
7502,4.31824,2821,942
7503,4.61578,2821,942
7504,4.26483,2821,942
7505,4.57001,2821,942
7506,4.26483,2821,942
7507,4.40979,2821,942
7508,4.63104,2821,942
7509,3.93677,2821,942
7510,4.85992,2821,942
7511,4.22668,2821,942
7512,4.57001,2821,942
7513,4.11987,2821,942
7514,4.47083,2821,942
7515,4.5929,2821,942
7516,4.08936,2821,942
7517,4.5166,2821,942
7518,4.37164,2821,942
7519,4.27246,2821,942
7520,4.53949,2821,942
7521,4.0741,2821,942
7522,4.87518,2821,942
7523,4.37927,2821,942
7524,4.0741,2821,942
7525,4.50897,2821,942
7526,4.47845,2821,942
7527,4.53186,2821,942
7528,4.28009,2821,942
7529,4.45557,2821,942
7530,4.80652,2821,942
7531,4.16565,2821,942
7532,4.58527,2821,942
7533,4.4632,2821,942
7534,4.52423,2821,942
7535,4.45557,2821,942
7536,4.10461,2821,942
7537,4.82178,2821,942
7538,4.18091,2821,942
7539,4.62341,2821,942
7540,4.31061,2821,942
7541,4.49371,2821,942
7542,4.70734,2821,942
7543,4.02832,2821,942
7544,4.82941,2821,942
7545,4.4632,2821,942
7546,4.26483,2821,942
7547,4.60052,2821,942
7548,4.40216,2821,942
7549,4.5929,2821,942
7550,4.3335,2821,942
7551,4.19617,2821,942
7552,4.83704,2821,942
7553,4.39453,2821,942
7554,4.3869,2821,942
7555,4.43268,2821,942
7556,4.63104,2821,942
7557,4.3335,2821,942
7558,4.56238,2821,942
7559,4.42505,2821,942
7560,4.57764,2821,942
7561,4.60815,2821,942
7562,4.11224,2821,942
7563,4.47083,2821,939
7564,4.71497,2821,933
7565,4.06647,2821,933
7566,4.53186,2821,933
7567,4.44794,2821,933
7568,4.47845,2821,933
7569,4.27246,2821,933
7570,4.37927,2821,933
7571,4.68445,2821,933
7572,4.52423,2821,933
7573,4.40216,2821,933
7574,4.50897,2821,933
7575,4.3335,2821,933
7576,4.42505,2821,933
7577,4.39453,2821,933
7578,4.69971,2821,933
7579,4.39453,2821,933
7580,4.35638,2821,933
7581,4.41742,2821,933
7582,4.60052,2821,933
7583,4.40979,2821,933
7584,4.3335,2821,933
7585,4.31061,2821,933
7586,4.71497,2821,933
7587,4.31824,2821,933
7588,4.43268,2821,933
7589,4.53186,2821,933
7590,4.40979,2821,933
7591,4.49371,2821,933
7592,4.23431,2821,933
7593,4.75311,2821,933
7594,4.24194,2821,933
7595,4.37927,2821,933
7596,4.37927,2821,933
7597,4.69208,2821,933
7598,4.32587,2821,933
7599,4.42505,2821,933
7600,4.27246,2821,933
7601,4.89044,2821,933
7602,4.36401,2821,933
7603,4.40979,2821,933
7604,4.54712,2821,933
7605,4.34875,2821,933
7606,4.30298,2821,933
7607,4.42505,2821,933
7608,4.82941,2821,933
7609,4.3335,2821,933
7610,4.05884,2821,933
7611,4.84467,2821,933
7612,4.24194,2821,933
7613,4.70734,2821,933
7614,4.42505,2821,933
7615,4.28772,2821,933
7616,4.63104,2821,933
7617,4.11987,2821,933
7618,4.57764,2821,933
7619,4.45557,2821,933
7620,4.6463,2821,933
7621,4.18091,2821,933
7622,4.22668,2821,933
7623,5.13458,2821,933
7624,3.89862,2821,933
7625,4.39453,2821,933
7626,4.53186,2821,933
7627,4.37164,2821,933
7628,4.47083,2821,933
7629,4.05121,2821,933
7630,4.44794,2821,933
7631,4.47083,2821,933
7632,4.16565,2821,933
7633,4.60815,2821,933
7634,3.91388,2821,933
7635,4.34113,2821,933
7636,4.10461,2821,933
7637,4.32587,2821,933
7638,4.05121,2821,933
7639,4.42505,2821,933
7640,4.09698,2821,933
7641,4.08936,2821,933
7642,4.28772,2821,933
7643,4.31061,2821,933
7644,4.34875,2821,933
7645,3.92914,2821,933
7646,4.48608,2821,933
7647,4.21143,2821,933
7648,3.8681,2821,933
7649,4.21143,2821,933
7650,4.24957,2821,933
7651,4.30298,2821,933
7652,4.08936,2821,933
7653,4.0741,2821,933
7654,4.35638,2821,933
7655,4.11224,2821,933
7656,4.0741,2821,933
7657,4.13513,2821,933
7658,4.29535,2821,933
7659,4.37927,2821,933
7660,4.10461,2821,933
7661,3.98254,2821,933
7662,4.22668,2821,933
7663,4.28009,2821,933
7664,4.11224,2821,933
7665,4.21906,2821,933
7666,4.24194,2821,933
7667,4.15039,2821,933
7668,4.08936,2821,933
7669,4.04358,2821,933
7670,4.45557,2821,933
7671,4.17328,2821,933
7672,3.95203,2821,933
7673,4.14276,2821,933
7674,4.4632,2821,933
7675,4.11987,2821,933
7676,4.27246,2821,933
7677,3.97491,2821,933
7678,4.3869,2821,933
7679,4.16565,2821,933
7680,4.00543,2821,933
7681,4.19617,2821,933
7682,4.40216,2821,933
7683,4.08173,2821,933
7684,4.11987,2821,933
7685,4.14276,2821,933
7686,4.31824,2821,933
7687,4.17328,2821,933
7688,4.11987,2821,933
7689,4.11224,2821,933
7690,4.37164,2821,933
7691,4.2038,2821,933
7692,4.18091,2821,933
7693,3.9978,2821,933
7694,4.40216,2821,933
7695,4.2038,2821,933
7696,4.08173,2821,933
7697,4.24194,2821,933
7698,4.45557,2821,933
7699,4.26483,2821,933
7700,4.08936,2821,933
7701,4.17328,2821,933
7702,4.39453,2821,933
7703,4.21143,2821,933
7704,4.05884,2821,933
7705,4.15039,2821,933
7706,4.97437,2821,933
7707,3.90625,2821,933
7708,4.48608,2821,933
7709,3.70789,2821,933
7710,4.63867,2821,933
7711,4.18091,2821,933
7712,4.34875,2821,933
7713,4.16565,2821,933
7714,4.42505,2821,933
7715,4.31061,2821,933
7716,3.92151,2821,933
7717,4.34875,2821,933
7718,4.37164,2821,933
7719,4.40979,2821,933
7720,4.22668,2821,933
7721,4.03595,2821,933
7722,4.89807,2821,933
7723,4.01306,2821,933
7724,4.6463,2821,933
7725,4.24194,2821,933
7726,4.47083,2821,933
7727,4.21143,2821,933
7728,4.11987,2821,933
7729,4.82941,2821,933
7730,4.11224,2821,933
7731,4.63104,2821,933
7732,4.54712,2821,933
7733,4.34875,2821,933
7734,4.53186,2821,933
7735,4.34875,2821,933
7736,4.65393,2821,933
7737,4.56238,2821,933
7738,4.52423,2821,933
7739,4.79889,2821,933
7740,4.28772,2821,933
7741,4.84467,2821,933
7742,4.41742,2821,933
7743,4.30298,2821,933
7744,5.1651,2821,933
7745,4.2572,2821,933
7746,4.71497,2821,933
7747,4.56238,2821,933
7748,4.68445,2821,933
7749,4.92096,2821,933
7750,4.39453,2821,933
7751,4.65393,2821,933
7752,4.79126,2821,933
7753,4.44031,2821,933
7754,4.50134,2821,933
7755,4.89807,2821,933
7756,4.73785,2821,933
7757,4.56238,2821,933
7758,4.76837,2821,933
7759,4.60815,2821,933
7760,4.57764,2821,933
7761,4.60052,2821,933
7762,4.93622,2821,933
7763,4.60815,2821,933
7764,4.6463,2821,933
7765,4.79126,2821,933
7766,4.70734,2821,933
7767,4.6463,2821,933
7768,4.62341,2821,933
7769,4.88281,2821,933
7770,4.78363,2821,933
7771,4.57001,2821,933
7772,4.75311,2821,933
7773,5.08881,2821,933
7774,4.5166,2821,933
7775,4.28009,2821,933
7776,5.18036,2821,933
7777,4.50897,2821,933
7778,4.93622,2821,933
7779,4.80652,2821,933
7780,4.73785,2821,933
7781,5.56946,2821,933
7782,4.01306,2821,933
7783,4.95911,2821,933
7784,4.9057,2821,933
7785,4.86755,2821,933
7786,4.84467,2821,933
7787,5.08118,2821,933
7788,4.88281,2821,933
7789,4.68445,2821,933
7790,5.56946,2821,924
7791,4.79889,2821,924
7792,4.78363,2821,924
7793,5.44739,2821,924
7794,4.98199,2821,924
7795,4.88281,2821,924
7796,5.43976,2821,924
7797,4.98962,2821,924
7798,5.05066,2821,924
7799,5.31006,2821,924
7800,5.39398,2821,924
7801,4.98962,2821,924
7802,5.34058,2821,924
7803,5.47791,2821,924
7804,5.04303,2821,924
7805,5.07355,2821,924
7806,5.43976,2821,924
7807,5.37109,2821,924
7808,4.89807,2821,924
7809,5.66864,2821,924
7810,5.54657,2821,924
7811,4.68445,2821,924
7812,5.51605,2821,924
7813,5.1651,2821,924
7814,5.21851,2821,924
7815,5.39398,2821,924
7816,5.18036,2821,924
7817,5.13458,2821,924
7818,5.11169,2821,924
7819,5.76782,2821,924
7820,4.73785,2821,924
7821,5.82123,2821,924
7822,4.85229,2821,924
7823,5.12695,2821,924
7824,5.21088,2821,924
7825,5.47791,2821,924
7826,5.12695,2821,924
7827,5.14221,2821,924
7828,5.57709,2821,924
7829,5.22614,2821,924
7830,5.13458,2821,924
7831,5.34058,2821,924
7832,5.12695,2821,924
7833,5.18036,2821,924
7834,5.4245,2821,924
7835,5.09644,2821,924
7836,5.27954,2821,924
7837,5.37872,2821,924
7838,5.20325,2821,924
7839,5.10406,2821,924
7840,5.04303,2821,924
7841,5.53894,2821,924
7842,5.22614,2821,924
7843,4.98962,2821,924
7844,5.65338,2821,924
7845,4.96674,2821,924
7846,5.07355,2821,924
7847,5.39398,2821,924
7848,5.14984,2821,924
7849,5.05829,2821,924
7850,5.33295,2821,924
7851,5.05066,2821,924
7852,5.05066,2821,924
7853,4.98199,2821,924
7854,5.39398,2821,924
7855,5.05829,2821,924
7856,5.01251,2821,924
7857,5.30243,2821,924
7858,4.95148,2821,924
7859,5.06592,2821,924
7860,5.31769,2821,924
7861,4.92096,2821,924
7862,5.08881,2821,924
7863,5.22614,2821,924
7864,5.08881,2821,924
7865,4.92096,2821,924
7866,5.08881,2821,924
7867,5.34821,2821,924
7868,5.17273,2821,924
7869,4.82178,2821,924
7870,5.30243,2821,924
7871,5.02014,2821,924
7872,4.98962,2821,924
7873,5.24902,2821,924
7874,5.02777,2821,924
7875,4.94385,2821,924
7876,4.96674,2821,924
7877,5.23376,2821,924
7878,5.00488,2821,924
7879,4.93622,2821,924
7880,5.27191,2821,924
7881,4.98962,2821,924
7882,4.95148,2821,924
7883,5.22614,2821,924
7884,4.99725,2821,924
7885,4.98962,2821,924
7886,5.14984,2821,924
7887,4.99725,2821,924
7888,4.97437,2821,924
7889,4.9057,2821,924
7890,5.39398,2821,924
7891,5.02777,2821,924
7892,4.89807,2821,924
7893,5.30243,2821,924
7894,4.89044,2821,924
7895,4.86755,2821,924
7896,5.20325,2821,924
7897,4.98199,2821,924
7898,4.98962,2821,924
7899,4.99725,2821,924
7900,5.15747,2821,924
7901,4.97437,2821,924
7902,4.87518,2821,924
7903,5.18036,2821,924
7904,4.96674,2821,924
7905,4.82941,2821,924
7906,5.28717,2821,924
7907,4.91333,2821,924
7908,4.96674,2821,924
7909,4.79126,2821,924
7910,5.44739,2821,924
7911,4.92859,2821,924
7912,4.88281,2821,924
7913,5.18036,2821,924
7914,5.31769,2821,924
7915,4.79889,2821,924
7916,5.14984,2821,924
7917,5.11932,2821,924
7918,5.02777,2821,924
7919,4.67682,2821,924
7920,5.40161,2821,924
7921,4.97437,2821,924
7922,4.66156,2821,924
7923,5.69153,2821,924
7924,4.78363,2821,924
7925,4.91333,2821,924
7926,5.47791,2821,924
7927,5.01251,2821,924
7928,4.83704,2821,924
7929,5.66101,2821,924
7930,5.28717,2821,924
7931,4.79889,2821,924
7932,5.50079,2821,924
7933,5.24902,2821,924
7934,5.18036,2821,924
7935,4.89807,2821,924
7936,5.71442,2821,924
7937,5.21088,2821,924
7938,4.92096,2821,924
7939,5.93567,2821,924
7940,5.13458,2821,924
7941,4.92859,2821,924
7942,5.76782,2821,924
7943,5.14221,2821,924
7944,5.04303,2821,924
7945,5.38635,2821,924
7946,5.26428,2821,924
7947,4.98199,2821,924
7948,5.52368,2821,924
7949,5.23376,2821,924
7950,5.02014,2821,924
7951,5.21851,2821,924
7952,5.39398,2821,924
7953,5.14984,2821,924
7954,5.02777,2821,924
7955,5.38635,2821,924
7956,4.95148,2821,924
7957,5.11169,2821,924
7958,5.46265,2821,924
7959,4.95911,2821,924
7960,5.11932,2821,924
7961,5.34058,2821,924
7962,5.21851,2821,924
7963,4.85992,2821,924
7964,5.28717,2821,924
7965,5.1651,2821,924
7966,4.96674,2821,924
7967,5.08118,2821,924
7968,5.40161,2821,924
7969,5.07355,2821,924
7970,5.17273,2821,924
7971,5.52368,2821,924
7972,5.08881,2821,924
7973,5.18799,2821,924
7974,5.4245,2821,924
7975,5.18036,2821,924
7976,5.02777,2821,924
7977,5.33295,2821,924
7978,5.09644,2821,924
7979,5.19562,2821,924
7980,5.39398,2821,924
7981,5.08118,2821,924
7982,5.10406,2821,924
7983,5.18036,2821,924
7984,5.43213,2821,915
7985,5.23376,2821,915
7986,5.14221,2821,915
7987,5.49316,2821,915
7988,5.04303,2821,915
7989,5.32532,2821,915
7990,5.58472,2821,915
7991,5.04303,2821,915
7992,5.23376,2821,915
7993,5.49316,2821,915
7994,5.14221,2821,915
7995,5.34058,2821,915
7996,5.43976,2821,915
7997,5.13458,2821,915
7998,5.62286,2821,915
7999,5.65338,2821,915
8000,4.93622,2821,915
8001,4.87518,2821,915
8002,5.59998,2821,915
8003,5.67627,2821,915
8004,4.66919,2821,915
8005,5.32532,2821,915
8006,5.43976,2821,915
8007,5.25665,2821,915
8008,5.2948,2821,915
8009,5.6839,2821,915
8010,5.13458,2821,915
8011,5.27191,2821,915
8012,5.80597,2821,915
8013,5.20325,2821,915
8014,5.13458,2821,915
8015,5.30243,2821,915
8016,5.47028,2821,915
8017,5.4245,2821,915
8018,5.4245,2821,915
8019,5.63049,2821,915
8020,4.96674,2821,915
8021,5.31769,2821,915
8022,5.30243,2821,915
8023,5.51605,2821,915
8024,5.46265,2821,915
8025,4.86755,2821,915
8026,5.37872,2821,915
8027,5.35583,2821,915
8028,5.28717,2821,915
8029,5.43213,2821,915
8030,5.11169,2821,915
8031,5.66864,2821,915
8032,4.85229,2821,915
8033,5.56183,2821,915
8034,5.45502,2821,915
8035,4.89807,2821,915
8036,5.50842,2821,915
8037,5.34821,2821,915
8038,5.21851,2821,915
8039,4.84467,2821,915
8040,5.8136,2821,915
8041,4.89044,2821,915
8042,5.21851,2821,915
8043,5.63049,2821,915
8044,5.18799,2821,915
8045,4.87518,2821,915
8046,5.40161,2821,915
8047,5.35583,2821,915
8048,5.08118,2821,915
8049,4.85229,2821,915
8050,5.79834,2821,915
8051,5.20325,2821,915
8052,4.95148,2821,915
8053,5.5542,2821,915
8054,5.05066,2821,915
8055,4.76837,2821,915
8056,5.64575,2821,915
8057,5.08118,2821,915
8058,4.91333,2821,915
8059,5.49316,2821,915
8060,4.99725,2821,915
8061,5.15747,2821,915
8062,4.75311,2821,915
8063,5.59235,2821,915
8064,4.95148,2821,915
8065,4.82941,2821,915
8066,5.58472,2821,915
8067,4.96674,2821,915
8068,4.95148,2821,915
8069,5.43976,2821,915
8070,4.97437,2821,915
8071,5.08118,2821,915
8072,5.21851,2821,915
8073,5.17273,2821,915
8074,5.04303,2821,915
8075,5.17273,2821,915
8076,5.02777,2821,915
8077,5.04303,2821,915
8078,5.02014,2821,915
8079,5.34821,2821,915
8080,5.10406,2821,915
8081,4.9057,2821,915
8082,5.43213,2821,915
8083,4.96674,2821,915
8084,5.00488,2821,915
8085,5.26428,2821,915
8086,5.01251,2821,915
8087,5.14984,2821,915
8088,4.95148,2821,915
8089,5.50079,2821,915
8090,5.02777,2821,915
8091,4.97437,2821,915
8092,5.40161,2821,915
8093,4.98199,2821,915
8094,5.11169,2821,915
8095,5.30243,2821,915
8096,4.89044,2821,928
8097,41.0309,2821,928
8098,0.694275,2821,928
8099,0.740051,2821,928
8100,3.90625,2821,928
8101,5.47028,2821,928
8102,5.11169,2821,928
8103,5.47791,2821,928
8104,4.92859,2821,928
8105,4.98199,2821,928
8106,5.33295,2821,928
8107,5.21088,2821,928
8108,4.87518,2821,928
8109,5.17273,2821,928
8110,5.09644,2821,928
8111,5.06592,2821,928
8112,5.04303,2821,928
8113,5.50079,2821,928
8114,4.95148,2821,928
8115,5.04303,2821,928
8116,5.37109,2821,928
8117,5.09644,2821,928
8118,4.98962,2821,928
8119,5.27954,2821,928
8120,5.12695,2821,928
8121,4.92859,2821,928
8122,5.9433,2821,928
8123,4.776,2821,928
8124,5.05066,2821,928
8125,5.24139,2821,928
8126,5.28717,2821,928
8127,5.23376,2821,928
8128,5.04303,2821,928
8129,5.52368,2821,928
8130,4.99725,2821,928
8131,4.87518,2821,928
8132,5.41687,2821,928
8133,5.02014,2821,928
8134,5.02014,2821,928
8135,5.2948,2821,928
8136,5.08881,2821,928
8137,4.95911,2821,928
8138,5.14221,2821,928
8139,5.1651,2821,928
8140,4.96674,2821,928
8141,5.05829,2821,928
8142,5.53894,2821,928
8143,4.96674,2821,928
8144,5.02777,2821,928
8145,5.26428,2821,928
8146,4.89044,2821,928
8147,5.14984,2821,928
8148,5.10406,2821,928
8149,5.13458,2821,928
8150,4.82941,2821,928
8151,5.10406,2821,928
8152,5.26428,2821,928
8153,4.93622,2821,928
8154,4.98962,2821,928
8155,5.27954,2821,928
8156,4.98199,2821,928
8157,4.95148,2821,928
8158,5.18036,2821,928
8159,5.14984,2821,928
8160,4.95148,2821,928
8161,4.89807,2821,928
8162,5.37872,2821,928
8163,4.92096,2821,928
8164,5.00488,2821,928
8165,5.13458,2821,928
8166,5.08881,2821,928
8167,4.81415,2821,928
8168,5.20325,2821,928
8169,5.08881,2821,928
8170,4.80652,2821,928
8171,5.15747,2821,924
8172,5.08118,2821,919
8173,4.94385,2821,919
8174,4.82941,2821,919
8175,5.18036,2821,919
8176,5.00488,2821,919
8177,4.81415,2821,919
8178,5.23376,2821,919
8179,5.08118,2821,919
8180,4.88281,2821,919
8181,5.37109,2821,919
8182,4.776,2821,919
8183,4.92096,2821,919
8184,4.81415,2821,919
8185,5.25665,2821,919
8186,4.89044,2821,919
8187,4.85229,2821,919
8188,5.25665,2821,919
8189,4.83704,2821,919
8190,4.88281,2821,919
8191,5.14221,2821,919
8192,4.89044,2821,919
8193,4.88281,2821,919
8194,4.94385,2821,919
8195,5.22614,2821,919
8196,4.79889,2821,919
8197,5.02014,2821,919
8198,5.13458,2821,919
8199,4.79889,2821,919
8200,4.89807,2821,919
8201,4.82941,2821,919
8202,5.21088,2821,919
8203,4.86755,2821,919
8204,4.91333,2821,919
8205,5.34821,2821,919
8206,4.82941,2821,919
8207,4.97437,2821,919
8208,5.15747,2821,919
8209,4.86755,2821,919
8210,4.79889,2821,919
8211,4.92859,2821,919
8212,5.18799,2821,919
8213,5.01251,2821,919
8214,4.76074,2821,919
8215,5.19562,2821,919
8216,4.84467,2821,919
8217,4.82178,2821,919
8218,5.14984,2821,919
8219,4.93622,2821,919
8220,4.92096,2821,919
8221,4.85992,2821,919
8222,5.08118,2821,919
8223,4.88281,2821,919
8224,4.82178,2821,919
8225,5.37872,2821,919
8226,4.91333,2821,919
8227,4.776,2821,919
8228,5.06592,2821,919
8229,5.0354,2821,919
8230,4.78363,2821,919
8231,4.76074,2821,919
8232,5.20325,2821,919
8233,4.92096,2821,919
8234,4.78363,2821,919
8235,5.24902,2821,919
8236,4.71497,2821,919
8237,4.95148,2821,919
8238,5.1651,2821,919
8239,4.73022,2821,919
8240,5.04303,2821,919
8241,4.73022,2821,919
8242,5.08118,2821,919
8243,4.82178,2821,919
8244,4.92859,2821,919
8245,5.18799,2821,919
8246,4.94385,2821,919
8247,4.80652,2821,919
8248,4.89044,2821,919
8249,5.10406,2821,919
8250,5.05066,2821,919
8251,4.7226,2821,919
8252,5.06592,2821,919
8253,4.82941,2821,919
8254,4.88281,2821,919
8255,5.12695,2821,919
8256,4.71497,2821,919
8257,4.95911,2821,919
8258,4.92096,2821,919
8259,4.97437,2821,919
8260,4.99725,2821,919
8261,4.75311,2821,919
8262,5.12695,2821,919
8263,4.776,2821,919
8264,4.81415,2821,919
8265,5.17273,2821,919
8266,4.98199,2821,919
8267,4.87518,2821,919
8268,4.82178,2821,919
8269,5.11932,2821,919
8270,4.89044,2821,919
8271,4.83704,2821,919
8272,5.12695,2821,919
8273,4.98199,2821,919
8274,4.67682,2821,919
8275,5.33295,2821,919
8276,4.67682,2821,919
8277,4.76074,2821,919
8278,5.15747,2821,919
8279,4.85992,2821,919
8280,4.84467,2821,919
8281,4.79126,2821,919
8282,5.10406,2821,919
8283,4.86755,2821,919
8284,4.87518,2821,919
8285,4.7226,2821,919
8286,5.51605,2821,919
8287,4.78363,2821,919
8288,4.73785,2821,919
8289,5.49316,2821,919
8290,4.93622,2821,919
8291,4.5166,2821,919
8292,5.12695,2821,919
8293,4.94385,2821,919
8294,4.69208,2821,919
8295,5.22614,2821,919
8296,4.95148,2821,919
8297,4.60052,2821,919
8298,5.11169,2821,919
8299,5.05829,2821,919
8300,4.63867,2821,919
8301,4.98199,2821,919
8302,4.73022,2821,919
8303,4.82178,2821,919
8304,4.85229,2821,919
8305,4.67682,2821,919
8306,4.82178,2821,919
8307,4.92859,2821,919
8308,4.3335,2821,919
8309,4.89044,2821,919
8310,4.95148,2821,919
8311,4.35638,2821,919
8312,4.86755,2821,919
8313,4.63104,2821,919
8314,4.32587,2821,919
8315,4.54712,2821,919
8316,4.5166,2821,919
8317,4.89044,2821,919
8318,4.52423,2821,919
8319,4.3869,2821,919
8320,4.66919,2821,919
8321,4.6463,2821,919
8322,4.58527,2821,919
8323,4.34875,2821,919
8324,4.84467,2821,919
8325,4.4632,2821,919
8326,4.40216,2821,919
8327,4.776,2821,919
8328,4.98199,2821,919
8329,4.4632,2821,919
8330,4.32587,2821,919
8331,4.80652,2821,919
8332,4.47845,2821,919
8333,4.37927,2821,919
8334,4.61578,2821,919
8335,4.83704,2821,919
8336,4.39453,2821,919
8337,4.44031,2821,919
8338,4.50134,2821,919
8339,4.70734,2821,919
8340,4.53186,2821,919
8341,4.40979,2821,919
8342,4.85992,2821,919
8343,4.3335,2821,919
8344,4.4632,2821,919
8345,4.53186,2821,919
8346,4.7226,2821,919
8347,4.50134,2821,919
8348,4.50897,2821,919
8349,4.68445,2821,919
8350,4.67682,2821,919
8351,4.60815,2821,919
8352,4.47845,2821,919
8353,4.61578,2821,919
8354,4.45557,2821,919
8355,4.49371,2821,919
8356,4.47845,2821,919
8357,4.75311,2821,919
8358,4.53186,2821,919
8359,4.49371,2821,919
8360,4.37927,2821,919
8361,5.01251,2821,919
8362,4.4632,2821,919
8363,4.57001,2821,919
8364,4.58527,2821,919
8365,4.50897,2821,919
8366,4.55475,2821,919
8367,4.37927,2821,919
8368,5.35583,2821,919
8369,3.89099,2821,919
8370,4.44794,2821,919
8371,4.65393,2821,919
8372,5.02777,2821,919
8373,4.24957,2821,919
8374,4.42505,2821,919
8375,4.92859,2821,919
8376,4.5166,2821,919
8377,4.55475,2821,919
8378,4.32587,2821,919
8379,4.85992,2821,919
8380,4.36401,2821,919
8381,4.4632,2821,919
8382,4.40216,2821,919
8383,4.78363,2821,919
8384,4.44794,2821,919
8385,4.63867,2821,919
8386,4.53949,2821,919
8387,4.50134,2821,919
8388,4.56238,2821,919
8389,4.44794,2821,919
8390,4.66156,2821,919
8391,4.5929,2821,919
8392,4.35638,2821,919
8393,4.44031,2821,919
8394,5.12695,2821,919
8395,4.30298,2821,919
8396,4.52423,2821,919
8397,4.75311,2821,919
8398,22.3923,2821,919
8399,0.602722,2821,919
8400,0.358582,2821,919
8401,0.343323,2821,919
8402,2.79236,2821,919
8403,2.67792,2821,919
8404,3.18146,2821,919
8405,3.19672,2821,919
8406,2.68555,2821,919
8407,2.9068,2821,919
8408,2.91443,2821,919
8409,2.99072,2821,919
8410,3.27301,2821,919
8411,2.83813,2821,919
8412,3.00598,2821,919
8413,2.79999,2821,919
8414,3.15094,2821,919
8415,2.96021,2821,919
8416,3.00598,2821,919
8417,2.86102,2821,919
8418,3.06702,2821,919
8419,2.83051,2821,919
8420,3.0899,2821,919
8421,3.0899,2821,919
8422,2.85339,2821,919
8423,3.02124,2821,919
8424,2.83813,2821,919
8425,3.05176,2821,919
8426,2.89154,2821,919
8427,3.2959,2821,919
8428,2.93732,2821,919
8429,2.81525,2821,919
8430,3.07465,2821,919
8431,2.80762,2821,919
8432,3.25775,2821,919
8433,2.96783,2821,919
8434,2.9068,2821,919
8435,3.02887,2821,919
8436,2.83051,2821,919
8437,2.88391,2821,919
8438,3.30353,2821,919
8439,2.93732,2821,919
8440,2.88391,2821,919
8441,2.86865,2821,919
8442,2.88391,2821,919
8443,3.479,2821,919
8444,2.71606,2821,919
8445,3.05939,2821,919
8446,2.73895,2821,919
8447,2.97546,2821,919
8448,2.89917,2821,919
8449,3.28827,2821,919
8450,2.99835,2821,919
8451,2.81525,2821,919
8452,2.97546,2821,919
8453,2.89154,2821,919
8454,3.00598,2821,919
8455,3.17383,2821,919
8456,2.94495,2821,919
8457,2.84576,2821,919
8458,3.18146,2821,919
8459,2.67792,2821,919
8460,3.24249,2821,919
8461,3.01361,2821,919
8462,2.96783,2821,919
8463,2.89917,2821,919
8464,2.98309,2821,919
8465,2.84576,2821,919
8466,3.32642,2821,919
8467,2.78473,2821,919
8468,2.94495,2821,919
8469,2.96783,2821,919
8470,2.99072,2821,919
8471,3.17383,2821,919
8472,2.91443,2821,919
8473,3.02124,2821,919
8474,2.75421,2821,919
8475,3.10516,2821,919
8476,2.81525,2821,919
8477,3.51715,2821,919
8478,2.6474,2821,919
8479,3.27301,2821,919
8480,2.79999,2821,919
8481,2.85339,2821,919
8482,3.15857,2821,919
8483,3.18909,2821,919
8484,3.02887,2821,919
8485,2.91443,2821,919
8486,2.80762,2821,919
8487,2.93732,2821,919
8488,3.52478,2821,919
8489,2.99835,2821,919
8490,2.79236,2821,919
8491,2.87628,2821,919
8492,2.97546,2821,919
8493,3.11279,2821,919
8494,3.36456,2821,919
8495,2.97546,2821,919
8496,2.76184,2821,919
8497,3.00598,2821,919
8498,2.89917,2821,919
8499,3.24249,2821,919
8500,2.91443,2821,919
8501,2.9068,2821,919
8502,2.89917,2821,919
8503,2.76184,2821,919
8504,2.96021,2821,919
8505,3.14331,2821,919
8506,2.96783,2821,919
8507,2.9068,2821,919
8508,2.92969,2821,919
8509,2.92969,2821,919
8510,3.07465,2821,919
8511,3.01361,2821,919
8512,3.02124,2821,919
8513,2.66266,2821,919
8514,2.92969,2821,919
8515,2.94495,2821,919
8516,3.1662,2821,919
8517,2.89917,2821,919
8518,2.89917,2821,919
8519,2.86102,2821,919
8520,3.02887,2821,919
8521,3.15857,2821,919
8522,2.81525,2821,919
8523,2.89917,2821,919
8524,2.98309,2821,919
8525,2.81525,2821,919
8526,2.98309,2821,919
8527,3.13568,2821,919
8528,3.02124,2821,919
8529,2.98309,2821,919
8530,2.87628,2821,919
8531,2.87628,2821,919
8532,2.94495,2821,919
8533,3.23486,2821,919
8534,2.89917,2821,919
8535,2.89917,2821,919
8536,2.91443,2821,919
8537,2.86865,2821,919
8538,3.19672,2821,919
8539,2.94495,2821,919
8540,2.79999,2821,919
8541,2.96783,2821,919
8542,2.95258,2821,919
8543,2.80762,2821,919
8544,3.19672,2821,919
8545,2.89154,2821,919
8546,2.94495,2821,919
8547,2.86865,2821,919
8548,3.07465,2821,919
8549,2.76184,2821,919
8550,3.1662,2821,919
8551,2.9068,2821,919
8552,2.82288,2821,919
8553,3.0899,2821,919
8554,2.78473,2821,919
8555,3.1662,2821,919
8556,2.88391,2821,919
8557,3.02124,2821,919
8558,2.91443,2821,919
8559,2.79999,2821,919
8560,2.9068,2821,919
8561,3.34167,2821,919
8562,2.86865,2821,919
8563,2.87628,2821,919
8564,2.99072,2821,919
8565,2.80762,2821,919
8566,3.13568,2821,919
8567,2.99835,2821,919
8568,3.04413,2821,919
8569,2.85339,2821,919
8570,2.82288,2821,919
8571,2.88391,2821,919
8572,3.21198,2821,919
8573,2.96021,2821,919
8574,2.95258,2821,919
8575,2.87628,2821,919
8576,2.83051,2821,919
8577,2.92206,2821,919
8578,3.24249,2821,919
8579,2.86102,2821,919
8580,2.96783,2821,919
8581,3.06702,2821,919
8582,2.83813,2821,919
8583,2.86865,2821,919
8584,3.43323,2821,919
8585,2.95258,2821,919
8586,2.84576,2821,919
8587,2.9068,2821,919
8588,2.86102,2821,919
8589,3.20435,2821,919
8590,2.96783,2821,919
8591,2.92206,2821,919
8592,2.89917,2821,919
8593,2.86102,2821,919
8594,2.78473,2821,919
8595,3.46375,2821,919
8596,2.99835,2821,919
8597,2.78473,2821,919
8598,2.96021,2821,919
8599,2.79999,2821,919
8600,3.31879,2821,919
8601,2.95258,2821,919
8602,2.99072,2821,919
8603,2.71606,2821,919
8604,2.9068,2821,919
8605,2.92969,2821,919
8606,3.08228,2821,919
8607,2.85339,2821,919
8608,2.88391,2821,919
8609,2.93732,2821,919
8610,3.24249,2821,919
8611,2.75421,2821,919
8612,3.05939,2821,919
8613,2.91443,2821,919
8614,16.8762,2821,919
8615,0.587463,2821,919
8616,0.366211,2821,919
8617,0.335693,2821,920
8618,4.21143,2821,920
8619,4.50897,2821,920
8620,4.78363,2821,920
8621,4.35638,2821,920
8622,4.41742,2821,920
8623,4.6463,2821,920
8624,4.61578,2821,920
8625,4.37927,2821,920
8626,4.41742,2821,920
8627,4.71497,2821,920
8628,4.40216,2821,920
8629,4.50897,2821,920
8630,4.28772,2821,920
8631,4.71497,2821,920
8632,4.58527,2821,920
8633,4.28772,2821,920
8634,4.69971,2821,920
8635,4.95148,2821,920
8636,4.15039,2821,920
8637,4.34875,2821,920
8638,4.76074,2821,920
8639,4.4632,2821,920
8640,4.50134,2821,920
8641,4.37927,2821,920
8642,4.76074,2821,920
8643,4.44794,2821,920
8644,4.41742,2821,920
8645,4.79889,2821,920
8646,4.57001,2821,920
8647,4.44794,2821,920
8648,4.44794,2821,920
8649,4.80652,2821,920
8650,4.3869,2821,920
8651,4.47083,2821,920
8652,4.61578,2821,920
8653,4.58527,2821,920
8654,4.41742,2821,920
8655,4.60815,2821,920
8656,4.62341,2821,920
8657,4.56238,2821,920
8658,4.40979,2821,920
8659,4.42505,2821,920
8660,4.76837,2821,920
8661,4.37927,2821,920
8662,4.52423,2821,920
8663,4.47845,2821,920
8664,4.69971,2821,920
8665,4.50134,2821,920
8666,4.3869,2821,920
8667,4.73022,2821,920
8668,4.84467,2821,920
8669,4.55475,2821,920
8670,4.48608,2821,920
8671,4.89044,2821,916
8672,4.44794,2821,916
8673,4.69208,2821,916
8674,4.37927,2821,916
8675,4.94385,2821,916
8676,4.4632,2821,916
8677,4.5166,2821,916
8678,4.69208,2821,916
8679,4.40216,2821,916
8680,4.65393,2821,916
8681,4.5929,2821,916
8682,4.57001,2821,916
8683,4.50897,2821,916
8684,4.53186,2821,916
8685,4.5166,2821,916
8686,4.69208,2821,916
8687,4.35638,2821,916
8688,4.54712,2821,916
8689,4.81415,2821,916
8690,4.57001,2821,916
8691,4.3335,2821,916
8692,4.50897,2821,916
8693,4.65393,2821,916
8694,4.55475,2821,916
8695,4.40216,2821,916
8696,4.45557,2821,916
8697,4.73022,2821,916
8698,4.61578,2821,916
8699,4.3869,2821,916
8700,4.66919,2821,916
8701,4.47083,2821,916
8702,4.41742,2821,916
8703,4.52423,2821,916
8704,4.69208,2821,916
8705,4.43268,2821,916
8706,4.55475,2821,916
8707,4.79889,2821,916
8708,4.37927,2821,916
8709,4.47083,2821,916
8710,4.67682,2821,916
8711,4.47845,2821,916
8712,4.68445,2821,916
8713,4.45557,2821,916
8714,4.35638,2821,916
8715,4.79889,2821,916
8716,4.48608,2821,916
8717,4.43268,2821,916
8718,4.57764,2821,916
8719,4.60052,2821,916
8720,4.43268,2821,916
8721,4.5929,2821,916
8722,4.70734,2821,916
8723,4.34875,2821,916
8724,4.47083,2821,916
8725,4.50897,2821,916
8726,4.88281,2821,916
8727,4.28009,2821,916
8728,4.49371,2821,916
8729,4.5166,2821,916
8730,4.76074,2821,916
8731,4.40216,2821,916
8732,4.56238,2821,916
8733,4.66156,2821,916
8734,4.65393,2821,916
8735,4.40979,2821,916
8736,4.41742,2821,916
8737,4.85992,2821,916
8738,4.31061,2821,916
8739,4.53186,2821,916
8740,4.49371,2821,916
8741,4.68445,2821,916
8742,4.53949,2821,916
8743,4.44794,2821,916
8744,4.68445,2821,916
8745,4.42505,2821,916
8746,22.0947,2821,916
8747,0.495911,2821,916
8748,0.343323,2821,916
8749,0.343323,2821,916
8750,2.59399,2821,916
8751,3.25012,2821,916
8752,2.91443,2821,916
8753,2.86102,2821,916
8754,2.96783,2821,916
8755,2.99835,2821,916
8756,2.79999,2821,916
8757,3.4256,2821,916
8758,2.79236,2821,916
8759,2.96783,2821,916
8760,2.81525,2821,916
8761,2.92969,2821,916
8762,3.21198,2821,916
8763,3.01361,2821,916
8764,2.7771,2821,916
8765,2.92206,2821,916
8766,2.91443,2821,916
8767,2.94495,2821,916
8768,3.19672,2821,916
8769,2.89154,2821,916
8770,2.87628,2821,916
8771,3.07465,2821,916
8772,3.41034,2821,916
8773,2.39563,2821,916
8774,3.05939,2821,916
8775,3.02887,2821,916
8776,2.79236,2821,916
8777,2.86865,2821,916
8778,3.05176,2821,916
8779,3.09753,2821,916
8780,2.92969,2821,916
8781,2.93732,2821,916
8782,2.7771,2821,916
8783,3.0365,2821,916
8784,2.91443,2821,916
8785,3.14331,2821,916
8786,2.91443,2821,916
8787,2.81525,2821,916
8788,2.93732,2821,916
8789,2.89917,2821,916
8790,2.96783,2821,916
8791,3.37982,2821,916
8792,2.80762,2821,916
8793,2.96783,2821,916
8794,2.82288,2821,916
8795,3.07465,2821,916
8796,3.24249,2821,916
8797,2.82288,2821,916
8798,2.89154,2821,916
8799,2.89917,2821,916
8800,2.89917,2821,916
8801,2.96783,2821,916
8802,3.08228,2821,916
8803,2.94495,2821,916
8804,2.92969,2821,916
8805,2.79999,2821,916
8806,2.92969,2821,916
8807,3.25012,2821,916
8808,2.83051,2821,916
8809,2.95258,2821,916
8810,3.05939,2821,916
8811,2.76947,2821,916
8812,2.92206,2821,916
8813,3.21198,2821,916
8814,2.99072,2821,916
8815,2.92206,2821,916
8816,2.7771,2821,916
8817,2.9068,2821,916
8818,3.11279,2821,916
8819,3.19672,2821,916
8820,2.87628,2821,916
8821,2.96783,2821,916
8822,2.83813,2821,916
8823,2.80762,2821,916
8824,3.15857,2821,916
8825,3.10516,2821,916
8826,2.84576,2821,916
8827,2.89917,2821,916
8828,3.05176,2821,916
8829,2.95258,2821,916
8830,3.07465,2821,916
8831,3.0899,2821,916
8832,2.91443,2821,916
8833,2.9068,2821,916
8834,2.96783,2821,916
8835,3.06702,2821,916
8836,3.15094,2821,916
8837,3.06702,2821,916
8838,2.72369,2821,916
8839,2.88391,2821,916
8840,3.0899,2821,916
8841,3.4256,2821,916
8842,2.81525,2821,916
8843,2.88391,2821,916
8844,2.98309,2821,916
8845,3.06702,2821,916
8846,3.05939,2821,916
8847,3.10516,2821,916
8848,2.91443,2821,916
8849,2.96021,2821,916
8850,2.93732,2821,916
8851,2.91443,2821,916
8852,3.10516,2821,916
8853,3.06702,2821,916
8854,2.78473,2821,916
8855,2.97546,2821,916
8856,2.88391,2821,916
8857,2.92969,2821,916
8858,3.33405,2821,916
8859,2.86102,2821,916
8860,2.96021,2821,916
8861,2.86102,2821,916
8862,2.89154,2821,916
8863,3.28064,2821,916
8864,2.79236,2821,916
8865,2.88391,2821,916
8866,3.05176,2821,916
8867,2.80762,2821,916
8868,2.88391,2821,916
8869,3.23486,2821,916
8870,2.84576,2821,916
8871,3.00598,2821,916
8872,2.88391,2821,916
8873,2.94495,2821,916
8874,3.10516,2821,916
8875,2.9068,2821,916
8876,3.15857,2821,916
8877,2.70081,2821,916
8878,2.86102,2821,916
8879,2.89917,2821,916
8880,3.40271,2821,916
8881,3.02124,2821,916
8882,2.86865,2821,916
8883,2.89917,2821,916
8884,2.83051,2821,916
8885,17.0822,2821,917
8886,0.595093,2821,917
8887,0.343323,2821,917
8888,0.320435,2821,917
8889,4.74548,2821,917
8890,4.26483,2821,917
8891,4.50134,2821,917
8892,4.41742,2821,917
8893,4.62341,2821,917
8894,4.50897,2821,917
8895,4.4632,2821,917
8896,4.5929,2821,917
8897,4.5929,2821,917
8898,4.44031,2821,917
8899,4.37927,2821,917
8900,4.76837,2821,917
8901,4.47083,2821,917
8902,4.43268,2821,917
8903,4.43268,2821,917
8904,4.73022,2821,917
8905,4.57001,2821,917
8906,4.3335,2821,917
8907,4.7226,2821,917
8908,4.63867,2821,917
8909,4.3335,2821,917
8910,4.37164,2821,917
8911,4.93622,2821,917
8912,4.30298,2821,917
8913,4.49371,2821,917
8914,4.3869,2821,917
8915,5.08118,2821,917
8916,4.39453,2821,917
8917,4.3335,2821,917
8918,4.7226,2821,917
8919,4.55475,2821,917
8920,4.47845,2821,917
8921,4.48608,2821,917
8922,4.73022,2821,917
8923,4.45557,2821,917
8924,4.35638,2821,917
8925,4.47845,2821,917
8926,4.71497,2821,917
8927,4.45557,2821,917
8928,4.48608,2821,917
8929,4.66919,2821,917
8930,4.4632,2821,917
8931,4.4632,2821,917
8932,4.48608,2821,917
8933,4.84467,2821,917
8934,4.74548,2821,917
8935,4.11224,2821,917
8936,5.05066,2821,917
8937,5.01251,2821,913
8938,4.14276,2821,913
8939,4.31824,2821,913
8940,4.776,2821,913
8941,5.77545,2821,913
8942,5.24139,2821,913
8943,5.93567,2821,913
8944,5.19562,2821,913
8945,5.53894,2821,913
8946,5.46265,2821,913
8947,5.66101,2821,913
8948,5.14221,2821,913
8949,5.53894,2821,913
8950,5.8136,2821,913
8951,4.93622,2821,913
8952,5.69153,2821,913
8953,5.18799,2821,913
8954,5.14984,2821,913
8955,4.86755,2821,913
8956,5.76019,2821,913
8957,4.776,2821,913
8958,4.85992,2821,913
8959,5.08881,2821,913
8960,4.73022,2821,913
8961,4.82178,2821,913
8962,4.85229,2821,913
8963,4.85992,2821,913
8964,4.60815,2821,913
8965,4.79889,2821,913
8966,4.9057,2821,913
8967,4.85992,2821,913
8968,4.28009,2821,913
8969,4.6463,2821,913
8970,4.95148,2821,913
8971,4.66156,2821,913
8972,4.74548,2821,913
8973,4.92096,2821,913
8974,4.74548,2821,913
8975,4.62341,2821,913
8976,4.44794,2821,913
8977,5.0354,2821,913
8978,4.65393,2821,913
8979,4.67682,2821,913
8980,4.7226,2821,913
8981,4.62341,2821,913
8982,4.63867,2821,913
8983,4.50134,2821,913
8984,4.97437,2821,913
8985,4.5929,2821,913
8986,4.55475,2821,913
8987,4.89044,2821,913
8988,4.60052,2821,913
8989,4.5929,2821,913
8990,4.5929,2821,913
8991,4.98962,2821,913
8992,4.50134,2821,913
8993,4.55475,2821,913
8994,4.9057,2821,913
8995,4.6463,2821,913
8996,4.50134,2821,913
8997,4.67682,2821,913
8998,4.81415,2821,913
8999,4.65393,2821,913
9000,4.56238,2821,913
9001,4.80652,2821,913
9002,4.85992,2821,913
9003,4.50897,2821,913
9004,4.5929,2821,913
9005,5.31006,2821,913
9006,4.21143,2821,913
9007,4.85992,2821,913
9008,4.66919,2821,913
9009,4.63104,2821,913
9010,4.83704,2821,913
9011,5.02014,2821,913
9012,4.36401,2821,913
9013,4.87518,2821,913
9014,4.5166,2821,913
9015,5.02777,2821,913
9016,4.94385,2821,913
9017,4.40979,2821,913
9018,4.84467,2821,913
9019,4.82178,2821,913
9020,4.94385,2821,913
9021,4.62341,2821,913
9022,4.79889,2821,913
9023,5.05829,2821,913
9024,4.95148,2821,913
9025,4.63867,2821,913
9026,4.71497,2821,913
9027,4.98962,2821,913
9028,4.53186,2821,913
9029,5.25665,2821,913
9030,4.68445,2821,913
9031,4.65393,2821,913
9032,4.98962,2821,913
9033,5.08118,2821,913
9034,4.50134,2821,913
9035,5.18799,2821,913
9036,4.84467,2821,913
9037,4.76074,2821,913
9038,4.92859,2821,913
9039,4.79126,2821,913
9040,5.00488,2821,913
9041,5.10406,2821,913
9042,5.37872,2821,913
9043,4.67682,2821,913
9044,5.08118,2821,913
9045,4.92859,2821,913
9046,5.17273,2821,913
9047,5.15747,2821,913
9048,5.00488,2821,913
9049,4.85992,2821,913
9050,5.72968,2821,913
9051,4.97437,2821,913
9052,4.95911,2821,913
9053,5.7373,2821,913
9054,5.20325,2821,913
9055,5.1651,2821,913
9056,5.38635,2821,913
9057,5.37109,2821,913
9058,5.41687,2821,913
9059,5.24902,2821,913
9060,5.51605,2821,913
9061,5.14221,2821,913
9062,5.51605,2821,913
9063,5.14984,2821,913
9064,5.48553,2821,913
9065,5.56946,2821,913
9066,5.09644,2821,913
9067,5.56183,2821,913
9068,5.37872,2821,913
9069,5.23376,2821,913
9070,4.91333,2821,913
9071,5.41687,2821,913
9072,5.31006,2821,913
9073,4.95911,2821,913
9074,5.20325,2821,913
9075,5.27191,2821,913
9076,4.98199,2821,913
9077,5.02777,2821,913
9078,5.37109,2821,913
9079,4.76074,2821,913
9080,5.22614,2821,913
9081,5.1651,2821,913
9082,4.79889,2821,913
9083,4.98199,2821,913
9084,5.01251,2821,913
9085,5.07355,2821,913
9086,5.12695,2821,913
9087,4.7226,2821,913
9088,5.0354,2821,913
9089,4.95148,2821,913
9090,4.94385,2821,913
9091,4.78363,2821,913
9092,4.83704,2821,913
9093,4.83704,2821,913
9094,4.79126,2821,913
9095,5.07355,2821,913
9096,4.99725,2821,913
9097,4.65393,2821,913
9098,5.12695,2821,913
9099,4.82941,2821,913
9100,4.61578,2821,913
9101,4.85229,2821,913
9102,4.92096,2821,913
9103,4.68445,2821,913
9104,4.76074,2821,913
9105,5.08118,2821,913
9106,4.71497,2821,913
9107,4.79889,2821,913
9108,4.71497,2821,913
9109,5.01251,2821,913
9110,4.73022,2821,913
9111,4.56238,2821,913
9112,5.11932,2821,913
9113,4.57764,2821,913
9114,4.74548,2821,913
9115,4.98962,2821,913
9116,4.73785,2821,913
9117,4.57764,2821,913
9118,4.76837,2821,913
9119,4.96674,2821,913
9120,4.66156,2821,913
9121,23.8266,2823,914
9122,0.495911,2823,914
9123,0.350952,2823,914
9124,0.328064,2823,914
9125,3.15094,2823,914
9126,3.07465,2823,914
9127,3.13568,2823,914
9128,3.05939,2823,914
9129,3.10516,2823,914
9130,3.50952,2823,914
9131,3.22723,2823,914
9132,2.95258,2823,914
9133,3.0899,2823,914
9134,3.05176,2823,914
9135,3.37982,2823,914
9136,3.10516,2823,914
9137,3.12042,2823,914
9138,3.14331,2823,914
9139,3.17383,2823,914
9140,2.96021,2823,914
9141,3.38745,2823,914
9142,3.0899,2823,914
9143,3.00598,2823,914
9144,3.18146,2823,914
9145,3.04413,2823,914
9146,3.48663,2823,914
9147,3.02124,2823,911
9148,2.92206,2823,911
9149,3.18146,2823,911
9150,3.02124,2823,911
9151,3.37982,2823,911
9152,3.10516,2823,911
9153,3.0365,2823,911
9154,3.11279,2823,911
9155,3.07465,2823,911
9156,3.12805,2823,911
9157,3.2959,2823,911
9158,3.24249,2823,911
9159,2.96021,2823,911
9160,3.14331,2823,911
9161,2.92206,2823,911
9162,3.48663,2823,911
9163,3.0899,2823,911
9164,3.10516,2823,911
9165,3.04413,2823,911
9166,3.05939,2823,911
9167,3.37219,2823,911
9168,3.35693,2823,911
9169,2.78473,2823,911
9170,3.02887,2823,911
9171,3.15857,2823,911
9172,3.21198,2823,911
9173,3.14331,2823,911
9174,3.02887,2823,911
9175,3.06702,2823,911
9176,3.08228,2823,911
9177,3.10516,2823,911
9178,3.65448,2823,911
9179,2.75421,2823,911
9180,3.2959,2823,911
9181,2.79999,2823,911
9182,3.00598,2823,911
9183,3.50952,2823,911
9184,3.05939,2823,911
9185,3.07465,2823,911
9186,3.14331,2823,911
9187,3.05176,2823,911
9188,2.92969,2823,911
9189,3.30353,2823,911
9190,3.09753,2823,911
9191,3.0899,2823,911
9192,3.07465,2823,911
9193,2.97546,2823,911
9194,3.89862,2823,911
9195,3.02124,2823,911
9196,2.74658,2823,911
9197,3.40271,2823,911
9198,2.76184,2823,911
9199,3.54767,2823,911
9200,3.12042,2823,911
9201,3.34167,2823,911
9202,2.85339,2823,911
9203,3.08228,2823,911
9204,3.43323,2823,911
9205,3.33405,2823,911
9206,3.33405,2823,911
9207,2.85339,2823,911
9208,3.479,2823,911
9209,2.81525,2823,911
9210,3.5553,2823,911
9211,3.41034,2823,911
9212,2.87628,2823,911
9213,3.46375,2823,911
9214,2.86865,2823,911
9215,3.60107,2823,911
9216,3.15857,2823,911
9217,3.11279,2823,911
9218,3.54767,2823,911
9219,2.80762,2823,911
9220,3.71552,2823,911
9221,2.92206,2823,911
9222,3.28827,2823,911
9223,3.00598,2823,911
9224,3.12805,2823,911
9225,3.75366,2823,911
9226,3.05176,2823,911
9227,3.31879,2823,911
9228,2.83051,2823,911
9229,3.20435,2823,911
9230,3.46375,2823,911
9231,3.10516,2823,911
9232,3.479,2823,911
9233,2.79236,2823,911
9234,3.27301,2823,911
9235,3.0899,2823,911
9236,3.39508,2823,911
9237,3.13568,2823,911
9238,3.2196,2823,911
9239,3.2196,2823,911
9240,3.05939,2823,911
9241,3.64685,2823,911
9242,2.88391,2823,911
9243,3.39508,2823,911
9244,3.09753,2823,911
9245,2.98309,2823,911
9246,4.13513,2823,911
9247,2.56348,2823,911
9248,3.43323,2823,911
9249,2.76947,2823,911
9250,3.37982,2823,911
9251,3.27301,2823,911
9252,3.05176,2823,911
9253,3.40271,2823,911
9254,2.97546,2823,911
9255,3.40271,2823,911
9256,3.13568,2823,911
9257,3.44086,2823,911
9258,2.98309,2823,911
9259,3.23486,2823,911
9260,3.02124,2823,911
9261,3.45612,2823,911
9262,3.18146,2823,911
9263,3.13568,2823,911
9264,3.24249,2823,911
9265,3.15857,2823,911
9266,3.07465,2823,911
9267,3.41034,2823,911
9268,3.18146,2823,911
9269,3.24249,2823,911
9270,3.04413,2823,911
9271,3.11279,2823,911
9272,3.44849,2823,911
9273,3.18909,2823,911
9274,3.10516,2823,911
9275,3.11279,2823,911
9276,3.12805,2823,911
9277,3.50952,2823,911
9278,3.14331,2823,911
9279,3.05939,2823,911
9280,3.15857,2823,911
9281,3.21198,2823,911
9282,3.41797,2823,911
9283,3.26538,2823,911
9284,2.99835,2823,911
9285,3.2196,2823,911
9286,3.06702,2823,911
9287,3.17383,2823,911
9288,3.44849,2823,911
9289,3.10516,2823,911
9290,3.31116,2823,911
9291,3.02124,2823,911
9292,3.07465,2823,911
9293,3.63159,2823,911
9294,3.07465,2823,911
9295,3.12805,2823,911
9296,3.2959,2823,911
9297,3.07465,2823,911
9298,3.51715,2823,911
9299,3.09753,2823,911
9300,3.13568,2823,911
9301,3.12805,2823,911
9302,3.11279,2823,911
9303,3.47137,2823,911
9304,3.20435,2823,911
9305,3.05176,2823,911
9306,3.12805,2823,911
9307,3.19672,2823,911
9308,3.44849,2823,911
9309,3.05176,2823,911
9310,3.23486,2823,911
9311,3.21198,2823,911
9312,3.12805,2823,911
9313,3.10516,2823,911
9314,3.685,2823,911
9315,2.86865,2823,911
9316,3.15857,2823,911
9317,3.1662,2823,911
9318,3.08228,2823,911
9319,3.45612,2823,911
9320,3.11279,2823,911
9321,3.53241,2823,911
9322,2.70081,2823,911
9323,3.28827,2823,911
9324,3.479,2823,911
9325,3.31116,2823,911
9326,2.99835,2823,911
9327,3.15094,2823,911
9328,3.20435,2823,911
9329,3.36456,2823,911
9330,3.2196,2823,911
9331,3.12805,2823,911
9332,3.08228,2823,911
9333,3.12805,2823,911
9334,3.37982,2823,911
9335,3.1662,2823,911
9336,3.13568,2823,911
9337,3.17383,2823,911
9338,3.13568,2823,911
9339,3.18146,2823,911
9340,3.53241,2823,911
9341,2.95258,2823,911
9342,3.2196,2823,911
9343,3.18909,2823,911
9344,17.6926,2823,911
9345,0.610352,2823,911
9346,1.12915,2823,911
9347,0.389099,2823,911
9348,4.02069,2823,911
9349,4.70734,2823,911
9350,4.54712,2823,911
9351,4.94385,2823,911
9352,4.85229,2823,911
9353,4.63867,2823,911
9354,4.92096,2823,911
9355,4.69208,2823,911
9356,4.73022,2823,911
9357,4.73022,2823,911
9358,4.76074,2823,911
9359,4.776,2823,911
9360,4.61578,2823,911
9361,4.69208,2823,911
9362,4.96674,2823,911
9363,4.69971,2823,911
9364,4.76074,2823,911
9365,4.96674,2823,911
9366,4.70734,2823,911
9367,4.60052,2823,911
9368,4.78363,2823,911
9369,4.95911,2823,911
9370,4.66156,2823,911
9371,5.01251,2823,911
9372,4.79126,2823,911
9373,4.81415,2823,911
9374,4.89807,2823,911
9375,4.73022,2823,911
9376,4.99725,2823,911
9377,4.66919,2823,911
9378,4.70734,2823,911
9379,4.99725,2823,911
9380,4.76837,2823,911
9381,4.57001,2823,911
9382,4.69208,2823,911
9383,5.11932,2823,911
9384,4.63867,2823,911
9385,4.62341,2823,911
9386,4.97437,2823,911
9387,4.92096,2823,911
9388,4.56238,2823,911
9389,4.73022,2823,911
9390,4.95911,2823,911
9391,4.60052,2823,911
9392,4.85229,2823,911
9393,4.98962,2823,911
9394,4.70734,2823,911
9395,4.78363,2823,911
9396,4.62341,2823,911
9397,5.24139,2823,911
9398,4.73022,2823,911
9399,4.74548,2823,911
9400,5.43213,2823,911
9401,4.31824,2823,911
9402,4.73785,2823,911
9403,4.84467,2823,911
9404,4.94385,2823,911
9405,4.67682,2823,911
9406,4.67682,2823,911
9407,4.99725,2823,911
9408,4.81415,2823,911
9409,4.9057,2823,911
9410,4.82941,2823,911
9411,4.76837,2823,911
9412,4.7226,2823,911
9413,4.55475,2823,911
9414,5.34821,2823,911
9415,4.66156,2823,911
9416,4.61578,2823,911
9417,5.01251,2823,911
9418,4.78363,2823,911
9419,4.92859,2823,911
9420,4.41742,2823,911
9421,4.95911,2823,910
9422,4.69208,2823,910
9423,4.68445,2823,910
9424,4.98962,2823,910
9425,4.74548,2823,910
9426,4.74548,2823,910
9427,4.66156,2823,910
9428,5.0354,2823,910
9429,4.68445,2823,910
9430,4.76074,2823,910
9431,4.82178,2823,910
9432,5.2948,2823,910
9433,4.13513,2823,910
9434,4.69208,2823,910
9435,5.28717,2823,910
9436,4.776,2823,910
9437,4.53949,2823,910
9438,5.04303,2823,910
9439,4.6463,2823,910
9440,4.83704,2823,910
9441,4.57001,2823,910
9442,5.08118,2823,910
9443,4.76837,2823,910
9444,4.61578,2823,910
9445,5.05066,2823,910
9446,4.62341,2823,910
9447,4.75311,2823,910
9448,4.62341,2823,910
9449,5.07355,2823,910
9450,4.71497,2823,910
9451,4.69208,2823,910
9452,4.86755,2823,910
9453,4.68445,2823,910
9454,4.73022,2823,910
9455,4.68445,2823,910
9456,5.2948,2823,910
9457,4.60815,2823,910
9458,4.776,2823,910
9459,4.94385,2823,910
9460,4.88281,2823,910
9461,4.53949,2823,910
9462,4.76837,2823,910
9463,4.93622,2823,910
9464,4.63104,2823,910
9465,4.82178,2823,910
9466,4.89807,2823,910
9467,4.74548,2823,910
9468,4.66156,2823,910
9469,4.98962,2823,910
9470,4.76074,2823,910
9471,4.71497,2823,910
9472,4.74548,2823,910
9473,4.97437,2823,910
9474,4.65393,2823,910
9475,4.69971,2823,910
9476,4.98962,2823,910
9477,4.82941,2823,910
9478,4.74548,2823,910
9479,4.75311,2823,910
9480,5.02014,2823,910
9481,4.98962,2823,910
9482,4.44794,2823,910
9483,4.76074,2823,910
9484,4.96674,2823,910
9485,4.69208,2823,910
9486,4.84467,2823,910
9487,4.92859,2823,910
9488,4.61578,2823,910
9489,4.60815,2823,910
9490,4.86755,2823,910
9491,4.85992,2823,910
9492,4.97437,2823,910
9493,4.52423,2823,910
9494,4.89044,2823,910
9495,4.76837,2823,910
9496,4.776,2823,910
9497,4.96674,2823,910
9498,4.67682,2823,910
9499,4.68445,2823,910
9500,4.89044,2823,910
9501,4.98199,2823,910
9502,4.97437,2823,910
9503,4.54712,2823,910
9504,4.88281,2823,910
9505,4.99725,2823,910
9506,4.57764,2823,910
9507,5.01251,2823,910
9508,5.11932,2823,910
9509,4.5166,2823,910
9510,4.98962,2823,910
9511,5.05829,2823,910
9512,4.6463,2823,910
9513,4.96674,2823,910
9514,5.05829,2823,910
9515,4.73785,2823,910
9516,5.44739,2823,910
9517,4.5166,2823,910
9518,5.04303,2823,910
9519,5.24139,2823,910
9520,5.0354,2823,910
9521,5.50842,2823,910
9522,5.31006,2823,910
9523,5.1651,2823,910
9524,5.35583,2823,910
9525,5.00488,2823,910
9526,5.34058,2823,910
9527,5.14221,2823,910
9528,4.69971,2823,910
9529,4.98962,2823,910
9530,4.7226,2823,910
9531,4.84467,2823,910
9532,4.97437,2823,910
9533,4.80652,2823,910
9534,4.776,2823,910
9535,4.91333,2823,910
9536,4.65393,2823,910
9537,4.98962,2823,910
9538,5.07355,2823,910
9539,4.56238,2823,910
9540,4.95911,2823,910
9541,5.17273,2823,910
9542,4.69971,2823,910
9543,4.75311,2823,910
9544,5.0354,2823,910
9545,5.06592,2823,910
9546,5.26428,2823,910
9547,4.89044,2823,910
9548,5.05066,2823,910
9549,5.05829,2823,910
9550,4.98962,2823,910
9551,4.92859,2823,910
9552,4.92096,2823,910
9553,4.71497,2823,910
9554,4.3869,2823,910
9555,5.2948,2823,910
9556,4.60052,2823,910
9557,4.28009,2823,910
9558,5.10406,2823,910
9559,4.28009,2823,910
9560,5.02014,2823,910
9561,4.31061,2823,910
9562,4.75311,2823,910
9563,4.81415,2823,910
9564,4.37164,2823,910
9565,5.05829,2823,910
9566,4.47845,2823,910
9567,4.49371,2823,910
9568,4.85229,2823,910
9569,4.87518,2823,910
9570,4.3869,2823,910
9571,4.84467,2823,910
9572,4.69208,2823,910
9573,4.85992,2823,910
9574,4.55475,2823,910
9575,4.53949,2823,910
9576,4.97437,2823,910
9577,4.69208,2823,910
9578,4.76837,2823,910
9579,4.40216,2823,910
9580,4.76837,2823,910
9581,4.65393,2823,910
9582,4.4632,2823,910
9583,5.19562,2823,910
9584,4.60815,2823,910
9585,4.61578,2823,910
9586,4.53186,2823,910
9587,4.9057,2823,910
9588,4.69971,2823,910
9589,4.52423,2823,910
9590,5.92041,2823,910
9591,3.89862,2823,910
9592,4.50134,2823,910
9593,6.16455,2823,910
9594,3.30353,2823,910
9595,4.61578,2823,910
9596,5.02777,2823,910
9597,4.5929,2823,910
9598,4.79889,2823,910
9599,4.34113,2823,910
9600,5.05829,2823,910
9601,4.82178,2823,910
9602,4.24194,2823,910
9603,4.93622,2823,910
9604,4.94385,2823,910
9605,4.53949,2823,910
9606,4.87518,2823,910
9607,4.69208,2823,910
9608,4.68445,2823,910
9609,4.93622,2823,910
9610,4.24194,2823,910
9611,5.31769,2823,910
9612,4.56238,2823,910
9613,4.36401,2823,910
9614,5.06592,2823,910
9615,4.79126,2823,910
9616,4.4632,2823,910
9617,4.94385,2823,910
9618,4.62341,2823,910
9619,5.01251,2823,910
9620,4.53949,2823,910
9621,4.57764,2823,910
9622,5.26428,2823,910
9623,4.73785,2823,910
9624,4.27246,2823,910
9625,5.05066,2823,910
9626,4.93622,2823,910
9627,4.41742,2823,910
9628,4.9057,2823,910
9629,4.69208,2823,901
9630,4.76074,2823,901
9631,4.87518,2823,901
9632,4.68445,2823,901
9633,4.92859,2823,901
9634,4.6463,2823,901
9635,4.4632,2823,901
9636,5.69153,2823,901
9637,4.28009,2823,901
9638,4.35638,2823,901
9639,5.21851,2823,901
9640,4.48608,2823,901
9641,4.92096,2823,901
9642,4.60052,2823,901
9643,4.79126,2823,901
9644,4.98199,2823,901
9645,4.60052,2823,901
9646,4.74548,2823,901
9647,5.2948,2823,901
9648,4.49371,2823,901
9649,4.49371,2823,901
9650,5.27191,2823,901
9651,4.40979,2823,901
9652,4.63867,2823,901
9653,4.86755,2823,901
9654,4.73022,2823,901
9655,4.66156,2823,901
9656,4.75311,2823,901
9657,4.95148,2823,901
9658,4.71497,2823,901
9659,4.6463,2823,901
9660,4.88281,2823,901
9661,5.2948,2823,901
9662,4.28772,2823,901
9663,4.76074,2823,901
9664,4.95911,2823,901
9665,4.53949,2823,901
9666,5.1651,2823,901
9667,5.02777,2823,901
9668,4.65393,2823,901
9669,4.89807,2823,901
9670,4.44031,2823,901
9671,4.98199,2823,901
9672,4.76837,2823,901
9673,4.45557,2823,901
9674,4.92859,2823,901
9675,4.71497,2823,901
9676,4.53186,2823,901
9677,4.70734,2823,901
9678,4.81415,2823,901
9679,4.48608,2823,901
9680,4.78363,2823,901
9681,4.5929,2823,901
9682,4.89807,2823,901
9683,4.53949,2823,901
9684,4.40979,2823,901
9685,4.98962,2823,901
9686,5.04303,2823,901
9687,3.96729,2823,901
9688,4.49371,2823,901
9689,4.88281,2823,901
9690,5.12695,2823,901
9691,4.05884,2823,901
9692,4.93622,2823,901
9693,4.73022,2823,901
9694,4.45557,2823,901
9695,4.26483,2823,901
9696,5.01251,2823,901
9697,4.29535,2823,901
9698,4.69208,2823,901
9699,5.05829,2823,901
9700,4.08173,2823,901
9701,4.67682,2823,901
9702,4.3869,2823,901
9703,4.98962,2823,901
9704,4.40216,2823,901
9705,4.2572,2823,901
9706,4.50897,2823,901
9707,4.5929,2823,901
9708,4.79126,2823,901
9709,4.24194,2823,901
9710,4.48608,2823,901
9711,4.73785,2823,901
9712,4.05884,2823,901
9713,4.74548,2823,901
9714,4.69971,2823,901
9715,4.15039,2823,901
9716,4.53186,2823,901
9717,4.13513,2823,901
9718,4.81415,2823,901
9719,4.24957,2823,901
9720,4.53949,2823,901
9721,4.32587,2823,901
9722,4.36401,2823,901
9723,4.71497,2823,901
9724,4.09698,2823,901
9725,4.44794,2823,901
9726,4.63867,2823,901
9727,4.42505,2823,901
9728,4.30298,2823,901
9729,4.42505,2823,901
9730,4.67682,2823,901
9731,4.18854,2823,901
9732,4.15039,2823,901
9733,4.82941,2823,901
9734,4.28772,2823,901
9735,4.58527,2823,901
9736,4.3335,2823,901
9737,4.68445,2823,901
9738,4.53186,2823,901
9739,4.2572,2823,901
9740,4.89807,2823,901
9741,4.52423,2823,901
9742,4.0741,2823,901
9743,4.36401,2823,901
9744,4.69971,2823,901
9745,4.55475,2823,901
9746,4.42505,2823,901
9747,4.27246,2823,901
9748,4.96674,2823,901
9749,4.18854,2823,901
9750,4.68445,2823,901
9751,4.60815,2823,901
9752,4.41742,2823,901
9753,4.57001,2823,901
9754,4.15802,2823,901
9755,5.02014,2823,901
9756,4.5166,2823,901
9757,4.08936,2823,901
9758,5.70679,2823,901
9759,4.05884,2823,901
9760,4.14276,2823,901
9761,4.60052,2823,901
9762,4.43268,2823,901
9763,4.73022,2823,901
9764,4.28772,2823,901
9765,5.11932,2823,901
9766,4.05121,2823,901
9767,4.39453,2823,901
9768,4.44794,2823,901
9769,4.18854,2823,901
9770,4.97437,2823,901
9771,4.24194,2823,901
9772,4.28772,2823,901
9773,4.55475,2823,901
9774,4.36401,2823,901
9775,4.63104,2823,901
9776,4.11224,2823,901
9777,4.4632,2823,901
9778,4.47845,2823,901
9779,3.9444,2823,901
9780,4.47845,2823,901
9781,4.61578,2823,901
9782,4.1275,2823,901
9783,4.3869,2823,901
9784,4.23431,2823,901
9785,4.47845,2823,901
9786,4.1275,2823,901
9787,4.37164,2823,901
9788,4.18091,2823,901
9789,4.21906,2823,901
9790,4.55475,2823,901
9791,3.8681,2823,901
9792,4.50897,2823,901
9793,4.05121,2823,901
9794,4.34113,2823,901
9795,3.98254,2823,901
9796,4.31061,2823,901
9797,4.31824,2823,901
9798,3.9978,2823,901
9799,4.24957,2823,901
9800,4.03595,2823,901
9801,4.74548,2823,901
9802,3.84521,2823,901
9803,4.2038,2823,901
9804,4.18854,2823,901
9805,4.3335,2823,901
9806,4.29535,2823,901
9807,3.74603,2823,901
9808,4.32587,2823,901
9809,4.15802,2823,901
9810,4.47083,2823,901
9811,3.76892,2823,901
9812,4.26483,2823,901
9813,4.37927,2823,901
9814,3.97491,2823,901
9815,4.19617,2823,901
9816,3.95203,2823,901
9817,4.74548,2823,901
9818,3.8681,2823,901
9819,4.35638,2823,901
9820,3.76892,2823,901
9821,4.68445,2823,901
9822,4.02069,2823,901
9823,4.02069,2823,901
9824,4.24957,2823,901
9825,4.27246,2823,901
9826,4.39453,2823,901
9827,4.36401,2823,901
9828,3.95966,2823,901
9829,4.74548,2823,901
9830,3.93677,2823,901
9831,4.36401,2823,901
9832,4.02069,2823,901
9833,4.71497,2823,901
9834,3.9444,2823,901
9835,4.60815,2823,901
9836,4.56238,2823,901
9837,3.85284,2823,901
9838,4.29535,2823,901
9839,4.05884,2823,901
9840,4.71497,2823,901
9841,3.9444,2823,901
9842,4.54712,2823,901
9843,4.18854,2823,901
9844,4.36401,2823,901
9845,4.21906,2823,901
9846,4.29535,2823,901
9847,4.19617,2823,901
9848,4.45557,2823,901
9849,4.21906,2823,901
9850,4.17328,2823,901
9851,4.35638,2823,901
9852,4.57764,2823,892
9853,4.17328,2823,892
9854,4.30298,2823,892
9855,4.18854,2823,892
9856,4.43268,2823,892
9857,4.29535,2823,892
9858,4.18854,2823,892
9859,4.11987,2823,892
9860,4.5166,2823,892
9861,4.29535,2823,892
9862,4.09698,2823,892
9863,4.50134,2823,892
9864,4.34875,2823,892
9865,4.28009,2823,892
9866,4.03595,2823,892
9867,4.53949,2823,892
9868,4.15802,2823,892
9869,4.29535,2823,892
9870,4.13513,2823,892
9871,4.47083,2823,892
9872,4.23431,2823,892
9873,4.18091,2823,892
9874,4.28772,2823,892
9875,4.49371,2823,892
9876,4.40979,2823,892
9877,4.00543,2823,892
9878,4.21906,2823,892
9879,4.66919,2823,892
9880,4.15039,2823,892
9881,4.23431,2823,892
9882,4.31824,2823,892
9883,4.47845,2823,892
9884,4.28772,2823,892
9885,4.29535,2823,892
9886,4.15039,2823,892
9887,4.61578,2823,892
9888,4.37927,2823,892
9889,4.14276,2823,892
9890,4.3335,2823,892
9891,4.42505,2823,892
9892,4.54712,2823,892
9893,3.9978,2823,892
9894,4.29535,2823,892
9895,4.60815,2823,892
9896,4.24194,2823,892
9897,4.39453,2823,892
9898,4.49371,2823,892
9899,4.23431,2823,892
9900,4.45557,2823,892
9901,4.24194,2823,892
9902,4.69208,2823,892
9903,4.40216,2823,892
9904,4.21906,2823,892
9905,4.3335,2823,892
9906,4.62341,2823,892
9907,4.3335,2823,892
9908,4.26483,2823,892
9909,4.40216,2823,892
9910,4.58527,2823,892
9911,4.45557,2823,892
9912,4.18854,2823,892
9913,4.76837,2823,892
9914,4.14276,2823,892
9915,4.4632,2823,892
9916,4.34875,2823,892
9917,4.53186,2823,892
9918,4.40979,2823,892
9919,4.2572,2823,892
9920,4.2572,2823,892
9921,4.76837,2823,892
9922,4.4632,2823,892
9923,4.16565,2823,892
9924,4.36401,2823,892
9925,4.74548,2823,892
9926,4.40979,2823,892
9927,4.31061,2823,892
9928,4.37927,2823,892
9929,4.5166,2823,892
9930,4.44031,2823,892
9931,4.31061,2823,892
9932,4.58527,2823,892
9933,4.39453,2823,892
9934,4.31824,2823,892
9935,4.31061,2823,892
9936,4.56238,2823,892
9937,4.3869,2823,892
9938,4.21906,2823,892
9939,4.35638,2823,892
9940,4.61578,2823,892
9941,4.40216,2823,892
9942,4.24194,2823,892
9943,4.37164,2823,892
9944,4.54712,2823,892
9945,4.44794,2823,892
9946,4.37927,2823,892
9947,4.34113,2823,892
9948,4.57764,2823,892
9949,4.31824,2823,892
9950,4.24957,2823,892
9951,4.60052,2823,892
9952,4.89807,2823,892
9953,3.84521,2823,892
9954,4.26483,2823,892
9955,4.63867,2823,892
9956,4.28772,2823,892
9957,4.37164,2823,892
9958,4.31061,2823,892
9959,4.58527,2823,892
9960,4.31824,2823,892
9961,4.31824,2823,892
9962,4.55475,2823,892
9963,4.37164,2823,892
9964,4.54712,2823,892
9965,4.13513,2823,892
9966,4.50897,2823,892
9967,4.37927,2823,892
9968,3.9978,2823,892
9969,4.60815,2823,892
9970,4.44031,2823,892
9971,4.57001,2823,892
9972,4.31824,2823,892
9973,4.0741,2823,892
9974,4.97437,2823,892
9975,4.08936,2823,892
9976,4.53186,2823,892
9977,4.35638,2823,892
9978,4.50897,2823,892
9979,4.55475,2823,892
9980,4.28009,2823,892
9981,4.9057,2823,892
9982,4.21143,2823,892
9983,4.60052,2823,892
9984,4.45557,2823,892
9985,4.44031,2823,892
9986,4.66919,2823,892
9987,4.32587,2823,892
9988,4.18854,2823,892
9989,4.98199,2823,892
9990,4.10461,2823,892
9991,4.69971,2823,892
9992,4.31061,2823,892
9993,4.53186,2823,892
9994,4.50897,2823,892
9995,4.10461,2823,892
9996,4.78363,2823,892
9997,4.75311,2823,892
9998,4.21143,2823,892
9999,4.5929,2823,892
10000,4.22668,2823,892
10001,4.40979,2823,892
10002,4.36401,2823,892
10003,4.56238,2823,892
10004,4.48608,2823,892
10005,4.29535,2823,892
10006,4.3869,2823,892
10007,4.08936,2823,892
10008,4.94385,2823,892
10009,4.40216,2823,892
10010,4.05884,2823,892
10011,4.92859,2823,892
10012,4.28772,2823,892
10013,4.60052,2823,892
10014,4.58527,2823,892
10015,4.60052,2823,892
10016,4.60052,2823,892
10017,4.16565,2823,892
10018,4.78363,2823,892
10019,4.69971,2823,892
10020,4.18854,2823,892
10021,4.70734,2823,892
10022,4.2572,2823,892
10023,4.66156,2823,892
10024,4.24957,2823,892
10025,4.45557,2823,892
10026,4.48608,2823,892
10027,4.22668,2823,892
10028,4.47083,2823,892
10029,4.11987,2823,892
10030,4.66156,2823,892
10031,4.49371,2823,892
10032,3.79181,2823,892
10033,4.34113,2823,892
10034,4.48608,2823,892
10035,4.17328,2823,892
10036,4.24957,2823,892
10037,4.42505,2823,892
10038,4.53186,2823,892
10039,4.05884,2823,892
10040,4.3335,2823,892
10041,4.16565,2823,892
10042,4.69971,2823,892
10043,4.11224,2823,892
10044,4.28009,2823,892
10045,4.50897,2823,892
10046,4.19617,2823,892
10047,4.21906,2823,892
10048,4.28009,2823,892
10049,4.48608,2823,892
10050,4.21906,2823,892
10051,4.30298,2823,892
10052,4.3335,2823,892
10053,4.4632,2823,892
10054,4.24194,2823,892
10055,4.23431,2823,892
10056,4.2572,2823,892
10057,4.6463,2823,892
10058,4.29535,2823,892
10059,4.40216,2823,892
10060,4.24957,2823,892
10061,4.57001,2823,892
10062,4.34875,2823,892
10063,4.50897,2823,892
10064,4.27246,2823,892
10065,4.87518,2823,892
10066,4.30298,2823,892
10067,4.47083,2823,892
10068,4.63867,2823,892
10069,4.53186,2823,892
10070,4.56238,2823,892
10071,4.28772,2823,892
10072,4.79889,2823,892
10073,4.76074,2823,892
10074,4.41742,2823,892
10075,4.60052,2823,892
10076,4.75311,2823,892
10077,4.60052,2823,892
10078,4.67682,2823,892
10079,5.01251,2823,892
10080,4.69971,2823,883
10081,4.63104,2823,883
10082,5.37109,2823,883
10083,4.53949,2823,883
10084,4.66919,2823,883
10085,5.07355,2823,883
10086,5.25665,2823,883
10087,4.7226,2823,883
10088,5.01251,2823,883
10089,5.15747,2823,883
10090,4.75311,2823,883
10091,5.25665,2823,883
10092,4.53949,2823,883
10093,5.40161,2823,883
10094,4.9057,2823,883
10095,4.79126,2823,883
10096,5.33295,2823,883
10097,5.0354,2823,883
10098,4.88281,2823,883
10099,4.97437,2823,883
10100,5.13458,2823,883
10101,4.73785,2823,883
10102,4.95148,2823,883
10103,5.11169,2823,883
10104,4.95148,2823,883
10105,4.87518,2823,883
10106,5.39398,2823,883
10107,4.88281,2823,883
10108,4.97437,2823,883
10109,5.43213,2823,883
10110,4.89807,2823,883
10111,4.66919,2823,883
10112,5.23376,2823,883
10113,5.45502,2823,883
10114,4.98199,2823,883
10115,5.48553,2823,883
10116,5.52368,2823,883
10117,4.83704,2823,883
10118,5.37109,2823,883
10119,5.15747,2823,883
10120,5.23376,2823,883
10121,5.01251,2823,883
10122,5.48553,2823,883
10123,4.96674,2823,883
10124,4.97437,2823,883
10125,5.7373,2823,883
10126,5.01251,2823,883
10127,4.95148,2823,883
10128,5.40924,2823,883
10129,5.36346,2823,883
10130,4.85229,2823,883
10131,5.39398,2823,883
10132,5.13458,2823,883
10133,5.0354,2823,883
10134,5.37872,2823,883
10135,5.11932,2823,883
10136,5.01251,2823,883
10137,5.14221,2823,883
10138,5.39398,2823,883
10139,5.0354,2823,883
10140,5.11932,2823,883
10141,5.72205,2823,883
10142,4.92096,2823,883
10143,4.82178,2823,883
10144,5.40161,2823,883
10145,5.40161,2823,883
10146,4.84467,2823,883
10147,5.24902,2823,883
10148,5.34821,2823,883
10149,5.04303,2823,883
10150,4.9057,2823,883
10151,5.53131,2823,883
10152,5.0354,2823,883
10153,4.94385,2823,883
10154,5.7373,2823,883
10155,4.87518,2823,883
10156,4.76837,2823,883
10157,5.33295,2823,883
10158,5.36346,2823,883
10159,4.65393,2823,883
10160,5.0354,2823,883
10161,5.43976,2823,883
10162,4.70734,2823,883
10163,5.05829,2823,883
10164,5.71442,2823,883
10165,4.45557,2823,883
10166,4.88281,2823,883
10167,5.34821,2823,883
10168,4.66156,2823,883
10169,5.27954,2823,883
10170,4.61578,2823,883
10171,4.93622,2823,883
10172,5.14221,2823,883
10173,4.73785,2823,883
10174,5.0354,2823,883
10175,4.88281,2823,883
10176,4.74548,2823,883
10177,4.79126,2823,883
10178,5.53894,2823,883
10179,4.5166,2823,883
10180,4.82941,2823,883
10181,4.97437,2823,883
10182,4.83704,2823,883
10183,4.85992,2823,883
10184,4.95148,2823,883
10185,4.98962,2823,883
10186,4.86755,2823,883
10187,4.79126,2823,883
10188,4.98199,2823,883
10189,4.89807,2823,883
10190,4.68445,2823,883
10191,5.06592,2823,883
10192,4.81415,2823,883
10193,4.7226,2823,883
10194,4.9057,2823,883
10195,5.10406,2823,883
10196,4.7226,2823,883
10197,4.62341,2823,883
10198,5.08881,2823,883
10199,4.79126,2823,883
10200,4.74548,2823,883
10201,4.83704,2823,883
10202,4.93622,2823,883
10203,4.83704,2823,883
10204,4.80652,2823,883
10205,5.08881,2823,883
10206,4.76837,2823,883
10207,4.66919,2823,883
10208,5.05066,2823,883
10209,4.81415,2823,883
10210,4.57764,2823,883
10211,4.92096,2823,883
10212,5.23376,2823,883
10213,4.776,2823,883
10214,4.65393,2823,883
10215,4.95148,2823,883
10216,4.7226,2823,883
10217,4.76074,2823,883
10218,4.76074,2823,883
10219,4.94385,2823,883
10220,4.69971,2823,883
10221,4.70734,2823,883
10222,4.99725,2823,883
10223,4.69208,2823,883
10224,4.69208,2823,883
10225,4.80652,2823,883
10226,5.14984,2823,883
10227,4.80652,2823,883
10228,4.63867,2823,883
10229,4.95148,2823,883
10230,4.73022,2823,883
10231,4.69208,2823,883
10232,4.66919,2823,883
10233,4.98199,2823,883
10234,4.69971,2823,883
10235,4.73022,2823,883
10236,4.95911,2823,883
10237,4.776,2823,883
10238,4.79126,2823,883
10239,4.7226,2823,883
10240,4.98962,2823,883
10241,4.73022,2823,883
10242,4.63104,2823,883
10243,4.96674,2823,883
10244,4.66919,2823,883
10245,4.80652,2823,883
10246,4.66156,2823,883
10247,5.05829,2823,883
10248,4.78363,2823,883
10249,4.60815,2823,883
10250,5.04303,2823,883
10251,4.6463,2823,883
10252,5.05066,2823,883
10253,4.48608,2823,883
10254,5.10406,2823,883
10255,4.7226,2823,883
10256,4.50897,2823,883
10257,4.89807,2823,883
10258,4.61578,2823,883
10259,4.70734,2823,883
10260,22.6212,2823,884
10261,0.63324,2823,884
10262,0.350952,2823,884
10263,0.320435,2823,884
10264,2.97546,2823,884
10265,2.89154,2823,884
10266,3.09753,2823,884
10267,3.05939,2823,884
10268,3.66974,2823,884
10269,2.95258,2823,884
10270,3.15857,2823,884
10271,2.91443,2823,884
10272,3.01361,2823,884
10273,3.37219,2823,884
10274,3.02887,2823,884
10275,3.0899,2823,884
10276,3.28827,2823,884
10277,2.99835,2823,884
10278,2.92206,2823,884
10279,3.37982,2823,884
10280,3.02887,2823,884
10281,3.15094,2823,884
10282,3.02887,2823,884
10283,2.99835,2823,884
10284,3.38745,2823,884
10285,2.95258,2823,884
10286,3.06702,2823,884
10287,3.14331,2823,884
10288,3.23486,2823,884
10289,2.96783,2823,884
10290,3.26538,2823,884
10291,3.00598,2823,876
10292,3.22723,2823,876
10293,3.00598,2823,876
10294,2.92969,2823,876
10295,3.35693,2823,876
10296,3.02124,2823,876
10297,3.06702,2823,876
10298,3.11279,2823,876
10299,3.11279,2823,876
10300,3.19672,2823,876
10301,3.15094,2823,876
10302,3.07465,2823,876
10303,2.93732,2823,876
10304,3.18909,2823,876
10305,3.00598,2823,876
10306,3.44849,2823,876
10307,3.14331,2823,876
10308,2.99072,2823,876
10309,3.20435,2823,876
10310,2.89917,2823,876
10311,3.36456,2823,876
10312,3.09753,2823,876
10313,2.98309,2823,876
10314,3.1662,2823,876
10315,2.96783,2823,876
10316,3.31879,2823,876
10317,3.08228,2823,876
10318,2.97546,2823,876
10319,3.08228,2823,876
10320,3.12805,2823,876
10321,3.00598,2823,876
10322,3.33405,2823,876
10323,3.09753,2823,876
10324,3.11279,2823,876
10325,3.04413,2823,876
10326,3.13568,2823,876
10327,3.2196,2823,876
10328,3.0365,2823,876
10329,3.07465,2823,876
10330,3.08228,2823,876
10331,2.97546,2823,876
10332,3.47137,2823,876
10333,2.96021,2823,876
10334,3.11279,2823,876
10335,2.99835,2823,876
10336,3.07465,2823,876
10337,2.99835,2823,876
10338,3.52478,2823,876
10339,3.23486,2823,876
10340,3.06702,2823,876
10341,3.13568,2823,876
10342,3.0365,2823,876
10343,3.54767,2823,876
10344,3.01361,2823,876
10345,3.13568,2823,876
10346,2.98309,2823,876
10347,3.08228,2823,876
10348,3.60107,2823,876
10349,3.0365,2823,876
10350,2.99835,2823,876
10351,3.1662,2823,876
10352,3.0899,2823,876
10353,3.20435,2823,876
10354,3.10516,2823,876
10355,3.24249,2823,876
10356,2.83813,2823,876
10357,3.07465,2823,876
10358,3.09753,2823,876
10359,3.2959,2823,876
10360,3.1662,2823,876
10361,2.97546,2823,876
10362,3.02124,2823,876
10363,3.12805,2823,876
10364,3.28827,2823,876
10365,3.10516,2823,876
10366,3.19672,2823,876
10367,2.85339,2823,876
10368,3.15857,2823,876
10369,3.06702,2823,876
10370,3.2959,2823,876
10371,3.17383,2823,876
10372,3.02124,2823,876
10373,3.15857,2823,876
10374,2.99835,2823,876
10375,3.34167,2823,876
10376,3.02124,2823,876
10377,3.0365,2823,876
10378,3.0899,2823,876
10379,3.00598,2823,876
10380,3.32642,2823,876
10381,3.01361,2823,876
10382,3.13568,2823,876
10383,2.99835,2823,876
10384,3.20435,2823,876
10385,2.9068,2823,876
10386,3.37219,2823,876
10387,3.07465,2823,876
10388,3.0899,2823,876
10389,2.99835,2823,876
10390,3.08228,2823,876
10391,3.37982,2823,876
10392,3.0365,2823,876
10393,2.97546,2823,876
10394,3.05939,2823,876
10395,3.15094,2823,876
10396,3.30353,2823,876
10397,3.13568,2823,876
10398,2.98309,2823,876
10399,3.05176,2823,876
10400,3.09753,2823,876
10401,3.01361,2823,876
10402,3.43323,2823,876
10403,3.07465,2823,876
10404,3.02887,2823,876
10405,2.95258,2823,876
10406,3.02887,2823,876
10407,3.58582,2823,876
10408,2.99835,2823,876
10409,3.02124,2823,876
10410,3.15857,2823,876
10411,3.08228,2823,876
10412,3.2196,2823,876
10413,3.24249,2823,876
10414,2.91443,2823,876
10415,3.07465,2823,876
10416,3.0899,2823,876
10417,2.97546,2823,876
10418,3.31116,2823,876
10419,3.20435,2823,876
10420,2.91443,2823,876
10421,3.0365,2823,876
10422,3.20435,2823,876
10423,3.25775,2823,876
10424,3.02124,2823,876
10425,3.0365,2823,876
10426,3.14331,2823,876
10427,2.99072,2823,876
10428,3.38745,2823,876
10429,3.15857,2823,876
10430,3.01361,2823,876
10431,2.99835,2823,876
10432,3.01361,2823,876
10433,3.05176,2823,876
10434,3.38745,2823,876
10435,3.09753,2823,876
10436,2.91443,2823,876
10437,3.09753,2823,876
10438,3.01361,2823,876
10439,3.58582,2823,876
10440,3.02124,2823,876
10441,3.04413,2823,876
10442,3.01361,2823,876
10443,3.15094,2823,876
10444,3.21198,2823,876
10445,3.12805,2823,876
10446,3.11279,2823,876
10447,2.92206,2823,876
10448,3.0365,2823,876
10449,3.20435,2823,876
10450,3.20435,2823,876
10451,3.12805,2823,876
10452,3.05939,2823,876
10453,3.00598,2823,876
10454,3.00598,2823,876
10455,3.41034,2823,876
10456,3.14331,2823,876
10457,2.91443,2823,876
10458,3.0365,2823,876
10459,3.09753,2823,876
10460,3.26538,2823,876
10461,3.1662,2823,876
10462,3.06702,2823,876
10463,3.08228,2823,876
10464,3.04413,2823,876
10465,2.98309,2823,876
10466,3.38745,2823,876
10467,2.99835,2823,876
10468,3.06702,2823,876
10469,16.7542,2823,876
10470,0.579834,2823,876
10471,0.343323,2823,876
10472,0.343323,2823,876
10473,4.32587,2823,876
10474,4.98962,2823,876
10475,4.60815,2823,876
10476,4.69208,2823,876
10477,4.5929,2823,876
10478,4.99725,2823,876
10479,4.60052,2823,876
10480,4.58527,2823,876
10481,4.98199,2823,876
10482,4.58527,2823,876
10483,4.81415,2823,876
10484,4.97437,2823,876
10485,4.44794,2823,876
10486,4.60815,2823,876
10487,4.73785,2823,876
10488,4.82941,2823,876
10489,4.61578,2823,876
10490,4.60052,2823,876
10491,4.79889,2823,876
10492,5.08881,2823,876
10493,4.60815,2823,876
10494,4.67682,2823,876
10495,4.96674,2823,876
10496,4.60815,2823,876
10497,4.70734,2823,876
10498,4.67682,2823,876
10499,4.79126,2823,876
10500,4.63867,2823,876
10501,4.69971,2823,876
10502,4.92859,2823,876
10503,4.50897,2823,876
10504,4.69208,2823,876
10505,4.78363,2823,876
10506,4.82941,2823,876
10507,4.7226,2823,876
10508,4.48608,2823,876
10509,4.89044,2823,876
10510,4.61578,2823,876
10511,4.65393,2823,876
10512,4.7226,2823,876
10513,5.05066,2823,876
10514,4.60052,2823,876
10515,4.76837,2823,876
10516,4.75311,2823,876
10517,4.76837,2823,876
10518,4.53186,2823,876
10519,4.7226,2823,876
10520,4.84467,2823,876
10521,4.82178,2823,876
10522,4.89044,2823,876
10523,4.55475,2823,876
10524,5.01251,2823,876
10525,4.66919,2823,876
10526,4.57001,2823,876
10527,5.14221,2823,876
10528,4.82941,2823,876
10529,4.35638,2823,876
10530,4.9057,2823,876
10531,4.92096,2823,876
10532,4.6463,2823,876
10533,4.58527,2823,876
10534,5.27191,2823,876
10535,4.66156,2823,876
10536,4.63867,2823,876
10537,4.89807,2823,876
10538,4.66919,2823,876
10539,4.66156,2823,876
10540,4.6463,2823,876
10541,4.89807,2823,876
10542,4.65393,2823,876
10543,4.53949,2823,876
10544,4.85229,2823,876
10545,4.67682,2823,876
10546,4.776,2823,876
10547,4.50897,2823,876
10548,4.89044,2823,876
10549,4.66919,2823,876
10550,4.60052,2823,876
10551,4.63867,2823,876
10552,5.04303,2823,876
10553,4.49371,2823,876
10554,4.67682,2823,876
10555,5.05829,2823,876
10556,4.66919,2823,876
10557,4.53186,2823,876
10558,4.87518,2823,876
10559,4.89807,2823,876
10560,4.53186,2823,876
10561,4.58527,2823,876
10562,4.93622,2823,876
10563,4.70734,2823,867
10564,4.75311,2823,867
10565,4.39453,2823,867
10566,5.05066,2823,867
10567,4.48608,2823,867
10568,4.776,2823,867
10569,4.80652,2823,867
10570,23.4756,2823,868
10571,0.610352,2823,868
10572,0.335693,2823,868
10573,0.350952,2823,868
10574,2.85339,2823,868
10575,2.97546,2823,868
10576,3.5553,2823,868
10577,3.04413,2823,868
10578,3.14331,2823,868
10579,2.97546,2823,868
10580,3.02887,2823,868
10581,3.36456,2823,868
10582,3.07465,2823,868
10583,3.00598,2823,868
10584,3.13568,2823,868
10585,3.05176,2823,868
10586,3.25775,2823,868
10587,3.12805,2823,868
10588,3.12042,2823,868
10589,2.96783,2823,868
10590,3.0365,2823,868
10591,3.10516,2823,868
10592,3.36456,2823,868
10593,3.02887,2823,868
10594,3.02124,2823,868
10595,3.19672,2823,868
10596,2.88391,2823,868
10597,3.30353,2823,868
10598,3.08228,2823,868
10599,3.0365,2823,868
10600,3.15857,2823,868
10601,3.02887,2823,868
10602,3.0365,2823,868
10603,3.31116,2823,868
10604,3.11279,2823,868
10605,3.09753,2823,868
10606,3.02124,2823,868
10607,3.07465,2823,868
10608,3.44086,2823,868
10609,3.12805,2823,868
10610,2.98309,2823,868
10611,3.13568,2823,868
10612,3.00598,2823,868
10613,3.25775,2823,868
10614,3.12042,2823,868
10615,3.0899,2823,868
10616,2.96021,2823,868
10617,3.21198,2823,868
10618,2.92969,2823,868
10619,3.33405,2823,868
10620,3.0365,2823,868
10621,3.04413,2823,868
10622,3.12042,2823,868
10623,3.04413,2823,868
10624,3.2959,2823,868
10625,3.23486,2823,868
10626,2.94495,2823,868
10627,2.94495,2823,868
10628,3.15857,2823,868
10629,3.25775,2823,868
10630,3.09753,2823,868
10631,3.17383,2823,868
10632,3.11279,2823,868
10633,2.92969,2823,868
10634,3.05176,2823,868
10635,3.2959,2823,868
10636,2.99835,2823,868
10637,3.0899,2823,868
10638,3.02887,2823,868
10639,3.28064,2823,868
10640,3.12805,2823,868
10641,3.18146,2823,868
10642,3.00598,2823,868
10643,2.97546,2823,868
10644,3.11279,2823,868
10645,3.33405,2823,868
10646,3.23486,2823,868
10647,3.28064,2823,868
10648,3.01361,2823,868
10649,3.09753,2823,868
10650,3.14331,2823,868
10651,3.63922,2823,868
10652,3.07465,2823,868
10653,3.01361,2823,868
10654,3.05939,2823,868
10655,3.05939,2823,868
10656,3.61633,2823,868
10657,2.98309,2823,868
10658,3.01361,2823,868
10659,3.07465,2823,868
10660,3.19672,2823,868
10661,3.20435,2823,868
10662,3.10516,2823,868
10663,3.02124,2823,868
10664,3.02124,2823,868
10665,3.19672,2823,868
10666,3.22723,2823,868
10667,3.06702,2823,868
10668,3.09753,2823,868
10669,3.11279,2823,868
10670,2.96783,2823,868
10671,2.99835,2823,868
10672,3.39508,2823,868
10673,3.05939,2823,868
10674,3.04413,2823,868
10675,3.07465,2823,868
10676,2.99072,2823,868
10677,3.57056,2823,868
10678,3.02887,2823,868
10679,3.18146,2823,868
10680,2.96021,2823,868
10681,3.15094,2823,868
10682,2.96783,2823,868
10683,3.37219,2823,868
10684,3.12042,2823,868
10685,2.96021,2823,868
10686,3.08228,2823,868
10687,3.20435,2823,868
10688,3.15857,2823,868
10689,3.05176,2823,868
10690,3.0899,2823,868
10691,3.11279,2823,868
10692,2.96783,2823,868
10693,3.3493,2823,868
10694,3.07465,2823,868
10695,3.10516,2823,868
10696,3.01361,2823,868
10697,3.2959,2823,868
10698,2.89154,2823,868
10699,3.25012,2823,868
10700,3.11279,2823,868
10701,3.06702,2823,868
10702,3.14331,2823,868
10703,2.96021,2823,868
10704,3.33405,2823,868
10705,3.04413,2823,868
10706,3.06702,2823,868
10707,3.05176,2823,868
10708,3.04413,2823,868
10709,3.39508,2823,868
10710,3.24249,2823,868
10711,3.05939,2823,868
10712,2.95258,2823,868
10713,3.12805,2823,868
10714,3.07465,2823,868
10715,3.32642,2823,868
10716,3.09753,2823,868
10717,3.0365,2823,868
10718,3.18146,2823,868
10719,2.92969,2823,868
10720,3.34167,2823,868
10721,3.08228,2823,868
10722,3.01361,2823,868
10723,3.07465,2823,868
10724,3.10516,2823,868
10725,17.0822,2823,868
10726,0.62561,2823,868
10727,0.358582,2823,868
10728,0.335693,2823,868
10729,4.69208,2823,868
10730,4.37927,2823,868
10731,4.65393,2823,868
10732,4.91333,2823,868
10733,4.55475,2823,868
10734,4.61578,2823,868
10735,4.71497,2823,868
10736,5.02777,2823,868
10737,4.63104,2823,868
10738,4.48608,2823,868
10739,4.92096,2823,868
10740,4.61578,2823,868
10741,4.56238,2823,868
10742,4.60815,2823,868
10743,4.95148,2823,868
10744,4.67682,2823,868
10745,4.60815,2823,868
10746,4.85992,2823,868
10747,4.69208,2823,868
10748,4.55475,2823,868
10749,4.69971,2823,868
10750,4.95148,2823,868
10751,4.6463,2823,868
10752,4.54712,2823,868
10753,4.75311,2823,868
10754,4.94385,2823,868
10755,4.66156,2823,868
10756,4.70734,2823,868
10757,4.98962,2823,868
10758,4.73022,2823,868
10759,4.56238,2823,868
10760,4.6463,2823,868
10761,4.92859,2823,868
10762,4.70734,2823,868
10763,4.47083,2823,868
10764,5.26428,2823,868
10765,4.3335,2823,868
10766,4.87518,2823,868
10767,4.6463,2823,868
10768,4.79889,2823,868
10769,4.56238,2823,868
10770,4.70734,2823,868
10771,4.85992,2823,868
10772,4.55475,2823,868
10773,4.73022,2823,868
10774,4.76074,2823,868
10775,4.85992,2823,868
10776,4.61578,2823,868
10777,4.54712,2823,868
10778,5.11932,2823,868
10779,4.83704,2823,868
10780,4.69971,2823,868
10781,4.89044,2823,868
10782,5.21851,2823,868
10783,4.56238,2823,868
10784,4.66156,2823,868
10785,5.12695,2823,868
10786,4.57001,2823,868
10787,4.61578,2823,868
10788,4.84467,2823,868
10789,4.83704,2823,868
10790,4.50134,2823,868
10791,4.69208,2823,868
10792,4.95148,2823,868
10793,4.63104,2823,868
10794,4.60052,2823,868
10795,4.61578,2823,868
10796,4.89807,2823,868
10797,4.78363,2823,868
10798,4.42505,2823,868
10799,5.19562,2823,868
10800,4.56238,2823,868
10801,4.60815,2823,868
10802,4.66156,2823,868
10803,4.92096,2823,868
10804,4.69208,2823,868
10805,4.57764,2823,868
10806,4.87518,2823,868
10807,23.5443,2825,869
10808,0.549316,2825,869
10809,0.343323,2825,869
10810,0.320435,2825,869
10811,2.84576,2825,869
10812,2.98309,2825,869
10813,3.45612,2825,869
10814,3.05176,2825,869
10815,3.0899,2825,869
10816,2.97546,2825,869
10817,3.23486,2825,869
10818,3.24249,2825,869
10819,2.98309,2825,869
10820,3.14331,2825,869
10821,3.07465,2825,869
10822,3.01361,2825,869
10823,3.08228,2825,869
10824,3.5553,2825,869
10825,3.09753,2825,869
10826,2.96021,2825,869
10827,2.99835,2825,869
10828,3.18146,2825,869
10829,3.31116,2825,869
10830,3.08228,2825,862
10831,3.05176,2825,862
10832,3.08228,2825,862
10833,2.96021,2825,862
10834,3.38745,2825,862
10835,3.05939,2825,862
10836,2.99835,2825,862
10837,3.02887,2825,862
10838,3.20435,2825,862
10839,3.10516,2825,862
10840,3.24249,2825,862
10841,3.0899,2825,862
10842,3.01361,2825,862
10843,3.12042,2825,862
10844,3.15857,2825,862
10845,3.21198,2825,862
10846,3.05176,2825,862
10847,3.02124,2825,862
10848,3.1662,2825,862
10849,3.11279,2825,862
10850,3.34167,2825,862
10851,3.04413,2825,862
10852,2.98309,2825,862
10853,2.96783,2825,862
10854,3.17383,2825,862
10855,3.05176,2825,862
10856,3.63922,2825,862
10857,2.97546,2825,862
10858,3.08228,2825,862
10859,3.01361,2825,862
10860,3.05176,2825,862
10861,3.41034,2825,862
10862,2.95258,2825,862
10863,3.14331,2825,862
10864,3.11279,2825,862
10865,2.93732,2825,862
10866,3.39508,2825,862
10867,3.04413,2825,862
10868,3.01361,2825,862
10869,3.07465,2825,862
10870,3.04413,2825,862
10871,3.25775,2825,862
10872,3.15094,2825,862
10873,3.12042,2825,862
10874,3.11279,2825,862
10875,2.92206,2825,862
10876,3.18909,2825,862
10877,3.24249,2825,862
10878,3.18146,2825,862
10879,2.99072,2825,862
10880,3.15857,2825,862
10881,3.07465,2825,862
10882,3.07465,2825,862
10883,3.33405,2825,862
10884,2.97546,2825,862
10885,3.19672,2825,862
10886,2.94495,2825,862
10887,3.15857,2825,862
10888,3.33405,2825,862
10889,2.89917,2825,862
10890,3.2959,2825,862
10891,3.05176,2825,862
10892,3.17383,2825,862
10893,3.82996,2825,862
10894,3.12042,2825,862
10895,2.89154,2825,862
10896,2.99835,2825,862
10897,3.04413,2825,862
10898,3.71552,2825,862
10899,3.04413,2825,862
10900,3.1662,2825,862
10901,2.96783,2825,862
10902,3.13568,2825,862
10903,3.25012,2825,862
10904,3.0899,2825,862
10905,3.02887,2825,862
10906,3.15857,2825,862
10907,2.98309,2825,862
10908,3.01361,2825,862
10909,3.43323,2825,862
10910,3.08228,2825,862
10911,2.97546,2825,862
10912,3.08228,2825,862
10913,3.0899,2825,862
10914,3.35693,2825,862
10915,3.0365,2825,862
10916,2.99072,2825,862
10917,3.09753,2825,862
10918,3.04413,2825,862
10919,3.32642,2825,862
10920,3.05176,2825,862
10921,3.20435,2825,862
10922,2.92969,2825,862
10923,3.02887,2825,862
10924,3.04413,2825,862
10925,3.56293,2825,862
10926,3.17383,2825,862
10927,2.98309,2825,862
10928,2.99835,2825,862
10929,3.23486,2825,862
10930,3.18909,2825,862
10931,3.18909,2825,862
10932,2.93732,2825,862
10933,3.12042,2825,862
10934,3.08228,2825,862
10935,3.25012,2825,862
10936,3.17383,2825,862
10937,2.99835,2825,862
10938,3.12042,2825,862
10939,3.07465,2825,862
10940,2.96021,2825,862
10941,3.39508,2825,862
10942,3.00598,2825,862
10943,3.10516,2825,862
10944,3.09753,2825,862
10945,2.9068,2825,862
10946,3.35693,2825,862
10947,3.20435,2825,862
10948,2.89917,2825,862
10949,3.12805,2825,862
10950,3.05176,2825,862
10951,2.99835,2825,862
10952,3.34167,2825,862
10953,3.12805,2825,862
10954,2.94495,2825,862
10955,3.10516,2825,862
10956,3.09753,2825,862
10957,3.31116,2825,862
10958,3.13568,2825,862
10959,3.02887,2825,862
10960,3.07465,2825,862
10961,2.95258,2825,862
10962,3.44086,2825,862
10963,3.3493,2825,862
10964,2.91443,2825,862
10965,3.0899,2825,862
10966,2.96783,2825,862
10967,3.11279,2825,862
10968,3.3493,2825,862
10969,3.09753,2825,862
10970,3.02887,2825,862
10971,3.05176,2825,862
10972,3.05939,2825,862
10973,3.3493,2825,862
10974,3.15094,2825,862
10975,2.89917,2825,862
10976,3.21198,2825,862
10977,2.97546,2825,862
10978,3.30353,2825,862
10979,3.06702,2825,862
10980,3.20435,2825,862
10981,2.9068,2825,862
10982,3.02887,2825,862
10983,3.20435,2825,862
10984,3.35693,2825,862
10985,2.89917,2825,862
10986,3.15857,2825,862
10987,3.02887,2825,862
10988,3.12042,2825,862
10989,3.24249,2825,862
10990,3.04413,2825,862
10991,3.05176,2825,862
10992,3.18146,2825,862
10993,3.06702,2825,862
10994,3.39508,2825,862
10995,3.13568,2825,862
10996,3.12042,2825,862
10997,2.92969,2825,862
10998,3.20435,2825,862
10999,3.73077,2825,862
11000,2.61688,2825,862
11001,2.99835,2825,862
11002,3.11279,2825,862
11003,3.13568,2825,862
11004,3.01361,2825,862
11005,3.27301,2825,862
11006,3.07465,2825,862
11007,3.04413,2825,862
11008,3.05939,2825,862
11009,3.02124,2825,862
11010,3.33405,2825,862
11011,3.06702,2825,862
11012,3.08228,2825,862
11013,3.01361,2825,862
11014,3.17383,2825,862
11015,3.25012,2825,862
11016,3.2959,2825,862
11017,2.96021,2825,862
11018,3.02124,2825,862
11019,3.04413,2825,862
11020,3.17383,2825,862
11021,3.23486,2825,862
11022,3.05176,2825,862
11023,3.02887,2825,862
11024,2.98309,2825,862
11025,3.06702,2825,862
11026,3.41797,2825,862
11027,3.15857,2825,862
11028,3.15094,2825,862
11029,3.02124,2825,862
11030,3.08228,2825,862
11031,3.00598,2825,862
11032,3.36456,2825,862
11033,3.12042,2825,862
11034,2.96021,2825,862
11035,3.25775,2825,862
11036,2.95258,2825,862
11037,3.28827,2825,862
11038,3.13568,2825,862
11039,2.92206,2825,862
11040,3.05939,2825,862
11041,3.15857,2825,862
11042,3.40271,2825,862
11043,3.20435,2825,862
11044,3.05939,2825,862
11045,3.12805,2825,862
11046,2.91443,2825,862
11047,3.45612,2825,862
11048,3.15857,2825,862
11049,3.05939,2825,862
11050,2.92969,2825,862
11051,3.13568,2825,862
11052,3.18146,2825,862
11053,3.23486,2825,862
11054,3.2959,2825,862
11055,2.86102,2825,862
11056,3.45612,2825,862
11057,2.75421,2825,862
11058,3.44849,2825,862
11059,3.75366,2825,862
11060,2.65503,2825,862
11061,3.36456,2825,862
11062,3.01361,2825,862
11063,3.75366,2825,862
11064,2.85339,2825,862
11065,3.15857,2825,862
11066,3.19672,2825,862
11067,3.2959,2825,862
11068,3.25775,2825,862
11069,3.479,2825,862
11070,3.05939,2825,862
11071,3.14331,2825,862
11072,3.15094,2825,862
11073,3.11279,2825,862
11074,3.50189,2825,862
11075,3.19672,2825,862
11076,3.14331,2825,862
11077,3.41797,2825,862
11078,3.08228,2825,862
11079,3.38745,2825,862
11080,3.28827,2825,862
11081,3.18146,2825,862
11082,3.19672,2825,862
11083,3.2959,2825,862
11084,3.44086,2825,862
11085,3.27301,2825,862
11086,3.09753,2825,862
11087,3.19672,2825,862
11088,3.0899,2825,862
11089,3.69263,2825,862
11090,3.1662,2825,862
11091,3.19672,2825,862
11092,3.25012,2825,862
11093,3.18146,2825,862
11094,3.37982,2825,862
11095,3.15094,2825,862
11096,3.31116,2825,862
11097,3.15094,2825,862
11098,3.14331,2825,862
11099,3.4256,2825,862
11100,3.38745,2825,862
11101,3.0899,2825,862
11102,3.23486,2825,862
11103,3.04413,2825,862
11104,3.54004,2825,862
11105,3.12805,2825,862
11106,3.39508,2825,862
11107,3.00598,2825,862
11108,3.15857,2825,862
11109,3.18909,2825,862
11110,3.50952,2825,862
11111,3.28827,2825,862
11112,3.04413,2825,862
11113,3.28064,2825,862
11114,3.12042,2825,862
11115,3.44086,2825,862
11116,3.22723,2825,862
11117,3.09753,2825,862
11118,3.21198,2825,862
11119,4.3335,2825,862
11120,2.51007,2825,862
11121,3.45612,2825,862
11122,2.7771,2825,862
11123,3.18146,2825,862
11124,3.65448,2825,862
11125,2.99072,2825,862
11126,3.70789,2825,862
11127,2.73132,2825,862
11128,3.84521,2825,862
11129,2.53296,2825,862
11130,3.5553,2825,862
11131,3.1662,2825,862
11132,3.15094,2825,862
11133,3.37982,2825,862
11134,3.10516,2825,862
11135,3.82996,2825,862
11136,2.86865,2825,862
11137,3.49426,2825,862
11138,2.91443,2825,862
11139,3.37219,2825,862
11140,3.69263,2825,862
11141,3.04413,2825,862
11142,3.41797,2825,862
11143,3.05176,2825,862
11144,3.54767,2825,862
11145,3.28064,2825,862
11146,3.48663,2825,854
11147,3.13568,2825,854
11148,3.28064,2825,854
11149,3.49426,2825,854
11150,3.40271,2825,854
11151,3.51715,2825,854
11152,3.31116,2825,854
11153,3.41797,2825,854
11154,3.2196,2825,854
11155,3.76129,2825,854
11156,3.31879,2825,854
11157,3.48663,2825,854
11158,3.0899,2825,854
11159,3.44086,2825,854
11160,3.75366,2825,854
11161,3.10516,2825,854
11162,3.65448,2825,854
11163,3.05176,2825,854
11164,3.50189,2825,854
11165,3.479,2825,854
11166,3.4256,2825,854
11167,3.13568,2825,854
11168,3.41797,2825,854
11169,3.40271,2825,854
11170,3.44086,2825,854
11171,3.25775,2825,854
11172,3.26538,2825,854
11173,3.37982,2825,854
11174,3.22723,2825,854
11175,3.56293,2825,854
11176,3.30353,2825,854
11177,3.31116,2825,854
11178,3.25775,2825,854
11179,3.25012,2825,854
11180,3.58582,2825,854
11181,3.31116,2825,854
11182,3.2196,2825,854
11183,3.25012,2825,854
11184,3.23486,2825,854
11185,3.69263,2825,854
11186,3.2959,2825,854
11187,3.14331,2825,854
11188,3.33405,2825,854
11189,3.15857,2825,854
11190,3.53241,2825,854
11191,3.23486,2825,854
11192,3.19672,2825,854
11193,3.20435,2825,854
11194,3.19672,2825,854
11195,3.45612,2825,854
11196,3.26538,2825,854
11197,3.08228,2825,854
11198,3.30353,2825,854
11199,3.28064,2825,854
11200,3.25012,2825,854
11201,3.19672,2825,854
11202,3.13568,2825,854
11203,2.99835,2825,854
11204,3.20435,2825,854
11205,3.36456,2825,854
11206,3.0899,2825,854
11207,3.04413,2825,854
11208,3.0365,2825,854
11209,3.01361,2825,854
11210,3.09753,2825,854
11211,3.32642,2825,854
11212,2.99835,2825,854
11213,2.99835,2825,854
11214,3.2196,2825,854
11215,2.80762,2825,854
11216,3.23486,2825,854
11217,3.11279,2825,854
11218,3.04413,2825,854
11219,2.92206,2825,854
11220,2.99072,2825,854
11221,3.08228,2825,854
11222,3.43323,2825,854
11223,2.99072,2825,854
11224,3.04413,2825,854
11225,2.88391,2825,854
11226,2.96021,2825,854
11227,3.30353,2825,854
11228,3.0365,2825,854
11229,3.02887,2825,854
11230,3.00598,2825,854
11231,3.05939,2825,854
11232,2.91443,2825,854
11233,3.21198,2825,854
11234,3.1662,2825,854
11235,2.86102,2825,854
11236,3.09753,2825,854
11237,2.91443,2825,854
11238,3.24249,2825,854
11239,3.13568,2825,854
11240,2.86865,2825,854
11241,3.01361,2825,854
11242,2.95258,2825,854
11243,3.15857,2825,854
11244,3.23486,2825,854
11245,2.92969,2825,854
11246,2.94495,2825,854
11247,3.0899,2825,854
11248,3.05939,2825,854
11249,3.10516,2825,854
11250,3.0365,2825,854
11251,3.0365,2825,854
11252,2.97546,2825,854
11253,2.95258,2825,854
11254,3.27301,2825,854
11255,3.13568,2825,854
11256,3.14331,2825,854
11257,2.95258,2825,854
11258,2.91443,2825,854
11259,3.12805,2825,854
11260,3.21198,2825,854
11261,2.97546,2825,854
11262,2.96021,2825,854
11263,3.04413,2825,854
11264,3.02887,2825,854
11265,3.30353,2825,854
11266,2.84576,2825,854
11267,3.04413,2825,854
11268,2.97546,2825,854
11269,2.91443,2825,854
11270,2.99835,2825,854
11271,3.32642,2825,854
11272,2.92206,2825,854
11273,2.99072,2825,854
11274,3.00598,2825,854
11275,3.15094,2825,854
11276,3.18146,2825,854
11277,2.99072,2825,854
11278,3.06702,2825,854
11279,2.96021,2825,854
11280,2.96021,2825,854
11281,2.96783,2825,854
11282,3.30353,2825,854
11283,3.06702,2825,854
11284,3.23486,2825,854
11285,2.75421,2825,854
11286,2.96021,2825,854
11287,3.38745,2825,854
11288,3.11279,2825,854
11289,2.92969,2825,854
11290,2.92969,2825,854
11291,2.92969,2825,854
11292,2.99072,2825,854
11293,3.479,2825,854
11294,3.07465,2825,854
11295,3.02887,2825,854
11296,3.02124,2825,854
11297,2.9068,2825,854
11298,3.41797,2825,854
11299,3.07465,2825,854
11300,2.9068,2825,854
11301,3.12805,2825,854
11302,2.84576,2825,854
11303,3.28064,2825,854
11304,3.15094,2825,854
11305,2.93732,2825,854
11306,3.01361,2825,854
11307,3.07465,2825,854
11308,3.09753,2825,854
11309,3.25775,2825,854
11310,2.92969,2825,854
11311,3.0365,2825,854
11312,3.0899,2825,854
11313,2.99835,2825,854
11314,3.25012,2825,854
11315,3.05176,2825,854
11316,3.02124,2825,854
11317,3.08228,2825,854
11318,3.11279,2825,854
11319,2.98309,2825,854
11320,3.28827,2825,854
11321,3.00598,2825,854
11322,3.12042,2825,854
11323,2.96783,2825,854
11324,3.0365,2825,854
11325,3.479,2825,854
11326,3.12042,2825,854
11327,2.9068,2825,854
11328,3.00598,2825,854
11329,3.07465,2825,854
11330,3.3493,2825,854
11331,3.07465,2825,854
11332,2.96021,2825,854
11333,2.94495,2825,854
11334,3.06702,2825,854
11335,3.12042,2825,854
11336,3.27301,2825,854
11337,3.12042,2825,854
11338,2.98309,2825,854
11339,2.99835,2825,854
11340,3.11279,2825,854
11341,3.23486,2825,854
11342,3.08228,2825,854
11343,3.07465,2825,854
11344,3.02124,2825,854
11345,3.07465,2825,854
11346,3.25775,2825,854
11347,3.04413,2825,854
11348,3.11279,2825,854
11349,3.06702,2825,854
11350,3.01361,2825,854
11351,2.96783,2825,854
11352,3.40271,2825,854
11353,3.0365,2825,854
11354,2.92969,2825,854
11355,3.13568,2825,854
11356,2.96021,2825,854
11357,3.33405,2825,854
11358,3.41034,2825,854
11359,2.96783,2825,854
11360,3.1662,2825,854
11361,2.96783,2825,854
11362,3.0365,2825,854
11363,3.41797,2825,854
11364,2.97546,2825,854
11365,3.02887,2825,854
11366,3.1662,2825,854
11367,2.95258,2825,854
11368,3.39508,2825,854
11369,3.0365,2825,854
11370,3.02124,2825,854
11371,2.97546,2825,854
11372,3.05939,2825,854
11373,3.45612,2825,854
11374,3.10516,2825,854
11375,2.87628,2825,854
11376,3.0365,2825,854
11377,3.07465,2825,854
11378,3.05939,2825,854
11379,3.33405,2825,854
11380,3.05939,2825,854
11381,3.06702,2825,854
11382,2.99072,2825,854
11383,3.12805,2825,854
11384,3.35693,2825,854
11385,2.95258,2825,854
11386,3.06702,2825,854
11387,3.08228,2825,854
11388,3.10516,2825,854
11389,3.00598,2825,854
11390,3.51715,2825,854
11391,3.01361,2825,854
11392,3.13568,2825,854
11393,2.92969,2825,854
11394,3.21198,2825,854
11395,3.40271,2825,854
11396,3.17383,2825,854
11397,2.96021,2825,854
11398,2.98309,2825,854
11399,3.12805,2825,854
11400,3.31116,2825,854
11401,3.12805,2825,854
11402,2.99835,2825,854
11403,3.12805,2825,854
11404,2.96021,2825,854
11405,3.0365,2825,854
11406,3.50189,2825,854
11407,2.96021,2825,854
11408,2.98309,2825,854
11409,3.14331,2825,854
11410,3.05176,2825,854
11411,3.479,2825,854
11412,2.93732,2825,854
11413,3.0899,2825,854
11414,3.36456,2825,854
11415,2.61688,2825,854
11416,3.3493,2825,854
11417,3.23486,2825,854
11418,3.02124,2825,854
11419,2.92206,2825,854
11420,2.99835,2825,854
11421,3.2196,2825,854
11422,3.41797,2825,854
11423,3.00598,2825,854
11424,3.06702,2825,854
11425,3.26538,2825,854
11426,2.85339,2825,854
11427,3.44849,2825,854
11428,3.06702,2825,854
11429,3.01361,2825,854
11430,3.00598,2825,854
11431,3.02887,2825,854
11432,3.41797,2825,854
11433,3.09753,2825,854
11434,3.15094,2825,854
11435,2.95258,2825,854
11436,2.98309,2825,854
11437,3.07465,2825,854
11438,3.44086,2825,854
11439,3.02124,2825,854
11440,3.07465,2825,854
11441,3.12042,2825,854
11442,2.92206,2825,854
11443,3.35693,2825,854
11444,3.14331,2825,854
11445,3.02887,2825,854
11446,3.01361,2825,854
11447,3.09753,2825,854
11448,3.32642,2825,854
11449,3.08228,2825,854
11450,3.0899,2825,854
11451,3.14331,2825,854
11452,2.92969,2825,854
11453,3.05176,2825,854
11454,3.54004,2825,854
11455,3.12805,2825,854
11456,2.94495,2825,854
11457,3.07465,2825,854
11458,3.17383,2825,854
11459,3.24249,2825,854
11460,3.19672,2825,854
11461,2.91443,2825,854
11462,3.14331,2825,854
11463,2.99072,2825,854
11464,3.41034,2825,854
11465,3.09753,2825,847
11466,3.01361,2825,845
11467,3.14331,2825,845
11468,2.95258,2825,845
11469,3.15094,2825,845
11470,3.25775,2825,845
11471,3.00598,2825,845
11472,3.12042,2825,845
11473,3.05176,2825,845
11474,3.0899,2825,845
11475,3.32642,2825,845
11476,3.13568,2825,845
11477,3.02887,2825,845
11478,3.23486,2825,845
11479,2.83051,2825,845
11480,3.3493,2825,845
11481,3.02887,2825,845
11482,3.15857,2825,845
11483,3.05176,2825,845
11484,3.02124,2825,845
11485,3.06702,2825,845
11486,3.44849,2825,845
11487,3.15094,2825,845
11488,3.05176,2825,845
11489,3.00598,2825,845
11490,3.21198,2825,845
11491,3.19672,2825,845
11492,3.05939,2825,845
11493,3.09753,2825,845
11494,3.13568,2825,845
11495,2.92969,2825,845
11496,3.41797,2825,845
11497,3.13568,2825,845
11498,3.07465,2825,845
11499,3.07465,2825,845
11500,3.00598,2825,845
11501,3.00598,2825,845
11502,3.37219,2825,845
11503,3.0899,2825,845
11504,3.18146,2825,845
11505,2.92969,2825,845
11506,3.13568,2825,845
11507,3.28827,2825,845
11508,3.02124,2825,845
11509,3.25012,2825,845
11510,2.96783,2825,845
11511,3.02124,2825,845
11512,3.28064,2825,845
11513,3.09753,2825,845
11514,3.20435,2825,845
11515,2.91443,2825,845
11516,3.10516,2825,845
11517,3.0365,2825,845
11518,3.35693,2825,845
11519,3.12042,2825,845
11520,2.99835,2825,845
11521,3.05939,2825,845
11522,3.12805,2825,845
11523,3.40271,2825,845
11524,3.05939,2825,845
11525,3.2959,2825,845
11526,2.92969,2825,845
11527,2.97546,2825,845
11528,3.3493,2825,845
11529,3.13568,2825,845
11530,3.01361,2825,845
11531,3.14331,2825,845
11532,3.05939,2825,845
11533,3.05939,2825,845
11534,3.34167,2825,845
11535,3.08228,2825,845
11536,3.0365,2825,845
11537,3.02124,2825,845
11538,3.21198,2825,845
11539,3.19672,2825,845
11540,3.12042,2825,845
11541,3.00598,2825,845
11542,3.04413,2825,845
11543,3.14331,2825,845
11544,3.23486,2825,845
11545,3.05939,2825,845
11546,3.12805,2825,845
11547,3.08228,2825,845
11548,3.11279,2825,845
11549,3.0365,2825,845
11550,3.25775,2825,845
11551,3.15094,2825,845
11552,3.07465,2825,845
11553,3.00598,2825,845
11554,3.02124,2825,845
11555,3.44849,2825,845
11556,3.13568,2825,845
11557,3.04413,2825,845
11558,2.96783,2825,845
11559,3.05939,2825,845
11560,3.3493,2825,845
11561,3.12805,2825,845
11562,3.00598,2825,845
11563,3.18909,2825,845
11564,2.96021,2825,845
11565,3.10516,2825,845
11566,3.35693,2825,845
11567,3.00598,2825,845
11568,3.02124,2825,845
11569,3.15857,2825,845
11570,3.01361,2825,845
11571,3.37982,2825,845
11572,3.0365,2825,845
11573,3.09753,2825,845
11574,3.06702,2825,845
11575,3.04413,2825,845
11576,3.18909,2825,845
11577,3.2959,2825,845
11578,3.0899,2825,845
11579,2.98309,2825,845
11580,3.05939,2825,845
11581,3.04413,2825,845
11582,3.4256,2825,845
11583,3.09753,2825,845
11584,3.05939,2825,845
11585,2.97546,2825,845
11586,3.17383,2825,845
11587,3.24249,2825,845
11588,3.05176,2825,845
11589,3.10516,2825,845
11590,3.02887,2825,845
11591,3.18146,2825,845
11592,2.93732,2825,845
11593,3.5553,2825,845
11594,3.14331,2825,845
11595,2.99835,2825,845
11596,3.0365,2825,845
11597,3.04413,2825,845
11598,3.41034,2825,845
11599,3.02887,2825,845
11600,3.11279,2825,845
11601,3.06702,2825,845
11602,3.02124,2825,845
11603,3.37982,2825,845
11604,2.98309,2825,845
11605,3.1662,2825,845
11606,2.98309,2825,845
11607,3.22723,2825,845
11608,2.83051,2825,845
11609,3.44849,2825,845
11610,3.12805,2825,845
11611,3.07465,2825,845
11612,2.94495,2825,845
11613,3.11279,2825,845
11614,3.3493,2825,845
11615,3.05939,2825,845
11616,3.02124,2825,845
11617,3.04413,2825,845
11618,3.09753,2825,845
11619,3.38745,2825,845
11620,3.06702,2825,845
11621,3.10516,2825,845
11622,3.45612,2825,845
11623,2.55585,2825,845
11624,3.12805,2825,845
11625,3.5553,2825,845
11626,3.07465,2825,845
11627,2.99835,2825,845
11628,3.02887,2825,845
11629,3.08228,2825,845
11630,3.32642,2825,845
11631,3.06702,2825,845
11632,3.09753,2825,845
11633,3.01361,2825,845
11634,3.07465,2825,845
11635,3.44086,2825,845
11636,3.02887,2825,845
11637,3.10516,2825,845
11638,3.01361,2825,845
11639,3.0365,2825,845
11640,3.06702,2825,845
11641,3.33405,2825,845
11642,3.13568,2825,845
11643,3.01361,2825,845
11644,3.08228,2825,845
11645,3.09753,2825,845
11646,3.35693,2825,845
11647,2.99835,2825,845
11648,3.12042,2825,845
11649,3.05939,2825,845
11650,3.11279,2825,845
11651,3.2959,2825,845
11652,3.11279,2825,845
11653,2.96021,2825,845
11654,3.11279,2825,845
11655,17.6926,2825,845
11656,0.602722,2825,845
11657,0.350952,2825,845
11658,0.335693,2825,846
11659,4.50897,2825,846
11660,4.91333,2825,846
11661,4.48608,2825,846
11662,4.55475,2825,846
11663,5.02014,2825,846
11664,4.53186,2825,846
11665,4.69208,2825,846
11666,4.53186,2825,846
11667,4.89807,2825,846
11668,4.5929,2825,846
11669,4.52423,2825,846
11670,4.94385,2825,846
11671,4.66156,2825,846
11672,4.74548,2825,846
11673,4.7226,2825,846
11674,4.85229,2825,846
11675,4.6463,2825,846
11676,4.57764,2825,846
11677,5.10406,2825,846
11678,4.50134,2825,846
11679,4.81415,2825,846
11680,4.45557,2825,846
11681,4.89044,2825,846
11682,4.55475,2825,846
11683,4.78363,2825,846
11684,4.76837,2825,846
11685,4.6463,2825,846
11686,4.62341,2825,846
11687,4.74548,2825,846
11688,4.9057,2825,846
11689,4.71497,2825,846
11690,4.50134,2825,846
11691,4.92859,2825,846
11692,4.63867,2825,846
11693,4.69208,2825,846
11694,4.63104,2825,846
11695,5.27191,2825,846
11696,4.28009,2825,846
11697,4.69971,2825,846
11698,4.83704,2825,846
11699,4.80652,2825,846
11700,4.9057,2825,846
11701,4.4632,2825,846
11702,5.35583,2825,846
11703,4.22668,2825,846
11704,4.76074,2825,846
11705,4.91333,2825,846
11706,4.69208,2825,846
11707,4.76837,2825,846
11708,4.65393,2825,846
11709,5.04303,2825,846
11710,4.6463,2825,846
11711,4.63867,2825,846
11712,5.34821,2825,846
11713,4.43268,2825,846
11714,4.70734,2825,846
11715,4.56238,2825,846
11716,5.06592,2825,846
11717,4.63867,2825,846
11718,4.62341,2825,846
11719,4.82941,2825,846
11720,4.73785,2825,846
11721,4.57764,2825,846
11722,4.63104,2825,846
11723,5.17273,2825,846
11724,4.5166,2825,846
11725,4.70734,2825,846
11726,4.82178,2825,846
11727,4.71497,2825,846
11728,4.63867,2825,846
11729,4.62341,2825,846
11730,4.92859,2825,846
11731,4.66156,2825,846
11732,4.62341,2825,846
11733,4.88281,2825,846
11734,4.68445,2825,846
11735,4.58527,2825,846
11736,4.66156,2825,846
11737,4.93622,2825,846
11738,22.9492,2825,838
11739,1.05286,2825,838
11740,0.366211,2825,838
11741,0.320435,2825,838
11742,2.79236,2825,838
11743,3.07465,2825,838
11744,3.66211,2825,838
11745,2.89154,2825,838
11746,3.09753,2825,838
11747,3.17383,2825,838
11748,2.99835,2825,838
11749,3.49426,2825,838
11750,3.01361,2825,838
11751,3.06702,2825,838
11752,3.15094,2825,838
11753,2.99072,2825,838
11754,3.32642,2825,838
11755,3.12805,2825,838
11756,3.10516,2825,838
11757,3.0365,2825,838
11758,3.01361,2825,838
11759,3.28827,2825,838
11760,3.17383,2825,838
11761,2.97546,2825,838
11762,3.10516,2825,838
11763,3.15094,2825,838
11764,2.96783,2825,838
11765,3.28064,2825,838
11766,3.0365,2825,838
11767,3.10516,2825,838
11768,3.10516,2825,838
11769,3.02887,2825,838
11770,3.37219,2825,838
11771,3.02887,2825,838
11772,3.10516,2825,838
11773,3.15094,2825,838
11774,2.99072,2825,838
11775,3.2959,2825,838
11776,3.15857,2825,838
11777,3.01361,2825,838
11778,3.08228,2825,838
11779,3.0899,2825,838
11780,3.07465,2825,838
11781,3.41034,2825,838
11782,3.06702,2825,838
11783,3.05176,2825,838
11784,3.15857,2825,838
11785,2.99072,2825,838
11786,3.47137,2825,838
11787,2.92206,2825,838
11788,3.25012,2825,838
11789,2.93732,2825,838
11790,2.98309,2825,838
11791,3.44849,2825,838
11792,3.0899,2825,838
11793,2.95258,2825,838
11794,3.12042,2825,838
11795,3.11279,2825,838
11796,3.02124,2825,838
11797,3.27301,2825,838
11798,3.28827,2825,838
11799,2.96021,2825,838
11800,2.95258,2825,838
11801,3.2196,2825,838
11802,3.19672,2825,838
11803,3.07465,2825,838
11804,3.17383,2825,838
11805,3.01361,2825,838
11806,3.06702,2825,838
11807,3.28064,2825,838
11808,3.19672,2825,838
11809,3.40271,2825,838
11810,2.92969,2825,838
11811,3.00598,2825,838
11812,2.86865,2825,838
11813,3.36456,2825,838
11814,3.54767,2825,838
11815,2.83813,2825,838
11816,3.10516,2825,838
11817,3.01361,2825,838
11818,3.57056,2825,838
11819,3.27301,2825,838
11820,3.04413,2825,838
11821,3.12042,2825,838
11822,2.94495,2825,838
11823,3.26538,2825,838
11824,3.45612,2825,838
11825,3.06702,2825,838
11826,2.99835,2825,838
11827,3.18909,2825,838
11828,2.97546,2825,838
11829,3.76892,2825,838
11830,3.01361,2825,838
11831,3.05176,2825,838
11832,2.99072,2825,838
11833,3.14331,2825,838
11834,3.38745,2825,838
11835,3.20435,2825,838
11836,2.95258,2825,838
11837,3.0899,2825,838
11838,2.92969,2825,838
11839,3.479,2825,838
11840,3.11279,2825,838
11841,2.92206,2825,838
11842,3.12805,2825,838
11843,2.99835,2825,838
11844,3.04413,2825,838
11845,3.41797,2825,838
11846,3.09753,2825,838
11847,3.07465,2825,838
11848,2.94495,2825,838
11849,3.11279,2825,838
11850,3.50189,2825,838
11851,3.10516,2825,838
11852,3.0365,2825,838
11853,2.99072,2825,838
11854,3.15857,2825,838
11855,3.45612,2825,838
11856,2.99072,2825,838
11857,3.02887,2825,838
11858,3.02124,2825,838
11859,3.10516,2825,838
11860,3.2959,2825,838
11861,3.02124,2825,838
11862,3.1662,2825,838
11863,3.04413,2825,838
11864,3.10516,2825,838
11865,3.10516,2825,838
11866,3.37219,2825,838
11867,2.96783,2825,838
11868,3.07465,2825,838
11869,3.02887,2825,838
11870,3.05176,2825,838
11871,3.36456,2825,838
11872,3.02124,2825,838
11873,3.0899,2825,838
11874,3.11279,2825,838
11875,3.01361,2825,838
11876,3.15094,2825,838
11877,3.4256,2825,838
11878,3.17383,2825,838
11879,2.96021,2825,838
11880,3.02887,2825,838
11881,3.12042,2825,838
11882,3.30353,2825,838
11883,3.04413,2825,838
11884,3.06702,2825,838
11885,3.18146,2825,838
11886,2.93732,2825,838
11887,3.39508,2825,838
11888,3.21198,2825,838
11889,2.99835,2825,838
11890,3.20435,2825,838
11891,2.94495,2825,838
11892,3.20435,2825,838
11893,3.40271,2825,838
11894,2.92969,2825,838
11895,3.15094,2825,838
11896,3.08228,2825,838
11897,3.05176,2825,838
11898,3.32642,2825,838
11899,3.08228,2825,838
11900,3.09753,2825,838
11901,3.14331,2825,838
11902,2.91443,2825,838
11903,3.4256,2825,838
11904,3.17383,2825,838
11905,2.9068,2825,838
11906,3.01361,2825,838
11907,3.14331,2825,838
11908,3.28827,2825,838
11909,3.13568,2825,838
11910,3.12805,2825,838
11911,3.04413,2825,838
11912,3.04413,2825,838
11913,3.05176,2825,838
11914,3.32642,2825,838
11915,3.11279,2825,838
11916,2.99835,2825,838
11917,3.35693,2825,838
11918,2.83051,2825,838
11919,3.33405,2825,838
11920,3.19672,2825,838
11921,2.9068,2825,838
11922,3.18146,2825,838
11923,2.95258,2825,838
11924,3.41797,2825,838
11925,3.19672,2825,838
11926,3.10516,2825,838
11927,3.12805,2825,838
11928,2.97546,2825,838
11929,3.11279,2825,838
11930,3.3493,2825,838
11931,3.12805,2825,838
11932,2.95258,2825,838
11933,3.09753,2825,838
11934,3.08228,2825,838
11935,3.36456,2825,838
11936,2.98309,2825,838
11937,3.26538,2825,838
11938,2.89154,2825,838
11939,3.12042,2825,838
11940,3.37982,2825,838
11941,3.05176,2825,838
11942,3.00598,2825,838
11943,3.05939,2825,838
11944,3.12805,2825,838
11945,3.18146,2825,838
11946,3.25012,2825,838
11947,3.04413,2825,838
11948,3.0899,2825,838
11949,3.02124,2825,838
11950,3.07465,2825,838
11951,3.48663,2825,838
11952,3.07465,2825,838
11953,3.06702,2825,838
11954,3.20435,2825,838
11955,3.09753,2825,838
11956,3.01361,2825,838
11957,3.5553,2825,838
11958,3.04413,2825,838
11959,3.17383,2825,838
11960,3.20435,2825,838
11961,2.83051,2825,838
11962,3.39508,2825,838
11963,3.14331,2825,838
11964,3.0365,2825,838
11965,3.01361,2825,838
11966,3.12805,2825,838
11967,3.26538,2825,838
11968,3.05176,2825,838
11969,3.21198,2825,838
11970,2.99835,2825,838
11971,3.02887,2825,838
11972,3.31879,2825,838
11973,3.2196,2825,838
11974,2.99835,2825,838
11975,3.05176,2825,838
11976,3.06702,2825,838
11977,3.11279,2825,838
11978,3.28064,2825,838
11979,3.13568,2825,838
11980,3.0365,2825,838
11981,3.11279,2825,838
11982,2.96783,2825,838
11983,3.40271,2825,838
11984,3.02887,2825,838
11985,3.10516,2825,838
11986,3.17383,2825,838
11987,3.07465,2825,838
11988,3.57056,2825,838
11989,2.97546,2825,838
11990,3.07465,2825,838
11991,3.02124,2825,838
11992,3.28827,2825,838
11993,3.20435,2825,838
11994,3.30353,2825,838
11995,3.1662,2825,838
11996,2.95258,2825,838
11997,3.0365,2825,838
11998,3.05939,2825,838
11999,3.38745,2825,838
12000,3.15857,2825,838
12001,2.96783,2825,838
12002,3.05176,2825,838
12003,3.25775,2825,838
12004,3.20435,2825,838
12005,3.05939,2825,838
12006,3.01361,2825,838
12007,3.05939,2825,838
12008,3.12042,2825,838
12009,3.0899,2825,838
12010,3.38745,2825,838
12011,3.12805,2825,838
12012,2.93732,2825,838
12013,3.08228,2825,838
12014,3.10516,2825,838
12015,3.39508,2825,838
12016,2.99072,2825,838
12017,3.0899,2825,838
12018,3.0899,2825,838
12019,3.15094,2825,838
12020,3.28064,2825,838
12021,17.4942,2825,838
12022,0.511169,2825,838
12023,0.335693,2825,838
12024,0.320435,2825,838
12025,4.52423,2825,838
12026,4.66156,2825,838
12027,4.69208,2825,838
12028,4.79889,2825,838
12029,4.52423,2825,838
12030,4.70734,2825,838
12031,4.82178,2825,838
12032,4.67682,2825,838
12033,4.60815,2825,838
12034,4.63104,2825,838
12035,4.95911,2825,838
12036,4.69208,2825,838
12037,4.5929,2825,838
12038,4.79126,2825,838
12039,4.65393,2825,838
12040,4.62341,2825,838
12041,4.66156,2825,838
12042,4.92859,2825,838
12043,4.76837,2825,838
12044,4.49371,2825,838
12045,5.09644,2825,830
12046,4.62341,2825,830
12047,4.73785,2825,830
12048,4.50897,2825,830
12049,4.98199,2825,830
12050,4.66156,2825,830
12051,4.63104,2825,830
12052,4.94385,2825,830
12053,4.6463,2825,830
12054,4.60052,2825,830
12055,5.07355,2825,830
12056,4.55475,2825,830
12057,4.53949,2825,830
12058,4.66156,2825,830
12059,5.02777,2825,830
12060,4.53186,2825,830
12061,4.67682,2825,830
12062,4.62341,2825,830
12063,4.95148,2825,830
12064,4.52423,2825,830
12065,4.68445,2825,830
12066,5.07355,2825,830
12067,4.7226,2825,830
12068,4.53186,2825,830
12069,4.83704,2825,830
12070,4.82178,2825,830
12071,4.56238,2825,830
12072,4.85992,2825,830
12073,4.7226,2825,830
12074,4.70734,2825,830
12075,4.95148,2825,830
12076,4.67682,2825,830
12077,4.97437,2825,830
12078,4.66919,2825,830
12079,4.61578,2825,830
12080,5.14221,2825,830
12081,4.63104,2825,830
12082,4.60052,2825,830
12083,4.76837,2825,830
12084,5.18036,2825,830
12085,4.60815,2825,830
12086,4.67682,2825,830
12087,4.97437,2825,830
12088,4.69208,2825,830
12089,4.56238,2825,830
12090,4.73022,2825,830
12091,4.82178,2825,830
12092,4.60052,2825,830
12093,4.67682,2825,830
12094,4.98962,2825,830
12095,4.61578,2825,830
12096,4.58527,2825,830
12097,4.68445,2825,830
12098,4.88281,2825,830
12099,4.7226,2825,830
12100,4.67682,2825,830
12101,4.82178,2825,830
12102,4.5929,2825,830
12103,4.68445,2825,830
12104,4.62341,2825,830
12105,4.98199,2825,830
12106,4.57764,2825,830
12107,4.58527,2825,830
12108,4.97437,2825,830
12109,4.85229,2825,830
12110,4.69971,2825,830
12111,4.57001,2825,830
12112,4.97437,2825,830
12113,4.70734,2825,830
12114,4.47845,2825,830
12115,4.92859,2825,830
12116,4.68445,2825,830
12117,4.65393,2825,830
12118,4.67682,2825,830
12119,4.92859,2825,830
12120,4.65393,2825,830
12121,4.54712,2825,830
12122,4.89044,2825,830
12123,4.70734,2825,830
12124,4.60815,2825,830
12125,4.69208,2825,830
12126,4.86755,2825,830
12127,4.67682,2825,830
12128,4.66156,2825,830
12129,4.62341,2825,830
12130,5.09644,2825,830
12131,4.63104,2825,830
12132,4.71497,2825,830
12133,4.87518,2825,830
12134,4.66156,2825,830
12135,4.78363,2825,830
12136,4.7226,2825,830
12137,4.74548,2825,830
12138,4.6463,2825,830
12139,4.70734,2825,830
12140,5.05829,2825,830
12141,4.57764,2825,830
12142,4.58527,2825,829
12143,52.8259,2825,829
12144,0.709534,2825,829
12145,0.587463,2825,829
12146,3.61633,2825,829
12147,5.08118,2825,829
12148,4.50134,2825,829
12149,4.9057,2825,829
12150,4.56238,2825,829
12151,4.63104,2825,829
12152,4.67682,2825,829
12153,4.84467,2825,829
12154,4.6463,2825,829
12155,4.52423,2825,829
12156,4.68445,2825,829
12157,4.9057,2825,829
12158,4.53186,2825,829
12159,4.60815,2825,829
12160,4.91333,2825,829
12161,4.63104,2825,829
12162,4.65393,2825,829
12163,4.56238,2825,829
12164,5.00488,2825,829
12165,4.73022,2825,829
12166,4.49371,2825,829
12167,4.95911,2825,829
12168,4.6463,2825,829
12169,4.61578,2825,829
12170,4.68445,2825,829
12171,5.06592,2825,829
12172,4.68445,2825,829
12173,4.57001,2825,829
12174,4.94385,2825,829
12175,4.58527,2825,829
12176,4.68445,2825,829
12177,4.57001,2825,829
12178,4.99725,2825,829
12179,4.69971,2825,829
12180,4.70734,2825,829
12181,4.91333,2825,829
12182,4.5929,2825,829
12183,4.5929,2825,829
12184,4.56238,2825,829
12185,5.00488,2825,829
12186,4.5166,2825,829
12187,4.65393,2825,829
12188,4.88281,2825,829
12189,4.63867,2825,829
12190,4.53949,2825,829
12191,4.6463,2825,829
12192,5.05066,2825,829
12193,4.58527,2825,829
12194,4.69208,2825,829
12195,4.74548,2825,829
12196,4.65393,2825,829
12197,4.65393,2825,829
12198,4.7226,2825,829
12199,4.86755,2825,829
12200,4.60815,2825,829
12201,4.7226,2825,829
12202,4.65393,2825,829
12203,4.95148,2825,829
12204,4.6463,2825,829
12205,4.65393,2825,829
12206,4.92096,2825,829
12207,4.61578,2825,829
12208,4.57764,2825,829
12209,4.98962,2825,829
12210,4.78363,2825,829
12211,4.65393,2825,829
12212,4.63104,2825,829
12213,5.05829,2825,829
12214,4.58527,2825,829
12215,4.53186,2825,829
12216,4.75311,2825,829
12217,5.48553,2825,829
12218,5.12695,2825,829
12219,3.8681,2825,829
12220,4.99725,2825,829
12221,4.776,2825,829
12222,4.71497,2825,829
12223,5.10406,2825,829
12224,5.2948,2825,829
12225,4.76837,2825,829
12226,4.88281,2825,829
12227,4.63104,2825,829
12228,5.07355,2825,829
12229,4.62341,2825,829
12230,4.83704,2825,829
12231,5.05066,2825,829
12232,4.67682,2825,829
12233,4.40979,2825,829
12234,5.24902,2825,829
12235,4.60815,2825,829
12236,4.66919,2825,829
12237,5.10406,2825,829
12238,4.58527,2825,829
12239,4.6463,2825,829
12240,4.75311,2825,829
12241,4.87518,2825,829
12242,4.48608,2825,829
12243,4.88281,2825,829
12244,4.63867,2825,829
12245,4.71497,2825,829
12246,4.93622,2825,829
12247,4.22668,2825,829
12248,4.89044,2825,821
12249,4.69208,2825,821
12250,4.53186,2825,821
12251,4.71497,2825,821
12252,4.62341,2825,821
12253,4.62341,2825,821
12254,4.56238,2825,821
12255,4.78363,2825,821
12256,4.5929,2825,821
12257,4.57764,2825,821
12258,4.78363,2825,821
12259,4.81415,2825,821
12260,4.66919,2825,821
12261,4.45557,2825,821
12262,4.85992,2825,821
12263,4.73022,2825,821
12264,4.66156,2825,821
12265,4.68445,2825,821
12266,4.57001,2825,821
12267,4.5929,2825,821
12268,4.49371,2825,821
12269,4.82941,2825,821
12270,4.68445,2825,821
12271,4.67682,2825,821
12272,4.44794,2825,821
12273,4.88281,2825,821
12274,4.63104,2825,821
12275,4.43268,2825,821
12276,4.86755,2825,821
12277,4.69208,2825,821
12278,4.58527,2825,821
12279,4.54712,2825,821
12280,4.82178,2825,821
12281,4.53949,2825,821
12282,4.53949,2825,821
12283,4.63867,2825,821
12284,5.01251,2825,821
12285,4.57001,2825,821
12286,4.5166,2825,821
12287,4.86755,2825,821
12288,4.82941,2825,821
12289,4.42505,2825,821
12290,4.65393,2825,821
12291,4.80652,2825,821
12292,4.68445,2825,821
12293,4.73785,2825,821
12294,4.45557,2825,821
12295,5.11932,2825,821
12296,4.45557,2825,821
12297,4.52423,2825,821
12298,4.99725,2825,821
12299,4.66156,2825,821
12300,4.43268,2825,821
12301,5.07355,2825,821
12302,4.48608,2825,821
12303,4.78363,2825,821
12304,4.50134,2825,821
12305,4.98199,2825,821
12306,4.87518,2825,821
12307,4.43268,2825,821
12308,4.73785,2825,821
12309,4.69208,2825,821
12310,4.42505,2825,821
12311,4.85229,2825,821
12312,4.80652,2825,821
12313,4.44794,2825,821
12314,4.68445,2825,821
12315,4.55475,2825,821
12316,4.99725,2825,821
12317,4.5929,2825,821
12318,4.53949,2825,821
12319,4.79126,2825,821
12320,4.73785,2825,821
12321,4.41742,2825,821
12322,4.50134,2825,821
12323,4.79126,2825,821
12324,4.62341,2825,821
12325,4.56238,2825,821
12326,4.76074,2825,821
12327,4.70734,2825,821
12328,4.50897,2825,821
12329,4.58527,2825,821
12330,4.87518,2825,821
12331,4.56238,2825,821
12332,4.55475,2825,821
12333,4.78363,2825,821
12334,4.60052,2825,821
12335,4.74548,2825,821
12336,4.3335,2825,821
12337,5.08118,2825,821
12338,4.56238,2825,821
12339,4.86755,2825,821
12340,4.39453,2825,821
12341,4.68445,2825,821
12342,4.65393,2825,821
12343,4.47845,2825,821
12344,4.85229,2825,821
12345,4.5929,2825,821
12346,4.66156,2825,821
12347,4.63867,2825,821
12348,4.89807,2825,821
12349,4.61578,2825,821
12350,4.54712,2825,821
12351,4.88281,2825,821
12352,4.54712,2825,821
12353,4.5166,2825,821
12354,4.63104,2825,821
12355,4.82178,2825,821
12356,4.57001,2825,821
12357,4.60052,2825,821
12358,4.5166,2825,821
12359,4.84467,2825,821
12360,4.57001,2825,821
12361,4.48608,2825,821
12362,4.85992,2825,821
12363,4.63104,2825,821
12364,4.5166,2825,821
12365,4.53949,2825,821
12366,4.89807,2825,821
12367,4.48608,2825,821
12368,4.65393,2825,821
12369,4.89807,2825,821
12370,4.61578,2825,821
12371,4.47845,2825,821
12372,4.53949,2825,821
12373,4.92096,2825,821
12374,4.6463,2825,821
12375,4.47845,2825,821
12376,4.79889,2825,821
12377,4.67682,2825,821
12378,4.50134,2825,821
12379,4.66919,2825,821
12380,4.69971,2825,821
12381,4.49371,2825,821
12382,4.69971,2825,821
12383,4.49371,2825,821
12384,4.84467,2825,821
12385,4.73022,2825,821
12386,4.57764,2825,821
12387,22.2931,2825,821
12388,0.488281,2825,821
12389,0.350952,2825,821
12390,0.312805,2825,821
12391,2.80762,2825,821
12392,2.93732,2825,821
12393,3.12042,2825,821
12394,3.32642,2825,821
12395,3.44086,2825,821
12396,2.9068,2825,821
12397,2.97546,2825,821
12398,2.94495,2825,821
12399,2.97546,2825,821
12400,3.25775,2825,821
12401,3.06702,2825,821
12402,2.85339,2825,821
12403,3.07465,2825,821
12404,2.91443,2825,821
12405,2.96783,2825,821
12406,3.25012,2825,821
12407,3.05939,2825,821
12408,2.91443,2825,821
12409,2.96783,2825,821
12410,3.01361,2825,821
12411,3.21198,2825,821
12412,3.02124,2825,821
12413,2.97546,2825,821
12414,3.02124,2825,821
12415,2.89154,2825,821
12416,3.00598,2825,821
12417,3.33405,2825,821
12418,3.05939,2825,821
12419,2.86865,2825,821
12420,3.07465,2825,821
12421,2.87628,2825,821
12422,3.30353,2825,821
12423,3.35693,2825,821
12424,2.65503,2825,821
12425,3.12042,2825,821
12426,2.98309,2825,821
12427,2.87628,2825,821
12428,3.3493,2825,821
12429,2.88391,2825,821
12430,3.02887,2825,821
12431,2.99072,2825,821
12432,2.96021,2825,821
12433,3.30353,2825,821
12434,2.95258,2825,821
12435,3.00598,2825,821
12436,2.91443,2825,821
12437,3.18146,2825,821
12438,2.79236,2825,821
12439,3.38745,2825,821
12440,3.06702,2825,821
12441,3.09753,2825,821
12442,2.83051,2825,821
12443,3.02887,2825,821
12444,3.2196,2825,821
12445,3.02887,2825,821
12446,2.86865,2825,821
12447,3.11279,2825,821
12448,2.89154,2825,821
12449,2.98309,2825,821
12450,3.24249,2825,821
12451,2.96783,2825,821
12452,3.05176,2825,821
12453,2.96021,2825,821
12454,2.92206,2825,821
12455,3.37219,2825,821
12456,3.15094,2825,821
12457,2.94495,2825,821
12458,3.05939,2825,821
12459,3.0365,2825,821
12460,2.81525,2825,821
12461,3.24249,2825,821
12462,3.00598,2825,821
12463,2.92969,2825,821
12464,3.0365,2825,821
12465,3.20435,2825,821
12466,3.24249,2825,821
12467,3.12805,2825,821
12468,2.81525,2825,821
12469,3.08228,2825,821
12470,3.05939,2825,821
12471,3.13568,2825,821
12472,3.22723,2825,821
12473,2.96783,2825,821
12474,2.89154,2825,821
12475,3.01361,2825,821
12476,2.89154,2825,821
12477,3.59344,2825,821
12478,2.92969,2825,821
12479,3.12042,2825,821
12480,2.92206,2825,821
12481,3.00598,2825,821
12482,3.05939,2825,821
12483,3.25012,2825,821
12484,2.94495,2825,821
12485,2.99072,2825,821
12486,2.97546,2825,821
12487,3.11279,2825,821
12488,3.34167,2825,821
12489,2.98309,2825,821
12490,3.04413,2825,821
12491,2.96783,2825,821
12492,2.97546,2825,821
12493,3.14331,2825,821
12494,2.98309,2825,821
12495,3.00598,2825,821
12496,2.99835,2825,821
12497,2.97546,2825,821
12498,2.94495,2825,821
12499,3.32642,2825,821
12500,2.96783,2825,816
12501,2.92206,2825,813
12502,3.06702,2825,813
12503,2.91443,2825,813
12504,3.25775,2825,813
12505,2.99835,2825,813
12506,2.98309,2825,813
12507,17.0059,2825,813
12508,0.511169,2825,813
12509,0.343323,2825,813
12510,0.328064,2825,814
12511,4.22668,2825,814
12512,4.76837,2825,814
12513,4.56238,2825,814
12514,4.54712,2825,814
12515,4.5166,2825,814
12516,4.87518,2825,814
12517,4.48608,2825,814
12518,4.60052,2825,814
12519,4.57001,2825,814
12520,4.87518,2825,814
12521,4.57764,2825,814
12522,4.55475,2825,814
12523,4.80652,2825,814
12524,4.5166,2825,814
12525,4.5929,2825,814
12526,4.47845,2825,814
12527,4.85229,2825,814
12528,4.56238,2825,814
12529,4.53186,2825,814
12530,4.76074,2825,814
12531,4.68445,2825,814
12532,4.79889,2825,814
12533,4.24957,2825,814
12534,5.01251,2825,814
12535,4.34875,2825,814
12536,4.53186,2825,814
12537,4.68445,2825,814
12538,5.02777,2825,814
12539,4.47083,2825,814
12540,4.53186,2825,814
12541,4.776,2825,814
12542,4.66919,2825,814
12543,4.45557,2825,814
12544,4.55475,2825,814
12545,4.85992,2825,814
12546,4.55475,2825,814
12547,4.54712,2825,814
12548,4.82178,2825,814
12549,4.5929,2825,814
12550,4.73022,2825,814
12551,4.40216,2825,814
12552,4.87518,2825,814
12553,4.52423,2825,814
12554,4.54712,2825,814
12555,4.63867,2825,814
12556,4.78363,2825,814
12557,4.66919,2825,814
12558,4.50897,2825,814
12559,4.94385,2825,814
12560,4.73785,2825,814
12561,4.44031,2825,814
12562,4.76837,2825,814
12563,4.78363,2825,814
12564,4.50134,2825,814
12565,4.68445,2825,814
12566,5.20325,2825,814
12567,4.44794,2825,814
12568,4.66156,2825,814
12569,4.63867,2825,814
12570,4.95148,2825,814
12571,4.60052,2825,814
12572,4.43268,2825,814
12573,5.12695,2825,814
12574,4.43268,2825,814
12575,4.66156,2825,814
12576,4.52423,2825,814
12577,4.78363,2825,814
12578,4.63867,2825,814
12579,4.48608,2825,814
12580,5.05066,2825,814
12581,4.67682,2825,814
12582,4.47083,2825,814
12583,4.45557,2825,814
12584,4.93622,2825,814
12585,4.69971,2825,814
12586,4.44031,2825,814
12587,4.52423,2825,814
12588,4.91333,2825,814
12589,4.54712,2825,814
12590,4.56238,2825,814
12591,4.86755,2825,814
12592,4.50897,2825,814
12593,4.86755,2825,814
12594,4.48608,2825,814
12595,4.79126,2825,814
12596,4.48608,2825,814
12597,4.41742,2825,814
12598,4.82178,2825,814
12599,4.81415,2825,814
12600,4.47845,2825,814
12601,4.47083,2825,814
12602,4.92859,2825,814
12603,4.57001,2825,814
12604,5.40161,2825,814
12605,3.63159,2825,814
12606,4.98962,2825,814
12607,4.5166,2825,814
12608,4.58527,2825,814
12609,4.93622,2825,814
12610,4.50134,2825,814
12611,4.62341,2825,814
12612,4.50134,2825,814
12613,4.92096,2825,814
12614,4.66156,2825,814
12615,4.37164,2825,814
12616,4.85992,2825,814
12617,4.5929,2825,814
12618,4.52423,2825,814
12619,4.52423,2825,814
12620,5.00488,2825,814
12621,4.58527,2825,814
12622,4.49371,2825,814
12623,4.79126,2825,814
12624,4.61578,2825,814
12625,4.56238,2825,814
12626,4.50897,2825,814
12627,4.98962,2825,814
12628,4.52423,2825,814
12629,4.63104,2825,814
12630,4.66156,2825,814
12631,4.74548,2825,814
12632,4.67682,2825,814
12633,4.39453,2825,814
12634,5.05066,2825,814
12635,4.52423,2825,814
12636,4.53949,2825,814
12637,4.53186,2825,814
12638,4.89807,2825,814
12639,4.60815,2825,814
12640,4.63867,2825,814
12641,4.69971,2825,814
12642,4.63867,2825,814
12643,4.5166,2825,814
12644,4.60052,2825,814
12645,4.84467,2825,814
12646,4.54712,2825,814
12647,4.61578,2825,814
12648,4.63867,2825,814
