Frame,"Comp_Sky (ms)","G-Buffer (ms)","RT (ms)","SVGF_Spatial_1 (ms)","SVGF_Spatial_16 (ms)","SVGF_Spatial_2 (ms)","SVGF_Spatial_4 (ms)","SVGF_Spatial_8 (ms)","SVGF_Temp (ms)"
0,0.058816,0.802432,4.17827,0.486624,0.462688,0.454496,0.452448,0.451424,1.60854
1,0.057568,0.60512,3.36656,0.345952,0.311168,0.30912,0.321408,0.302944,1.14634
2,0.05776,0.596704,2.91715,0.3296,0.312192,0.309088,0.304992,0.304992,1.13546
3,0.056224,0.590304,2.91152,0.276352,0.259968,0.476448,0.266432,0.253824,0.991072
4,0.055808,0.53344,2.63322,0.274336,0.257888,0.253856,0.251776,0.253856,0.276544
5,0.054112,0.53408,2.41501,0.274336,0.257952,0.255904,0.251776,0.251808,0.272256
6,0.05392,0.531904,2.41517,0.274304,0.25792,0.253824,0.251776,0.2528,0.272256
7,0.053728,0.529088,2.79622,0.413568,0.251776,0.253152,0.243584,0.243584,0.271552
8,0.05392,0.512512,2.25056,0.264064,0.251776,0.249728,0.241536,0.243584,0.267136
9,0.05264,0.508192,2.25469,0.264096,0.251808,0.249728,0.243584,0.243616,0.26816
10,0.053376,0.509984,2.24963,0.262016,0.257216,0.249728,0.243584,0.461696,0.266112
11,0.053632,0.509856,2.43754,0.264064,0.251776,0.24768,0.241536,0.243584,0.26752
12,0.052448,0.511904,2.22458,0.26304,0.251808,0.247712,0.243616,0.243584,0.26816
13,0.052512,0.506464,2.22752,0.262016,0.251776,0.249728,0.243584,0.243584,0.267136
14,0.053952,0.508,2.23421,0.263392,0.251776,0.249728,0.243584,0.243584,0.522112
15,0.052992,0.680768,2.23555,0.264064,0.253824,0.24976,0.243616,0.243584,0.26816
16,0.052608,0.508352,2.23363,0.264064,0.2528,0.249728,0.241536,0.243584,0.266112
17,0.053312,0.509632,2.23194,0.264064,0.251776,0.249728,0.243584,0.244608,0.26816
18,0.053056,0.511328,2.44816,0.263424,0.251808,0.24768,0.243616,0.243616,0.55824
19,0.052672,0.509312,2.2319,0.264064,0.251776,0.249728,0.243584,0.243584,0.266112
20,0.052512,0.508384,2.2313,0.264064,0.251776,0.249728,0.243584,0.245632,0.266112
21,0.052544,0.507136,2.23437,0.264096,0.261376,0.24976,0.243616,0.431008,0.268192
22,0.052768,0.510048,2.59514,0.262016,0.251776,0.249728,0.243584,0.243584,0.267456
23,0.05312,0.510016,2.23712,0.264064,0.253824,0.248704,0.243584,0.243584,0.26816
24,0.052384,0.508832,2.23661,0.26304,0.251776,0.24976,0.243616,0.245664,0.268192
25,0.052832,0.50912,2.23104,0.263424,0.251776,0.249728,0.243584,0.245632,0.45248
26,0.053248,0.823296,2.236,0.264064,0.251776,0.249728,0.243584,0.245632,0.266144
27,0.052352,0.51104,2.23856,0.264096,0.252832,0.247712,0.243616,0.245664,0.268192
28,0.052608,0.511072,2.22893,0.264064,0.251776,0.249728,0.243584,0.244608,0.266112
29,0.053376,0.507232,2.44074,0.264064,0.253824,0.581536,0.247008,0.245632,0.26752
30,0.052288,0.51008,2.2353,0.26304,0.253856,0.24976,0.243616,0.245664,0.26816
31,0.05248,0.511424,2.23661,0.264064,0.253824,0.249728,0.243584,0.245632,0.267136
32,0.047648,0.490368,2.23293,0.264064,0.26816,0.249728,0.243584,0.245632,0.266112
33,0.052544,0.699968,2.55005,0.264064,0.259328,0.26512,0.257952,0.386976,0.269568
34,0.052608,0.576512,2.67184,0.464768,0.251776,0.2552,0.267136,0.264064,0.275712
35,0.053024,0.532736,2.65728,0.262016,0.251776,0.249728,0.243584,0.245632,0.279776
36,0.05264,0.50928,2.45133,0.262048,0.255904,0.24976,0.605088,0.251104,0.259296
37,0.053344,0.509312,2.40739,0.264064,0.26816,0.249728,0.469888,0.249024,0.26544
38,0.05376,0.548288,2.42262,0.44736,0.253824,0.251136,0.245632,0.245632,0.267456
39,0.052576,0.511808,2.23606,0.264064,0.261344,0.24976,0.243616,0.436128,0.267168
40,0.052096,0.5104,2.57197,0.262016,0.253824,0.249728,0.243584,0.243584,0.26544
41,0.053216,0.508896,2.45181,0.262048,0.253824,0.389376,0.251744,0.24768,0.26752
42,0.0528,0.508736,2.4465,0.262016,0.253856,0.24976,0.243616,0.245664,0.267488
43,0.05264,0.509056,2.44886,0.264064,0.261344,0.249728,0.243584,0.586656,0.267488
44,0.04576,0.510336,2.23402,0.264064,0.269184,0.444288,0.27056,0.254848,0.26816
45,0.052288,0.502144,2.41322,0.26336,0.251776,0.24976,0.243616,0.245664,0.46
46,0.052256,0.510304,2.23344,0.264064,0.253824,0.249728,0.243584,0.245632,0.266112
47,0.052928,0.5176,2.57392,0.262016,0.253824,0.249728,0.245632,0.245632,0.267488
48,0.05536,0.50896,2.46106,0.264096,0.450464,0.24976,0.243616,0.259968,0.267456
49,0.052224,0.50464,2.2329,0.264064,0.253824,0.249728,0.243584,0.246656,0.266112
50,0.053952,0.505152,2.23478,0.264064,0.255872,0.249728,0.5088,0.25312,0.270208
51,0.051616,0.508736,2.41203,0.264064,0.251776,0.24976,0.243616,0.245664,0.267424
52,0.05216,0.510016,2.45526,0.264064,0.251776,0.251776,0.243584,0.245632,0.267424
53,0.053248,0.730112,2.23158,0.264064,0.253824,0.249728,0.243584,0.245632,0.26816
54,0.052576,0.508128,2.57683,0.264096,0.253824,0.24976,0.245664,0.245664,0.267456
55,0.051808,0.5064,2.2376,0.264064,0.271232,0.249728,0.244608,0.24768,0.266112
56,0.057184,0.742912,2.23606,0.264064,0.446336,0.251808,0.243584,0.262016,0.26816
57,0.052288,0.522976,2.23549,0.264096,0.253824,0.24976,0.243616,0.244608,0.268192
58,0.052672,0.881376,2.23277,0.264064,0.253824,0.249728,0.245632,0.245632,0.266112
59,0.052896,0.508224,2.23802,0.279424,0.2528,0.24768,0.258944,0.245632,0.266112
60,0.053152,0.510528,2.2519,0.264096,0.257952,0.267168,0.259968,0.256928,0.279456
61,0.052352,0.78832,2.45757,0.264064,0.566144,0.249728,0.243584,0.245632,0.269536
62,0.05312,0.508384,2.23011,0.264064,0.253824,0.249728,0.245632,0.246656,0.266112
63,0.052512,0.509728,2.53117,0.264096,0.253856,0.249728,0.243584,0.245632,0.265408
64,0.0528,0.75312,2.22704,0.264064,0.253824,0.249728,0.245632,0.245632,0.266112
65,0.052864,0.509632,2.6128,0.264064,0.253824,0.249728,0.245632,0.245632,0.267488
66,0.052352,0.506592,2.47843,0.264064,0.253856,0.24976,0.245664,0.245664,0.267488
67,0.052544,0.734208,2.22765,0.262016,0.253824,0.249728,0.243584,0.24768,0.266112
68,0.053536,0.510304,2.23571,0.264064,0.257184,0.251776,0.245632,0.481152,0.26816
69,0.052576,0.507456,2.41885,0.264096,0.255904,0.249728,0.245632,0.245664,0.267424
70,0.052608,0.508288,2.64883,0.266112,0.255872,0.251776,0.245632,0.24768,0.271584
71,0.053376,0.728032,2.26035,0.266112,0.256896,0.253824,0.245632,0.24768,0.268192
72,0.052448,0.514336,2.63875,0.266112,0.255872,0.251808,0.245664,0.24768,0.269344
73,0.052544,0.511968,2.48912,0.266112,0.255872,0.251776,0.245632,0.249728,0.267392
74,0.052896,0.511808,2.47558,0.266112,0.255872,0.251776,0.24768,0.24768,0.267488
75,0.055136,0.510016,2.26202,0.26512,0.255872,0.251808,0.247712,0.24768,0.268192
76,0.052544,0.829248,2.26528,0.26816,0.256896,0.251776,0.24768,0.24768,0.26816
77,0.073664,0.511968,2.52416,0.266112,0.270208,0.251776,0.24768,0.24768,0.267488
78,0.052704,0.69504,2.26518,0.266144,0.256896,0.251808,0.24768,0.247712,0.268192
79,0.052672,0.514784,2.25978,0.267488,0.255872,0.251776,0.24768,0.24768,0.627584
80,0.047488,0.509664,2.25962,0.26816,0.275328,0.251776,0.433024,0.257248,0.26816
81,0.05312,0.5112,2.43667,0.447392,0.255904,0.257184,0.24768,0.247712,0.269472
82,0.052256,0.511008,2.26368,0.266112,0.253824,0.251776,0.245632,0.24768,0.267136
83,0.05328,0.51328,2.5945,0.264064,0.253824,0.249728,0.245632,0.245632,0.267552
84,0.052608,0.507808,2.47274,0.264096,0.253856,0.251808,0.245664,0.245664,0.267424
85,0.052544,0.509952,2.24346,0.264064,0.253824,0.251808,0.246656,0.24768,0.266112
86,0.053632,0.510208,2.24125,0.266144,0.259296,0.250752,0.245632,0.604032,0.26816
87,0.052288,0.548448,2.47734,0.266144,0.25792,0.2528,0.247712,0.24976,0.269504
88,0.052384,0.508608,2.50768,0.266112,0.255872,0.253856,0.24768,0.24768,0.269504
89,0.053216,0.511872,2.26266,0.26816,0.255872,0.251776,0.24768,0.249728,0.26816
90,0.058976,0.510592,2.59475,0.266112,0.432,0.251808,0.24768,0.247712,0.26752
91,0.052896,0.510176,2.26374,0.282528,0.255872,0.461696,0.251136,0.249728,0.274304
92,0.053408,0.510848,2.48557,0.266112,0.255872,0.253824,0.24768,0.249728,0.269504
93,0.054688,0.509472,2.26336,0.266144,0.25792,0.251808,0.246688,0.247712,0.268192
94,0.052768,0.892864,2.26099,0.266112,0.255872,0.251776,0.24768,0.24768,0.26816
95,0.05344,0.51008,2.48973,0.26816,0.25792,0.253824,0.445312,0.2552,0.269536
96,0.052416,0.512544,2.26778,0.266112,0.255904,0.2528,0.247712,0.247712,0.26816
97,0.052672,0.509664,2.56499,0.266112,0.255872,0.251776,0.24768,0.24768,0.27648
98,0.0536,0.51136,2.26525,0.269536,0.255872,0.253824,0.24768,0.24768,0.465792
99,0.052736,0.511104,2.47446,0.266144,0.255872,0.253856,0.247712,0.24768,0.269344
100,0.052224,0.510016,2.26394,0.266112,0.255872,0.252832,0.24768,0.24768,0.266112
101,0.053056,0.513408,2.65437,0.266112,0.255872,0.253824,0.24768,0.24768,0.26752
102,0.05248,0.511328,2.48726,0.266112,0.255872,0.251808,0.247712,0.24768,0.269472
103,0.052736,0.705088,2.2625,0.26816,0.255872,0.251776,0.24768,0.24768,0.26816
104,0.05424,0.511296,2.2608,0.26816,0.261344,0.253824,0.24768,0.480128,0.26816
105,0.052576,0.513568,2.45555,0.266112,0.257952,0.251808,0.442272,0.257216,0.267488
106,0.052288,0.5112,2.4767,0.26816,0.255872,0.251776,0.24768,0.24768,0.267456
107,0.052928,0.514304,2.26176,0.266112,0.255872,0.2528,0.24768,0.24768,0.26816
108,0.054368,0.512032,2.57914,0.266144,0.409504,0.251776,0.247712,0.247712,0.269504
109,0.05248,0.508672,2.25814,0.266112,0.255872,0.253824,0.24768,0.248704,0.266112
110,0.053344,0.511968,2.26192,0.266112,0.255872,0.253824,0.246656,0.249728,0.26816
111,0.05232,0.511936,2.2657,0.268192,0.255904,0.2528,0.247712,0.247712,0.268192
112,0.05248,0.848864,2.2641,0.266112,0.255872,0.253824,0.24768,0.249728,0.26816
113,0.053056,0.51264,2.48621,0.26816,0.255872,0.403328,0.251136,0.249728,0.269504
114,0.052448,0.512672,2.47373,0.266144,0.255872,0.253856,0.247712,0.24768,0.269536
115,0.052608,0.510976,2.25981,0.618368,0.255872,0.255168,0.24768,0.249728,0.26816
116,0.053152,0.510496,2.4727,0.266112,0.255872,0.253824,0.24768,0.24768,0.2736
117,0.052608,0.5104,2.47389,0.268192,0.255904,0.253856,0.247712,0.247712,0.269472
118,0.052064,0.513856,2.2577,0.26816,0.255872,0.253824,0.246656,0.24768,0.26816
119,0.053152,0.511936,2.6032,0.266112,0.255872,0.253824,0.24768,0.24768,0.267424
120,0.052832,0.508864,2.75734,0.266112,0.255904,0.253856,0.245632,0.24976,0.269504
121,0.05376,0.50992,2.26342,0.266112,0.255872,0.2528,0.24768,0.249728,0.26816
122,0.053536,0.51328,2.26378,0.26816,0.26544,0.253824,0.24768,0.511872,0.267168
123,0.054976,0.512384,2.44739,0.266144,0.412928,0.253824,0.247712,0.431008,0.269472
124,0.052576,0.503712,2.47283,0.266112,0.255872,0.253824,0.24768,0.249728,0.26752
125,0.052768,0.51248,2.2631,0.267136,0.255872,0.251776,0.24768,0.24768,0.26816
126,0.052576,0.511328,2.6073,0.26816,0.255904,0.251808,0.24768,0.247712,0.269504
127,0.053024,0.511136,2.48061,0.26816,0.261376,0.253824,0.24768,0.456576,0.267488
128,0.053024,0.508608,2.25981,0.26816,0.255872,0.253824,0.246656,0.249728,0.26816
129,0.053152,0.51088,2.26506,0.266112,0.255872,0.25488,0.247712,0.249728,0.26816
130,0.052768,0.887776,2.26387,0.266112,0.255872,0.251776,0.24768,0.249728,0.266112
131,0.053152,0.73536,2.5505,0.266112,0.255872,0.253824,0.24768,0.249728,0.269408
132,0.05248,0.513312,2.26758,0.268192,0.255904,0.253856,0.24768,0.247712,0.268192
133,0.05264,0.511936,2.59334,0.266112,0.255872,0.251776,0.24768,0.24768,0.273632
134,0.05344,0.51072,2.4816,0.266112,0.25792,0.253824,0.24768,0.249728,0.273632
135,0.052512,0.510816,2.48582,0.266144,0.255904,0.253824,0.247712,0.247712,0.267456
136,0.052256,0.511072,2.25933,0.268192,0.255872,0.2528,0.24768,0.24976,0.26816
137,0.0528,0.514176,2.64691,0.26816,0.255872,0.253824,0.24768,0.24768,0.269536
138,0.05248,0.72416,2.42902,0.266112,0.255904,0.253824,0.247712,0.24976,0.269536
139,0.052896,0.708288,2.25997,0.268192,0.255872,0.253824,0.24768,0.249728,0.266144
140,0.053504,0.513088,2.26102,0.26816,0.25792,0.572288,0.25104,0.249728,0.270208
141,0.052832,0.509536,2.2625,0.45456,0.255904,0.259296,0.249728,0.24976,0.269216
142,0.052672,0.511136,2.47702,0.26816,0.255872,0.253824,0.24768,0.249728,0.269504
143,0.053088,0.511232,2.26397,0.26816,0.255872,0.2528,0.24768,0.24976,0.26816
144,0.052736,0.510816,2.65459,0.266144,0.255904,0.253856,0.247712,0.24976,0.267488
145,0.052352,0.509824,2.48566,0.266112,0.255872,0.251776,0.24768,0.249728,0.267488
146,0.053184,0.509344,2.504,0.266112,0.255872,0.253824,0.24768,0.249728,0.269536
147,0.056352,0.512672,2.26179,0.268192,0.575392,0.251808,0.247712,0.249728,0.268192
148,0.052672,0.510272,2.26214,0.266112,0.25792,0.434496,0.255808,0.251776,0.26816
149,0.05328,0.508064,2.47773,0.266112,0.255872,0.253824,0.24768,0.249728,0.26752
150,0.052416,0.511616,2.26794,0.266144,0.255904,0.253856,0.248736,0.24976,0.268192
151,0.052672,0.51152,2.6328,0.266112,0.255872,0.251776,0.24768,0.249728,0.271552
152,0.05344,0.512256,2.26326,0.463104,0.255872,0.25728,0.249728,0.249728,0.458624
153,0.05216,0.511232,2.26224,0.266144,0.255904,0.253824,0.247712,0.24976,0.267168
154,0.052384,0.511392,2.26019,0.26816,0.255872,0.253824,0.24768,0.249728,0.266112
155,0.05328,0.516128,2.60698,0.266112,0.255872,0.253824,0.24768,0.24768,0.267488
156,0.052704,0.70848,2.26202,0.457632,0.255904,0.259296,0.24768,0.24976,0.274336
157,0.052288,0.508992,2.26186,0.266112,0.255872,0.253824,0.24768,0.249728,0.267136
158,0.054016,0.511264,2.25958,0.26816,0.25792,0.253824,0.607104,0.253184,0.26816
159,0.052512,0.5112,2.26634,0.267168,0.255872,0.253856,0.247712,0.249728,0.26816
160,0.05232,0.512064,2.47328,0.266112,0.255872,0.251776,0.24768,0.249728,0.267456
161,0.053376,0.510304,2.47424,0.266112,0.25792,0.251776,0.24768,0.249728,0.267456
162,0.052288,0.510816,2.61072,0.268192,0.255872,0.253856,0.247712,0.249728,0.269536
163,0.052704,0.512256,2.4705,0.266112,0.255872,0.253824,0.24768,0.249728,0.27152
164,0.053376,0.510272,2.26701,0.26816,0.259968,0.251776,0.441216,0.25728,0.26816
165,0.052224,0.509152,2.26323,0.266112,0.255872,0.252832,0.247712,0.249728,0.268192
166,0.055104,0.87552,2.26112,0.268192,0.44944,0.253824,0.24768,0.24768,0.26816
167,0.053088,0.512192,2.46589,0.266112,0.255872,0.253856,0.24768,0.249728,0.267456
168,0.052864,0.509984,2.26778,0.266144,0.256928,0.251808,0.247712,0.249728,0.268192
169,0.052704,0.513312,2.59766,0.266112,0.255872,0.253824,0.24768,0.249728,0.27552
170,0.053312,0.513184,2.47555,0.266112,0.25792,0.251776,0.24768,0.249728,0.267488
171,0.052288,0.734336,2.2607,0.26816,0.255904,0.253824,0.247712,0.247712,0.26816
172,0.052448,0.511584,2.26371,0.266112,0.256896,0.253856,0.24768,0.24768,0.266112
173,0.053152,0.51104,2.64086,0.26816,0.255872,0.251776,0.24768,0.249728,0.269536
174,0.052544,0.509312,2.48842,0.268192,0.255872,0.253856,0.247712,0.24768,0.269504
175,0.052384,0.511488,2.46966,0.266112,0.255872,0.253824,0.24768,0.249728,0.267488
176,0.053664,0.51488,2.25891,0.266112,0.25792,0.56208,0.2552,0.249728,0.267136
177,0.052608,0.511712,2.26835,0.267136,0.26128,0.390048,0.253088,0.44432,0.268192
178,0.052608,0.509344,2.46144,0.266112,0.255872,0.253824,0.245632,0.249728,0.275712
179,0.053312,0.512064,2.26147,0.26816,0.256896,0.253824,0.24768,0.24768,0.26816
180,0.052704,0.511104,2.65066,0.266144,0.255904,0.251808,0.24768,0.247712,0.267488
181,0.05312,0.511136,2.48749,0.266112,0.268704,0.253824,0.24768,0.435872,0.26752
182,0.052992,0.513984,2.26186,0.26816,0.25792,0.251776,0.246656,0.249728,0.26816
183,0.052064,0.51216,2.26525,0.266144,0.257952,0.252832,0.247712,0.24976,0.268192
184,0.052544,0.757472,2.44966,0.266112,0.255872,0.253824,0.24768,0.249728,0.267456
185,0.053408,0.723072,2.25939,0.266112,0.255872,0.253824,0.24768,0.24768,0.26816
186,0.052576,0.510848,2.26541,0.26816,0.256896,0.253856,0.24768,0.24976,0.26816
187,0.052256,0.511104,2.64074,0.266112,0.255872,0.253824,0.24768,0.24768,0.275648
188,0.054048,0.513088,2.4777,0.461696,0.261248,0.255168,0.26816,0.433024,0.267488
189,0.052352,0.511584,2.26202,0.26816,0.257952,0.252832,0.247712,0.249728,0.26816
190,0.05216,0.512064,2.26253,0.267136,0.255872,0.253824,0.24768,0.249728,0.26816
191,0.052832,0.518496,2.60582,0.266112,0.255872,0.253824,0.24768,0.249728,0.26752
192,0.052608,0.713952,2.49581,0.266144,0.257952,0.253856,0.24768,0.24976,0.26944
193,0.052416,0.510656,2.26224,0.266112,0.255872,0.253824,0.24768,0.24768,0.266112
194,0.05328,0.510208,2.26035,0.270208,0.25792,0.604032,0.2552,0.251776,0.270208
195,0.053024,0.512864,2.26547,0.267168,0.257952,0.443296,0.255136,0.251808,0.26816
196,0.05232,0.512384,2.46358,0.266112,0.25792,0.253856,0.24768,0.249728,0.267456
197,0.05328,0.510848,2.26512,0.268192,0.255872,0.2528,0.24768,0.249728,0.26816
198,0.052672,0.5096,2.60672,0.266144,0.257952,0.251808,0.247712,0.24976,0.267424
199,0.052736,0.510656,2.47427,0.266112,0.25792,0.253824,0.24768,0.249728,0.267488
200,0.052768,0.51312,2.26029,0.267136,0.25792,0.253824,0.249728,0.24768,0.26816
201,0.055968,0.511936,2.26611,0.268192,0.257952,0.253856,0.247712,0.249728,0.269216
202,0.05296,0.99616,2.26346,0.266112,0.25792,0.251776,0.439168,0.2552,0.266112
203,0.053056,0.51104,2.25901,0.26816,0.255872,0.2528,0.24768,0.249728,0.26816
204,0.052256,0.512224,2.26314,0.267168,0.257952,0.253856,0.247712,0.249728,0.26816
205,0.0528,0.510848,2.47587,0.266112,0.259968,0.251776,0.553152,0.257952,0.267488
206,0.053312,0.509248,2.26477,0.273632,0.255872,0.253824,0.24768,0.249728,0.455552
207,0.052576,0.513088,2.49536,0.266144,0.255904,0.253856,0.24768,0.24976,0.269504
208,0.052512,0.511808,2.25837,0.266112,0.255872,0.253824,0.24768,0.249728,0.267136
209,0.05376,0.511136,2.64707,0.269504,0.25792,0.253824,0.24768,0.249728,0.435392
210,0.052256,0.508768,2.48333,0.266112,0.255904,0.253824,0.247712,0.24976,0.269536
211,0.046304,0.511072,2.26237,0.266112,0.274304,0.253824,0.24768,0.249728,0.26816
212,0.053312,0.709056,2.26294,0.26816,0.25792,0.253824,0.484224,0.255168,0.270208
213,0.052736,0.513344,2.45037,0.45968,0.255904,0.255104,0.24976,0.24976,0.267328
214,0.052896,0.511264,2.47494,0.26816,0.257952,0.253824,0.24768,0.249728,0.267488
215,0.052736,0.512864,2.2639,0.266112,0.255872,0.2528,0.24768,0.249728,0.26816
216,0.05296,0.510144,2.65498,0.26816,0.257952,0.253856,0.24768,0.24976,0.26944
217,0.052896,0.512032,2.26157,0.469888,0.255872,0.257248,0.249728,0.249728,0.284544
218,0.05344,0.510752,2.46822,0.26816,0.255872,0.253824,0.24768,0.249728,0.267456
219,0.059328,0.510464,2.26442,0.268192,0.5672,0.253824,0.247712,0.250784,0.268192
220,0.052608,0.512896,2.25965,0.26816,0.255872,0.253824,0.249728,0.248704,0.26816
221,0.053152,0.50992,2.25802,0.268192,0.25792,0.253824,0.248704,0.249728,0.268192
222,0.052224,0.510688,2.26534,0.26816,0.255904,0.252832,0.24976,0.24976,0.26816
223,0.052864,0.51184,2.26093,0.273632,0.255872,0.255904,0.24768,0.249728,0.537504
224,0.05312,0.510816,2.42301,0.266112,0.255872,0.253824,0.249728,0.24976,0.26752
225,0.052288,0.511936,2.26906,0.266112,0.257952,0.253856,0.24768,0.24976,0.26816
226,0.052448,0.51296,2.2647,0.266112,0.255872,0.253824,0.24768,0.248704,0.26816
227,0.05296,0.511296,2.60531,0.266112,0.25792,0.253824,0.24768,0.249728,0.267456
228,0.052576,0.5112,2.26077,0.267136,0.255904,0.253856,0.24768,0.24976,0.268192
229,0.052896,0.510848,2.26147,0.266112,0.25792,0.253824,0.249728,0.249728,0.267136
230,0.056416,0.512864,2.26272,0.26816,0.25792,0.253824,0.24768,0.24976,0.26816
231,0.052544,0.875552,2.26982,0.268192,0.256928,0.253824,0.24976,0.249728,0.26816
232,0.05264,0.511328,2.25914,0.266112,0.25792,0.253824,0.24768,0.248704,0.268192
233,0.053408,0.515232,2.2623,0.266112,0.255872,0.2528,0.24768,0.249728,0.26816
234,0.052928,0.513312,2.264,0.582528,0.257952,0.257216,0.24976,0.249728,0.2784
235,0.052064,0.510016,2.25946,0.266112,0.255872,0.253824,0.249728,0.249728,0.267136
236,0.053056,0.512224,2.26122,0.266112,0.255872,0.253824,0.24768,0.249728,0.26816
237,0.051936,0.510112,2.25824,0.268192,0.256928,0.253856,0.247712,0.249728,0.268192
238,0.052608,0.51008,2.64573,0.268192,0.255872,0.251776,0.249728,0.249728,0.267488
239,0.052864,0.667744,2.55738,0.266144,0.25792,0.253824,0.24768,0.249728,0.271616
240,0.052672,0.51232,2.26573,0.268192,0.256928,0.253856,0.247712,0.249728,0.268192
241,0.055904,0.51008,2.2583,0.268192,0.255872,0.253824,0.248704,0.249728,0.26816
242,0.053152,0.846432,2.264,0.26816,0.25792,0.253824,0.24768,0.249728,0.26816
243,0.052512,0.511296,2.26778,0.26816,0.256896,0.253856,0.24768,0.247712,0.26816
244,0.05216,0.511424,2.2608,0.26816,0.255872,0.253824,0.24768,0.248704,0.26816
245,0.053728,0.513568,2.26278,0.525888,0.25792,0.264576,0.251776,0.249728,0.2784
246,0.052512,0.51056,2.43789,0.266144,0.257952,0.253856,0.24768,0.247712,0.267456
247,0.05248,0.510784,2.26627,0.268192,0.25792,0.253824,0.24768,0.249728,0.26816
248,0.053344,0.5104,2.2641,0.266112,0.256896,0.253824,0.24768,0.249728,0.26816
249,0.052352,0.511616,2.60368,0.266144,0.255872,0.251808,0.247712,0.249728,0.269536
250,0.052256,0.513696,2.25818,0.26816,0.255872,0.25488,0.24768,0.249728,0.26816
251,0.053056,0.5112,2.26067,0.267136,0.255872,0.253824,0.249728,0.249728,0.26816
252,0.052288,0.5112,2.26477,0.268192,0.255872,0.253856,0.247712,0.249728,0.269216
253,0.052416,0.516064,2.63862,0.266112,0.25792,0.253824,0.24768,0.249728,0.267424
254,0.053088,0.511232,2.26307,0.266112,0.255872,0.253824,0.24768,0.249728,0.26816
255,0.052384,0.510048,2.2623,0.26816,0.257952,0.253824,0.247712,0.248704,0.26816
256,0.052896,0.512224,2.26339,0.26816,0.25792,0.253824,0.562048,0.253152,0.26816
257,0.052928,0.511104,2.26352,0.267136,0.255872,0.253824,0.249728,0.249728,0.26816
258,0.052608,0.509888,2.264,0.268192,0.255904,0.253824,0.247712,0.24976,0.269184
259,0.052352,0.513088,2.26221,0.266112,0.255872,0.253824,0.24768,0.249728,0.266112
260,0.053184,0.511616,2.26909,0.280128,0.259968,0.621472,0.255168,0.251776,0.293056
261,0.052384,0.510496,2.68125,0.2696,0.25792,0.253856,0.414592,0.253184,0.431328
262,0.052544,0.511392,2.26451,0.26816,0.25792,0.254848,0.24768,0.249728,0.266112
263,0.053472,0.512096,2.2617,0.267136,0.25792,0.253824,0.24768,0.249728,0.26816
264,0.052384,0.511136,2.92134,0.268192,0.257952,0.253856,0.249728,0.24976,0.269536
265,0.052416,0.51008,2.26336,0.26816,0.25792,0.253824,0.24768,0.249728,0.268192
266,0.053056,0.70544,2.44768,0.266112,0.25792,0.253824,0.249728,0.249728,0.26752
267,0.052512,0.514112,2.45648,0.266112,0.263456,0.253856,0.24768,0.418688,0.269472
268,0.052448,0.510144,3.22256,0.266144,0.25792,0.253824,0.249728,0.249728,0.269536
269,0.052512,0.50976,2.2601,0.26816,0.25792,0.253824,0.249728,0.250752,0.26816
270,0.05456,0.511872,2.26877,0.268192,0.257952,0.253824,0.250752,0.24976,0.26816
271,0.052192,0.512032,2.9504,0.266112,0.25792,0.253824,0.24768,0.249728,0.269504
272,0.053216,0.507872,2.26029,0.26816,0.25792,0.253824,0.249728,0.249728,0.269184
273,0.052096,0.510848,2.26528,0.268192,0.257952,0.253856,0.249728,0.24976,0.268192
274,0.05296,0.512128,2.25958,0.46784,0.25792,0.279744,0.249728,0.251776,0.26816
275,0.053408,0.511104,2.9705,0.26816,0.25792,0.253824,0.249728,0.249728,0.279776
276,0.051936,0.51024,2.26291,0.26816,0.25792,0.253824,0.24976,0.24976,0.26816
277,0.05248,0.513024,2.26118,0.268192,0.258944,0.253824,0.24768,0.249728,0.26816
278,0.053344,0.510432,2.85376,0.266112,0.25792,0.400256,0.251104,0.251776,0.269568
279,0.052704,0.51328,2.2648,0.268192,0.257952,0.253856,0.24976,0.249728,0.269216
280,0.051968,0.513312,2.26365,0.26816,0.25792,0.253824,0.249728,0.249728,0.26816
281,0.057472,0.513536,2.26438,0.26816,0.479104,0.253824,0.249728,0.251776,0.26816
282,0.052832,0.51248,2.76736,0.26816,0.257952,0.253856,0.400288,0.2552,0.269536
283,0.052416,0.511936,2.2615,0.26816,0.25792,0.25488,0.249728,0.249728,0.26816
284,0.052672,0.510528,2.26147,0.267136,0.25792,0.253824,0.24768,0.249728,0.26816
285,0.056416,0.511168,2.68173,0.266112,0.491424,0.253856,0.24768,0.24976,0.269536
286,0.052192,0.510688,2.26013,0.26816,0.25792,0.253824,0.249728,0.250752,0.268192
287,0.0528,0.511584,2.26086,0.26816,0.25792,0.253824,0.248704,0.249728,0.26816
288,0.052576,0.510016,2.26397,0.267136,0.26,0.253856,0.24768,0.24976,0.268192
289,0.052448,0.511296,2.91523,0.271584,0.25792,0.253824,0.249728,0.249728,0.414912
290,0.053312,0.510336,2.26278,0.26816,0.25792,0.253824,0.249728,0.249728,0.26816
291,0.051936,0.510624,2.26566,0.268192,0.257952,0.253856,0.249728,0.24976,0.268192
292,0.05312,0.510464,2.26349,0.58048,0.25792,0.259296,0.251776,0.251776,0.26816
293,0.053248,0.510944,2.69619,0.266112,0.25792,0.253824,0.24768,0.249728,0.273632
294,0.0528,0.51104,2.26838,0.268192,0.257952,0.253856,0.249728,0.24976,0.268192
295,0.052224,0.510848,2.26035,0.26816,0.256896,0.253824,0.24768,0.249728,0.26816
296,0.053312,0.510656,2.51088,0.268192,0.25792,0.710528,0.251104,0.251776,0.269536
297,0.052416,0.51264,2.60669,0.26816,0.25792,0.253824,0.24976,0.24976,0.269536
298,0.052384,0.512576,2.26144,0.26816,0.25792,0.25488,0.249728,0.251808,0.26816
299,0.053824,0.51168,2.26602,0.26816,0.261344,0.253824,0.249728,0.568192,0.275328
300,0.053056,0.510528,2.4489,0.49216,0.257952,0.264704,0.251776,0.251808,0.267392
301,0.052576,0.5136,2.26531,0.26816,0.25792,0.253824,0.249728,0.249728,0.267136
302,0.053248,0.511584,2.26506,0.266112,0.25792,0.253824,0.249728,0.249728,0.26816
303,0.053984,0.510496,2.91408,0.266144,0.401312,0.253824,0.247712,0.24976,0.269536
304,0.051936,0.511648,2.26131,0.26816,0.25792,0.253824,0.249728,0.250752,0.26816
305,0.05328,0.511296,2.26333,0.266112,0.25792,0.253824,0.248704,0.249728,0.26816
306,0.05216,0.511168,2.26669,0.26816,0.25792,0.252832,0.24976,0.251808,0.26816
307,0.053088,0.926304,2.52294,0.266112,0.25792,0.253824,0.249728,0.251776,0.271584
308,0.053088,0.511904,2.26122,0.266112,0.258944,0.255904,0.24768,0.249728,0.26816
309,0.052192,0.512288,2.26339,0.266144,0.257952,0.253856,0.24768,0.250752,0.26816
310,0.05296,0.50928,2.26688,0.897952,0.25792,0.259296,0.251808,0.249728,0.26816
311,0.0528,0.51072,2.26083,0.266112,0.25792,0.253824,0.249728,0.251776,0.267136
312,0.052448,0.513632,2.26544,0.268192,0.257952,0.253856,0.24976,0.249728,0.268192
313,0.053216,0.508416,2.26125,0.26816,0.256896,0.253824,0.249728,0.249728,0.268192
314,0.052992,0.512032,2.67878,0.268192,0.25792,0.253824,0.249728,0.249728,0.267456
315,0.052288,0.512,2.26336,0.267168,0.257952,0.253856,0.24976,0.249728,0.268192
316,0.052224,0.512896,2.26352,0.26816,0.25792,0.253824,0.249728,0.249728,0.269184
317,0.49968,0.511392,2.26394,0.266112,0.25792,0.253824,0.249728,0.249728,0.26816
318,0.052544,0.511712,2.44125,0.266144,0.257952,0.253856,0.247712,0.24976,0.269536
319,0.052192,0.508256,2.25971,0.26816,0.25792,0.253824,0.248704,0.249728,0.26816
320,0.052576,0.511776,2.26227,0.267136,0.25792,0.253824,0.249728,0.249728,0.26816
321,0.05232,0.51072,2.66186,0.266144,0.257952,0.253856,0.247712,0.249728,0.269568
322,0.05264,0.670272,2.26186,0.268192,0.256896,0.253824,0.249728,0.249728,0.26816
323,0.053344,0.513888,2.26365,0.26816,0.25792,0.253824,0.248704,0.249728,0.26816
324,0.05216,0.512512,2.26496,0.27024,0.257952,0.2528,0.24976,0.24976,0.268192
325,0.052288,0.523936,2.73325,0.26816,0.25792,0.253824,0.24768,0.249728,0.267456
326,0.052864,0.511424,2.26253,0.266112,0.25792,0.253824,0.24768,0.249728,0.267136
327,0.052544,0.511072,2.26349,0.268192,0.257952,0.253856,0.24976,0.24976,0.268192
328,0.053056,0.513568,2.26368,0.26816,0.553888,0.253824,0.249728,0.249728,0.268192
329,0.052672,0.511904,2.43251,0.266112,0.25792,0.253824,0.249728,0.249728,0.267488
330,0.052224,0.51152,2.26262,0.268192,0.257952,0.25488,0.24768,0.24976,0.268192
331,0.052384,0.509152,2.26755,0.267136,0.25792,0.253824,0.249728,0.249728,0.26816
332,0.053312,0.511552,2.26464,0.267488,0.25792,0.253824,0.249728,0.249728,0.618368
333,0.052864,0.682848,2.2632,0.268192,0.257952,0.253856,0.249728,0.24976,0.268192
334,0.052544,0.511552,2.26301,0.26816,0.256896,0.253824,0.249728,0.249728,0.266112
335,0.053312,0.51424,2.25994,0.26816,0.25792,0.253824,0.249728,0.250784,0.26816
336,0.052672,0.519936,2.6664,0.266144,0.25792,0.253824,0.24976,0.249728,0.269536
337,0.052384,0.513632,2.26333,0.26816,0.255872,0.253824,0.249728,0.249728,0.26816
338,0.052992,0.51008,2.26064,0.268192,0.25792,0.253824,0.24768,0.249728,0.26816
339,0.052064,0.50832,2.26445,0.266144,0.704416,0.255904,0.24976,0.24976,0.268192
340,0.052256,0.511904,2.26083,0.26816,0.255872,0.253824,0.24976,0.250752,0.266112
341,0.053152,0.5144,2.26144,0.26816,0.25792,0.254848,0.24768,0.249728,0.26816
342,0.052704,0.513632,2.26678,0.267168,0.25792,0.253824,0.24976,0.249728,0.268192
343,0.052576,0.510304,2.65994,0.266112,0.25792,0.253824,0.24768,0.249728,0.269536
344,0.052704,0.509408,2.26461,0.26816,0.256896,0.253824,0.24768,0.249728,0.26816
345,0.052,0.510464,2.26547,0.268192,0.25792,0.253856,0.24768,0.248736,0.268192
346,0.052384,0.51248,2.26048,0.266112,0.25792,0.254848,0.24768,0.249728,0.26816
347,0.053216,0.511936,2.72915,0.266112,0.25792,0.253824,0.24768,0.251808,0.26752
348,0.051872,0.511936,2.26992,0.267168,0.257952,0.253856,0.247712,0.249728,0.270208
349,0.052544,0.510976,2.26198,0.26816,0.255904,0.253824,0.24768,0.249728,0.267136
350,0.053312,0.511776,2.26346,0.266112,0.629632,0.253824,0.249728,0.24976,0.26816
351,0.052384,0.510816,2.26509,0.268192,0.25792,0.253856,0.247712,0.250784,0.268192
352,0.052736,0.510208,2.2623,0.26816,0.25792,0.2528,0.249728,0.249728,0.26816
353,0.052928,0.510976,2.25859,0.267136,0.25792,0.253824,0.249728,0.249728,0.26816
354,0.052576,0.514976,2.2648,0.267488,0.257952,0.253856,0.24768,0.24976,0.703392
355,0.052256,0.512384,2.2656,0.26816,0.25792,0.255872,0.24768,0.249728,0.26816
356,0.052736,0.511616,2.25773,0.268192,0.256896,0.253824,0.24768,0.249728,0.26816
357,0.052448,0.512768,2.26362,0.266144,0.25792,0.253856,0.24976,0.248736,0.268192
358,0.052768,0.51056,2.66214,0.266112,0.25792,0.253824,0.249728,0.249728,0.267456
359,0.052928,0.513248,2.26224,0.267136,0.255872,0.253824,0.249728,0.249728,0.26816
360,0.05248,0.512096,2.26374,0.268192,0.257952,0.253856,0.247712,0.249728,0.269216
361,0.052,0.510432,2.26051,0.266112,0.255872,0.251776,0.24768,0.249728,0.266112
362,0.053152,0.963328,2.26198,0.26816,0.256896,0.253824,0.249728,0.249728,0.26816
363,0.052064,0.509728,2.26832,0.266112,0.257952,0.253824,0.247712,0.250784,0.268192
364,0.052576,0.509824,2.45654,0.26816,0.25792,0.253824,0.249728,0.249728,0.267488
365,0.05328,0.510304,2.26451,0.545696,0.25792,0.261312,0.249728,0.249728,0.26816
366,0.052512,0.510656,2.44214,0.26816,0.25792,0.253824,0.24976,0.24976,0.269536
367,0.052256,0.510816,2.26042,0.268192,0.255872,0.253856,0.24768,0.249728,0.26816
368,0.05296,0.509408,2.26416,0.26816,0.256896,0.253824,0.24768,0.249728,0.26816
369,0.052704,0.51152,2.73853,0.268192,0.25792,0.253856,0.247712,0.249728,0.269536
370,0.052576,0.509856,2.26186,0.267136,0.25792,0.253824,0.249728,0.249728,0.26816
371,0.052864,0.51024,2.26333,0.266112,0.255872,0.253824,0.24768,0.249728,0.267136
372,0.062528,0.512288,2.2649,0.266144,0.540576,0.253824,0.24976,0.249728,0.268192
373,0.05248,0.502784,2.44826,0.26816,0.25792,0.253824,0.24768,0.249728,0.267488
374,0.05264,0.510464,2.26355,0.266112,0.25792,0.253824,0.248704,0.249728,0.26816
375,0.052288,0.509216,2.26272,0.267168,0.257952,0.253856,0.247712,0.249728,0.26816
376,0.052864,0.51376,2.26096,0.714624,0.25792,0.25728,0.249728,0.249728,0.267168
377,0.053024,0.510656,2.26134,0.266112,0.25792,0.253824,0.249728,0.249728,0.267136
378,0.052128,0.512096,2.26314,0.268192,0.257952,0.253856,0.24768,0.24976,0.268192
379,0.052192,0.516,2.26442,0.268192,0.256896,0.253824,0.249728,0.249728,0.26816
380,0.053216,0.508992,2.64714,0.26816,0.25792,0.403328,0.251104,0.251808,0.267488
381,0.052,0.514496,2.2681,0.266144,0.257952,0.253856,0.247712,0.249728,0.267168
382,0.052448,0.511424,2.2625,0.26816,0.255872,0.253824,0.249728,0.249728,0.26816
383,0.052832,0.511072,2.26211,0.266112,0.25792,0.253824,0.24768,0.249728,0.26816
384,0.052576,0.874144,2.4537,0.268192,0.255872,0.253856,0.247712,0.249728,0.269536
385,0.052832,0.510688,2.25936,0.268192,0.25792,0.255904,0.248704,0.249728,0.266112
386,0.052576,0.512832,2.26454,0.268192,0.25792,0.254848,0.24768,0.249728,0.26816
387,0.052768,0.5104,2.26378,0.271616,0.257952,0.253824,0.24976,0.249728,0.632736
388,0.052096,0.512032,2.26003,0.26816,0.25792,0.253824,0.249728,0.249728,0.26816
389,0.053312,0.511232,2.26349,0.266112,0.263424,0.253824,0.24768,0.39616,0.26816
390,0.052608,0.69536,2.2719,0.268192,0.257952,0.384128,0.270368,0.251808,0.268192
391,0.052672,0.741504,2.77149,0.266112,0.257952,0.253824,0.24976,0.249728,0.267488
392,0.053152,0.511552,2.26195,0.26816,0.25792,0.253824,0.248704,0.249728,0.26816
393,0.05264,0.510752,2.26534,0.267168,0.257952,0.253824,0.247712,0.24976,0.268192
394,0.05232,0.511328,2.26141,0.26816,0.25792,0.253824,0.249728,0.249728,0.271232
395,0.053376,0.511488,2.26166,0.473984,0.26544,0.257216,0.249728,0.403328,0.26816
396,0.05248,0.51376,2.26282,0.266144,0.25792,0.253856,0.248736,0.249728,0.26816
397,0.052864,0.511072,2.26144,0.26816,0.25792,0.2528,0.249728,0.249728,0.26816
398,0.05328,0.511104,2.48099,0.416672,0.25792,0.261344,0.251776,0.249728,0.269568
399,0.052096,0.512288,2.26419,0.268192,0.257952,0.253856,0.249728,0.24976,0.269216
400,0.052352,0.512416,2.26374,0.26816,0.25792,0.253856,0.24768,0.249728,0.26816
401,0.053248,0.512032,2.25946,0.26816,0.25792,0.253824,0.249728,0.249728,0.268192
402,0.052736,0.515104,2.74026,0.26816,0.257952,0.253856,0.24768,0.24976,0.26752
403,0.052608,0.513664,2.26211,0.26816,0.25792,0.25488,0.24768,0.249728,0.26816
404,0.053088,0.510528,2.26304,0.267136,0.25792,0.253824,0.24768,0.249728,0.26816
405,0.052512,0.511136,2.26438,0.268192,0.257952,0.253856,0.447392,0.253024,0.269216
406,0.052192,0.7064,2.26352,0.26816,0.25792,0.253824,0.24768,0.249728,0.26816
407,0.052896,0.51568,2.2631,0.266112,0.25792,0.253824,0.24768,0.248704,0.26816
408,0.052224,0.51024,2.26554,0.266144,0.257952,0.253856,0.248736,0.24976,0.268192
409,0.052192,0.510592,2.47578,0.415616,0.255872,0.259328,0.251776,0.251776,0.269504
410,0.052864,0.510784,2.26451,0.266112,0.25792,0.253824,0.24768,0.249728,0.267136
411,0.051744,0.51328,2.26586,0.268192,0.257952,0.253856,0.247712,0.249728,0.268192
412,0.052064,0.511904,2.2639,0.266112,0.25792,0.253824,0.249728,0.249728,0.266144
413,0.053024,0.515104,2.67142,0.268192,0.25792,0.253856,0.24768,0.249728,0.269568
414,0.05232,0.510688,2.26493,0.268192,0.25792,0.253856,0.248736,0.24976,0.268192
415,0.052032,0.509632,2.26096,0.266112,0.25792,0.2528,0.24976,0.249728,0.26816
416,0.053472,0.511136,2.25904,0.267136,0.26544,0.253824,0.249728,0.443264,0.26816
417,0.05248,0.511808,2.43277,0.26816,0.257952,0.253824,0.24768,0.24976,0.269504
418,0.0528,0.511552,2.26339,0.266112,0.25792,0.253824,0.24768,0.249728,0.26816
419,0.052832,0.51056,2.26394,0.26816,0.255872,0.253824,0.249728,0.250784,0.26816
420,0.052576,0.50928,2.48496,0.268192,0.257952,0.405408,0.253184,0.251776,0.273664
421,0.052512,0.512512,2.26301,0.267136,0.25792,0.253824,0.249728,0.249728,0.26816
422,0.052992,0.514144,2.2641,0.266112,0.25792,0.253824,0.24768,0.249728,0.267136
423,0.052384,0.5104,2.2647,0.268192,0.257952,0.253856,0.249728,0.24976,0.268192
424,0.05264,0.509664,2.5752,0.266112,0.25792,0.253824,0.249728,0.249728,0.267488
425,0.052864,0.512352,2.2609,0.266112,0.25792,0.253824,0.24768,0.249728,0.269184
426,0.0528,0.510912,2.26586,0.266112,0.25792,0.253824,0.24976,0.24976,0.268192
427,0.058112,0.509568,2.26314,0.266112,0.447392,0.253824,0.24768,0.249728,0.266112
428,0.053152,0.513664,2.72192,0.266112,0.25792,0.253824,0.24768,0.251808,0.267552
429,0.052768,0.514272,2.26765,0.26816,0.257952,0.2528,0.24976,0.249728,0.268192
430,0.052512,0.51296,2.25901,0.266112,0.25792,0.253824,0.249728,0.24976,0.267136
431,0.053312,0.510336,2.44698,0.26816,0.259968,0.253824,0.403328,0.255264,0.278656
432,0.052032,0.510016,2.26874,0.268192,0.255904,0.2528,0.247712,0.24976,0.27024
433,0.052672,0.514752,2.26,0.267136,0.255872,0.253824,0.249728,0.251808,0.26816
434,0.052736,0.5112,2.26298,0.26816,0.25792,0.253824,0.24768,0.249728,0.26816
435,0.052544,0.511232,2.56752,0.266144,0.257952,0.253856,0.247712,0.24976,0.269504
436,0.052416,0.50896,2.26083,0.267136,0.25792,0.253824,0.24768,0.249728,0.26816
437,0.053152,0.508864,2.26493,0.26816,0.257952,0.253824,0.249728,0.249728,0.267136
438,0.052288,0.511008,2.26592,0.268192,0.257952,0.253856,0.24768,0.24976,0.268192
439,0.052576,0.799744,2.26077,0.26816,0.256896,0.253824,0.249728,0.249728,0.26816
440,0.05312,0.512064,2.26134,0.266112,0.25792,0.253824,0.248704,0.249728,0.26816
441,0.05216,0.51392,2.26618,0.266144,0.257952,0.25488,0.249728,0.24976,0.268192
442,0.052384,0.510944,2.26186,0.47296,0.265472,0.257248,0.249728,0.403328,0.26816
443,0.053248,0.51168,2.26163,0.26816,0.25792,0.253824,0.248704,0.249728,0.26816
444,0.05216,0.512096,2.2655,0.266144,0.257952,0.252832,0.247712,0.24976,0.268192
445,0.052096,0.511744,2.26086,0.269184,0.25792,0.253824,0.24768,0.249728,0.26816
446,0.053248,0.510624,2.7185,0.26816,0.25792,0.253824,0.24768,0.249728,0.27152
447,0.052896,0.513408,2.2681,0.268192,0.257952,0.253856,0.249728,0.24976,0.268192
448,0.05248,0.514368,2.26483,0.268192,0.256896,0.253824,0.249728,0.249728,0.26816
449,0.05328,0.508256,2.26147,0.26816,0.25792,0.253824,0.248704,0.249728,0.26816
450,0.052512,0.815456,2.26528,0.26816,0.25792,0.253824,0.24976,0.24976,0.26816
451,0.052352,0.511296,2.26195,0.266112,0.256896,0.253824,0.249728,0.249728,0.26816
452,0.052416,0.511136,2.26051,0.26816,0.25792,0.253824,0.249728,0.250752,0.26816
453,0.054496,0.51328,2.26794,0.4576,0.410528,0.261376,0.251808,0.24976,0.274336
454,0.05232,0.514336,2.26304,0.268192,0.255872,0.253824,0.24768,0.250752,0.26816
455,0.052864,0.510208,2.26582,0.266112,0.25792,0.253824,0.248704,0.249728,0.26816
456,0.052096,0.512448,2.26531,0.267136,0.257952,0.253856,0.24976,0.24976,0.268192
457,0.052704,0.510656,2.57734,0.266112,0.25792,0.253824,0.249728,0.249728,0.267392
458,0.052704,0.51088,2.26486,0.26816,0.25792,0.253824,0.248704,0.249728,0.26816
459,0.052288,0.51312,2.26739,0.268192,0.257952,0.252832,0.249728,0.24976,0.268192
460,0.052512,0.511072,2.26566,0.267136,0.25792,0.253824,0.24768,0.249728,0.266112
461,0.053056,0.516416,2.57757,0.266112,0.25792,0.253824,0.24768,0.249728,0.269568
462,0.052352,0.511488,2.26714,0.268192,0.25792,0.253856,0.247712,0.249728,0.268192
463,0.052736,0.511552,2.26218,0.266112,0.256896,0.253824,0.249728,0.249728,0.266112
464,0.0528,0.512128,2.26755,0.26816,0.261376,0.253824,0.24768,0.525184,0.26816
465,0.05216,0.5088,2.26173,0.268192,0.257952,0.25488,0.24768,0.251808,0.26816
466,0.051936,0.509696,2.26493,0.267136,0.255872,0.253824,0.249728,0.249728,0.26816
467,0.052992,0.51264,2.2657,0.26816,0.25792,0.253824,0.24768,0.249728,0.267136
468,0.052,0.511296,2.55136,0.266112,0.257952,0.407456,0.253184,0.249728,0.271616
469,0.052096,0.513024,2.26688,0.267136,0.255872,0.253824,0.24768,0.251776,0.26816
470,0.05344,0.506912,2.26109,0.266112,0.25792,0.253824,0.249728,0.249728,0.260992
471,0.052224,0.506496,2.26774,0.266112,0.257952,0.253824,0.247712,0.24976,0.266144
472,0.052896,0.50608,2.56,0.26816,0.25792,0.253824,0.249728,0.249728,0.267488
473,0.053152,0.50576,2.26429,0.26816,0.25792,0.253824,0.24768,0.249728,0.266112
474,0.052224,0.507712,2.26272,0.266144,0.257952,0.253856,0.247712,0.249728,0.264096
475,0.052608,0.506272,2.25875,0.26816,0.26544,0.253824,0.249728,0.4392,0.26816
476,0.053152,0.507008,2.42285,0.266112,0.25792,0.253824,0.24768,0.249728,0.267488
477,0.052288,0.509568,2.26525,0.268192,0.25792,0.253856,0.247712,0.249728,0.268192
478,0.05168,0.51152,2.26429,0.26816,0.25792,0.253824,0.249728,0.250784,0.294816
479,0.052832,0.51072,2.5519,0.26816,0.25792,0.253824,0.249728,0.249728,0.291968
480,0.051584,0.50688,2.2631,0.268192,0.256928,0.253824,0.247712,0.24976,0.30096
481,0.051296,0.50928,2.26038,0.268192,0.25792,0.253824,0.24768,0.250784,0.302976
482,0.052192,0.506784,2.26218,0.26816,0.25792,0.253824,0.248704,0.249728,0.28864
483,0.05072,0.513152,2.55498,0.266144,0.257952,0.253856,0.24976,0.24976,0.310528
484,0.051232,0.511776,2.25389,0.26816,0.25792,0.253824,0.24768,0.249728,0.289664
485,0.051328,0.5136,2.25018,0.266112,0.25792,0.253824,0.249728,0.249728,0.317312
486,0.337824,0.513792,2.24403,0.266112,0.256896,0.253856,0.24768,0.24976,0.337792
487,0.050752,0.51056,2.24723,0.26816,0.255872,0.253824,0.249728,0.250752,0.317344
488,0.050432,0.509376,2.24381,0.266112,0.25792,0.253824,0.248704,0.249728,0.343936
489,0.05024,0.506912,2.24486,0.267168,0.257952,0.253856,0.247712,0.24976,0.323488
490,0.049184,0.50816,2.25235,0.271616,0.261312,0.255872,0.249728,0.405376,0.607104
491,0.049376,0.509824,2.2927,0.268192,0.25792,0.2528,0.24768,0.249728,0.366464
492,0.04832,0.50336,2.29661,0.267168,0.25792,0.253824,0.24976,0.249728,0.34192
493,0.047712,0.507968,2.36608,0.266112,0.25792,0.253824,0.24768,0.249728,0.378784
494,0.047712,0.509536,2.82499,0.266112,0.25792,0.253824,0.24768,0.249728,0.394496
495,0.0472,0.50256,2.4431,0.267168,0.257952,0.253856,0.249728,0.24976,0.370592
496,0.047264,0.511264,2.46189,0.26816,0.255872,0.253824,0.24976,0.249728,0.405376
497,0.0472,0.50816,2.46282,0.275712,0.261408,0.253824,0.249728,0.40336,0.57744
498,0.04752,0.507936,2.4695,0.268192,0.257952,0.254848,0.247712,0.24976,0.354208
499,0.047424,0.487712,2.43475,0.26816,0.25792,0.253824,0.24768,0.249728,0.463744
500,0.04736,0.481024,2.38269,0.266112,0.256896,0.253824,0.24768,0.249728,0.481152
501,0.047808,0.48352,2.76698,0.268192,0.25792,0.253824,0.247712,0.24976,0.484544
502,0.047584,0.481152,2.36928,0.26816,0.255872,0.253824,0.24768,0.249728,0.5088
503,0.047808,0.482752,2.3687,0.26816,0.256896,0.253824,0.24768,0.249728,0.405408
504,0.04848,0.482336,2.39344,0.267488,0.255904,0.253856,0.24768,0.247712,0.694144
505,0.04816,0.482336,2.38634,0.26816,0.256896,0.253824,0.24768,0.249728,0.41152
506,0.048736,0.481856,2.41526,0.266112,0.255872,0.253824,0.246656,0.249728,0.409472
507,0.048992,0.48384,2.44643,0.267136,0.255872,0.253856,0.247712,0.249728,0.425888
508,0.049312,0.489376,2.85203,0.268192,0.255872,0.253824,0.24768,0.249728,0.400576
509,0.050272,0.497888,2.46339,0.268192,0.255872,0.253824,0.24768,0.249728,0.424864
510,0.049664,0.501984,2.44842,0.268192,0.257952,0.253856,0.247712,0.248736,0.425888
511,0.0512,0.500864,2.64986,0.266112,0.405376,0.393088,0.251104,0.249728,0.400576
512,0.048928,0.507872,2.43955,0.266112,0.25792,0.253824,0.248704,0.249728,0.423808
513,0.049376,0.515744,2.4633,0.268192,0.25792,0.253824,0.247712,0.24976,0.41664
514,0.059136,0.513568,2.45939,0.266112,0.53952,0.253824,0.249728,0.249728,0.384928
515,0.05008,0.52176,2.46675,0.266112,0.255872,0.253824,0.248704,0.249728,0.41152
516,0.050368,0.524448,2.44822,0.268192,0.255872,0.253856,0.24976,0.249728,0.404384
517,0.049696,0.524032,2.44144,0.268192,0.25792,0.253824,0.249728,0.249728,0.368544
518,0.051712,0.532352,2.6407,0.267488,0.255872,0.253824,0.24768,0.249728,0.561344
519,0.051008,0.534816,2.43386,0.266112,0.256928,0.253856,0.24976,0.24976,0.362368
520,0.051936,0.536192,2.4159,0.268192,0.25792,0.254848,0.249728,0.249728,0.366464
521,0.052608,0.544736,2.40621,0.266112,0.261344,0.253824,0.249728,0.440192,0.38592
522,0.052448,0.711488,2.41731,0.268192,0.256928,0.253856,0.24976,0.249728,0.350112
523,0.052256,0.554656,2.40589,0.26816,0.25792,0.253824,0.250752,0.249728,0.372608
524,0.053024,0.554272,2.41872,0.267136,0.25792,0.253824,0.249728,0.251776,0.36032
525,0.052928,0.555168,2.71866,0.266144,0.257952,0.253856,0.249728,0.24976,0.328896
526,0.052832,0.564224,2.42234,0.268192,0.25792,0.253824,0.249728,0.251776,0.342944
527,0.053184,0.568608,2.42717,0.266112,0.256896,0.253824,0.249728,0.249728,0.333696
528,0.053024,0.562112,2.42678,0.26816,0.26,0.255872,0.443296,0.2552,0.307072
529,0.05312,0.739104,2.42675,0.266112,0.258944,0.253824,0.249728,0.251776,0.315296
530,0.05312,0.567392,2.42717,0.268192,0.25792,0.254848,0.249728,0.251808,0.292736
531,0.052256,0.565728,2.42723,0.268192,0.257952,0.253856,0.24976,0.249728,0.2856
532,0.052928,0.5656,2.88406,0.268192,0.25792,0.253824,0.249728,0.251808,0.28592
533,0.05328,0.570496,2.42576,0.266112,0.25792,0.255904,0.248704,0.251776,0.266112
534,0.05328,0.5664,2.4304,0.267168,0.257952,0.255904,0.249728,0.251808,0.266112
535,0.053504,0.568768,2.4272,0.266112,0.259968,0.255904,0.526208,0.253088,0.264064
536,0.0536,0.567648,2.4225,0.26816,0.25792,0.255872,0.249728,0.251776,0.267136
537,0.053216,0.564928,2.43357,0.266112,0.25792,0.255872,0.24976,0.24976,0.266112
538,0.053184,0.564384,2.42243,0.266112,0.25792,0.255872,0.251776,0.250752,0.264064
539,0.053536,0.56816,2.71712,0.26816,0.25792,0.253824,0.249728,0.251776,0.26752
540,0.053216,0.56624,2.43133,0.266144,0.25792,0.253856,0.249728,0.251808,0.267104
541,0.05296,0.570208,2.42502,0.268192,0.25792,0.253824,0.249728,0.251776,0.266144
542,0.05344,0.570624,2.42448,0.26816,0.262016,0.253824,0.5144,0.258848,0.266112
543,0.053952,0.567072,2.43299,0.269216,0.257952,0.253856,0.24976,0.249728,0.266144
544,0.053088,0.567712,2.4263,0.26816,0.25792,0.255872,0.249728,0.249728,0.266112
545,0.053632,0.569312,2.42371,0.26816,0.258944,0.253824,0.249728,0.251776,0.266112
546,0.053504,0.566592,2.7185,0.268192,0.257952,0.253824,0.249728,0.24976,0.267456
547,0.05312,0.565216,2.4271,0.26816,0.25792,0.254848,0.249728,0.249728,0.266112
548,0.053376,0.568,2.42595,0.266112,0.25792,0.255904,0.249728,0.251776,0.267136
549,0.062432,0.567008,2.42851,0.266112,0.445344,0.253856,0.249728,0.251808,0.266112
550,0.053792,0.564928,2.604,0.26816,0.25792,0.253824,0.249728,0.249728,0.26544
551,0.053568,0.56816,2.4223,0.26816,0.258944,0.255872,0.249728,0.251808,0.266144
552,0.053664,0.570624,2.42621,0.268192,0.257952,0.253856,0.250784,0.251808,0.266144
553,0.053152,0.5688,2.6449,0.49344,0.265472,0.257184,0.249728,0.394112,0.267488
554,0.053504,0.567424,2.4264,0.266112,0.25792,0.254848,0.249728,0.249728,0.266112
555,0.05376,0.569888,2.43478,0.26816,0.259968,0.253856,0.24976,0.24976,0.267168
556,0.053344,0.566144,2.42499,0.26816,0.45248,0.253824,0.249728,0.251808,0.264064
557,0.053824,0.568896,2.60115,0.268192,0.259968,0.253824,0.249728,0.251776,0.267488
558,0.053088,0.564768,2.43261,0.268192,0.257952,0.253856,0.24976,0.248736,0.266144
559,0.053152,0.565952,2.42269,0.26816,0.25792,0.254848,0.249728,0.251776,0.266112
560,0.053792,0.569728,2.71939,0.266112,0.25792,0.253824,0.249728,0.251776,0.26752
561,0.053536,0.570944,2.43184,0.268192,0.257952,0.25488,0.24976,0.249728,0.266144
562,0.053408,0.565216,2.42518,0.26816,0.26,0.253824,0.249728,0.249728,0.267136
563,0.063616,0.566624,2.42429,0.266112,0.532352,0.255904,0.249728,0.251808,0.266144
564,0.053568,0.5616,2.42947,0.266144,0.257952,0.253824,0.250752,0.24976,0.266144
565,0.05312,0.568544,2.42608,0.267136,0.25792,0.253824,0.249728,0.249728,0.266112
566,0.054048,0.566976,2.42445,0.266144,0.259968,0.253824,0.249728,0.249728,0.266112
567,0.053568,0.569184,2.72806,0.268192,0.257952,0.253824,0.251808,0.24976,0.26752
568,0.053344,0.570464,2.42147,0.26816,0.25792,0.253824,0.250752,0.249728,0.266112
569,0.053536,0.567744,2.42643,0.267136,0.25792,0.253824,0.249728,0.251776,0.266112
570,0.053568,0.56848,2.42845,0.26816,0.25792,0.253824,0.249728,0.249728,0.266112
571,0.053184,0.846176,2.60288,0.266144,0.257952,0.253856,0.249728,0.24976,0.265408
572,0.053376,0.568384,2.42317,0.26816,0.25792,0.255872,0.249728,0.251776,0.266112
573,0.053344,0.56624,2.43123,0.26816,0.256896,0.253824,0.251776,0.249728,0.266112
574,0.053248,0.567072,2.71706,0.268192,0.257952,0.253856,0.24976,0.24976,0.267552
575,0.053216,0.567648,2.42522,0.26816,0.259968,0.253824,0.249728,0.250752,0.266112
576,0.053184,0.568032,2.43088,0.26816,0.259968,0.254848,0.249728,0.251776,0.26816
577,0.052992,0.567936,2.42419,0.266144,0.257952,0.253856,0.249728,0.249728,0.265088
578,0.053504,0.863264,2.42397,0.266112,0.25792,0.253824,0.249728,0.251776,0.266112
579,0.053184,0.571744,2.43357,0.266112,0.25792,0.253824,0.249728,0.250752,0.266112
580,0.05296,0.567648,2.4249,0.267136,0.25792,0.255872,0.24976,0.251776,0.266144
581,0.053728,0.566752,2.6785,0.266112,0.25792,0.253824,0.249728,0.251776,0.27872
582,0.053056,0.564512,2.42912,0.266112,0.258944,0.255872,0.249728,0.249728,0.266112
583,0.053312,0.56672,2.42368,0.268192,0.257952,0.255904,0.248704,0.249728,0.266112
584,0.053312,0.570144,2.42438,0.267136,0.25792,0.253824,0.24976,0.251776,0.266112
585,0.053408,0.567776,2.72474,0.26816,0.257824,0.253824,0.249728,0.249824,0.265472
586,0.053376,0.567584,2.42563,0.266112,0.258976,0.253824,0.24976,0.251776,0.266144
587,0.053376,0.568832,2.42173,0.26816,0.25792,0.253824,0.248704,0.251776,0.266112
588,0.053408,0.56784,2.43098,0.459648,0.417664,0.25712,0.249728,0.251776,0.270208
589,0.052992,0.565344,2.42368,0.268192,0.25792,0.254848,0.24976,0.249728,0.266144
590,0.053344,0.567744,2.42477,0.266112,0.25792,0.255872,0.249728,0.249728,0.267136
591,0.05312,0.568384,2.42886,0.26816,0.259968,0.255872,0.249728,0.249728,0.26816
592,0.05296,0.568128,2.89779,0.26752,0.257952,0.253856,0.249728,0.24976,0.412928
593,0.053408,0.567968,2.42602,0.266112,0.25792,0.253856,0.24976,0.24976,0.266112
594,0.053216,0.567008,2.4313,0.26816,0.25792,0.253824,0.249728,0.250752,0.266112
595,0.053184,0.565984,2.4287,0.540576,0.25792,0.259296,0.24976,0.251808,0.27024
596,0.05344,0.569472,2.42272,0.266112,0.25792,0.253824,0.24976,0.251776,0.266112
597,0.053248,0.566624,2.43043,0.26816,0.258944,0.255872,0.249728,0.251776,0.26816
598,0.053056,0.565696,2.4199,0.268192,0.25792,0.25488,0.24976,0.251808,0.266144
599,0.0536,0.570944,2.72854,0.26816,0.257952,0.253824,0.24976,0.249728,0.26752
600,0.053216,0.567136,2.42666,0.26816,0.25792,0.253824,0.249728,0.249728,0.266112
601,0.053024,0.567616,2.42141,0.266112,0.25792,0.255904,0.249728,0.250752,0.266144
602,0.053472,0.569376,2.42317,0.26816,0.25792,0.440224,0.2552,0.251776,0.266112
603,0.05344,0.735168,2.43232,0.26816,0.25792,0.253824,0.249728,0.250752,0.266112
604,0.052864,0.57152,2.42298,0.268192,0.257952,0.2528,0.249728,0.24976,0.266144
605,0.05328,0.566368,2.42275,0.26816,0.25792,0.255872,0.249728,0.251776,0.267136
606,0.053088,0.567808,2.71946,0.26816,0.25792,0.253824,0.249728,0.251776,0.26752
607,0.05296,0.566912,2.42365,0.268192,0.257952,0.253856,0.24976,0.249728,0.267168
608,0.05328,0.567232,2.42458,0.266112,0.25792,0.255872,0.24768,0.251808,0.266112
609,0.053472,0.567904,2.43398,0.26816,0.26128,0.253824,0.249728,0.438208,0.266112
610,0.053408,0.721664,2.60378,0.268192,0.25792,0.253856,0.249728,0.249728,0.267552
611,0.053408,0.567968,2.42378,0.266112,0.25792,0.253824,0.24976,0.249728,0.266112
612,0.053056,0.566016,2.43171,0.266112,0.25792,0.255872,0.249728,0.250752,0.266112
613,0.053376,0.56816,2.82483,0.266112,0.257952,0.253856,0.249728,0.24976,0.269568
614,0.053568,0.568704,2.42528,0.266112,0.25792,0.255872,0.249728,0.250752,0.266112
615,0.05344,0.567392,2.43558,0.266112,0.25792,0.252896,0.249632,0.251776,0.266112
616,0.05344,0.565888,2.42464,0.268192,0.261344,0.253824,0.249728,0.442272,0.26512
617,0.053664,0.73408,2.42506,0.266112,0.25792,0.253856,0.249728,0.249728,0.266112
618,0.053088,0.568288,2.43142,0.26816,0.25792,0.253952,0.248608,0.251744,0.266112
619,0.053568,0.569984,2.42698,0.267168,0.25792,0.253856,0.249728,0.24976,0.266144
620,0.053376,0.566336,2.72192,0.266112,0.25792,0.253824,0.249728,0.249728,0.26544
621,0.053152,0.567776,2.43046,0.267136,0.25792,0.253984,0.249568,0.251776,0.266112
622,0.053088,0.571936,2.4255,0.268192,0.257952,0.255904,0.249728,0.24976,0.266144
623,0.053344,0.569056,2.42454,0.26816,0.449408,0.253824,0.249728,0.251776,0.266112
624,0.053376,0.569344,2.61302,0.26816,0.25792,0.253824,0.249728,0.251776,0.26752
625,0.053248,0.567552,2.42198,0.268192,0.25792,0.255904,0.249728,0.250752,0.266144
626,0.05328,0.571008,2.4256,0.266112,0.259968,0.254848,0.249728,0.249728,0.266112
627,0.053504,0.567904,2.73533,0.26816,0.25792,0.253824,0.249728,0.251776,0.26752
628,0.053696,0.56784,2.42592,0.268192,0.25792,0.2528,0.24976,0.24976,0.266144
629,0.053536,0.570656,2.42326,0.26816,0.25792,0.253824,0.24976,0.249728,0.267136
630,0.062336,0.568448,2.43293,0.266112,0.455552,0.253824,0.249728,0.251776,0.266112
631,0.052928,0.56752,2.62611,0.26816,0.257952,0.255872,0.24976,0.249728,0.265472
632,0.05344,0.568672,2.42688,0.266112,0.256896,0.255872,0.249728,0.251776,0.266112
633,0.052992,0.565312,2.43354,0.26816,0.25792,0.253824,0.250752,0.251776,0.266112
634,0.05312,0.572288,2.72032,0.26816,0.25792,0.253824,0.24976,0.24976,0.265472
635,0.053376,0.565216,2.42547,0.266112,0.25792,0.253824,0.250784,0.251776,0.305024
636,0.052928,0.568,2.42454,0.269184,0.25792,0.253824,0.249728,0.251776,0.28864
637,0.055744,0.569408,2.42691,0.26816,0.25792,0.255872,0.24976,0.251776,0.307104
638,0.05424,0.846112,2.42506,0.26816,0.25792,0.253824,0.24976,0.250784,0.321408
639,0.053056,0.57328,2.43117,0.26816,0.259968,0.254848,0.249728,0.251776,0.302976
640,0.053856,0.579904,2.42701,0.26816,0.26,0.255872,0.24976,0.251776,0.33472
641,0.053984,0.578528,2.71936,0.26816,0.25792,0.255872,0.249728,0.251776,0.31872
642,0.054208,0.5824,2.61498,0.266112,0.25792,0.253888,0.249664,0.251776,0.345344
643,0.054656,0.593632,2.41219,0.268192,0.26,0.253856,0.24976,0.251808,0.369568
644,0.055264,0.596032,2.41469,0.26816,0.25792,0.253824,0.24976,0.251776,0.345984
645,0.056128,0.813408,2.60157,0.26816,0.25792,0.255872,0.249728,0.251808,0.3904
646,0.056928,0.627552,2.44918,0.268192,0.26,0.253856,0.24976,0.250784,0.40336
647,0.056896,0.623968,2.44842,0.26816,0.259968,0.256896,0.249728,0.251808,0.378752
648,0.056768,0.627904,2.95501,0.266112,0.259968,0.255872,0.249728,0.251776,0.4088
649,0.056672,0.619104,2.50704,0.267136,0.26,0.255872,0.24976,0.251776,0.419744
650,0.057344,0.612896,2.50442,0.270208,0.259968,0.255872,0.251776,0.251776,0.395136
651,0.057216,0.611168,2.79907,0.26816,0.259968,0.255872,0.251776,0.251776,0.425216
652,0.056128,0.60688,2.50643,0.268192,0.26,0.255904,0.250784,0.251776,0.427936
653,0.056416,0.60384,2.50525,0.26816,0.259968,0.255872,0.251776,0.251776,0.392064
654,0.062144,0.611904,2.50944,0.270208,0.441216,0.255872,0.251776,0.251776,0.384896
655,0.056928,0.612928,2.67862,0.27024,0.258976,0.257952,0.251776,0.251808,0.507104
656,0.056224,0.606656,2.49722,0.26816,0.259968,0.256928,0.251776,0.251776,0.499584
657,0.056064,0.607712,2.50256,0.270208,0.259968,0.255936,0.251712,0.251776,0.492416
658,0.05584,0.615392,2.78803,0.268192,0.26,0.255904,0.24976,0.251808,0.496928
659,0.055488,0.614592,2.4993,0.266112,0.25792,0.255872,0.250752,0.251776,0.364416
660,0.055296,0.62512,2.50243,0.266112,0.259968,0.255872,0.249728,0.251776,0.392064
661,0.055072,0.63616,2.7967,0.26816,0.26,0.255872,0.251808,0.251808,0.408864
662,0.05536,0.634336,2.49987,0.26816,0.259968,0.254848,0.249728,0.251776,0.382848
663,0.054656,0.633024,2.50787,0.266112,0.25792,0.255872,0.249728,0.251776,0.399232
664,0.05504,0.636544,2.51328,0.266112,0.26544,0.255904,0.250784,0.437152,0.399264
665,0.055136,0.80448,2.512,0.270208,0.258944,0.255872,0.251776,0.251776,0.374656
666,0.054528,0.635904,2.52822,0.26816,0.259968,0.254848,0.249728,0.251776,0.395136
667,0.053984,0.631904,2.53648,0.268192,0.25792,0.255904,0.251808,0.251808,0.386976
668,0.054336,0.629632,2.99984,0.26816,0.259968,0.255872,0.249728,0.251808,0.34944
669,0.053984,0.629056,2.54896,0.26816,0.259968,0.255872,0.249728,0.251776,0.373632
670,0.053504,0.629312,2.5481,0.266144,0.25792,0.255904,0.249728,0.250752,0.360352
671,0.0536,0.627136,2.83197,0.26816,0.25792,0.255872,0.249728,0.251776,0.324864
672,0.053216,0.629056,2.55194,0.267136,0.259968,0.255872,0.249728,0.251776,0.341888
673,0.0528,0.62688,2.5407,0.268192,0.259968,0.255904,0.251776,0.251808,0.309152
674,0.0536,0.628416,2.54557,0.26816,0.263328,0.255872,0.249728,0.523168,0.296832
675,0.052544,0.630784,2.55114,0.267136,0.25792,0.255872,0.249728,0.251776,0.286592
676,0.052544,0.634592,2.54566,0.268192,0.259968,0.253824,0.249728,0.251808,0.268192
677,0.053216,0.631712,2.54275,0.266112,0.25792,0.255904,0.250752,0.251776,0.266112
678,0.052928,0.6296,2.8439,0.266112,0.259968,0.253824,0.249728,0.251776,0.26752
679,0.052768,0.632576,2.54314,0.266144,0.258976,0.255904,0.24976,0.251776,0.266112
680,0.053568,0.638592,2.5448,0.266112,0.259968,0.253824,0.250752,0.251776,0.266112
681,0.052864,0.6336,2.54662,0.267488,0.25792,0.255872,0.251776,0.251776,0.54976
682,0.053248,0.6328,2.54406,0.268192,0.258944,0.253824,0.251808,0.251808,0.266144
683,0.053376,0.6328,2.54182,0.266112,0.26,0.256928,0.249728,0.249728,0.26816
684,0.052704,0.634208,2.55123,0.26816,0.25792,0.255872,0.251776,0.251776,0.26816
685,0.053312,0.92688,2.54141,0.268192,0.258976,0.253856,0.251808,0.251808,0.268192
686,0.053952,0.632928,2.53987,0.26816,0.25792,0.256896,0.251776,0.251776,0.26816
687,0.052928,0.630272,2.55101,0.26816,0.259968,0.255872,0.249728,0.251808,0.26816
688,0.053088,0.630784,2.82051,0.269568,0.25792,0.255904,0.251808,0.251776,0.41808
689,0.053792,0.628608,2.54826,0.26816,0.258944,0.255872,0.249728,0.251776,0.26816
690,0.05296,0.633344,2.54701,0.26816,0.259968,0.254848,0.249728,0.251776,0.26816
691,0.053312,0.632416,2.54464,0.268192,0.259968,0.253824,0.530336,0.2552,0.267168
692,0.053344,0.633504,2.54291,0.266112,0.259968,0.255872,0.249728,0.251776,0.267136
693,0.053056,0.628928,2.55293,0.266112,0.258944,0.255872,0.249728,0.251776,0.26816
694,0.052928,0.63152,2.54298,0.268192,0.25792,0.255904,0.250784,0.251776,0.268192
695,0.053632,0.631712,2.84662,0.26816,0.259968,0.253824,0.24976,0.249728,0.267488
696,0.053152,0.62976,2.5479,0.26816,0.258944,0.255872,0.249728,0.251776,0.26816
697,0.053312,0.63152,2.54752,0.266112,0.257952,0.256928,0.249728,0.251808,0.26816
698,0.053728,0.63072,2.8255,0.266112,0.259968,0.255904,0.249728,0.251776,0.279808
699,0.053024,0.62848,2.54211,0.26816,0.25792,0.255872,0.249728,0.250752,0.26816
700,0.053376,0.635232,2.54394,0.268192,0.25792,0.254848,0.251808,0.251776,0.268192
701,0.053504,0.633184,2.54042,0.266112,0.259968,0.255872,0.249728,0.251776,0.26816
702,0.053344,0.932544,2.55133,0.26816,0.258944,0.255872,0.249728,0.251776,0.26816
703,0.053376,0.633152,2.54112,0.266112,0.25792,0.254848,0.251776,0.251808,0.26816
704,0.053408,0.633632,2.54365,0.266112,0.25792,0.255904,0.249728,0.251776,0.26816
705,0.053376,0.631264,2.8361,0.26816,0.259968,0.255872,0.249728,0.251776,0.269536
706,0.05344,0.632192,2.54262,0.267168,0.259968,0.255904,0.249728,0.251808,0.26816
707,0.053408,0.631968,2.54339,0.26816,0.25792,0.253824,0.249728,0.251776,0.26816
708,0.053248,0.629152,2.55034,0.26816,0.259968,0.255872,0.51904,0.255232,0.26816
709,0.053472,0.796448,2.54259,0.268192,0.258976,0.255904,0.249728,0.251808,0.268192
710,0.05344,0.633664,2.54378,0.26816,0.259968,0.256896,0.249728,0.251776,0.26816
711,0.052896,0.632064,2.55165,0.26816,0.25792,0.255872,0.249728,0.251776,0.26816
712,0.053312,0.6304,2.84253,0.268192,0.26,0.255904,0.24976,0.251808,0.26752
713,0.053568,0.633184,2.5447,0.266112,0.25792,0.255904,0.249728,0.250752,0.26816
714,0.05344,0.629344,2.54976,0.269184,0.25792,0.255872,0.249728,0.251776,0.26816
715,0.053504,0.632416,2.83782,0.266144,0.257952,0.255904,0.24976,0.251808,0.275712
716,0.054016,0.63232,2.54221,0.26816,0.257952,0.255872,0.249728,0.250784,0.26816
717,0.05328,0.630752,2.54954,0.269184,0.25792,0.255872,0.249728,0.249728,0.26816
718,0.052768,0.629536,2.5407,0.268192,0.257952,0.255904,0.24976,0.251808,0.26816
719,0.053824,0.916032,2.54317,0.26816,0.25792,0.253824,0.250784,0.251776,0.26816
720,0.053184,0.626336,2.54784,0.267136,0.259968,0.255872,0.249728,0.251776,0.26816
721,0.053344,0.631424,2.54406,0.26816,0.26,0.253856,0.24976,0.251776,0.266112
722,0.053952,0.634176,2.84442,0.266112,0.25792,0.255872,0.249728,0.251808,0.267456
723,0.053056,0.63136,2.54854,0.26816,0.259968,0.253856,0.251744,0.251776,0.269184
724,0.052992,0.630528,2.54323,0.266144,0.25792,0.253824,0.249728,0.251808,0.268192
725,0.05376,0.631776,2.54416,0.266112,0.259968,0.255904,0.531328,0.255136,0.26816
726,0.053088,0.632288,2.5471,0.266112,0.25792,0.255872,0.249728,0.251776,0.267136
727,0.053216,0.631424,2.54042,0.268192,0.258976,0.253824,0.249728,0.251808,0.266144
728,0.053632,0.632192,2.54515,0.266112,0.25792,0.25488,0.249728,0.251776,0.266112
729,0.053184,0.62768,3.01558,0.26816,0.25792,0.255872,0.249728,0.249728,0.26752
730,0.05312,0.63168,2.54298,0.268192,0.257952,0.255904,0.251776,0.251808,0.267168
731,0.0536,0.631968,2.54195,0.266112,0.258944,0.255872,0.249728,0.251776,0.26816
732,0.05312,0.630304,2.83389,0.26816,0.25792,0.253824,0.249728,0.251808,0.271456
733,0.053344,0.629984,2.5472,0.268192,0.25792,0.253856,0.249728,0.250752,0.268192
734,0.0536,0.630016,2.54445,0.267136,0.25792,0.255872,0.249728,0.251776,0.26816
735,0.056224,0.627488,2.54771,0.266112,0.259968,0.255872,0.249728,0.251776,0.26816
736,0.053024,0.910336,2.5472,0.266112,0.26,0.255904,0.250784,0.251776,0.268192
737,0.053984,0.633504,2.54474,0.266112,0.259968,0.255904,0.249728,0.251808,0.267136
738,0.053024,0.631584,2.54768,0.26816,0.258944,0.253824,0.249728,0.251776,0.26816
739,0.05328,0.632448,2.84986,0.268192,0.26,0.255904,0.24976,0.251808,0.267552
740,0.05424,0.628,2.54509,0.266112,0.25792,0.253824,0.24976,0.249728,0.340864
741,0.0536,0.629056,2.55392,0.26816,0.258944,0.255872,0.249728,0.251776,0.341888
742,0.053632,0.631264,2.54966,0.5416,0.26,0.259328,0.251808,0.251808,0.317344
743,0.054272,0.625568,2.5615,0.266112,0.25792,0.255872,0.251776,0.251776,0.356224
744,0.052896,0.62384,2.5631,0.26816,0.25792,0.255872,0.250752,0.251776,0.327552
745,0.053184,0.62736,2.56598,0.266144,0.26,0.255904,0.251808,0.251776,0.35728
746,0.054048,0.91824,2.5832,0.266112,0.258944,0.253824,0.24976,0.251776,0.366464
747,0.053344,0.622848,2.57962,0.267136,0.259968,0.255872,0.249728,0.251776,0.337792
748,0.053472,0.619808,2.58675,0.26816,0.25792,0.255872,0.24976,0.251808,0.368512
749,0.054016,0.62224,3.04682,0.266112,0.259968,0.253824,0.24976,0.251776,0.371936
750,0.05248,0.620352,2.58435,0.26816,0.25792,0.255872,0.250752,0.251776,0.335744
751,0.052608,0.617792,2.5785,0.268192,0.26,0.255904,0.24976,0.251808,0.322464
752,0.054592,0.625088,2.56378,0.27152,0.259968,0.255904,0.251776,0.251776,0.656256
753,0.053568,0.6232,2.55402,0.26816,0.260992,0.253824,0.251776,0.251776,0.3808
754,0.053216,0.62592,2.55462,0.268192,0.25792,0.25488,0.24976,0.251808,0.360352
755,0.054016,0.627904,2.54528,0.266112,0.25792,0.255872,0.249728,0.251776,0.3808
756,0.052928,0.92688,2.55443,0.26816,0.25792,0.255872,0.251776,0.250752,0.327552
757,0.053248,0.625856,2.5431,0.267136,0.25792,0.253856,0.251808,0.251776,0.35216
758,0.0536,0.629216,2.53856,0.266112,0.25792,0.253824,0.249728,0.249728,0.348032
759,0.052928,0.62304,2.84922,0.26816,0.259968,0.253824,0.249728,0.249728,0.320768
760,0.053344,0.629376,2.5376,0.266112,0.26,0.253856,0.24976,0.251776,0.342912
761,0.052992,0.622848,2.53418,0.26816,0.258944,0.255872,0.251776,0.251776,0.30912
762,0.055456,0.621824,2.54307,0.463872,0.413568,0.262272,0.251776,0.251776,0.29888
763,0.052704,0.632736,2.53786,0.268192,0.259968,0.25488,0.249728,0.251808,0.288672
764,0.052928,0.630208,2.53235,0.266112,0.259968,0.255872,0.249728,0.251776,0.267136
765,0.05216,0.62736,2.53824,0.26816,0.258944,0.255872,0.251776,0.251776,0.26816
766,0.052512,0.630368,2.84006,0.268192,0.257952,0.255904,0.249728,0.251808,0.267584
767,0.052928,0.630432,2.53347,0.26816,0.25792,0.255872,0.250752,0.251776,0.26816
768,0.052448,0.632928,2.54054,0.266112,0.259968,0.255872,0.249728,0.251776,0.269184
769,0.052832,0.629952,2.8216,0.410592,0.26,0.262336,0.251808,0.251776,0.267552
770,0.053504,0.634752,2.54326,0.26816,0.259968,0.255872,0.249728,0.251808,0.26816
771,0.052704,0.62928,2.54227,0.26816,0.259968,0.255872,0.251776,0.250752,0.26816
772,0.052736,0.630336,2.5321,0.267168,0.531328,0.253856,0.251776,0.251808,0.266112
773,0.053312,0.629152,2.53437,0.26816,0.25792,0.254848,0.249728,0.251808,0.26816
774,0.053152,0.631712,2.54419,0.266112,0.25792,0.255872,0.249728,0.251776,0.26816
775,0.052768,0.630976,2.53306,0.266144,0.25792,0.255904,0.249728,0.250752,0.266144
776,0.05376,0.63008,2.83062,0.266112,0.259968,0.253824,0.249728,0.251776,0.267328
777,0.052896,0.627552,2.53942,0.266112,0.25792,0.255872,0.251776,0.251776,0.26816
778,0.052928,0.632128,2.53565,0.266144,0.26,0.253856,0.249728,0.250752,0.26816
779,0.05376,0.631776,2.54125,0.26816,0.259968,0.52928,0.253184,0.251776,0.26816
780,0.052576,0.632032,2.54218,0.26816,0.25792,0.255872,0.249728,0.251776,0.26816
781,0.052768,0.629984,2.53437,0.268192,0.25792,0.255904,0.249728,0.252832,0.268192
782,0.053376,0.631008,2.5399,0.267136,0.259968,0.253824,0.24976,0.251776,0.26816
783,0.052544,0.62816,2.84656,0.26816,0.25792,0.255872,0.249728,0.251776,0.269408
784,0.052768,0.629088,2.53462,0.268192,0.257952,0.255904,0.250784,0.251808,0.268192
785,0.053344,0.63088,2.54061,0.267136,0.25792,0.255872,0.249728,0.251808,0.26816
786,0.05328,0.629312,2.83382,0.26816,0.259968,0.255872,0.249728,0.251776,0.271616
787,0.053056,0.629248,2.53987,0.268192,0.26,0.255904,0.250784,0.251808,0.268192
788,0.053216,0.62832,2.5344,0.267136,0.259968,0.255904,0.249728,0.251808,0.26816
789,0.0528,0.63072,2.54323,0.26816,0.259968,0.255872,0.249728,0.251776,0.26816
790,0.05296,0.63568,2.70995,0.268192,0.25792,0.253824,0.249728,0.251808,0.267552
791,0.0536,0.632512,2.54202,0.26816,0.257952,0.255872,0.249728,0.250784,0.26816
792,0.052864,0.63152,2.54048,0.267136,0.25792,0.255872,0.249728,0.251776,0.26816
793,0.053216,0.633408,2.83283,0.266144,0.26,0.255904,0.251808,0.251776,0.267552
794,0.053184,0.629888,2.53578,0.26816,0.259968,0.253824,0.249728,0.251776,0.26816
795,0.052928,0.629504,2.54285,0.266112,0.25792,0.255872,0.249728,0.250752,0.26816
796,0.052768,0.62976,2.53325,0.535424,0.25792,0.261408,0.251808,0.251808,0.268192
797,0.053184,0.627808,2.53498,0.266112,0.25792,0.255872,0.249728,0.251776,0.26816
798,0.052992,0.6296,2.54227,0.26816,0.259968,0.253856,0.249696,0.2528,0.26816
799,0.052736,0.628576,2.53398,0.267136,0.257952,0.255872,0.251808,0.251808,0.268192
800,0.053888,0.626784,2.82781,0.26816,0.259968,0.255872,0.249728,0.251776,0.269568
801,0.053248,0.630112,2.53664,0.266112,0.25792,0.255872,0.249728,0.250752,0.26816
802,0.053216,0.627136,2.53555,0.269184,0.25792,0.255872,0.24976,0.251808,0.268192
803,0.05376,0.62928,2.8392,0.266112,0.259968,0.255872,0.249728,0.251776,0.269568
804,0.052896,0.626624,2.54106,0.266112,0.25792,0.255872,0.249728,0.250752,0.26816
805,0.052704,0.632064,2.53274,0.267168,0.25792,0.255904,0.24976,0.251776,0.268192
806,0.057056,0.628864,2.53302,0.26816,0.259968,0.253824,0.249728,0.251776,0.26816
807,0.05328,0.630624,2.54051,0.266112,0.25792,0.255872,0.250752,0.251776,0.26816
808,0.05296,0.632096,2.53248,0.266112,0.257952,0.255872,0.24976,0.251776,0.267136
809,0.05328,0.633632,2.53392,0.26816,0.25792,0.253824,0.251776,0.251776,0.26816
810,0.0528,0.628512,3.01382,0.26816,0.25792,0.253824,0.251776,0.251776,0.271616
811,0.05312,0.629056,2.53789,0.268192,0.257952,0.255904,0.251776,0.250752,0.268192
812,0.053408,0.631168,2.53718,0.267136,0.25792,0.255872,0.249728,0.251776,0.26816
813,0.053152,0.631104,2.54278,0.26816,0.259968,0.255872,0.521088,0.253184,0.26816
814,0.052896,0.630592,2.53478,0.26816,0.26,0.253856,0.251808,0.251776,0.267136
815,0.053312,0.62928,2.53258,0.266112,0.258944,0.255872,0.249728,0.251808,0.26816
816,0.053152,0.629568,2.54502,0.266112,0.259968,0.256896,0.249728,0.251776,0.26816
817,0.053024,0.63232,2.83338,0.26816,0.257952,0.255872,0.24976,0.251776,0.26752
818,0.053376,0.63296,2.53494,0.266112,0.259968,0.255904,0.251776,0.250752,0.26816
819,0.0528,0.62928,2.54317,0.267136,0.259968,0.255872,0.249728,0.251776,0.26816
820,0.05344,0.629888,2.82794,0.266144,0.257952,0.255904,0.249728,0.251808,0.277792
821,0.053472,0.63152,2.53709,0.266112,0.259968,0.255872,0.249728,0.250752,0.26816
822,0.053024,0.630752,2.53728,0.267136,0.259968,0.255872,0.249728,0.251776,0.26816
823,0.056352,0.631232,2.54054,0.266144,0.25792,0.255904,0.24976,0.251776,0.26816
824,0.053536,0.916288,2.53923,0.266112,0.25792,0.255872,0.250752,0.251776,0.26816
825,0.0528,0.628224,2.5384,0.267136,0.25792,0.255872,0.249728,0.251776,0.26816
826,0.052928,0.632096,2.53792,0.266112,0.26,0.255904,0.24976,0.251808,0.268192
827,0.053504,0.630528,2.8432,0.26816,0.259968,0.253824,0.24976,0.249728,0.269536
828,0.05296,0.629664,2.5449,0.26816,0.25984,0.255872,0.249728,0.249856,0.269184
829,0.053248,0.62864,2.53491,0.268192,0.258976,0.253824,0.251808,0.251808,0.268192
830,0.053664,0.630912,2.54138,0.266112,0.259968,0.510848,0.2552,0.253824,0.26816
831,0.052864,0.792224,2.53968,0.26816,0.25792,0.253824,0.250752,0.251776,0.26816
832,0.052768,0.629056,2.53379,0.267168,0.26,0.255904,0.251808,0.251808,0.26816
833,0.05328,0.627968,2.5336,0.266112,0.259968,0.255904,0.249728,0.251776,0.26816
834,0.053024,0.62912,2.8319,0.26816,0.259968,0.255872,0.249728,0.251808,0.26752
835,0.05312,0.631872,2.54006,0.268192,0.257952,0.255904,0.24976,0.250752,0.268192
836,0.053184,0.629792,2.53347,0.267136,0.25792,0.255872,0.251776,0.251776,0.26816
837,0.053056,0.629472,2.84221,0.26816,0.25792,0.253824,0.251776,0.251776,0.271616
838,0.052928,0.628864,2.53181,0.26816,0.259968,0.255872,0.24976,0.252832,0.268192
839,0.053376,0.631552,2.53946,0.267136,0.25792,0.255872,0.249728,0.251776,0.26816
840,0.056128,0.62928,2.53872,0.26816,0.259968,0.255872,0.251776,0.251776,0.26816
841,0.053952,0.929504,2.53619,0.268192,0.259968,0.253824,0.251808,0.250784,0.268192
842,0.05376,0.631392,2.5343,0.267136,0.25792,0.255872,0.249728,0.251808,0.26816
843,0.052992,0.630112,2.5431,0.266112,0.259968,0.255872,0.249728,0.251776,0.26816
844,0.05328,0.634272,2.85098,0.266144,0.26,0.253856,0.24976,0.251808,0.267552
845,0.053792,0.630464,2.72813,0.266112,0.259968,0.255904,0.249728,0.251776,0.269568
846,0.0528,0.627008,2.53802,0.266112,0.25792,0.255872,0.251776,0.251776,0.26816
847,0.053312,0.630368,2.53338,0.266144,0.262048,0.255904,0.518016,0.25712,0.266144
848,0.05376,0.802816,2.53347,0.266112,0.258944,0.255904,0.249728,0.251776,0.26816
849,0.0528,0.628224,2.53827,0.26816,0.259968,0.254848,0.249728,0.251776,0.26816
850,0.052832,0.629344,2.53846,0.268192,0.259968,0.255904,0.249728,0.251808,0.268192
851,0.05328,0.631136,2.83571,0.26816,0.25792,0.253856,0.249728,0.251776,0.269504
852,0.052864,0.627296,2.54627,0.26816,0.25792,0.25392,0.250656,0.251776,0.26816
853,0.052736,0.631232,2.53974,0.267168,0.25792,0.255904,0.249728,0.251808,0.266112
854,0.053888,0.631424,2.84102,0.266112,0.26,0.255872,0.249728,0.249728,0.26752
855,0.052832,0.629504,2.54045,0.26816,0.25792,0.255872,0.248704,0.251776,0.26816
856,0.053056,0.630368,2.53622,0.268192,0.26,0.253824,0.24976,0.251808,0.267168
857,0.340448,0.628288,2.53296,0.266112,0.259968,0.255872,0.249728,0.251776,0.26816
858,0.053056,0.630976,2.54342,0.26816,0.259968,0.255872,0.250752,0.251776,0.26816
859,0.053088,0.631424,2.53782,0.266112,0.26,0.255904,0.24976,0.251776,0.267136
860,0.05312,0.630016,2.53552,0.26816,0.258944,0.255872,0.249728,0.251776,0.26816
861,0.05264,0.627968,2.83027,0.266112,0.259968,0.253824,0.249728,0.251776,0.26752
862,0.052928,0.630496,2.53632,0.26816,0.26,0.255872,0.24976,0.251808,0.267136
863,0.053312,0.628704,2.53731,0.26816,0.258944,0.255872,0.249728,0.251776,0.26816
864,0.217728,0.631456,2.54106,0.26816,0.25792,0.449408,0.252992,0.251776,0.26816
865,0.052832,0.630336,2.5441,0.268192,0.26,0.253856,0.250784,0.251776,0.268192
866,0.053472,0.63088,2.53811,0.26816,0.25792,0.255872,0.249728,0.251776,0.269184
867,0.053024,0.6272,2.53779,0.26816,0.258944,0.255872,0.249728,0.251776,0.26816
868,0.053216,0.632704,2.99981,0.268192,0.26,0.254848,0.251808,0.251776,0.267552
869,0.053216,0.626784,2.53405,0.26816,0.25792,0.255872,0.251776,0.251776,0.269184
870,0.052736,0.631392,2.53792,0.266112,0.258944,0.253888,0.251744,0.251776,0.26816
871,0.053088,0.631872,2.84538,0.266112,0.26,0.253856,0.249728,0.251808,0.26752
872,0.053792,0.630336,2.53427,0.26816,0.25792,0.255872,0.250752,0.251776,0.26816
873,0.052896,0.631488,2.53674,0.266112,0.25792,0.253888,0.251712,0.251776,0.269184
874,0.056096,0.634656,2.53763,0.26816,0.449408,0.255872,0.24976,0.251776,0.266144
875,0.053536,0.629152,2.71715,0.26816,0.259968,0.255872,0.249728,0.251776,0.269568
876,0.05264,0.629056,2.54627,0.26816,0.25792,0.255872,0.250752,0.251776,0.26816
877,0.052928,0.631808,2.53942,0.267136,0.25792,0.255872,0.24976,0.251776,0.268192
878,0.0536,0.629536,2.83408,0.266112,0.259968,0.255904,0.249728,0.251776,0.269568
879,0.052448,0.628384,2.54122,0.266112,0.25792,0.255872,0.251776,0.251776,0.26816
880,0.052896,0.628384,2.53386,0.266112,0.25792,0.255904,0.249728,0.252832,0.268192
881,0.055424,0.631648,2.53542,0.454528,0.414656,0.261376,0.251776,0.251776,0.26816
882,0.0528,0.631904,2.54742,0.26816,0.25984,0.254848,0.249728,0.249888,0.26816
883,0.053248,0.631104,2.53376,0.266144,0.26,0.255904,0.24976,0.251808,0.267168
884,0.055424,0.630848,2.53075,0.26816,0.258944,0.255872,0.249728,0.251776,0.26816
885,0.052768,0.635168,2.84013,0.266112,0.259968,0.255904,0.249728,0.251776,0.269568
886,0.05264,0.628768,2.53286,0.266144,0.26,0.255904,0.250784,0.251776,0.268192
887,0.05344,0.630048,2.5328,0.267136,0.259968,0.255904,0.249728,0.251808,0.26816
888,0.052928,0.629504,2.76326,0.266112,0.259808,0.481152,0.253184,0.251936,0.269568
889,0.05296,0.630272,2.53648,0.266112,0.26,0.255872,0.24976,0.251776,0.26816
890,0.053408,0.629312,2.53309,0.266112,0.259968,0.255872,0.249728,0.250752,0.26816
891,0.056096,0.630112,2.54038,0.266112,0.446336,0.256896,0.249728,0.251776,0.26816
892,0.052864,0.630528,2.71078,0.266112,0.257952,0.255904,0.24976,0.251808,0.267552
893,0.053792,0.63232,2.53616,0.26816,0.259968,0.253824,0.250752,0.251776,0.26816
894,0.052864,0.629888,2.54026,0.267136,0.259968,0.255872,0.249728,0.251776,0.26816
895,0.053056,0.626816,2.83997,0.26816,0.26,0.253824,0.251808,0.251808,0.267488
896,0.053216,0.630496,2.53094,0.26816,0.259968,0.253824,0.249728,0.251808,0.26816
897,0.053344,0.628384,2.53971,0.26816,0.25792,0.255872,0.251776,0.250752,0.26816
898,0.053024,0.629312,2.53706,0.468864,0.266816,0.259328,0.251776,0.39792,0.27024
899,0.053344,0.631424,2.53648,0.266112,0.25792,0.256928,0.251776,0.251776,0.26816
900,0.052992,0.6304,2.54493,0.26816,0.259968,0.255872,0.249728,0.251776,0.26816
901,0.05264,0.627328,2.53443,0.268192,0.25792,0.255904,0.249728,0.2528,0.268192
902,0.05376,0.92832,2.54691,0.26816,0.260992,0.253824,0.24976,0.251808,0.26816
903,0.052864,0.633056,2.53856,0.26816,0.25792,0.255872,0.250752,0.251776,0.26816
904,0.052736,0.6288,2.53562,0.268192,0.26,0.255904,0.24976,0.24976,0.267168
905,0.053472,0.630816,2.82688,0.26816,0.25792,0.255872,0.251776,0.251776,0.26752
906,0.052832,0.630208,2.54259,0.26816,0.259968,0.254848,0.251776,0.251776,0.26816
907,0.053024,0.630496,2.5353,0.268192,0.25792,0.255904,0.249728,0.251808,0.268192
908,0.053408,0.63168,2.53632,0.26816,0.518016,0.255872,0.249728,0.251808,0.26816
909,0.052736,0.631008,2.71827,0.266112,0.25792,0.255872,0.251776,0.251776,0.26752
910,0.053056,0.629376,2.5345,0.26816,0.26,0.253856,0.250784,0.251808,0.26816
911,0.053632,0.629824,2.5367,0.266112,0.259968,0.255904,0.249728,0.251776,0.267136
912,0.052992,0.628736,2.83466,0.26816,0.259968,0.253824,0.249728,0.251776,0.269568
913,0.05344,0.62848,2.53731,0.268192,0.26,0.255904,0.249728,0.251776,0.327584
914,0.053952,0.63248,2.53702,0.26816,0.25792,0.255872,0.250752,0.251776,0.327552
915,0.052608,0.625664,2.53882,0.271616,0.26128,0.255872,0.251776,0.4064,0.50368
916,0.0536,0.633024,2.53782,0.267168,0.26,0.253856,0.24976,0.251808,0.345984
917,0.054048,0.63376,2.53798,0.266112,0.25792,0.255872,0.249728,0.251808,0.348032
918,0.052512,0.625632,2.54355,0.266112,0.259968,0.255872,0.250752,0.251776,0.31936
919,0.053952,0.927968,2.5369,0.266112,0.25792,0.255904,0.249728,0.250752,0.35216
920,0.05376,0.631072,2.53245,0.267136,0.259968,0.255872,0.251776,0.251776,0.356224
921,0.052832,0.623264,2.53773,0.26816,0.259968,0.255872,0.251776,0.251776,0.3296
922,0.0536,0.62928,2.83059,0.266112,0.259968,0.25488,0.249728,0.251808,0.359584
923,0.054176,0.631424,2.53613,0.26816,0.259968,0.255872,0.249728,0.251776,0.358272
924,0.053376,0.633856,2.54109,0.26816,0.259968,0.255872,0.251776,0.250752,0.327552
925,0.054016,0.629184,2.53501,0.476064,0.265472,0.257248,0.251808,0.40336,0.35216
926,0.054144,0.634688,2.52858,0.267136,0.259968,0.255872,0.249728,0.251776,0.356224
927,0.05328,0.622496,2.54202,0.26816,0.259968,0.255872,0.251776,0.251776,0.31936
928,0.053952,0.625312,2.52608,0.26816,0.259968,0.255872,0.250752,0.251808,0.315264
929,0.0544,0.9088,2.71434,0.26816,0.25792,0.255872,0.249728,0.251776,0.351488
930,0.053536,0.629536,2.53088,0.26816,0.258944,0.255872,0.249728,0.251776,0.354176
931,0.0536,0.63264,2.52557,0.268192,0.26,0.254848,0.251808,0.251808,0.327584
932,0.054496,0.631552,2.82749,0.266112,0.25792,0.253856,0.24976,0.251808,0.347392
933,0.053344,0.621216,2.53203,0.26816,0.259968,0.255872,0.251776,0.251776,0.312192
934,0.05392,0.627648,2.52771,0.266112,0.261024,0.253856,0.24976,0.251776,0.337792
935,0.054048,0.624256,2.52906,0.270208,0.26,0.444288,0.253152,0.251776,0.30912
936,0.053024,0.62736,2.53597,0.270208,0.259968,0.255872,0.250752,0.251776,0.294784
937,0.053728,0.625408,2.52662,0.268192,0.26,0.255904,0.251808,0.251776,0.29584
938,0.053536,0.626816,2.52819,0.26816,0.258944,0.255872,0.24976,0.251776,0.270208
939,0.052928,0.623744,2.82698,0.26816,0.25792,0.255872,0.251776,0.251776,0.273664
940,0.053248,0.628576,2.52877,0.268192,0.26,0.255904,0.251808,0.252832,0.27024
941,0.053984,0.633728,2.52672,0.267136,0.259968,0.255872,0.249728,0.251776,0.26816
942,0.053184,0.627776,2.82982,0.266112,0.259968,0.255872,0.249728,0.251776,0.269568
943,0.053696,0.630624,2.52992,0.268192,0.26,0.255904,0.250784,0.251808,0.26816
944,0.053632,0.628384,2.5272,0.267136,0.259968,0.255872,0.249728,0.251776,0.26816
945,0.33904,0.633504,2.5377,0.26816,0.259968,0.255872,0.249728,0.251776,0.26816
946,0.053472,0.636256,2.53318,0.268192,0.26,0.255904,0.250784,0.251808,0.268192
947,0.054176,0.627104,2.53053,0.26816,0.259968,0.255872,0.249728,0.251776,0.269184
948,0.05328,0.62992,2.53469,0.26816,0.258944,0.255872,0.251776,0.251776,0.26816
949,0.053792,0.629152,2.99613,0.268192,0.26,0.255904,0.24976,0.251808,0.271648
950,0.054368,0.63408,2.52586,0.26816,0.259968,0.255872,0.249728,0.2528,0.26816
951,0.053568,0.631296,2.53587,0.267136,0.259968,0.255872,0.249728,0.251776,0.26816
952,0.053984,0.628832,2.52851,0.268192,0.26,0.52624,0.253184,0.253856,0.268192
953,0.054112,0.629952,2.52979,0.266112,0.25792,0.255872,0.249728,0.251776,0.26816
954,0.053664,0.632288,2.53296,0.26816,0.259936,0.255872,0.251776,0.250784,0.26816
955,0.053632,0.62992,2.528,0.268192,0.26,0.25488,0.24976,0.251808,0.268192
956,0.054144,0.632096,2.82662,0.26816,0.26,0.255872,0.251808,0.251776,0.26944
957,0.053568,0.627648,2.53504,0.26816,0.259904,0.255872,0.251776,0.250816,0.26816
958,0.053408,0.633568,2.53322,0.267168,0.259968,0.255904,0.249728,0.251808,0.26816
959,0.054144,0.630208,2.73597,0.26816,0.259968,0.409504,0.2552,0.251776,0.2736
960,0.054048,0.630336,2.53402,0.26816,0.25792,0.255872,0.251776,0.251776,0.269184
961,0.054048,0.629856,2.53651,0.26816,0.258944,0.255872,0.24976,0.251808,0.26816
962,0.054464,0.628096,2.52794,0.26816,0.259968,0.254848,0.251776,0.251776,0.26816
963,0.053888,0.626944,2.71747,0.26816,0.259968,0.255872,0.251776,0.251776,0.269568
964,0.053888,0.629248,2.52928,0.268192,0.25792,0.257952,0.251808,0.250784,0.268192
965,0.053984,0.630176,2.52781,0.267136,0.259968,0.255872,0.249728,0.251776,0.26816
966,0.05376,0.630144,2.82534,0.266112,0.25792,0.255872,0.249728,0.251776,0.269568
967,0.053856,0.633024,2.52867,0.26816,0.26,0.253824,0.251808,0.251808,0.267136
968,0.053984,0.631072,2.52774,0.266112,0.258944,0.255904,0.249728,0.251776,0.26816
969,0.054048,0.632224,2.53165,0.266112,0.259872,0.51904,0.257216,0.251872,0.26816
970,0.053824,0.792096,2.53347,0.266144,0.26,0.255904,0.250784,0.251808,0.268192
971,0.05424,0.631648,2.52602,0.267136,0.259968,0.255872,0.249728,0.251776,0.26816
972,0.053472,0.630176,2.53398,0.266112,0.259968,0.255872,0.251776,0.251776,0.26816
973,0.053568,0.631328,2.81949,0.268192,0.26,0.255904,0.251808,0.251776,0.26752
974,0.054464,0.630656,2.53453,0.26816,0.259968,0.255872,0.251776,0.2528,0.26816
975,0.053568,0.627168,2.53421,0.267136,0.259968,0.255872,0.249728,0.251776,0.26816
976,0.05408,0.630016,2.83107,0.268192,0.259968,0.255904,0.251776,0.251808,0.27984
977,0.05424,0.630592,2.52458,0.266112,0.259968,0.255904,0.249728,0.2528,0.26816
978,0.053504,0.62784,2.53347,0.26816,0.259968,0.256896,0.251776,0.251776,0.26816
979,0.055552,0.629056,2.52627,0.266144,0.26,0.255904,0.251808,0.251808,0.268192
980,0.05456,0.831936,2.71146,0.26816,0.259968,0.255872,0.251776,0.251776,0.269568
981,0.053536,0.62832,2.53389,0.26816,0.259808,0.255872,0.249728,0.250912,0.26816
982,0.05344,0.630016,2.52819,0.267168,0.257952,0.255904,0.251776,0.251808,0.268192
983,0.05456,0.630848,2.82947,0.266112,0.259968,0.255872,0.249728,0.251808,0.26752
984,0.05328,0.628416,2.53478,0.26816,0.259968,0.256,0.251648,0.251776,0.269184
985,0.053376,0.631424,2.5296,0.268192,0.258944,0.255904,0.251776,0.251808,0.268192
986,0.05424,0.6296,2.5288,0.266112,0.259968,0.448384,0.25504,0.251776,0.26816
987,0.053504,0.63104,2.53619,0.266112,0.25792,0.255872,0.250752,0.251776,0.26816
988,0.053472,0.62864,2.52925,0.268192,0.26,0.255904,0.24976,0.251776,0.267168
989,0.053952,0.62944,2.52544,0.26816,0.25792,0.255872,0.251776,0.251776,0.26816
990,0.053856,0.633984,2.99437,0.266112,0.25792,0.255872,0.249728,0.251776,0.269568
991,0.053888,0.630208,2.52954,0.268192,0.26,0.255904,0.249728,0.251808,0.267168
992,0.054432,0.62944,2.53104,0.266112,0.260992,0.253824,0.249728,0.251808,0.26816
993,0.053984,0.630208,2.84102,0.26816,0.259968,0.253824,0.251808,0.251776,0.269568
994,0.05376,0.630464,2.5336,0.268192,0.25792,0.255904,0.250784,0.251776,0.268192
995,0.054464,0.625088,2.52819,0.269184,0.259968,0.255872,0.249728,0.251776,0.26816
996,0.053792,0.632192,2.53168,0.266112,0.259968,0.255872,0.249728,0.251776,0.26816
997,0.053824,0.914688,2.53066,0.26816,0.259968,0.255872,0.24976,0.252832,0.268192
998,0.054112,0.629888,2.52787,0.269184,0.26,0.255872,0.251776,0.249728,0.26816
999,0.053888,0.6304,2.53258,0.26816,0.259968,0.255872,0.249728,0.251776,0.26816
1000,0.053504,0.63184,2.92506,0.266144,0.25792,0.255904,0.249728,0.251808,0.271616
1001,0.054336,0.628224,2.52992,0.26816,0.259968,0.255872,0.249728,0.2528,0.26816
1002,0.053664,0.630208,2.53286,0.267168,0.259968,0.25584,0.249728,0.251776,0.270208
1003,0.053728,0.62816,2.5249,0.266144,0.26,0.255904,0.442272,0.255264,0.268192
1004,0.054208,0.79824,2.5289,0.26816,0.259968,0.255872,0.251776,0.250752,0.26816
1005,0.053568,0.635328,2.5321,0.267136,0.259968,0.255872,0.249728,0.251776,0.26816
1006,0.053728,0.631968,2.5265,0.26816,0.25792,0.255872,0.251808,0.251808,0.26816
1007,0.054208,0.625984,2.92474,0.26816,0.259968,0.255872,0.251776,0.251776,0.269568
1008,0.054272,0.629376,2.53446,0.26816,0.259872,0.255872,0.251776,0.249824,0.269184
1009,0.053536,0.633824,2.52816,0.268192,0.258976,0.255904,0.251808,0.251776,0.268192
1010,0.054336,0.625792,2.73408,0.266112,0.259968,0.392128,0.2552,0.253824,0.271616
1011,0.05408,0.635232,2.53206,0.26816,0.259968,0.255872,0.250752,0.251776,0.26816
1012,0.05376,0.62928,2.52784,0.268192,0.259968,0.255904,0.249728,0.251808,0.269216
1013,0.063488,0.62832,2.53046,0.26816,0.446368,0.255872,0.251776,0.251776,0.26816
1014,0.054144,0.6304,2.71011,0.266112,0.259968,0.255872,0.249728,0.251776,0.269568
1015,0.053632,0.629856,2.52742,0.268192,0.26,0.255904,0.251776,0.250752,0.268192
1016,0.054272,0.630464,2.53331,0.267136,0.259968,0.255904,0.249728,0.251808,0.26816
1017,0.053472,0.629728,2.83789,0.266112,0.259968,0.253824,0.249728,0.251776,0.269568
1018,0.054208,0.632032,2.52717,0.268192,0.26,0.255904,0.24976,0.251808,0.268192
1019,0.054464,0.633536,2.52982,0.266112,0.259968,0.255904,0.249728,0.250784,0.26816
1020,0.05616,0.629568,2.5337,0.26816,0.410368,0.446336,0.25312,0.251904,0.270208
1021,0.05392,0.62976,2.5304,0.268192,0.25792,0.255904,0.250784,0.251776,0.268192
1022,0.054336,0.6328,2.5287,0.26816,0.259968,0.255872,0.249728,0.251808,0.269184
1023,0.0536,0.631168,2.52944,0.26816,0.258944,0.255872,0.249728,0.251776,0.26816
1024,0.054336,0.632416,2.83389,0.268192,0.259968,0.255904,0.249728,0.251808,0.267552
1025,0.0544,0.631808,2.53232,0.26816,0.259968,0.253824,0.250784,0.251776,0.26816
1026,0.053696,0.628128,2.53565,0.267136,0.259968,0.253824,0.249728,0.251776,0.26816
1027,0.05408,0.631872,2.82883,0.266144,0.25792,0.255904,0.251808,0.251808,0.267456
1028,0.054016,0.633696,2.5296,0.26816,0.259968,0.253824,0.250752,0.251776,0.26816
1029,0.053728,0.630144,2.53366,0.266112,0.259968,0.255872,0.249728,0.251776,0.269184
1030,0.328832,0.634368,2.52893,0.26816,0.258976,0.253856,0.24976,0.251808,0.268192
1031,0.0544,0.633888,2.71446,0.26816,0.259968,0.255872,0.249728,0.251776,0.269568
1032,0.0536,0.632032,2.53517,0.26816,0.259968,0.255872,0.249728,0.250784,0.26816
1033,0.053632,0.630464,2.53341,0.267168,0.259968,0.255904,0.249728,0.251808,0.26816
1034,0.054336,0.626816,2.8248,0.266112,0.259968,0.253856,0.251808,0.251776,0.26752
1035,0.054048,0.630432,2.53008,0.266112,0.25792,0.255872,0.251776,0.251776,0.26816
1036,0.0536,0.628928,2.53347,0.268192,0.26,0.255904,0.24976,0.250752,0.268192
1037,0.054624,0.62816,2.52784,0.26816,0.259968,0.525184,0.253152,0.251808,0.26816
1038,0.053824,0.788032,2.53258,0.26816,0.259968,0.255872,0.250752,0.251776,0.26816
1039,0.054048,0.631808,2.53178,0.267168,0.25792,0.255904,0.251808,0.251808,0.26816
1040,0.054624,0.632032,2.52842,0.26816,0.259968,0.255872,0.249728,0.251776,0.26816
1041,0.053696,0.634048,2.81558,0.26816,0.25792,0.255872,0.251776,0.251776,0.269568
1042,0.053472,0.629824,2.52874,0.26816,0.257952,0.255872,0.250752,0.251808,0.268192
1043,0.05424,0.632032,2.52787,0.26816,0.25792,0.255872,0.249728,0.251808,0.269184
1044,0.05408,0.629792,2.83056,0.266112,0.259968,0.255872,0.249728,0.251776,0.269536
1045,0.053664,0.63072,2.53053,0.268192,0.26,0.253824,0.250784,0.251808,0.27024
1046,0.053888,0.62944,2.53245,0.266112,0.259968,0.255904,0.249728,0.251776,0.269184
1047,0.053856,0.631328,2.53174,0.26816,0.451456,0.253824,0.249728,0.251776,0.26816
1048,0.054016,0.6312,2.70634,0.268192,0.26,0.255904,0.249728,0.251808,0.267552
1049,0.0552,0.631136,2.8368,0.266112,0.259968,0.255904,0.249728,0.251808,0.269536
1050,0.053856,0.626112,2.53238,0.267136,0.259968,0.255872,0.251776,0.251776,0.270208
1051,0.05392,0.628608,2.8296,0.266144,0.26,0.253856,0.24976,0.251808,0.267584
1052,0.054176,0.63184,2.52861,0.266112,0.259968,0.255872,0.249728,0.251776,0.26816
1053,0.053664,0.628896,2.53357,0.26816,0.259968,0.255872,0.249728,0.250752,0.26816
1054,0.053664,0.62848,2.52752,0.269536,0.263392,0.255872,0.251808,0.409504,0.463776
1055,0.054144,0.630656,2.52458,0.267136,0.259968,0.255872,0.249728,0.251776,0.26816
1056,0.053952,0.628224,2.53485,0.26816,0.259968,0.255872,0.249728,0.251776,0.26816
1057,0.053696,0.62944,2.53117,0.268192,0.25792,0.255904,0.250784,0.251808,0.268192
1058,0.054304,0.93296,2.52947,0.26816,0.258944,0.255872,0.249728,0.251776,0.26816
1059,0.054048,0.630976,2.53274,0.26816,0.259968,0.254848,0.249728,0.251776,0.26816
1060,0.0536,0.634272,2.52954,0.268192,0.26,0.255904,0.24976,0.251808,0.267136
1061,0.05424,0.630176,2.81965,0.266112,0.25792,0.253824,0.24976,0.251776,0.26752
1062,0.053344,0.63072,2.5351,0.26816,0.25792,0.256896,0.249728,0.251776,0.26816
1063,0.053696,0.630784,2.52656,0.268192,0.259968,0.253856,0.251776,0.251808,0.268192
1064,0.054592,0.626816,2.52778,0.26816,0.268416,0.255872,0.249728,0.433152,0.26816
1065,0.054016,0.796256,2.53347,0.26816,0.258944,0.255872,0.249728,0.251776,0.26816
1066,0.0544,0.630912,2.53018,0.268192,0.26,0.255904,0.250784,0.251776,0.26816
1067,0.054144,0.632448,2.52682,0.26816,0.259968,0.255872,0.249728,0.251808,0.269184
1068,0.053856,0.629888,3.00918,0.266112,0.259968,0.255872,0.251776,0.251776,0.269568
1069,0.054016,0.62752,2.52755,0.268192,0.26,0.25488,0.251808,0.251776,0.268192
1070,0.054528,0.628032,2.53056,0.266112,0.259968,0.255872,0.251776,0.251776,0.26816
1071,0.053856,0.6296,2.53539,0.269536,0.263424,0.255872,0.249728,0.4064,0.458624
1072,0.053632,0.6296,2.53171,0.267168,0.25792,0.253824,0.251776,0.251808,0.26816
1073,0.054176,0.631104,2.52765,0.26816,0.259968,0.255872,0.249728,0.251808,0.26816
1074,0.053696,0.630528,2.53194,0.26816,0.259968,0.255872,0.250752,0.251776,0.26816
1075,0.054176,0.927168,2.53011,0.26816,0.258976,0.255872,0.24976,0.251776,0.268192
1076,0.054656,0.63216,2.52755,0.26816,0.259968,0.256896,0.251776,0.251776,0.26816
1077,0.053888,0.631072,2.53798,0.26816,0.259968,0.255872,0.251776,0.251776,0.269184
1078,0.05376,0.630496,2.82442,0.266144,0.25792,0.253824,0.251808,0.251808,0.267552
1079,0.05456,0.629632,2.52643,0.267136,0.259968,0.255904,0.251776,0.251776,0.26816
1080,0.05376,0.629568,2.53475,0.26816,0.259968,0.255872,0.251776,0.251776,0.26816
1081,0.053984,0.632992,2.53005,0.268192,0.263424,0.253824,0.251808,0.531328,0.268192
1082,0.05376,0.631648,2.52522,0.267136,0.259968,0.255904,0.249728,0.251776,0.26816
1083,0.053888,0.631392,2.53533,0.26816,0.259968,0.255872,0.249728,0.251808,0.270208
1084,0.055264,0.631296,2.52554,0.268192,0.26,0.255904,0.251808,0.250784,0.268192
1085,0.05504,0.629472,2.82339,0.266112,0.259968,0.255872,0.249728,0.251808,0.269536
1086,0.053376,0.632288,2.53552,0.266112,0.259968,0.255872,0.251776,0.251776,0.26816
1087,0.053664,0.629856,2.5335,0.26816,0.26,0.253856,0.249728,0.250752,0.268192
1088,0.054464,0.629888,2.53018,0.475008,0.26544,0.259328,0.251776,0.476032,0.272256
1089,0.05376,0.630048,2.53056,0.26816,0.259968,0.254848,0.249728,0.251776,0.26816
1090,0.05392,0.631168,2.52986,0.268192,0.25792,0.255904,0.251776,0.251808,0.268192
1091,0.054304,0.627744,2.53107,0.26816,0.25792,0.255872,0.251776,0.2528,0.26816
1092,0.054208,0.929536,2.53485,0.26816,0.258944,0.255936,0.251744,0.251776,0.26816
1093,0.053664,0.630336,2.52934,0.268192,0.26,0.254848,0.251808,0.251808,0.268192
1094,0.054816,0.634016,2.5303,0.26816,0.259968,0.255872,0.249728,0.251776,0.267136
1095,0.0536,0.6312,2.83066,0.26816,0.259968,0.255872,0.251776,0.251776,0.269568
1096,0.0536,0.629568,2.53053,0.268192,0.26,0.254848,0.24976,0.251808,0.268192
1097,0.054176,0.631008,2.53226,0.26816,0.259968,0.253824,0.251776,0.251776,0.26816
1098,0.05408,0.63152,2.53498,0.266112,0.266272,0.255872,0.251776,0.43216,0.26816
1099,0.05376,0.79664,2.53043,0.268192,0.261024,0.255904,0.251808,0.251808,0.268192
1100,0.054208,0.631712,2.53216,0.26816,0.259968,0.255872,0.250752,0.251808,0.270208
1101,0.053824,0.628512,2.54118,0.266112,0.25792,0.255872,0.249728,0.251776,0.269184
1102,0.053952,0.631392,2.82326,0.268192,0.259968,0.255904,0.249728,0.251808,0.269536
1103,0.05424,0.630848,2.52566,0.26816,0.259968,0.255872,0.249728,0.251808,0.26816
1104,0.053728,0.630944,2.53395,0.26816,0.25792,0.255872,0.250752,0.251776,0.26816
1105,0.054016,0.628128,2.53165,0.461728,0.266688,0.259296,0.251808,0.398048,0.272288
1106,0.053952,0.631232,2.52518,0.266144,0.259968,0.254848,0.24976,0.251776,0.26816
1107,0.053472,0.631136,2.5319,0.26816,0.259968,0.255872,0.251776,0.251776,0.26816
1108,0.0536,0.632896,2.52608,0.268192,0.26,0.253824,0.251776,0.250784,0.268192
1109,0.054208,0.912448,2.70851,0.266112,0.259968,0.255872,0.249728,0.251776,0.269568
1110,0.053472,0.628864,2.53152,0.26816,0.259968,0.253824,0.249728,0.251776,0.26816
1111,0.05376,0.630208,2.52678,0.268192,0.26,0.255904,0.251808,0.2528,0.26816
1112,0.054272,0.62848,2.82083,0.266112,0.259968,0.255872,0.249728,0.251776,0.269568
1113,0.053376,0.633056,2.53424,0.26816,0.259968,0.254848,0.251808,0.251776,0.26816
1114,0.0536,0.631872,2.52342,0.26816,0.26,0.253824,0.24976,0.251776,0.26816
1115,0.054528,0.628928,2.52602,0.26816,0.263392,0.253824,0.249728,0.532384,0.26816
1116,0.053696,0.632736,2.53581,0.269184,0.259968,0.255872,0.249728,0.251776,0.26816
1117,0.053888,0.630368,2.52829,0.266144,0.26,0.255904,0.251808,0.251808,0.268192
1118,0.054336,0.629792,2.53069,0.26816,0.259968,0.255872,0.249728,0.2528,0.26816
1119,0.05424,0.626304,2.83514,0.26816,0.259968,0.255872,0.251776,0.251776,0.269568
1120,0.053856,0.632544,2.52966,0.268192,0.26,0.255904,0.24976,0.251808,0.268192
1121,0.054272,0.632352,2.52685,0.26816,0.26,0.255872,0.251776,0.250752,0.26816
1122,0.053536,0.629792,2.53155,0.463744,0.26544,0.259328,0.251776,0.403328,0.272256
1123,0.053312,0.630496,2.5288,0.268192,0.257952,0.254848,0.251808,0.251808,0.268192
1124,0.054176,0.632544,2.52886,0.266112,0.259968,0.255872,0.249728,0.251808,0.26816
1125,0.053632,0.630176,2.54048,0.26816,0.259968,0.255872,0.249728,0.2528,0.26816
1126,0.054208,0.931264,2.52986,0.268192,0.258976,0.255904,0.251808,0.251776,0.268192
1127,0.054112,0.630816,2.52621,0.26816,0.259968,0.255872,0.250752,0.251776,0.26816
1128,0.053952,0.629824,2.53379,0.266112,0.259968,0.255872,0.249728,0.251776,0.269184
1129,0.053792,0.632704,2.80534,0.420768,0.26,0.257248,0.251808,0.251808,0.267488
1130,0.054592,0.630336,2.52531,0.26816,0.259968,0.255872,0.249728,0.251808,0.26816
1131,0.053664,0.631296,2.53466,0.26816,0.259968,0.255872,0.250752,0.251776,0.26816
1132,0.05424,0.632896,2.52698,0.26816,0.267552,0.255872,0.251808,0.4392,0.267136
1133,0.054464,0.794624,2.52982,0.26816,0.258944,0.255872,0.249728,0.251776,0.26816
1134,0.053568,0.632,2.53312,0.26816,0.259968,0.255872,0.250752,0.251776,0.26816
1135,0.0536,0.631168,2.53446,0.268192,0.26,0.255904,0.249728,0.251808,0.267168
1136,0.054176,0.628576,2.82192,0.26816,0.259968,0.255872,0.249728,0.251776,0.269568
1137,0.05376,0.630656,2.53395,0.26816,0.259968,0.255872,0.251776,0.251776,0.26816
1138,0.053952,0.631328,2.53299,0.266144,0.26,0.255904,0.250784,0.251808,0.268192
1139,0.054592,0.631904,2.53181,0.459648,0.26544,0.259328,0.251776,0.402304,0.271232
1140,0.053664,0.632704,2.52973,0.266112,0.259968,0.254848,0.249728,0.251808,0.26816
1141,0.054016,0.630368,2.53242,0.26816,0.25792,0.257952,0.251776,0.251808,0.26816
1142,0.054272,0.629536,2.53318,0.266112,0.26,0.253824,0.249728,0.250784,0.26816
1143,0.054272,0.923136,2.53424,0.266112,0.258944,0.255872,0.251776,0.251776,0.26816
1144,0.05392,0.631584,2.5297,0.26816,0.259968,0.25488,0.251776,0.251808,0.26816
1145,0.054496,0.630592,2.52912,0.26816,0.259968,0.255872,0.251776,0.251776,0.269184
1146,0.054112,0.62816,2.83184,0.266112,0.259968,0.255872,0.249728,0.251776,0.269568
1147,0.053568,0.630784,2.53501,0.268192,0.26,0.25488,0.251808,0.251808,0.26816
1148,0.054272,0.630624,2.52848,0.26816,0.259968,0.255872,0.251808,0.251776,0.26816
1149,0.053792,0.628128,2.5343,0.26816,0.265376,0.255872,0.249728,0.51392,0.26816
1150,0.05376,0.796032,2.52874,0.268192,0.258944,0.255904,0.249728,0.251808,0.268192
1151,0.054528,0.630336,2.52672,0.266112,0.25792,0.255872,0.250752,0.251776,0.26816
1152,0.05376,0.632096,2.53728,0.26816,0.259968,0.255872,0.249728,0.251776,0.269184
1153,0.053824,0.633408,2.82096,0.266112,0.26,0.253856,0.249728,0.251776,0.267552
1154,0.05424,0.62768,2.52694,0.26816,0.259968,0.255872,0.251776,0.251776,0.26816
1155,0.053472,0.632544,2.53389,0.266112,0.26,0.255872,0.251776,0.250752,0.26816
1156,0.054016,0.629888,2.52611,0.457632,0.265472,0.25936,0.251808,0.404352,0.272288
1157,0.054528,0.630208,2.52656,0.26816,0.25792,0.254848,0.249728,0.251776,0.26816
1158,0.053856,0.631424,2.53286,0.26816,0.259968,0.25792,0.251776,0.251776,0.26816
1159,0.05376,0.630464,2.52758,0.268192,0.25792,0.255904,0.251808,0.252832,0.268192
1160,0.054208,0.636512,2.83069,0.26816,0.25792,0.255872,0.24976,0.251776,0.269568
1161,0.053696,0.632672,2.53261,0.26816,0.259968,0.255872,0.250752,0.251776,0.270208
1162,0.053408,0.628032,2.5295,0.266112,0.26,0.255872,0.251808,0.251808,0.267136
1163,0.054752,0.63056,2.8457,0.266112,0.259968,0.255904,0.249728,0.251776,0.269536
1164,0.053632,0.628672,2.53581,0.26816,0.259968,0.255872,0.250752,0.251776,0.26816
1165,0.053376,0.631104,2.52442,0.268192,0.26,0.255904,0.249728,0.251808,0.267168
1166,0.05984,0.63072,2.52877,0.26816,0.44432,0.255872,0.249728,0.251808,0.26816
1167,0.05408,0.626272,2.71331,0.26816,0.259968,0.255872,0.251776,0.251776,0.269568
1168,0.053888,0.629632,2.52886,0.26816,0.259968,0.255872,0.250752,0.251808,0.268192
1169,0.054144,0.6288,2.53107,0.267136,0.259968,0.253824,0.249728,0.251808,0.26816
1170,0.053728,0.628576,3.02022,0.266112,0.259968,0.255872,0.251776,0.251776,0.269568
1171,0.053632,0.63136,2.52643,0.266112,0.259968,0.255872,0.250752,0.251808,0.268192
1172,0.054336,0.628768,2.52717,0.266112,0.259968,0.255872,0.251776,0.251776,0.267136
1173,0.054048,0.630112,2.53658,0.455552,0.417664,0.259296,0.251776,0.251776,0.272256
1174,0.05344,0.630592,2.53558,0.268192,0.26,0.254848,0.251808,0.251808,0.268192
1175,0.054304,0.630432,2.52877,0.26816,0.259968,0.255872,0.249728,0.251776,0.26816
1176,0.053632,0.627552,2.53904,0.26816,0.25984,0.255872,0.249728,0.25088,0.26816
1177,0.054144,0.930272,2.52704,0.26816,0.258976,0.253856,0.251808,0.251776,0.268192
1178,0.054432,0.631648,2.53181,0.26816,0.26,0.254848,0.251808,0.251776,0.26816
1179,0.053728,0.63264,2.53235,0.26816,0.259968,0.255872,0.249728,0.251776,0.269184
1180,0.054144,0.630624,2.82112,0.266112,0.26,0.255872,0.251808,0.251808,0.26752
1181,0.054368,0.63216,2.52701,0.26816,0.259968,0.256896,0.249728,0.251808,0.26816
1182,0.053792,0.630496,2.5297,0.26816,0.259968,0.255872,0.251776,0.251776,0.26816
1183,0.053952,0.629472,2.53558,0.266144,0.450464,0.255904,0.249728,0.2528,0.268192
1184,0.054304,0.804,2.53126,0.266112,0.258976,0.255904,0.24976,0.251808,0.26816
1185,0.053344,0.632992,2.5303,0.26816,0.259968,0.253824,0.250752,0.251776,0.26816
1186,0.053984,0.631776,2.52854,0.268192,0.26,0.255904,0.251808,0.251808,0.267168
1187,0.054656,0.630144,2.83654,0.26816,0.25792,0.255872,0.251776,0.251776,0.269536
1188,0.05376,0.629824,2.53869,0.26816,0.25792,0.255872,0.251776,0.251776,0.26816
1189,0.053632,0.629824,2.52931,0.268192,0.26,0.255904,0.251776,0.250752,0.268192
1190,0.054624,0.628864,2.52282,0.278784,0.265408,0.25792,0.251776,0.42896,0.446336
1191,0.05328,0.629568,2.53453,0.269184,0.259968,0.255872,0.251776,0.251776,0.270208
1192,0.053728,0.631072,2.52998,0.266144,0.259968,0.255904,0.249728,0.251808,0.268192
1193,0.054272,0.631616,2.52672,0.26816,0.25792,0.255872,0.251776,0.2528,0.26816
1194,0.053696,0.926624,2.53766,0.266112,0.258944,0.255872,0.251776,0.251776,0.26816
1195,0.054144,0.632224,2.52781,0.268192,0.25792,0.25488,0.24976,0.251776,0.268192
1196,0.054112,0.630304,2.53309,0.26816,0.259968,0.253824,0.251808,0.251776,0.269184
1197,0.05376,0.628768,2.83402,0.26816,0.259968,0.255872,0.251776,0.251776,0.269568
1198,0.054112,0.632384,2.53133,0.266144,0.25792,0.254848,0.251808,0.251808,0.268192
1199,0.054208,0.6288,2.52938,0.266112,0.259968,0.255904,0.251776,0.251776,0.26816
1200,0.0536,0.628448,2.53363,0.26816,0.26544,0.255872,0.249728,0.52928,0.26816
1201,0.05376,0.633312,2.52595,0.267168,0.25792,0.25584,0.251808,0.251808,0.268192
1202,0.054272,0.628896,2.52563,0.26816,0.259968,0.255872,0.249728,0.251776,0.26816
1203,0.053728,0.628224,2.53421,0.26816,0.259968,0.255872,0.249728,0.250752,0.26816
1204,0.054272,0.63152,2.83632,0.268192,0.259968,0.253824,0.251776,0.251808,0.26752
1205,0.054048,0.62976,2.53021,0.26816,0.259968,0.255872,0.249728,0.251776,0.26816
1206,0.053408,0.630752,2.53219,0.26816,0.259968,0.255872,0.251776,0.250752,0.26816
1207,0.055392,0.630624,2.53389,0.267168,0.411552,0.445312,0.253088,0.251808,0.26816
1208,0.05456,0.63072,2.52339,0.266112,0.259968,0.255904,0.250752,0.251776,0.26816
1209,0.053344,0.630016,2.53296,0.26816,0.259968,0.255872,0.249728,0.251776,0.269184
1210,0.053568,0.63312,2.52819,0.266112,0.258976,0.255872,0.249728,0.251776,0.26816
1211,0.054272,0.636864,2.99098,0.266112,0.259968,0.253856,0.24976,0.251776,0.269568
1212,0.053472,0.628096,2.53398,0.26816,0.259968,0.255872,0.249728,0.251776,0.26816
1213,0.053888,0.630144,2.53123,0.268192,0.26,0.255904,0.249728,0.250752,0.268192
1214,0.05488,0.631872,2.81242,0.266112,0.25792,0.255872,0.249728,0.251776,0.269568
1215,0.053408,0.632256,2.53299,0.26816,0.259968,0.254848,0.249728,0.251776,0.26816
1216,0.053536,0.629536,2.53088,0.26816,0.25792,0.255872,0.251808,0.251808,0.267168
1217,0.05424,0.631456,2.52752,0.26816,0.267488,0.255872,0.24976,0.525184,0.26816
1218,0.053984,0.629824,2.5329,0.266112,0.259968,0.25488,0.251776,0.251776,0.26816
1219,0.053792,0.63184,2.53312,0.268192,0.26,0.255904,0.24976,0.251808,0.268192
1220,0.054048,0.63408,2.52874,0.266112,0.259968,0.255904,0.249728,0.252832,0.26816
1221,0.053856,0.629184,2.83427,0.26816,0.259968,0.255872,0.251776,0.251776,0.26752
1222,0.053408,0.632704,2.52627,0.26816,0.26,0.255872,0.24976,0.251808,0.26816
1223,0.054048,0.631232,2.52678,0.26816,0.259968,0.255872,0.249728,0.2528,0.26816
1224,0.05616,0.632512,2.53322,0.269184,0.41152,0.446336,0.25312,0.251776,0.26816
1225,0.053984,0.630752,2.53149,0.266112,0.259968,0.256928,0.249728,0.251808,0.26816
1226,0.054208,0.632608,2.53318,0.266112,0.259968,0.255904,0.249728,0.251776,0.267136
1227,0.05376,0.631424,2.53107,0.266112,0.258944,0.255872,0.249728,0.251776,0.26816
1228,0.05408,0.636,2.82845,0.266144,0.26,0.255904,0.251808,0.251808,0.26752
1229,0.05456,0.632736,2.53184,0.26816,0.259968,0.255872,0.250752,0.251776,0.26816
1230,0.053472,0.629248,2.53603,0.26816,0.259968,0.255872,0.249728,0.251776,0.269184
1231,0.054112,0.62912,2.82464,0.415648,0.26,0.261376,0.251808,0.251776,0.267552
1232,0.054208,0.631136,2.53005,0.266112,0.259968,0.255904,0.249728,0.251776,0.26816
1233,0.053952,0.629344,2.53098,0.266112,0.259968,0.255872,0.251776,0.2528,0.26816
1234,0.054272,0.634016,2.52579,0.269184,0.451456,0.255872,0.24976,0.251776,0.268192
1235,0.054816,0.630976,2.70131,0.26816,0.25792,0.255904,0.251808,0.251776,0.269536
1236,0.053792,0.625344,2.53424,0.26816,0.259968,0.255872,0.248704,0.251776,0.26816
1237,0.053792,0.629952,2.53206,0.266144,0.26,0.255904,0.249728,0.251808,0.267168
1238,0.054528,0.631008,2.8303,0.266112,0.259968,0.253824,0.249728,0.251776,0.269536
1239,0.05376,0.628352,2.53824,0.26816,0.259968,0.255872,0.249728,0.251776,0.26816
1240,0.05328,0.629696,2.53114,0.26816,0.259968,0.253824,0.249728,0.252832,0.26816
1241,0.054432,0.632096,2.53245,0.455552,0.414592,0.261344,0.251776,0.253824,0.26816
1242,0.053696,0.631168,2.53274,0.266112,0.259968,0.256896,0.251776,0.251776,0.26816
1243,0.053792,0.629344,2.52563,0.266112,0.26,0.255872,0.251808,0.251808,0.26816
1244,0.054208,0.630848,2.53126,0.266112,0.258944,0.255872,0.249728,0.251776,0.26816
1245,0.053824,0.63488,2.83338,0.26816,0.259968,0.255872,0.249728,0.251808,0.269568
1246,0.053696,0.630176,2.53034,0.266144,0.26,0.255904,0.250784,0.251808,0.268192
1247,0.054016,0.631072,2.5265,0.269184,0.259968,0.255872,0.249728,0.251808,0.26816
1248,0.05392,0.631584,2.828,0.266112,0.259968,0.255872,0.251776,0.251776,0.269536
1249,0.053632,0.63056,2.52925,0.266112,0.26,0.255904,0.250784,0.251776,0.268192
1250,0.054368,0.630624,2.52531,0.26816,0.259968,0.255872,0.251776,0.251776,0.269184
1251,0.056128,0.630272,2.53229,0.26816,0.473984,0.255872,0.251776,0.251776,0.26816
1252,0.05392,0.629952,2.71965,0.268192,0.26,0.255904,0.24976,0.251808,0.267552
1253,0.054176,0.631712,2.5271,0.26816,0.25792,0.255872,0.250752,0.251808,0.26816
1254,0.0536,0.63024,2.72576,0.26816,0.259968,0.255872,0.251776,0.251776,0.2696
1255,0.053824,0.631712,2.83568,0.266144,0.259968,0.253856,0.249728,0.251808,0.267584
1256,0.054528,0.631392,2.52832,0.26816,0.25792,0.255872,0.251776,0.251776,0.269184
1257,0.053856,0.627808,2.53613,0.26816,0.258944,0.255872,0.249728,0.251776,0.26816
1258,0.053984,0.628832,2.53037,0.460704,0.265504,0.25936,0.251808,0.40336,0.272256
1259,0.05472,0.63168,2.5257,0.26816,0.259968,0.254848,0.249728,0.251776,0.26816
1260,0.053664,0.633664,2.53274,0.266112,0.259968,0.255872,0.251776,0.251776,0.26816
1261,0.053536,0.629216,2.52947,0.268192,0.26,0.255904,0.249728,0.250784,0.268192
1262,0.054368,0.931168,2.52867,0.26816,0.258944,0.255872,0.251776,0.251776,0.26816
1263,0.053792,0.629024,2.53238,0.26816,0.259968,0.255872,0.250752,0.251776,0.26816
1264,0.053632,0.626368,2.52922,0.26816,0.26,0.255872,0.24976,0.251776,0.269216
1265,0.054304,0.630464,2.83459,0.266112,0.259968,0.255904,0.249728,0.251776,0.269536
1266,0.053664,0.63328,2.53648,0.26816,0.259968,0.254848,0.251776,0.251776,0.26816
1267,0.053888,0.63088,2.5319,0.268192,0.26,0.255904,0.251808,0.251776,0.268192
1268,0.054368,0.630848,2.52656,0.26816,0.453504,0.255872,0.251776,0.251776,0.26816
1269,0.05376,0.62944,2.86054,0.26816,0.259968,0.255872,0.251776,0.251776,0.269568
1270,0.053824,0.629248,2.5272,0.26816,0.26,0.255872,0.24976,0.251808,0.26816
1271,0.054368,0.631456,2.52934,0.26816,0.259968,0.255872,0.250752,0.251776,0.26816
1272,0.053728,0.630528,2.824,0.26816,0.259968,0.255872,0.249728,0.251776,0.26752
1273,0.05376,0.631808,2.52886,0.268192,0.258976,0.255904,0.251776,0.251808,0.268192
1274,0.054336,0.628896,2.53478,0.26816,0.259968,0.255872,0.250752,0.251776,0.26816
1275,0.053728,0.630144,2.52912,0.271584,0.259968,0.255872,0.251776,0.251776,0.546688
1276,0.054336,0.630784,2.53181,0.266144,0.258944,0.255904,0.251808,0.251776,0.268192
1277,0.05408,0.627776,2.52704,0.26816,0.259968,0.253824,0.250752,0.251776,0.26816
1278,0.053824,0.630528,2.53299,0.26816,0.259968,0.255872,0.251776,0.251776,0.269184
1279,0.053984,0.927616,2.53507,0.266144,0.258976,0.255904,0.249728,0.251808,0.268192
1280,0.05472,0.630752,2.5312,0.26816,0.259968,0.254848,0.249728,0.251808,0.26816
1281,0.0536,0.627552,2.53549,0.26816,0.259968,0.253824,0.249728,0.251776,0.269184
1282,0.05424,0.628928,2.8359,0.266144,0.25792,0.255904,0.251808,0.251776,0.26752
1283,0.054016,0.632384,2.52675,0.266112,0.259968,0.254848,0.24976,0.251776,0.26816
1284,0.05344,0.630336,2.5288,0.266112,0.259968,0.255872,0.251776,0.251776,0.269184
1285,0.053888,0.629216,2.52794,0.26816,0.535456,0.253856,0.249728,0.251808,0.268192
1286,0.05424,0.631392,2.52749,0.26816,0.259968,0.254848,0.251808,0.251776,0.26816
1287,0.053888,0.62992,2.53251,0.26816,0.259968,0.255872,0.249728,0.251776,0.26816
1288,0.05344,0.631168,2.52918,0.268192,0.25792,0.255904,0.249728,0.252832,0.268192
1289,0.05456,0.630016,2.99309,0.266112,0.25792,0.255872,0.249728,0.251776,0.269568
1290,0.053824,0.628608,2.53859,0.26816,0.259968,0.254848,0.251776,0.251776,0.26816
1291,0.054016,0.633344,2.5303,0.266144,0.26,0.255904,0.24976,0.251808,0.267168
1292,0.054432,0.628448,2.52992,0.4576,0.266016,0.259328,0.251776,0.397632,0.272256
1293,0.053312,0.633344,2.53245,0.266112,0.259968,0.254848,0.249728,0.251776,0.26816
1294,0.0536,0.630176,2.52877,0.268192,0.25792,0.255904,0.249728,0.251808,0.268192
1295,0.054368,0.628768,2.52595,0.266112,0.259968,0.255904,0.24976,0.252832,0.26816
1296,0.05392,0.928704,2.53504,0.26816,0.258944,0.255872,0.251776,0.251776,0.26816
1297,0.053536,0.631904,2.53018,0.268192,0.26,0.254848,0.251808,0.251808,0.268192
1298,0.054592,0.628672,2.52918,0.26816,0.259968,0.255872,0.251776,0.249728,0.269184
1299,0.054208,0.630528,2.83213,0.26816,0.259968,0.255872,0.249728,0.251776,0.269504
1300,0.053504,0.633408,2.52797,0.266144,0.26,0.25488,0.251808,0.251808,0.268192
1301,0.054272,0.632928,2.52531,0.26816,0.259968,0.255872,0.249728,0.251808,0.269184
1302,0.053824,0.629536,2.53498,0.266112,0.455552,0.255872,0.249728,0.251776,0.26816
1303,0.054304,0.630752,2.69738,0.268192,0.259968,0.255904,0.251776,0.251808,0.267552
1304,0.053824,0.62832,2.52973,0.266112,0.259968,0.255904,0.250752,0.251776,0.26816
1305,0.053568,0.633312,2.53251,0.26816,0.26,0.255872,0.249728,0.251776,0.269184
1306,0.053824,0.628128,2.82931,0.26816,0.25792,0.255872,0.251808,0.251808,0.269568
1307,0.05424,0.627072,2.52778,0.26816,0.259968,0.255872,0.251776,0.251776,0.26816
1308,0.053664,0.629472,2.53296,0.26816,0.259968,0.255872,0.251776,0.250752,0.26816
1309,0.054784,0.629856,2.53197,0.456608,0.436096,0.261376,0.251776,0.251808,0.26816
1310,0.05392,0.629728,2.52797,0.26816,0.259968,0.254848,0.249728,0.251776,0.26816
1311,0.053472,0.631008,2.53459,0.26816,0.259968,0.255872,0.251776,0.251776,0.269184
1312,0.055648,0.629312,2.52717,0.26816,0.258944,0.255872,0.24976,0.251776,0.26816
1313,0.054976,0.63424,2.8177,0.26816,0.259968,0.255872,0.249728,0.251808,0.269568
1314,0.054112,0.628768,2.53488,0.26816,0.259968,0.255872,0.250752,0.251776,0.26816
1315,0.053728,0.629312,2.52822,0.266144,0.26,0.255904,0.24976,0.251808,0.267168
1316,0.05424,0.631424,2.82528,0.266112,0.259968,0.255904,0.249728,0.251808,0.269568
1317,0.053888,0.628704,2.53475,0.26816,0.259968,0.255872,0.250752,0.251776,0.26816
1318,0.053888,0.629088,2.52819,0.266144,0.26,0.253824,0.24976,0.251776,0.269216
1319,0.063904,0.628576,2.52611,0.26816,0.445312,0.255872,0.249728,0.251776,0.26816
1320,0.053824,0.628928,2.71763,0.26816,0.259968,0.255872,0.249728,0.251776,0.269536
1321,0.053504,0.63232,2.53072,0.26816,0.25792,0.255872,0.251808,0.252832,0.268192
1322,0.054496,0.628448,2.52531,0.267136,0.259968,0.255872,0.249728,0.251808,0.26816
1323,0.053824,0.63008,2.83235,0.26816,0.259968,0.255872,0.251776,0.251776,0.269568
1324,0.053568,0.633344,2.53155,0.26816,0.25792,0.253824,0.251808,0.251776,0.26816
1325,0.054048,0.631104,2.52838,0.26816,0.259968,0.255872,0.249728,0.250752,0.26816
1326,0.053632,0.630944,2.53446,0.535424,0.259872,0.263264,0.251776,0.251872,0.26816
1327,0.0536,0.628512,2.5271,0.268192,0.25792,0.255904,0.251776,0.251808,0.268192
1328,0.054112,0.631424,2.52973,0.26816,0.26,0.253824,0.249728,0.250784,0.26816
1329,0.054016,0.629088,2.53402,0.267136,0.259968,0.255872,0.251776,0.251776,0.26816
1330,0.053824,0.628352,2.99552,0.266112,0.26,0.255872,0.249728,0.251776,0.269568
1331,0.054048,0.629696,2.5295,0.26816,0.259968,0.255872,0.249728,0.251808,0.26816
1332,0.053536,0.63216,2.53424,0.26816,0.259968,0.255872,0.249728,0.2528,0.26816
1333,0.053888,0.631808,2.81805,0.266144,0.26,0.255904,0.251808,0.251776,0.267552
1334,0.054368,0.632192,2.52573,0.26816,0.259968,0.254848,0.251808,0.251776,0.26816
1335,0.053568,0.63248,2.53677,0.26816,0.259968,0.255872,0.251776,0.251776,0.269184
1336,0.343008,0.62912,2.52778,0.268192,0.258944,0.255904,0.249728,0.251808,0.268192
1337,0.054208,0.633088,2.53475,0.266112,0.259968,0.255904,0.250752,0.251776,0.26816
1338,0.053856,0.629472,2.53411,0.26816,0.25792,0.255872,0.251776,0.251776,0.269184
1339,0.053472,0.630048,2.53283,0.268192,0.258944,0.255904,0.24976,0.251776,0.268192
1340,0.054176,0.629952,2.83235,0.266112,0.259968,0.253824,0.251776,0.251776,0.267488
1341,0.053696,0.62944,2.53402,0.26816,0.259968,0.255872,0.249728,0.251776,0.269184
1342,0.05344,0.62928,2.52986,0.266112,0.258976,0.255872,0.249728,0.251776,0.26816
1343,0.054336,0.627136,2.52678,0.26816,0.259968,0.533376,0.253184,0.253824,0.26816
1344,0.053664,0.628672,2.53466,0.26816,0.259968,0.255872,0.249728,0.251776,0.26816
1345,0.053824,0.630976,2.52842,0.268192,0.25792,0.255904,0.251808,0.252832,0.268192
1346,0.0544,0.628928,2.53043,0.266112,0.259968,0.254848,0.249728,0.251808,0.26816
1347,0.05424,0.627904,2.83565,0.26816,0.259904,0.255872,0.251776,0.249792,0.269568
1348,0.053888,0.62768,2.52877,0.268192,0.26,0.255904,0.24976,0.250752,0.268192
1349,0.053952,0.630464,2.52499,0.267136,0.259968,0.255904,0.249728,0.251776,0.26816
1350,0.053696,0.631776,2.81146,0.266112,0.259968,0.4064,0.255008,0.253856,0.273664
1351,0.0536,0.633344,2.5297,0.266144,0.259968,0.255904,0.249728,0.251808,0.267168
1352,0.053952,0.632256,2.52835,0.26816,0.258944,0.255872,0.251776,0.251776,0.26816
1353,0.065056,0.627264,2.53645,0.266112,0.4416,0.256896,0.251776,0.251776,0.26816
1354,0.054016,0.629376,2.71133,0.268192,0.259968,0.255904,0.249728,0.251808,0.267552
1355,0.05424,0.632224,2.52624,0.26816,0.25792,0.255872,0.251776,0.2528,0.26816
1356,0.053536,0.630464,2.5311,0.267136,0.259968,0.255872,0.251776,0.251776,0.26816
1357,0.05424,0.633056,2.83117,0.266112,0.25792,0.255872,0.24976,0.251776,0.267552
1358,0.053984,0.629856,2.5279,0.266144,0.259968,0.255872,0.249728,0.251776,0.269184
1359,0.053664,0.631584,2.53485,0.26816,0.258944,0.255872,0.251776,0.251776,0.26816
1360,0.054016,0.631616,2.52835,0.26816,0.26,0.453504,0.255232,0.253824,0.268192
1361,0.054176,0.631872,2.52787,0.26816,0.25792,0.255872,0.250752,0.251776,0.26816
1362,0.053824,0.633248,2.53885,0.266112,0.259968,0.255872,0.249728,0.251776,0.269184
1363,0.054016,0.627392,2.53165,0.266112,0.26,0.255904,0.249728,0.251808,0.268192
1364,0.0544,0.630144,2.82563,0.26816,0.259968,0.255872,0.251776,0.251776,0.26752
1365,0.053696,0.631712,2.53434,0.26816,0.259968,0.255872,0.249728,0.250752,0.26816
1366,0.05408,0.629088,2.52957,0.267168,0.259968,0.255904,0.251776,0.251808,0.26816
1367,0.054592,0.631552,2.82563,0.26816,0.259968,0.255872,0.251776,0.251776,0.271616
1368,0.053888,0.6352,2.53232,0.266112,0.259968,0.255872,0.251776,0.2528,0.26816
1369,0.0544,0.6312,2.52605,0.269216,0.26,0.255904,0.249728,0.251808,0.268192
1370,0.056064,0.630208,2.52819,0.26816,0.259968,0.255872,0.251776,0.251776,0.26816
1371,0.053696,0.897024,2.72272,0.26816,0.25792,0.255872,0.251776,0.251776,0.269568
1372,0.053856,0.633856,2.53098,0.266112,0.259968,0.255872,0.251808,0.252832,0.26816
1373,0.054016,0.632672,2.52698,0.267136,0.259968,0.255872,0.249728,0.251776,0.26816
1374,0.054112,0.630976,2.82992,0.26816,0.259968,0.255872,0.251776,0.251776,0.269568
1375,0.053824,0.631488,2.52902,0.268192,0.26,0.255904,0.251808,0.251808,0.26816
1376,0.054048,0.629376,2.52922,0.26816,0.258944,0.255872,0.251776,0.251776,0.26816
1377,0.053952,0.6296,2.53434,0.26816,0.259968,0.448384,0.255136,0.253824,0.26816
1378,0.053632,0.635168,2.52797,0.266144,0.259968,0.255904,0.250752,0.251808,0.26816
1379,0.054176,0.632,2.53229,0.26816,0.259968,0.255872,0.249728,0.251776,0.269184
1380,0.053632,0.627744,2.53664,0.266112,0.260992,0.255872,0.251776,0.251776,0.26816
1381,0.053952,0.631328,2.82746,0.26816,0.26,0.255872,0.24976,0.251808,0.269568
1382,0.054464,0.627904,2.53114,0.26816,0.259968,0.255872,0.251776,0.2528,0.26816
1383,0.05392,0.63136,2.53158,0.267136,0.259968,0.255872,0.249728,0.251776,0.26816
1384,0.053728,0.633632,2.82608,0.268192,0.26,0.255904,0.251808,0.251776,0.269504
1385,0.054496,0.631904,2.53037,0.26816,0.259968,0.255872,0.250752,0.251776,0.26816
1386,0.053312,0.629152,2.53462,0.267136,0.259968,0.255872,0.251776,0.251776,0.26816
1387,0.053984,0.63008,2.52954,0.268192,0.26,0.255904,0.24976,0.251808,0.268192
1388,0.054464,0.91504,2.52928,0.26816,0.259968,0.255872,0.250784,0.251808,0.26816
1389,0.053696,0.62832,2.53293,0.267136,0.259968,0.255872,0.249728,0.251776,0.26816
1390,0.053952,0.629952,2.53062,0.268192,0.26,0.255904,0.251808,0.251776,0.268192
1391,0.054528,0.629472,2.99018,0.266112,0.259968,0.253824,0.249728,0.251808,0.271616
1392,0.054464,0.63376,2.5335,0.26816,0.259968,0.255872,0.249728,0.250752,0.26816
1393,0.053728,0.62944,2.52912,0.267168,0.26,0.255904,0.24976,0.251808,0.268192
1394,0.05632,0.6328,2.52442,0.26816,0.412544,0.443264,0.253152,0.251776,0.26816
1395,0.0536,0.63088,2.53693,0.26816,0.259968,0.255872,0.250752,0.251776,0.26816
1396,0.05392,0.630656,2.52954,0.26816,0.26,0.255872,0.251808,0.251808,0.267136
1397,0.05424,0.627328,2.5272,0.26816,0.258976,0.255872,0.249728,0.251776,0.26816
1398,0.053792,0.629824,2.82806,0.266112,0.259968,0.255872,0.249728,0.251776,0.267552
1399,0.053568,0.628736,2.5281,0.268192,0.26,0.255904,0.251808,0.250784,0.268192
1400,0.053952,0.627616,2.53411,0.267136,0.259968,0.255904,0.249728,0.251776,0.26816
1401,0.053792,0.631968,2.82749,0.266112,0.259968,0.255872,0.249728,0.251776,0.269568
1402,0.0536,0.630624,2.52698,0.268192,0.26,0.255904,0.250784,0.251776,0.268192
1403,0.054016,0.630592,2.52509,0.269184,0.259968,0.255872,0.249728,0.251776,0.26816
1404,0.0552,0.6296,2.53741,0.26816,0.259968,0.255872,0.251776,0.251776,0.26816
1405,0.054016,0.90592,2.52986,0.266144,0.259968,0.255904,0.250752,0.251808,0.26816
1406,0.054304,0.629696,2.52746,0.26816,0.259968,0.255872,0.249728,0.251808,0.269184
1407,0.053696,0.630208,2.5344,0.26816,0.259968,0.255872,0.249728,0.251776,0.26816
1408,0.053952,0.628,2.83923,0.268192,0.259968,0.255904,0.249728,0.251808,0.26736
1409,0.05424,0.632896,2.52662,0.26816,0.26,0.255872,0.249728,0.251776,0.269184
1410,0.053632,0.630624,2.52963,0.26816,0.259968,0.255872,0.251808,0.251776,0.26816
1411,0.054016,0.630112,2.5289,0.268192,0.259968,0.509056,0.258016,0.253856,0.268192
1412,0.054208,0.79968,2.52787,0.26816,0.259968,0.255872,0.250784,0.251776,0.26816
1413,0.053536,0.627648,2.53357,0.269184,0.259968,0.255872,0.251776,0.251776,0.26816
1414,0.053536,0.632128,2.52694,0.26816,0.26,0.255872,0.251808,0.251808,0.268192
1415,0.05408,0.63008,2.82992,0.26816,0.25792,0.255872,0.249728,0.253824,0.269536
1416,0.054016,0.628416,2.53187,0.26816,0.259968,0.255872,0.251776,0.2528,0.26816
1417,0.0536,0.631328,2.52874,0.267136,0.26,0.255872,0.251808,0.251808,0.268192
1418,0.05424,0.63376,2.82301,0.266112,0.259968,0.253856,0.24976,0.251776,0.273568
1419,0.053984,0.626976,2.53555,0.26816,0.259968,0.255872,0.251776,0.2528,0.26816
1420,0.054528,0.628192,2.52918,0.267168,0.26,0.255904,0.249728,0.251808,0.268192
1421,0.055584,0.63024,2.5271,0.266112,0.259968,0.255872,0.251776,0.251776,0.26816
1422,0.054368,0.909472,2.53725,0.26816,0.259968,0.255872,0.251776,0.250752,0.26816
1423,0.054016,0.630784,2.52717,0.267168,0.26,0.255904,0.251808,0.251776,0.26816
1424,0.054208,0.631072,2.52954,0.26816,0.259968,0.255872,0.251776,0.251776,0.26816
1425,0.054048,0.629824,2.83238,0.26816,0.259968,0.255872,0.249728,0.251776,0.267552
1426,0.053792,0.633152,2.52675,0.267168,0.259968,0.255904,0.251776,0.251808,0.268192
1427,0.054336,0.632928,2.52742,0.266112,0.26,0.255872,0.251776,0.251776,0.26816
1428,0.053664,0.631072,2.53747,0.26816,0.262016,0.255872,0.445312,0.2552,0.26816
1429,0.053792,0.807968,2.53123,0.266112,0.258976,0.255904,0.251808,0.251776,0.268192
1430,0.054144,0.629504,2.52602,0.26816,0.259968,0.254848,0.251776,0.251776,0.26816
1431,0.053664,0.62976,2.53328,0.266112,0.259968,0.255872,0.251776,0.251776,0.26816
1432,0.053824,0.632032,2.99434,0.266144,0.259968,0.255904,0.249728,0.251808,0.267552
1433,0.054304,0.629088,2.5311,0.26816,0.259968,0.255872,0.251776,0.251776,0.269184
1434,0.053952,0.629984,2.53258,0.26816,0.259968,0.255872,0.251776,0.251776,0.270208
1435,0.053696,0.629344,2.83117,0.26816,0.26,0.255872,0.251808,0.251808,0.271648
1436,0.054016,0.629024,2.52902,0.26816,0.259968,0.255872,0.249728,0.250784,0.26816
1437,0.0536,0.6312,2.53312,0.267136,0.259968,0.255872,0.251776,0.251776,0.26816
1438,0.056384,0.627232,2.5296,0.268192,0.26,0.255904,0.251808,0.251776,0.268192
1439,0.05424,0.9088,2.53123,0.26816,0.259968,0.255872,0.251808,0.2528,0.26816
1440,0.053632,0.62928,2.53232,0.267136,0.259968,0.255872,0.251776,0.251776,0.26816
1441,0.053792,0.632384,2.53037,0.266144,0.25792,0.255904,0.251776,0.251808,0.268192
1442,0.054656,0.631776,2.82698,0.26816,0.259968,0.255872,0.251776,0.251776,0.269568
1443,0.053568,0.629024,2.53181,0.26816,0.259968,0.255872,0.251776,0.251776,0.269184
1444,0.054016,0.6336,2.53165,0.268192,0.26,0.255904,0.249728,0.251808,0.268192
1445,0.054688,0.628832,2.53174,0.26816,0.262048,0.255872,0.445312,0.255232,0.26816
1446,0.053856,0.808512,2.53798,0.26816,0.260992,0.255872,0.249728,0.251776,0.270208
1447,0.05376,0.632256,2.5313,0.268192,0.26,0.254848,0.249728,0.251776,0.268192
1448,0.054688,0.634624,2.52646,0.266112,0.259968,0.255904,0.251776,0.251776,0.26816
1449,0.053728,0.6288,2.83248,0.26816,0.259968,0.255872,0.251776,0.251776,0.269536
1450,0.053728,0.629184,2.52784,0.26816,0.260992,0.255872,0.251808,0.251808,0.268192
1451,0.054784,0.630752,2.52694,0.266112,0.259968,0.256928,0.249728,0.251776,0.26816
1452,0.053664,0.634848,2.77594,0.270208,0.262016,0.255872,0.405376,0.25728,0.282656
1453,0.053856,0.630592,2.53258,0.266144,0.25792,0.255904,0.251776,0.251808,0.267168
1454,0.0544,0.631072,2.5297,0.26816,0.26,0.255872,0.251776,0.251776,0.26816
1455,0.056896,0.626944,2.53146,0.26816,0.259968,0.255872,0.250752,0.251808,0.26816
1456,0.054016,0.91008,2.5303,0.268192,0.26,0.255904,0.250784,0.251776,0.268192
1457,0.05424,0.630912,2.5247,0.267136,0.259968,0.255872,0.251776,0.251776,0.26816
1458,0.053696,0.628832,2.53187,0.26816,0.259968,0.255936,0.251712,0.251776,0.26816
1459,0.053824,0.631424,2.82877,0.266144,0.259968,0.255904,0.251776,0.251808,0.26752
1460,0.054176,0.62912,2.52672,0.26816,0.259968,0.256896,0.251776,0.251776,0.26816
1461,0.053888,0.631392,2.53498,0.266112,0.259968,0.255872,0.251776,0.251776,0.26816
1462,0.053792,0.633408,2.52941,0.26816,0.262048,0.255872,0.442272,0.257344,0.268192
1463,0.054656,0.805152,2.53043,0.26816,0.258944,0.255872,0.249728,0.251776,0.26816
1464,0.053696,0.631424,2.53405,0.26816,0.259968,0.256896,0.251776,0.251776,0.26816
1465,0.053984,0.629856,2.53341,0.268192,0.26,0.255904,0.24976,0.251808,0.268192
1466,0.054816,0.63168,2.83021,0.26816,0.259968,0.255872,0.251776,0.251776,0.269504
1467,0.0536,0.630432,2.53328,0.26816,0.258944,0.255872,0.249728,0.251776,0.26816
1468,0.05328,0.626688,2.528,0.268192,0.26,0.254848,0.249728,0.251808,0.268192
1469,0.054432,0.632224,2.53338,0.267488,0.262016,0.255872,0.400256,0.25936,0.458624
1470,0.054048,0.636352,2.79219,0.460672,0.259968,0.465536,0.278336,0.265088,0.285984
1471,0.054304,0.829632,2.52781,0.268192,0.26,0.255904,0.250784,0.251776,0.268192
1472,0.055328,0.631456,2.52867,0.266112,0.267488,0.255904,0.251776,0.461696,0.267136
1473,0.054272,0.879328,2.53987,0.266112,0.258944,0.255872,0.249728,0.251776,0.26816
1474,0.053888,0.869216,2.5304,0.26816,0.259968,0.255872,0.250752,0.251808,0.268192
1475,0.05424,0.898496,2.52973,0.26816,0.26,0.253824,0.250784,0.251776,0.26816
1476,0.053568,0.635808,2.84016,0.26816,0.25792,0.255872,0.251776,0.251776,0.2696
1477,0.05376,0.631648,2.97693,0.268192,0.259968,0.253824,0.249728,0.251808,0.2696
1478,0.0544,0.631392,2.53046,0.26816,0.259968,0.255872,0.249728,0.251776,0.269184
1479,0.05376,0.628544,2.83264,0.26816,0.259968,0.255872,0.249728,0.251776,0.269568
1480,0.054336,0.631104,2.75402,0.266112,0.259968,0.255904,0.249728,0.251808,0.2696
1481,0.054304,0.651488,2.74413,0.26816,0.25792,0.255872,0.251776,0.251776,0.269568
1482,0.212992,0.630944,2.53373,0.26816,0.259968,0.450432,0.255232,0.251808,0.270208
1483,0.05328,0.633088,2.53203,0.266144,0.450816,0.255904,0.250784,0.440224,0.26816
1484,0.054336,0.62032,2.52787,0.26816,0.259968,0.255872,0.250752,0.251776,0.270208
1485,0.05392,0.6296,2.53594,0.26816,0.259968,0.255872,0.249728,0.251776,0.269184
1486,0.05376,0.93424,2.53395,0.268192,0.258944,0.253824,0.249728,0.251808,0.268192
1487,0.054592,0.631232,2.91597,0.26816,0.259968,0.255872,0.251776,0.251776,0.269568
1488,0.05424,0.826912,2.53712,0.26816,0.259968,0.255872,0.250752,0.251776,0.26816
1489,0.054176,0.630144,3.01008,0.266144,0.25792,0.255904,0.249728,0.251808,0.269568
1490,0.054624,0.633568,2.95475,0.26816,0.259968,0.253824,0.251808,0.251776,0.269568
1491,0.05392,0.628608,2.53475,0.26816,0.259968,0.255872,0.249728,0.250752,0.26816
1492,0.054144,0.628736,2.53114,0.267488,0.26,0.255904,0.249728,0.251776,0.550816
1493,0.054752,0.629984,2.52333,0.266112,0.261312,0.44512,0.275968,0.581504,0.26816
1494,0.05328,0.63168,2.53466,0.267136,0.259968,0.255872,0.251776,0.251776,0.26816
1495,0.05504,0.630944,2.52611,0.268192,0.477056,0.255904,0.251808,0.251776,0.268192
1496,0.054656,0.628864,2.69824,0.26816,0.259968,0.255872,0.249728,0.251776,0.26752
1497,0.053472,0.630816,2.73981,0.26816,0.259968,0.255872,0.249728,0.251776,0.269568
1498,0.053792,0.910816,2.5279,0.26816,0.259968,0.255872,0.250752,0.251808,0.26816
1499,0.05456,0.627744,2.83107,0.26816,0.259968,0.255872,0.249728,0.251808,0.269568
1500,0.052896,0.6312,2.76771,0.26816,0.468864,0.255872,0.251776,0.251776,0.269536
1501,0.053696,0.6272,2.53184,0.26816,0.259968,0.254848,0.249728,0.251808,0.268192
1502,0.054208,0.629536,2.83117,0.266112,0.25792,0.255904,0.249728,0.251808,0.269536
1503,0.05376,0.627232,2.7656,0.26816,0.259968,0.255872,0.249728,0.251776,0.269568
1504,0.0536,0.632608,2.52742,0.268192,0.26,0.254848,0.251808,0.251776,0.268192
1505,0.055296,0.63456,2.75152,0.26816,0.261344,0.255872,0.251808,0.451456,0.269568
1506,0.053888,0.805824,2.53315,0.26816,0.258944,0.255872,0.249728,0.251776,0.26816
1507,0.054208,0.84576,2.53008,0.266144,0.258944,0.255904,0.251776,0.251808,0.268192
1508,0.053888,0.631552,2.75008,0.26816,0.259968,0.253824,0.24976,0.251808,0.269536
1509,0.053856,0.63712,3.01194,0.266112,0.259968,0.255872,0.251776,0.251776,0.269568
1510,0.053952,0.630944,2.52867,0.26816,0.26,0.253824,0.249728,0.251776,0.267136
1511,0.054784,0.63248,2.52848,0.266112,0.260992,0.255904,0.251776,0.251776,0.26816
1512,0.053632,0.843616,3.02122,0.26816,0.259968,0.255872,0.249728,0.251776,0.269568
1513,0.054656,0.628608,2.75568,0.266112,0.259968,0.255904,0.251776,0.251808,0.267552
1514,0.05456,0.628096,2.74563,0.266112,0.259968,0.255872,0.251776,0.251776,0.267456
1515,0.217792,0.626752,2.53235,0.26816,0.259968,0.451488,0.253056,0.251808,0.26816
1516,0.057952,0.632512,2.52765,0.268192,0.466016,0.255904,0.250784,0.453504,0.268192
1517,0.054016,0.63072,2.53136,0.26816,0.259968,0.254848,0.251808,0.251776,0.26816
1518,0.053664,0.629376,2.53616,0.26816,0.259968,0.255872,0.249728,0.251776,0.269184
1519,0.053792,0.935712,2.52726,0.268192,0.258944,0.255904,0.251808,0.251776,0.268192
1520,0.054688,0.6296,2.75334,0.266112,0.25792,0.253856,0.251808,0.251776,0.267488
1521,0.053792,0.632672,2.53334,0.26816,0.259968,0.255872,0.251776,0.251776,0.26816
1522,0.054016,0.63008,2.85606,0.268192,0.26,0.253824,0.251808,0.251808,0.26752
1523,0.054528,0.628416,2.94563,0.266112,0.259968,0.255872,0.249728,0.251808,0.271616
1524,0.05376,0.658144,2.75206,0.26816,0.259968,0.255872,0.249728,0.251776,0.26752
1525,0.05424,0.62864,2.53437,0.4832,0.486272,0.25936,0.253856,0.251776,0.27024
1526,0.04912,0.628544,2.53123,0.266112,0.291712,0.254848,0.581504,0.259328,0.26816
1527,0.05376,0.625696,2.53738,0.26816,0.259968,0.255872,0.250752,0.251776,0.270208
1528,0.05392,0.627616,2.53002,0.266112,0.26,0.255904,0.24976,0.251808,0.267168
1529,0.054528,0.628928,2.70877,0.266112,0.259968,0.255904,0.251776,0.251776,0.269568
1530,0.05392,0.850752,2.52598,0.26816,0.258944,0.255872,0.249728,0.251776,0.26816
1531,0.053792,0.631744,2.53216,0.268192,0.26,0.255872,0.250784,0.251776,0.268192
1532,0.054464,0.630016,2.83901,0.26816,0.259968,0.253824,0.251776,0.251776,0.269568
1533,0.054016,0.62912,3.1391,0.26816,0.259968,0.255872,0.251776,0.251776,0.27776
1534,0.05392,0.630144,2.52778,0.26816,0.26,0.255872,0.251808,0.2528,0.26816
1535,0.054368,0.631648,2.84112,0.26816,0.259968,0.255872,0.251776,0.251776,0.269536
1536,0.05392,0.632576,2.70502,0.290784,0.259968,0.253856,0.249728,0.251776,0.286848
1537,0.053984,0.927456,2.53021,0.26816,0.259968,0.255872,0.250752,0.251808,0.268192
1538,0.054784,0.628608,2.52902,0.267136,0.262016,0.255872,0.449408,0.257248,0.26816
1539,0.053824,0.798176,2.5368,0.26816,0.258944,0.255872,0.251776,0.251776,0.26816
1540,0.05424,0.632736,2.52886,0.266144,0.25792,0.254848,0.251808,0.251776,0.268192
1541,0.05424,0.631776,2.53248,0.26816,0.26,0.255872,0.251776,0.251776,0.26816
1542,0.053632,0.626304,2.94394,0.26816,0.259968,0.255872,0.251776,0.251776,0.269568
1543,0.053472,0.631584,2.53059,0.266112,0.26,0.255904,0.251808,0.251808,0.267168
1544,0.054848,0.627776,2.52762,0.26816,0.258944,0.255872,0.251776,0.251776,0.26816
1545,0.053792,0.630048,2.83571,0.26816,0.259968,0.255872,0.251776,0.251776,0.269568
1546,0.054208,0.630048,2.52982,0.266112,0.26,0.255872,0.250752,0.253856,0.26816
1547,0.05424,0.631328,2.52787,0.267136,0.259968,0.255904,0.251776,0.251776,0.26816
1548,0.053664,0.631328,2.53331,0.26816,0.259968,0.255872,0.249728,0.251808,0.26816
1549,0.053728,0.634112,2.7176,0.26816,0.26,0.255872,0.249728,0.251776,0.269568
1550,0.054368,0.631776,2.5312,0.26816,0.259968,0.255872,0.249728,0.252832,0.26816
1551,0.053792,0.629216,2.5303,0.267136,0.259968,0.255872,0.251776,0.251776,0.26816
1552,0.053792,0.629472,2.83094,0.266112,0.26,0.255872,0.251808,0.251808,0.26752
1553,0.054304,0.632736,2.52512,0.266112,0.259968,0.255904,0.251776,0.251776,0.267136
1554,0.053696,0.62848,2.53373,0.26816,0.258944,0.255872,0.249728,0.251776,0.26816
1555,0.219456,0.627776,2.53021,0.268192,0.26,0.442272,0.253056,0.253824,0.268192
1556,0.054144,0.63168,2.5305,0.26816,0.25792,0.255872,0.250752,0.251776,0.26816
1557,0.053504,0.632512,2.53715,0.26816,0.259968,0.255872,0.251776,0.251776,0.269184
1558,0.053824,0.629888,2.52906,0.26816,0.258944,0.255872,0.251808,0.253856,0.26816
1559,0.05424,0.63408,2.8313,0.26816,0.259968,0.255872,0.251776,0.251776,0.269568
1560,0.053984,0.632288,2.53411,0.26816,0.259968,0.255872,0.251776,0.250752,0.26816
1561,0.0536,0.631584,2.53194,0.267136,0.26,0.255872,0.251808,0.251808,0.268192
1562,0.05424,0.627904,2.80688,0.26816,0.26,0.404352,0.255232,0.251776,0.2696
1563,0.053664,0.631168,2.53613,0.26816,0.25792,0.255872,0.251776,0.251776,0.26816
1564,0.05408,0.630976,2.53142,0.26816,0.25792,0.255872,0.251808,0.252832,0.268192
1565,0.342688,0.6296,2.52774,0.26816,0.259968,0.254848,0.249728,0.251776,0.26816
1566,0.05376,0.63152,2.53229,0.26816,0.259968,0.255872,0.250752,0.251808,0.26816
1567,0.053984,0.631296,2.52458,0.266144,0.259968,0.255872,0.249728,0.251776,0.267168
1568,0.054048,0.631072,2.52794,0.26816,0.258944,0.255872,0.249728,0.251808,0.26816
1569,0.053888,0.631168,2.83024,0.266112,0.259968,0.255872,0.249728,0.251776,0.26752
1570,0.053568,0.627712,2.52986,0.268192,0.26,0.255904,0.24976,0.251776,0.267168
1571,0.054464,0.634048,2.52896,0.266112,0.260992,0.255904,0.249728,0.251776,0.26816
1572,0.0544,0.630176,2.53178,0.266112,0.26,0.527232,0.2552,0.253824,0.26816
1573,0.053856,0.629536,2.5297,0.268192,0.26,0.255904,0.251808,0.251776,0.268192
1574,0.054592,0.630752,2.5216,0.26816,0.260992,0.255872,0.251776,0.251776,0.26816
1575,0.053888,0.631584,2.53366,0.26816,0.259968,0.254848,0.251776,0.251776,0.26816
1576,0.053792,0.628384,2.84029,0.268192,0.26,0.255904,0.24976,0.251808,0.269568
1577,0.05456,0.631424,2.52496,0.26816,0.26,0.255872,0.249728,0.250752,0.26816
1578,0.053664,0.630272,2.53258,0.267136,0.259968,0.255872,0.251776,0.251776,0.26816
1579,0.05392,0.63008,2.8255,0.268192,0.26,0.255904,0.249728,0.251808,0.275744
1580,0.054304,0.628224,2.5303,0.26816,0.259968,0.255872,0.251776,0.2528,0.26816
1581,0.0536,0.631328,2.53414,0.267136,0.259968,0.253888,0.251744,0.251776,0.26816
1582,0.056384,0.628832,2.52614,0.26816,0.259968,0.255904,0.251776,0.251808,0.268192
1583,0.054528,0.789856,2.82496,0.26816,0.259968,0.255872,0.249728,0.251808,0.269568
1584,0.054016,0.629184,2.53901,0.26816,0.258944,0.255872,0.251776,0.251776,0.26816
1585,0.053824,0.630368,2.52714,0.268192,0.259968,0.256928,0.251776,0.251808,0.268192
1586,0.054688,0.632608,2.83018,0.26816,0.259968,0.255872,0.251776,0.251776,0.26752
1587,0.054112,0.629632,2.5312,0.26816,0.259968,0.255904,0.251776,0.251776,0.269184
1588,0.0536,0.63008,2.5264,0.266112,0.258944,0.255872,0.251808,0.251808,0.26816
1589,0.054208,0.629536,2.5303,0.26816,0.259968,0.445344,0.25712,0.253856,0.26816
1590,0.05392,0.793216,2.53398,0.26816,0.259968,0.255872,0.2528,0.251776,0.26816
1591,0.053568,0.632256,2.52918,0.266112,0.26,0.255872,0.249728,0.251776,0.267168
1592,0.053952,0.632672,2.52614,0.26816,0.259968,0.255872,0.251776,0.251776,0.26816
1593,0.053696,0.629152,2.82787,0.26816,0.259968,0.255872,0.249728,0.251776,0.269568
1594,0.053312,0.62992,2.52854,0.26816,0.257952,0.255904,0.251776,0.252832,0.268192
1595,0.054976,0.630432,2.52765,0.267136,0.259968,0.255872,0.251776,0.251776,0.26816
1596,0.053664,0.628064,2.83894,0.266112,0.259968,0.25792,0.251776,0.251776,0.273664
1597,0.053728,0.632096,2.52752,0.268192,0.26,0.255904,0.249728,0.2528,0.268192
1598,0.054176,0.63152,2.53027,0.267136,0.259968,0.25792,0.251776,0.251776,0.26816
1599,0.0568,0.630624,2.53386,0.26816,0.259968,0.255872,0.249728,0.251776,0.26816
1600,0.054176,0.89296,2.72,0.26816,0.259968,0.255904,0.251776,0.251808,0.267552
1601,0.054048,0.632192,2.52816,0.26816,0.259968,0.255872,0.249728,0.2528,0.26816
1602,0.053472,0.631904,2.53334,0.26816,0.259968,0.256896,0.251776,0.251776,0.26816
1603,0.054304,0.633088,2.84227,0.266112,0.259968,0.255904,0.249728,0.251808,0.267552
1604,0.054304,0.627488,2.52557,0.26816,0.259968,0.255872,0.251776,0.251776,0.269184
1605,0.053504,0.6312,2.53584,0.26816,0.258944,0.255872,0.249728,0.251776,0.26816
1606,0.05408,0.632608,2.52941,0.268192,0.259968,0.447392,0.25312,0.253856,0.268192
1607,0.054176,0.63024,2.52845,0.26816,0.259968,0.255872,0.250752,0.251776,0.26816
1608,0.053824,0.62656,2.53501,0.26816,0.259968,0.255872,0.249728,0.251776,0.269184
1609,0.053888,0.631104,2.52982,0.268192,0.26,0.255904,0.251808,0.251808,0.268192
1610,0.054528,0.627616,2.824,0.26816,0.259968,0.255872,0.251808,0.251776,0.26752
1611,0.053952,0.634272,2.53238,0.26816,0.259968,0.255872,0.251776,0.250752,0.26816
1612,0.053376,0.630528,2.52682,0.269184,0.26,0.255872,0.251808,0.251776,0.268192
1613,0.05456,0.63104,2.81955,0.26816,0.259968,0.255872,0.251776,0.251776,0.273664
1614,0.053696,0.632864,2.5368,0.26816,0.259968,0.255872,0.249728,0.2528,0.26816
1615,0.053888,0.63072,2.52525,0.267136,0.259968,0.255904,0.249728,0.253856,0.26816
1616,0.058048,0.629344,2.52672,0.266112,0.259968,0.255904,0.251776,0.251776,0.26816
1617,0.053696,0.906464,2.53824,0.26816,0.259968,0.255872,0.250752,0.251776,0.26816
1618,0.053792,0.62944,2.52214,0.267168,0.26,0.255904,0.24976,0.251776,0.268192
1619,0.0544,0.630208,2.52835,0.26816,0.26,0.255872,0.251776,0.251776,0.26816
1620,0.05376,0.63216,2.9887,0.26816,0.25792,0.255872,0.251776,0.251776,0.271648
1621,0.053344,0.632928,2.53088,0.268192,0.259968,0.255904,0.251808,0.252832,0.268192
1622,0.054048,0.629248,2.52496,0.266112,0.26,0.254848,0.24976,0.251776,0.26816
1623,0.053952,0.629856,2.53462,0.26816,0.259968,0.444288,0.257184,0.253824,0.26816
1624,0.05376,0.800448,2.5329,0.266112,0.259968,0.255872,0.250752,0.251808,0.26816
1625,0.054528,0.63008,2.52803,0.267136,0.259968,0.255872,0.251776,0.251776,0.26816
1626,0.053952,0.63152,2.53709,0.266112,0.259968,0.255872,0.251776,0.251776,0.26816
1627,0.053696,0.6288,2.81958,0.268192,0.26,0.253824,0.251808,0.251808,0.267552
1628,0.054016,0.6328,2.53021,0.266112,0.259968,0.255904,0.249728,0.252832,0.26816
1629,0.053696,0.627904,2.54048,0.267136,0.259968,0.255904,0.251776,0.251776,0.26816
1630,0.054048,0.627136,2.83683,0.266112,0.26,0.253824,0.249728,0.251776,0.271616
1631,0.054752,0.629536,2.52794,0.26816,0.259968,0.255872,0.249728,0.2528,0.26816
1632,0.053312,0.62768,2.53517,0.267136,0.259968,0.255872,0.249728,0.251776,0.26816
1633,0.057728,0.63168,2.53206,0.26816,0.26,0.255872,0.24976,0.251776,0.268192
1634,0.054848,0.90256,2.52714,0.26816,0.259968,0.255872,0.250752,0.251776,0.26816
1635,0.053952,0.63376,2.53296,0.26816,0.259968,0.255872,0.251776,0.251776,0.269184
1636,0.053632,0.63072,2.5263,0.268192,0.259968,0.255904,0.251776,0.251776,0.268192
1637,0.054912,0.6336,2.82355,0.266112,0.259968,0.255904,0.251776,0.251776,0.26736
1638,0.0536,0.63392,2.53312,0.26816,0.259904,0.255872,0.251776,0.25184,0.269184
1639,0.054144,0.629024,2.52637,0.26816,0.258944,0.255872,0.251808,0.251808,0.268192
1640,0.0544,0.628032,2.53181,0.26816,0.259968,0.255872,0.450432,0.257248,0.26816
1641,0.054176,0.87504,2.53478,0.26816,0.259968,0.255872,0.251776,0.250752,0.26816
1642,0.053664,0.632864,2.53267,0.268192,0.26,0.25488,0.251808,0.251776,0.268192
1643,0.054208,0.630016,2.53286,0.266112,0.259968,0.255872,0.251776,0.251776,0.26816
1644,0.053504,0.631712,2.83283,0.26816,0.259968,0.255872,0.249728,0.251776,0.269568
1645,0.053568,0.629056,2.528,0.268192,0.259968,0.255904,0.251808,0.252832,0.268192
1646,0.054272,0.628736,2.5272,0.26816,0.259968,0.256896,0.251776,0.251776,0.26816
1647,0.053888,0.63184,2.83456,0.266112,0.259968,0.255872,0.251776,0.251776,0.275712
1648,0.053728,0.631296,2.52832,0.27024,0.259968,0.255904,0.249728,0.252832,0.268192
1649,0.053824,0.627584,2.52787,0.269184,0.259968,0.255872,0.249728,0.251776,0.26816
1650,0.054688,0.631456,2.52928,0.266112,0.259968,0.255904,0.249728,0.251776,0.26816
1651,0.054336,0.908768,2.52704,0.268192,0.26,0.255872,0.251808,0.250752,0.268192
1652,0.054368,0.629344,2.52758,0.267136,0.259968,0.255872,0.251776,0.251776,0.26816
1653,0.054112,0.629696,2.53462,0.26816,0.259968,0.255872,0.251776,0.251776,0.26816
1654,0.053952,0.629664,2.82429,0.268192,0.259968,0.253856,0.251776,0.251808,0.267552
1655,0.054208,0.634304,2.52749,0.267136,0.259968,0.255872,0.249728,0.251776,0.26816
1656,0.053408,0.6304,2.53469,0.26816,0.259968,0.255872,0.251776,0.251776,0.26816
1657,0.053856,0.628352,2.53078,0.266112,0.262048,0.255904,0.530336,0.255136,0.268192
1658,0.054464,0.801024,2.52867,0.26816,0.258944,0.255872,0.249728,0.251808,0.26816
1659,0.05376,0.62976,2.5313,0.26816,0.259968,0.254848,0.251808,0.251776,0.270208
1660,0.05376,0.630816,2.53424,0.266112,0.26,0.255872,0.251808,0.251808,0.270208
1661,0.05424,0.62704,3.02221,0.266112,0.259968,0.255904,0.249728,0.251808,0.267552
1662,0.053792,0.629824,2.53146,0.26816,0.259968,0.255872,0.251776,0.251776,0.269184
1663,0.053504,0.632544,2.52784,0.266112,0.259968,0.255904,0.251776,0.251808,0.268192
1664,0.054528,0.628768,2.53037,0.271616,0.263392,0.255872,0.249728,0.409472,0.464768
1665,0.054112,0.628416,2.5361,0.267136,0.259968,0.255872,0.251776,0.251776,0.26816
1666,0.053952,0.628896,2.52746,0.268192,0.259968,0.255904,0.251776,0.251808,0.268192
1667,0.054176,0.630528,2.52813,0.26816,0.259968,0.255872,0.250784,0.251776,0.26816
1668,0.053664,0.912416,2.53866,0.26816,0.259968,0.25792,0.250752,0.251776,0.270208
1669,0.05376,0.633504,2.52611,0.266112,0.26,0.255872,0.251808,0.251808,0.267168
1670,0.054368,0.629056,2.5281,0.26816,0.259968,0.255872,0.251776,0.251776,0.26816
1671,0.0544,0.630304,2.82995,0.26816,0.259968,0.255872,0.249728,0.251776,0.2696
1672,0.053888,0.630048,2.53296,0.26816,0.26,0.255872,0.251808,0.251808,0.269184
1673,0.054368,0.630912,2.5257,0.26816,0.260992,0.255872,0.249728,0.251808,0.26816
1674,0.054272,0.628544,2.53315,0.26816,0.259968,0.254848,0.44224,0.255232,0.26816
1675,0.053696,0.797632,2.53085,0.26816,0.26,0.255872,0.251808,0.2528,0.26816
1676,0.054112,0.63072,2.53082,0.267136,0.259968,0.255904,0.249728,0.253824,0.26816
1677,0.05408,0.632448,2.53645,0.266112,0.259968,0.255904,0.249728,0.251776,0.26816
1678,0.05376,0.633824,2.99008,0.26816,0.26,0.255872,0.251808,0.251808,0.26752
1679,0.054144,0.633536,2.52598,0.26816,0.259968,0.255872,0.251776,0.251776,0.269184
1680,0.053728,0.632224,2.53245,0.26816,0.258944,0.255872,0.251776,0.251776,0.26816
1681,0.053952,0.629024,2.83395,0.26816,0.26,0.255872,0.24976,0.251776,0.269568
1682,0.05392,0.630976,2.52912,0.26816,0.259968,0.255872,0.250752,0.251808,0.26816
1683,0.053376,0.629024,2.53258,0.267136,0.26,0.255872,0.251776,0.251776,0.270208
1684,0.05376,0.633664,2.52947,0.268192,0.259968,0.255904,0.249728,0.251808,0.268192
1685,0.053888,0.63312,2.52947,0.26816,0.26,0.255872,0.250752,0.251776,0.26816
1686,0.053632,0.631648,2.53299,0.26816,0.259968,0.255872,0.251776,0.251776,0.269184
1687,0.053952,0.633568,2.52698,0.268192,0.258944,0.255904,0.251808,0.251776,0.268192
1688,0.054656,0.629408,2.82547,0.26816,0.259968,0.255872,0.251776,0.251776,0.267456
1689,0.053536,0.633664,2.53357,0.26816,0.259968,0.255872,0.249728,0.251776,0.269184
1690,0.053792,0.632384,2.52707,0.268192,0.260992,0.255904,0.251808,0.251776,0.268192
1691,0.054336,0.629856,2.52346,0.26816,0.259968,0.445344,0.257248,0.253824,0.26816
1692,0.053728,0.8024,2.53744,0.26816,0.259968,0.255872,0.250752,0.251808,0.26816
1693,0.053984,0.630272,2.52576,0.268192,0.26,0.255904,0.249728,0.251808,0.267168
1694,0.054112,0.632032,2.52646,0.26816,0.26,0.255872,0.251776,0.251776,0.26816
1695,0.054656,0.630208,2.83152,0.26816,0.25792,0.255872,0.251776,0.251776,0.269568
1696,0.053824,0.630752,2.52902,0.268192,0.26,0.255904,0.251808,0.250784,0.268192
1697,0.053824,0.628224,2.52781,0.267136,0.259968,0.255872,0.251776,0.251776,0.26816
1698,0.053984,0.630912,2.80845,0.26816,0.259904,0.408448,0.2552,0.251872,0.273664
1699,0.053728,0.627712,2.52694,0.26816,0.26,0.255872,0.251808,0.251808,0.269184
1700,0.05424,0.63168,2.52496,0.266112,0.258944,0.255872,0.251776,0.251776,0.26816
1701,0.053792,0.629632,2.53162,0.26816,0.259968,0.256896,0.249728,0.251776,0.26816
1702,0.053984,0.629792,2.71171,0.268192,0.259968,0.255904,0.251776,0.251808,0.267552
1703,0.054336,0.6288,2.53382,0.26816,0.259968,0.255872,0.251776,0.2528,0.26816
1704,0.053792,0.62848,2.53686,0.267136,0.259968,0.255872,0.251776,0.251776,0.26816
1705,0.053888,0.62992,2.82576,0.268192,0.259968,0.255904,0.249728,0.251808,0.2696
1706,0.054336,0.63136,2.53235,0.26816,0.259968,0.255904,0.251776,0.251776,0.269184
1707,0.053728,0.631136,2.53552,0.26816,0.258944,0.25392,0.25168,0.251776,0.26816
1708,0.053952,0.629824,2.52976,0.266112,0.259968,0.527232,0.253088,0.253856,0.268192
1709,0.05408,0.632448,2.52746,0.26816,0.259968,0.255872,0.251776,0.251776,0.26816
1710,0.053568,0.630272,2.5385,0.26816,0.259968,0.255872,0.251776,0.2528,0.26816
1711,0.05376,0.63168,2.53075,0.266112,0.259968,0.254848,0.251776,0.251808,0.26816
1712,0.054848,0.633568,2.8239,0.26816,0.259968,0.255872,0.251776,0.251776,0.269504
1713,0.05376,0.627872,2.5359,0.26816,0.259968,0.255872,0.251776,0.2528,0.26816
1714,0.053792,0.631744,2.53261,0.267136,0.259968,0.255872,0.251808,0.251808,0.268192
1715,0.054368,0.631712,2.81786,0.26816,0.26,0.255872,0.251776,0.251776,0.27776
1716,0.0536,0.62976,2.53658,0.26816,0.259968,0.255872,0.251776,0.250752,0.26816
1717,0.053984,0.62992,2.52794,0.267168,0.26,0.255904,0.251808,0.251776,0.268192
1718,0.056928,0.630912,2.52362,0.26816,0.26,0.255872,0.249728,0.251776,0.26816
1719,0.054112,0.899168,2.7169,0.26816,0.259968,0.255872,0.251776,0.251776,0.269536
1720,0.053792,0.630752,2.53123,0.268192,0.26,0.255904,0.251776,0.252832,0.268192
1721,0.05408,0.630176,2.52947,0.266112,0.259968,0.256928,0.251776,0.251776,0.26816
1722,0.053664,0.629504,2.84022,0.26816,0.26,0.255872,0.251776,0.251776,0.2696
1723,0.05344,0.631648,2.53082,0.268192,0.26,0.255904,0.24976,0.251808,0.267168
1724,0.054176,0.627584,2.52573,0.266112,0.258976,0.255904,0.24976,0.251808,0.26816
1725,0.05392,0.627488,2.53174,0.26816,0.259968,0.535424,0.25504,0.253824,0.26816
1726,0.053856,0.630368,2.53149,0.266112,0.25792,0.255904,0.251808,0.251776,0.26816
1727,0.054368,0.627808,2.52874,0.26816,0.258944,0.255872,0.251776,0.251776,0.26816
1728,0.053504,0.630528,2.53674,0.266112,0.259968,0.254848,0.251808,0.251776,0.26816
1729,0.053856,0.630464,2.82582,0.268192,0.26,0.255872,0.251808,0.251808,0.269568
1730,0.054368,0.629152,2.52989,0.26816,0.259968,0.255872,0.251776,0.2528,0.26816
1731,0.053728,0.631136,2.52838,0.267136,0.259968,0.255872,0.251776,0.251776,0.26816
1732,0.054464,0.632192,2.82339,0.266112,0.26,0.255872,0.251808,0.251808,0.275712
1733,0.05424,0.628224,2.52659,0.26816,0.259968,0.255872,0.251776,0.2528,0.26816
1734,0.053792,0.6288,2.53088,0.267136,0.259968,0.255872,0.249728,0.251776,0.26816
1735,0.053696,0.63072,2.52666,0.268192,0.259968,0.255904,0.251776,0.251776,0.268192
1736,0.054688,0.930528,2.52883,0.266112,0.259968,0.255904,0.249728,0.2528,0.26816
1737,0.053536,0.633504,2.53565,0.267136,0.259968,0.25792,0.251776,0.251776,0.26816
1738,0.054112,0.633376,2.53174,0.268192,0.259968,0.255904,0.251776,0.251808,0.268192
1739,0.0544,0.629728,3.01194,0.26816,0.26,0.255872,0.251776,0.251776,0.273664
1740,0.053632,0.630208,2.53933,0.26816,0.259968,0.255872,0.251776,0.2528,0.26816
1741,0.053728,0.632928,2.53491,0.269216,0.259968,0.257952,0.251808,0.251808,0.268192
1742,0.054464,0.630144,2.53523,0.26816,0.262016,0.52624,0.257248,0.253824,0.26816
1743,0.053696,0.632736,2.54653,0.26816,0.259968,0.255872,0.251776,0.251776,0.26816
1744,0.053952,0.632,2.54118,0.270208,0.258944,0.255872,0.251808,0.253856,0.268192
1745,0.053856,0.633696,2.53798,0.26816,0.26,0.256896,0.251776,0.251776,0.26816
1746,0.053728,0.631424,2.84298,0.26816,0.259936,0.255904,0.251776,0.251808,0.269568
1747,0.05392,0.632288,2.53491,0.26816,0.26,0.255872,0.251808,0.2528,0.26816
1748,0.054592,0.63168,2.53603,0.269184,0.259968,0.255872,0.251776,0.251776,0.26816
1749,0.053824,0.633248,2.84304,0.26816,0.259968,0.255872,0.251776,0.251776,0.271616
1750,0.054144,0.629632,2.54038,0.268192,0.259968,0.255904,0.250752,0.251808,0.268192
1751,0.054592,0.63296,2.5409,0.267136,0.26,0.255904,0.251776,0.251776,0.26816
1752,0.055552,0.632576,2.54429,0.26816,0.259968,0.255872,0.251776,0.251776,0.26816
1753,0.05424,0.906272,2.53978,0.268192,0.259968,0.255904,0.250784,0.251808,0.268192
1754,0.054368,0.632096,2.53562,0.26816,0.259968,0.255872,0.251776,0.251776,0.269184
1755,0.053888,0.634176,2.54064,0.26816,0.259968,0.255872,0.251776,0.251776,0.26816
1756,0.053824,0.630528,2.83427,0.266112,0.259968,0.255872,0.251776,0.251808,0.2696
1757,0.053984,0.630336,2.53754,0.26816,0.262016,0.255872,0.251808,0.251776,0.269184
1758,0.053792,0.629504,2.54134,0.26816,0.260896,0.25792,0.251776,0.251872,0.270208
1759,0.053632,0.628704,2.53696,0.26816,0.259968,0.521088,0.255136,0.253856,0.268192
1760,0.054336,0.791808,2.53811,0.26816,0.259968,0.255872,0.250752,0.253856,0.26816
1761,0.054048,0.62896,2.54666,0.26816,0.259968,0.255872,0.251776,0.251776,0.269184
1762,0.05392,0.630304,2.54256,0.268192,0.258944,0.255904,0.251776,0.251776,0.268192
1763,0.054304,0.630048,2.83789,0.26816,0.26,0.255872,0.251776,0.251776,0.269568
1764,0.053408,0.62896,2.54563,0.26816,0.259968,0.255872,0.251776,0.2528,0.26816
1765,0.05376,0.633344,2.53946,0.267136,0.259968,0.255872,0.251808,0.251776,0.268192
1766,0.054592,0.630624,2.84707,0.26816,0.259968,0.255872,0.251808,0.253824,0.271616
1767,0.0536,0.629856,2.54166,0.26816,0.259968,0.25792,0.2528,0.251776,0.26816
1768,0.054208,0.63424,2.53939,0.269216,0.259968,0.255872,0.251776,0.251808,0.268192
1769,0.063104,0.62976,2.53613,0.26816,0.52928,0.255872,0.251776,0.253824,0.26816
1770,0.05328,0.624416,2.53718,0.26816,0.259968,0.255904,0.2528,0.251776,0.26816
1771,0.05392,0.629632,2.53888,0.27024,0.259968,0.255904,0.251776,0.251808,0.267168
1772,0.054208,0.63008,2.53898,0.26816,0.260992,0.255872,0.251776,0.251776,0.26816
1773,0.05376,0.63024,2.8383,0.26816,0.259968,0.255904,0.251776,0.251776,0.269568
1774,0.053696,0.633024,2.53718,0.268192,0.259968,0.255872,0.251776,0.251776,0.269216
1775,0.054464,0.631456,2.53549,0.26816,0.260992,0.25792,0.251776,0.253824,0.26816
1776,0.053952,0.634624,2.54083,0.26816,0.259968,0.44736,0.255168,0.253824,0.26816
1777,0.0544,0.632992,2.53984,0.268192,0.26,0.255872,0.250752,0.251776,0.268192
1778,0.054048,0.634784,2.53427,0.26816,0.26,0.25792,0.251776,0.251776,0.269184
1779,0.053472,0.629152,2.54326,0.26816,0.260992,0.255872,0.251776,0.251776,0.26816
1780,0.054208,0.631392,3.01053,0.268192,0.26,0.255904,0.251808,0.251776,0.267488
1781,0.054464,0.63232,2.53622,0.26816,0.259968,0.255872,0.251776,0.251776,0.26816
1782,0.053568,0.6336,2.54285,0.270208,0.259968,0.25792,0.251776,0.2528,0.270208
1783,0.053984,0.631328,2.83747,0.266144,0.26,0.255872,0.251808,0.251776,0.2696
1784,0.054592,0.631968,2.53821,0.26816,0.259968,0.256896,0.251776,0.251776,0.26816
1785,0.05376,0.631936,2.5456,0.26816,0.259968,0.25792,0.251776,0.251776,0.269184
1786,0.053856,0.628064,2.53667,0.26816,0.541568,0.257952,0.251776,0.253856,0.26816
1787,0.053888,0.63248,2.53565,0.26816,0.259968,0.256896,0.251776,0.251808,0.26816
1788,0.053696,0.630272,2.54339,0.26816,0.259968,0.255872,0.251776,0.253824,0.26816
1789,0.0536,0.632096,2.53715,0.268192,0.259968,0.255904,0.251808,0.2528,0.26816
1790,0.054368,0.628576,2.83341,0.26816,0.26,0.255872,0.251776,0.251776,0.269568
1791,0.053984,0.629568,2.54506,0.26816,0.259968,0.255872,0.249728,0.251776,0.26816
1792,0.053568,0.62752,2.53994,0.26816,0.259968,0.255872,0.251808,0.2528,0.26816
1793,0.054688,0.628096,2.53824,0.546688,0.259968,0.261344,0.251776,0.253856,0.270208
1794,0.053472,0.634496,2.5431,0.26816,0.259968,0.255872,0.251776,0.253824,0.26816
1795,0.053984,0.630912,2.54032,0.268192,0.26,0.255904,0.250784,0.253824,0.26816
1796,0.054272,0.628768,2.53485,0.267136,0.259968,0.255872,0.251776,0.251776,0.26816
1797,0.053568,0.634656,2.54634,0.26816,0.258944,0.255904,0.251776,0.251776,0.26816
1798,0.054272,0.63056,2.53965,0.268192,0.26,0.255904,0.250784,0.251776,0.268192
1799,0.05392,0.630304,2.53914,0.26816,0.259968,0.255872,0.251776,0.251776,0.269184
1800,0.054112,0.631616,2.82198,0.42176,0.259968,0.2592,0.251776,0.253824,0.269568
1801,0.053632,0.633824,2.53984,0.27024,0.26,0.255904,0.251808,0.251776,0.268192
1802,0.054688,0.632736,2.53002,0.26816,0.26,0.255872,0.250752,0.251776,0.26816
1803,0.05408,0.631712,2.5496,0.267136,0.267456,0.255968,0.25168,0.52928,0.26816
1804,0.05408,0.631168,2.53766,0.269216,0.259968,0.255904,0.251808,0.251808,0.268192
1805,0.054912,0.63296,2.53805,0.26816,0.259968,0.255904,0.251776,0.251776,0.26816
1806,0.0536,0.630208,2.54355,0.270208,0.262016,0.255872,0.251776,0.2528,0.26816
1807,0.053856,0.631648,2.83354,0.268192,0.26,0.255904,0.251808,0.253856,0.269568
1808,0.054592,0.628832,2.53843,0.26816,0.259968,0.255872,0.251776,0.253824,0.26816
1809,0.053888,0.63248,2.54198,0.26816,0.259968,0.255872,0.249728,0.2528,0.26816
1810,0.053952,0.634816,2.53891,0.27568,0.259968,0.25792,0.251776,0.251776,0.547712
1811,0.054368,0.630048,2.53578,0.26816,0.26,0.255872,0.251808,0.251776,0.26816
1812,0.054272,0.630656,2.54422,0.26816,0.259968,0.255872,0.2528,0.251776,0.270208
1813,0.053696,0.633376,2.53882,0.268192,0.259968,0.255904,0.251808,0.251776,0.269216
1814,0.054816,0.927904,2.54,0.26816,0.260992,0.255872,0.251776,0.253824,0.26816
1815,0.05392,0.628224,2.54074,0.26816,0.259968,0.255872,0.250752,0.253824,0.270208
1816,0.053664,0.63104,2.53747,0.268192,0.259968,0.257952,0.251776,0.251808,0.269216
1817,0.05456,0.634176,2.84163,0.26816,0.259968,0.255872,0.251776,0.251776,0.269568
1818,0.053696,0.631488,2.54189,0.270208,0.259968,0.256896,0.251776,0.253824,0.270208
1819,0.053696,0.634144,2.53578,0.27024,0.26,0.255904,0.251808,0.253856,0.269216
1820,0.054176,0.629472,2.54118,0.26816,0.263392,0.255872,0.251776,0.525184,0.26816
1821,0.053696,0.796992,2.54419,0.26816,0.260992,0.255872,0.251776,0.251776,0.26816
1822,0.053632,0.629664,2.5384,0.268192,0.259968,0.256928,0.251776,0.251808,0.268192
1823,0.053856,0.629504,2.53834,0.26816,0.259968,0.255872,0.251776,0.253824,0.269184
1824,0.0536,0.631776,2.8383,0.26816,0.259968,0.255872,0.251776,0.251776,0.2696
1825,0.054144,0.630368,2.53286,0.268192,0.26,0.255904,0.251808,0.251776,0.268192
1826,0.0544,0.630816,2.53792,0.26816,0.26,0.255872,0.250752,0.251776,0.26816
1827,0.053728,0.633344,2.54406,0.273632,0.26544,0.25792,0.251776,0.4064,0.460672
1828,0.053984,0.630784,2.53853,0.269184,0.259968,0.25792,0.251808,0.253856,0.27024
1829,0.054688,0.63232,2.53898,0.26816,0.259968,0.257952,0.251776,0.251776,0.26816
1830,0.0536,0.629824,2.54214,0.26816,0.259968,0.25792,0.250752,0.251776,0.26816
1831,0.053824,0.928224,2.5383,0.26816,0.261024,0.255872,0.251776,0.253856,0.268192
1832,0.054304,0.634432,2.53987,0.26816,0.26,0.256928,0.251776,0.251776,0.26816
1833,0.053664,0.632736,2.54618,0.26816,0.26,0.25792,0.251776,0.251776,0.26816
1834,0.053728,0.63184,2.83926,0.268192,0.26,0.255904,0.251808,0.251776,0.2696
1835,0.0544,0.627072,2.54147,0.267136,0.259968,0.257952,0.251776,0.253824,0.26816
1836,0.053568,0.631872,2.54051,0.26816,0.259968,0.255872,0.251776,0.251776,0.26816
1837,0.053856,0.632768,2.53677,0.26816,0.262048,0.255872,0.525216,0.257248,0.26816
1838,0.054144,0.630048,2.53862,0.26816,0.26,0.255872,0.251776,0.251776,0.269184
1839,0.053408,0.63056,2.54214,0.26816,0.260992,0.255872,0.251776,0.253824,0.26816
1840,0.054112,0.630464,2.53795,0.26816,0.259968,0.255904,0.250752,0.253856,0.268192
1841,0.054848,0.629632,2.99229,0.26816,0.26,0.255872,0.251776,0.251776,0.269568
1842,0.05392,0.630944,2.54195,0.267136,0.259936,0.255872,0.251776,0.25184,0.26816
1843,0.053952,0.631136,2.54144,0.27024,0.26,0.255904,0.251808,0.251776,0.268192
1844,0.054336,0.628384,2.83034,0.26816,0.259968,0.255872,0.251776,0.251776,0.279776
1845,0.053472,0.63152,2.5423,0.26816,0.259968,0.255872,0.251776,0.2528,0.26816
1846,0.054208,0.630976,2.54131,0.267168,0.259968,0.255904,0.251776,0.251808,0.268192
1847,0.054464,0.631968,2.53869,0.26816,0.26,0.25792,0.251776,0.251776,0.26816
1848,0.05376,0.935136,2.54675,0.26816,0.260992,0.25792,0.251776,0.253824,0.26816
1849,0.053856,0.633536,2.54253,0.268192,0.26,0.256896,0.251776,0.251808,0.268192
1850,0.054144,0.630336,2.53866,0.26816,0.26,0.255872,0.251776,0.251776,0.26816
1851,0.054144,0.632768,2.85168,0.26816,0.259936,0.255872,0.251776,0.251808,0.269568
1852,0.053952,0.630912,2.5392,0.269184,0.259968,0.255872,0.251808,0.251776,0.268192
1853,0.054016,0.631072,2.53728,0.26816,0.259968,0.255872,0.251776,0.251776,0.26816
1854,0.053888,0.6296,2.53907,0.26816,0.262016,0.25792,0.523136,0.255232,0.26816
1855,0.053856,0.632416,2.53658,0.268192,0.262048,0.255904,0.251808,0.251776,0.267168
1856,0.0544,0.629408,2.53936,0.26816,0.261024,0.25792,0.251776,0.251776,0.26816
1857,0.053728,0.630592,2.54282,0.26816,0.26,0.256896,0.251776,0.251776,0.270208
1858,0.053792,0.628352,2.83344,0.268192,0.259968,0.257952,0.251808,0.251808,0.267552
1859,0.054112,0.631744,2.54102,0.266112,0.260992,0.257952,0.251776,0.251776,0.26816
1860,0.05376,0.629472,2.54032,0.26816,0.259968,0.256896,0.251776,0.251776,0.26816
1861,0.054016,0.631648,2.81878,0.26816,0.26,0.255872,0.40848,0.255264,0.27776
1862,0.054112,0.631936,2.53885,0.26816,0.259968,0.255872,0.251776,0.251776,0.269184
1863,0.053856,0.62992,2.5449,0.26816,0.260992,0.255872,0.251776,0.251776,0.270208
1864,0.057248,0.63216,2.53798,0.268192,0.259968,0.256896,0.24976,0.251776,0.268192
1865,0.054176,0.90944,2.71827,0.26816,0.259968,0.255872,0.251776,0.251776,0.269568
1866,0.05392,0.630528,2.54608,0.270208,0.259968,0.255872,0.251776,0.2528,0.26816
1867,0.053888,0.633472,2.53997,0.26816,0.259968,0.256928,0.251808,0.251776,0.26816
1868,0.054496,0.633344,2.84045,0.271616,0.259968,0.257952,0.251776,0.253824,0.412928
1869,0.05376,0.634496,2.54544,0.26816,0.258976,0.255872,0.251776,0.251776,0.26816
1870,0.05408,0.63072,2.53894,0.27024,0.259968,0.255904,0.252832,0.251776,0.26816
1871,0.056096,0.630656,2.5367,0.450272,0.41568,0.26256,0.253824,0.251776,0.269184
1872,0.053824,0.630016,2.54048,0.26816,0.259872,0.256896,0.251776,0.251872,0.26816
1873,0.053664,0.6328,2.53722,0.27024,0.259968,0.255872,0.251776,0.251776,0.269216
1874,0.054432,0.628224,2.53453,0.26816,0.258944,0.255872,0.251776,0.253824,0.26816
1875,0.053984,0.634592,2.84179,0.26816,0.262016,0.255872,0.251776,0.251776,0.269568
1876,0.053696,0.629696,2.53677,0.268192,0.259968,0.255904,0.252832,0.253856,0.268192
1877,0.055136,0.632928,2.53962,0.270208,0.259968,0.255872,0.251776,0.251776,0.269184
1878,0.05376,0.630176,2.82662,0.422784,0.259968,0.259328,0.251776,0.251776,0.269568
1879,0.053728,0.632224,2.53773,0.26816,0.26,0.255872,0.251808,0.253856,0.26816
1880,0.054144,0.633792,2.54154,0.26816,0.26,0.255872,0.250752,0.251808,0.26816
1881,0.0536,0.634688,2.54307,0.26816,0.265376,0.25792,0.251776,0.443264,0.269184
1882,0.054272,0.80272,2.54086,0.268192,0.258944,0.255904,0.251808,0.253856,0.268192
1883,0.054272,0.630912,2.54086,0.26816,0.259968,0.256896,0.251776,0.251776,0.26816
1884,0.053824,0.629984,2.544,0.26816,0.259968,0.255872,0.251776,0.253824,0.269184
1885,0.053824,0.631488,2.82563,0.26816,0.26,0.255872,0.251808,0.251776,0.26752
1886,0.054528,0.62992,2.53738,0.26816,0.260992,0.255872,0.251776,0.251776,0.26816
1887,0.053472,0.630304,2.54493,0.26816,0.259968,0.256896,0.251776,0.251776,0.26816
1888,0.053824,0.632288,2.54006,0.271616,0.263424,0.257952,0.251808,0.40336,0.460704
1889,0.054176,0.631776,2.53942,0.269184,0.26,0.255872,0.253824,0.251776,0.26816
1890,0.053792,0.632256,2.54493,0.26816,0.259968,0.255872,0.251776,0.251776,0.26816
1891,0.054272,0.632032,2.53731,0.268192,0.259968,0.255904,0.2528,0.251776,0.268192
1892,0.054944,0.928544,2.5337,0.26816,0.258944,0.255872,0.251808,0.253824,0.26816
1893,0.053888,0.630528,2.54048,0.270208,0.259968,0.256896,0.251776,0.251776,0.270208
1894,0.053728,0.632192,2.54317,0.26816,0.259968,0.255872,0.251808,0.251808,0.270208
1895,0.054656,0.630176,2.83965,0.26816,0.259968,0.255872,0.251776,0.251776,0.269568
1896,0.053792,0.635296,2.54211,0.267136,0.262016,0.255872,0.251776,0.251776,0.26816
1897,0.053952,0.631616,2.53875,0.26816,0.26,0.255872,0.251808,0.251808,0.26816
1898,0.054752,0.628832,2.53837,0.26816,0.262016,0.255872,0.509824,0.259168,0.26816
1899,0.053952,0.819872,2.54608,0.26816,0.260992,0.255872,0.251776,0.253824,0.270208
1900,0.054016,0.632544,2.53904,0.26816,0.259968,0.256928,0.251808,0.251776,0.268192
1901,0.054688,0.62992,2.53898,0.26816,0.26,0.255872,0.251776,0.251776,0.26816
1902,0.053888,0.628832,2.84112,0.26816,0.26,0.256,0.251648,0.251776,0.269504
1903,0.054208,0.629408,2.53731,0.26816,0.259968,0.255872,0.251808,0.252832,0.268192
1904,0.054272,0.630304,2.53514,0.26816,0.26,0.256896,0.251776,0.251776,0.26816
1905,0.053472,0.630912,2.84387,0.26816,0.259968,0.255872,0.251776,0.253824,0.279808
1906,0.05376,0.630016,2.53501,0.268192,0.259968,0.255904,0.251776,0.2528,0.268192
1907,0.054464,0.630752,2.53936,0.267136,0.259968,0.255872,0.251808,0.251776,0.26816
1908,0.054016,0.63168,2.54493,0.26816,0.262016,0.25792,0.251776,0.251776,0.270208
1909,0.054368,0.931552,2.5457,0.26816,0.26,0.255872,0.251808,0.252832,0.26816
1910,0.054336,0.631104,2.53821,0.267136,0.26,0.255872,0.251776,0.251776,0.26816
1911,0.053312,0.633472,2.54112,0.26816,0.259968,0.25792,0.251776,0.251776,0.26816
1912,0.053792,0.629056,2.83581,0.26816,0.26,0.255872,0.251808,0.251808,0.26752
1913,0.054176,0.63024,2.53773,0.269184,0.26,0.255872,0.251776,0.251776,0.26816
1914,0.053568,0.630272,2.54234,0.26816,0.259968,0.255872,0.251776,0.253824,0.26816
1915,0.053952,0.629568,2.53734,0.26816,0.262016,0.255872,0.53136,0.2552,0.26816
1916,0.054432,0.631968,2.53878,0.26816,0.259968,0.25792,0.251776,0.251776,0.269184
1917,0.053568,0.6288,2.54774,0.26816,0.260992,0.255872,0.251776,0.251776,0.26816
1918,0.053696,0.632704,2.53741,0.268192,0.259968,0.256928,0.251776,0.251808,0.268192
1919,0.054496,0.625728,3.00739,0.26816,0.259968,0.255872,0.249728,0.251776,0.267488
1920,0.05376,0.632192,2.54918,0.267136,0.259968,0.255872,0.251776,0.251776,0.26816
1921,0.053792,0.636832,2.53878,0.268192,0.26,0.255904,0.251808,0.251776,0.268192
1922,0.054816,0.63088,2.84083,0.26816,0.259968,0.255872,0.251776,0.253824,0.269536
1923,0.05408,0.63184,2.54317,0.26816,0.259968,0.255872,0.250752,0.251776,0.26816
1924,0.054048,0.633024,2.54042,0.269184,0.259968,0.255872,0.251808,0.251808,0.268192
1925,0.056256,0.630592,2.53846,0.26816,0.259968,0.255872,0.251776,0.251776,0.26816
1926,0.054272,0.907584,2.54624,0.26816,0.259968,0.255872,0.250752,0.253824,0.26816
1927,0.053824,0.62912,2.5384,0.268192,0.26,0.255904,0.251808,0.251776,0.267168
1928,0.054112,0.631232,2.53894,0.26816,0.259968,0.255872,0.251776,0.253824,0.270208
1929,0.053568,0.632672,2.85181,0.26816,0.259968,0.255872,0.251776,0.251776,0.2696
1930,0.053856,0.629184,2.54096,0.268192,0.26,0.257952,0.251808,0.253856,0.267168
1931,0.05424,0.632704,2.54003,0.26816,0.260992,0.255872,0.251776,0.251776,0.26816
1932,0.05376,0.627712,2.54602,0.26816,0.262016,0.529344,0.252928,0.253824,0.26816
1933,0.053664,0.633152,2.5409,0.26816,0.259968,0.255872,0.251808,0.251776,0.26816
1934,0.054368,0.63264,2.53238,0.26816,0.259968,0.255872,0.251776,0.252832,0.26816
1935,0.053568,0.628608,2.54285,0.26816,0.259968,0.256896,0.251776,0.251776,0.26816
1936,0.054048,0.62784,2.84362,0.26816,0.259968,0.257952,0.251776,0.251808,0.269568
1937,0.05456,0.632416,2.53408,0.26816,0.259968,0.255872,0.251776,0.2528,0.26816
1938,0.05376,0.6304,2.54099,0.267136,0.259968,0.255872,0.251776,0.251776,0.26816
1939,0.054144,0.630592,2.82262,0.268192,0.26,0.409504,0.257184,0.253856,0.271648
1940,0.054336,0.631904,2.5399,0.270208,0.259968,0.255872,0.251776,0.253824,0.26816
1941,0.054048,0.627264,2.54307,0.26816,0.260992,0.256,0.251648,0.251776,0.270208
1942,0.057056,0.631232,2.53885,0.268192,0.5344,0.254848,0.251808,0.251776,0.268192
1943,0.05392,0.631456,2.53792,0.26816,0.259968,0.256896,0.251776,0.251776,0.26816
1944,0.054144,0.630048,2.54176,0.26816,0.259968,0.25792,0.251776,0.253824,0.269184
1945,0.053568,0.630816,2.53981,0.26816,0.258944,0.255872,0.251808,0.251808,0.268192
1946,0.054432,0.630624,2.83222,0.266112,0.26,0.255872,0.251776,0.251776,0.269568
1947,0.053696,0.633824,2.54339,0.26816,0.259968,0.255872,0.251776,0.251776,0.26816
1948,0.053696,0.62864,2.54022,0.266112,0.26,0.255904,0.251776,0.252832,0.268192
1949,0.054848,0.631936,2.53802,0.26816,0.259968,0.530304,0.253152,0.253824,0.26816
1950,0.05376,0.629376,2.5433,0.26816,0.259968,0.255872,0.251808,0.251776,0.26816
1951,0.053664,0.635968,2.53933,0.268192,0.259968,0.255904,0.251808,0.252832,0.268192
1952,0.0544,0.629632,2.53456,0.267136,0.259968,0.255872,0.251776,0.251776,0.26816
1953,0.053856,0.632992,2.8353,0.26816,0.259968,0.255872,0.251776,0.251776,0.269568
1954,0.054048,0.62784,2.54115,0.268192,0.259968,0.255904,0.250784,0.251808,0.26816
1955,0.054208,0.629024,2.54112,0.267136,0.259968,0.255904,0.251776,0.253824,0.26816
1956,0.053696,0.631648,2.83594,0.26816,0.259968,0.255872,0.251776,0.251776,0.269568
1957,0.054048,0.63248,2.53894,0.268192,0.259968,0.255904,0.252832,0.253856,0.26816
1958,0.054208,0.63248,2.53523,0.26816,0.259968,0.255872,0.251776,0.251776,0.269184
1959,0.061568,0.630784,2.54038,0.26816,0.51392,0.25792,0.251776,0.253824,0.26816
1960,0.054048,0.629248,2.71203,0.268192,0.259968,0.255904,0.251776,0.251808,0.2696
1961,0.054048,0.631648,2.53891,0.26816,0.262016,0.255872,0.2528,0.251776,0.26816
1962,0.053792,0.630624,2.54691,0.269184,0.259968,0.255872,0.251776,0.251776,0.26816
1963,0.053952,0.633344,2.8329,0.268192,0.26,0.255904,0.251808,0.251776,0.2696
1964,0.05408,0.630784,2.54026,0.26816,0.259968,0.255872,0.251776,0.253824,0.26816
1965,0.053504,0.63168,2.54525,0.26816,0.259968,0.255872,0.251776,0.2528,0.270208
1966,0.054688,0.630656,2.53574,0.455552,0.415616,0.263456,0.251808,0.253824,0.268192
1967,0.05456,0.632416,2.5375,0.26816,0.26,0.256896,0.251776,0.251776,0.26816
1968,0.05376,0.630976,2.53933,0.26816,0.259968,0.25792,0.251776,0.251776,0.26816
1969,0.053824,0.632,2.53706,0.268192,0.260992,0.255872,0.251808,0.253824,0.268192
1970,0.0544,0.635808,2.83632,0.270208,0.259968,0.255872,0.251776,0.251776,0.269568
1971,0.053664,0.630336,2.54013,0.26816,0.259968,0.25792,0.2528,0.251776,0.26816
1972,0.053536,0.634624,2.5375,0.26816,0.26,0.255872,0.251808,0.251808,0.269216
1973,0.054688,0.634048,2.82998,0.26816,0.26,0.255872,0.251808,0.251776,0.269568
1974,0.053632,0.634368,2.54272,0.26816,0.259872,0.255872,0.250752,0.251872,0.26816
1975,0.053632,0.635904,2.53446,0.268192,0.259968,0.255872,0.251808,0.251776,0.269184
1976,0.056992,0.629248,2.53786,0.26816,0.450432,0.255872,0.251776,0.251776,0.26816
1977,0.05392,0.631392,2.72038,0.270208,0.26,0.25792,0.251776,0.251776,0.269568
1978,0.05376,0.630176,2.53869,0.26816,0.26,0.255872,0.252832,0.253824,0.26816
1979,0.054304,0.63296,2.53322,0.26816,0.259968,0.255872,0.251776,0.253824,0.269184
1980,0.05424,0.628064,3.01322,0.26816,0.259968,0.255872,0.251776,0.251776,0.269568
1981,0.054016,0.631488,2.53606,0.268192,0.26,0.256928,0.251808,0.251776,0.268192
1982,0.054304,0.631552,2.53587,0.26816,0.259968,0.255872,0.251776,0.253824,0.269184
1983,0.053664,0.629664,2.5408,0.271584,0.263424,0.25792,0.251776,0.408448,0.470912
1984,0.053472,0.631552,2.5399,0.269216,0.259968,0.255904,0.251808,0.251776,0.26816
1985,0.054304,0.630144,2.53738,0.26816,0.259968,0.25792,0.251776,0.253824,0.26816
1986,0.053696,0.629888,2.54445,0.26816,0.259968,0.255872,0.2528,0.253824,0.26816
1987,0.05408,0.634048,2.83562,0.26816,0.259968,0.255872,0.251808,0.253856,0.269568
1988,0.054144,0.630976,2.53741,0.26816,0.26,0.255872,0.250752,0.251808,0.26816
1989,0.053568,0.632,2.54787,0.26816,0.259904,0.25792,0.251776,0.25184,0.269184
1990,0.053856,0.62928,2.83789,0.26816,0.26,0.255872,0.251808,0.253856,0.269568
1991,0.0544,0.63088,2.53936,0.267136,0.259968,0.255872,0.251776,0.253824,0.26816
1992,0.053472,0.634144,2.54467,0.26816,0.259968,0.255872,0.251776,0.251776,0.26816
1993,0.054112,0.629728,2.5375,0.268192,0.263424,0.25792,0.251776,0.527264,0.268192
1994,0.054848,0.631392,2.5399,0.267136,0.262048,0.255872,0.251776,0.251776,0.26816
1995,0.054016,0.630624,2.54144,0.26816,0.259936,0.255872,0.251776,0.25184,0.26816
1996,0.054016,0.630304,2.5424,0.268192,0.259968,0.255904,0.250752,0.253856,0.268192
1997,0.054368,0.631104,2.84333,0.26816,0.262016,0.255904,0.251808,0.251776,0.269536
1998,0.053696,0.632672,2.54224,0.26816,0.260992,0.255872,0.251776,0.251776,0.270208
1999,0.053824,0.633248,2.5369,0.268192,0.26,0.256896,0.251808,0.253856,0.268192
2000,0.054176,0.631424,2.53901,0.269568,0.263392,0.25792,0.251776,0.408448,0.528256
2001,0.053664,0.629408,2.54573,0.267136,0.259968,0.255872,0.251776,0.253824,0.26816
2002,0.053856,0.633408,2.53578,0.26816,0.262016,0.255872,0.251808,0.253856,0.26816
2003,0.054784,0.63184,2.53482,0.26816,0.259968,0.255872,0.252832,0.251776,0.26816
2004,0.054016,0.92784,2.54442,0.26816,0.260992,0.25792,0.251776,0.251776,0.26816
2005,0.054336,0.634496,2.5391,0.26816,0.26,0.256928,0.251808,0.251776,0.26816
2006,0.054688,0.631168,2.53901,0.26816,0.259968,0.255872,0.251776,0.253824,0.26816
2007,0.053568,0.628224,2.84291,0.26816,0.259968,0.25792,0.251776,0.251776,0.269568
2008,0.05376,0.633856,2.53674,0.269216,0.259968,0.255904,0.251776,0.251808,0.268192
2009,0.054272,0.629632,2.54099,0.26816,0.259968,0.255872,0.251808,0.251776,0.26816
2010,0.054112,0.63072,2.54586,0.26816,0.262016,0.255872,0.538496,0.255232,0.26816
2011,0.053984,0.634016,2.53674,0.26816,0.26,0.255872,0.251808,0.253856,0.267136
2012,0.054048,0.63248,2.53901,0.26816,0.258944,0.25792,0.251776,0.253824,0.26816
2013,0.053664,0.6328,2.54278,0.270208,0.259968,0.254944,0.25168,0.253856,0.270208
2014,0.053568,0.630336,2.83632,0.268192,0.259968,0.255872,0.251776,0.251776,0.269568
2015,0.054144,0.637856,2.53514,0.26816,0.260992,0.255872,0.251776,0.253824,0.26816
2016,0.05376,0.629664,2.54675,0.270208,0.26,0.256896,0.251776,0.251776,0.26816
2017,0.0544,0.632256,2.53968,0.269536,0.263424,0.255872,0.251808,0.410496,0.458656
2018,0.053952,0.629056,2.53747,0.269184,0.26,0.255872,0.251776,0.251776,0.26816
2019,0.05376,0.630496,2.54493,0.26816,0.262016,0.255872,0.251776,0.253824,0.26816
2020,0.05376,0.629792,2.53578,0.26816,0.26,0.25792,0.252832,0.251776,0.268192
2021,0.05408,0.923232,2.71485,0.26816,0.26,0.255872,0.251776,0.251776,0.269568
2022,0.053696,0.63248,2.5423,0.26816,0.262016,0.255872,0.251776,0.251776,0.26816
2023,0.053664,0.632608,2.5407,0.26816,0.259968,0.255904,0.250784,0.253856,0.268192
2024,0.05488,0.629248,2.84822,0.26816,0.259968,0.255904,0.251776,0.251776,0.269536
2025,0.053824,0.629952,2.54307,0.26816,0.259968,0.255872,0.251776,0.251776,0.269184
2026,0.054048,0.632864,2.53776,0.26816,0.261024,0.255872,0.251808,0.251808,0.26816
2027,0.0544,0.631872,2.53997,0.26816,0.262016,0.255872,0.44224,0.255232,0.26816
2028,0.053792,0.794848,2.54835,0.26816,0.259968,0.25792,0.2528,0.251776,0.26816
2029,0.053568,0.628448,2.53539,0.269216,0.259968,0.255904,0.251776,0.251808,0.268192
2030,0.054368,0.632736,2.5367,0.26816,0.26,0.25792,0.251776,0.251776,0.26816
2031,0.053728,0.629216,2.84637,0.26816,0.259968,0.255872,0.251776,0.251776,0.269536
2032,0.05344,0.63248,2.53411,0.268192,0.259968,0.255904,0.251808,0.252832,0.268192
2033,0.054368,0.633664,2.53661,0.267136,0.26,0.255872,0.251776,0.251776,0.26816
2034,0.054144,0.628384,2.84646,0.26816,0.259968,0.25792,0.251776,0.251776,0.27776
2035,0.053792,0.629408,2.53754,0.268192,0.26,0.255904,0.251776,0.252832,0.268192
2036,0.05456,0.633728,2.54,0.267136,0.262048,0.255872,0.251776,0.251776,0.26816
2037,0.0536,0.631328,2.54509,0.270208,0.259872,0.255872,0.251776,0.251872,0.26816
2038,0.053856,0.82608,2.72442,0.270208,0.26,0.255872,0.251808,0.253856,0.2696
2039,0.053984,0.631744,2.53488,0.26816,0.259968,0.255872,0.251776,0.2528,0.26816
2040,0.053792,0.628992,2.54067,0.269184,0.259968,0.255872,0.251776,0.251776,0.26816
2041,0.053952,0.630528,3.01491,0.266144,0.26,0.255904,0.251808,0.251808,0.269568
2042,0.0544,0.63088,2.53693,0.26816,0.259968,0.25792,0.250752,0.253824,0.26816
2043,0.054048,0.631968,2.54784,0.269184,0.259968,0.255872,0.251776,0.251776,0.26816
2044,0.053952,0.629344,2.54144,0.455584,0.416672,0.259328,0.251776,0.253856,0.272256
2045,0.053984,0.62896,2.53712,0.26816,0.259968,0.256896,0.251776,0.251776,0.26816
2046,0.053728,0.633056,2.54179,0.26816,0.259968,0.255872,0.251776,0.251776,0.26816
2047,0.053696,0.628896,2.53581,0.268192,0.259968,0.255904,0.251808,0.252832,0.268192
2048,0.054848,0.924128,2.53853,0.26816,0.261024,0.255872,0.251776,0.251776,0.26816
2049,0.053696,0.630112,2.54054,0.26816,0.259968,0.255872,0.250752,0.253824,0.270208
2050,0.053664,0.63168,2.53837,0.26816,0.26,0.255872,0.251808,0.251776,0.267136
2051,0.054432,0.629664,2.83763,0.26816,0.26,0.255872,0.249728,0.251776,0.269536
2052,0.053888,0.632992,2.54339,0.26816,0.259968,0.256896,0.251776,0.253856,0.26816
2053,0.053792,0.628096,2.5393,0.268192,0.26,0.255904,0.251808,0.253856,0.268192
2054,0.054624,0.630976,2.53632,0.266112,0.450432,0.255904,0.251808,0.2528,0.26816
2055,0.053792,0.631648,2.72163,0.26816,0.259968,0.255872,0.251776,0.253824,0.269568
2056,0.054016,0.633184,2.53542,0.266112,0.26,0.255904,0.250752,0.253824,0.268192
2057,0.054688,0.631712,2.53814,0.26816,0.259968,0.255872,0.251776,0.253824,0.269184
2058,0.053792,0.633792,3.01434,0.26816,0.259968,0.255872,0.251776,0.251776,0.2696
2059,0.053728,0.629792,2.53786,0.269216,0.26,0.255904,0.251808,0.251776,0.26816
2060,0.053856,0.6304,2.54096,0.26816,0.262016,0.255872,0.251808,0.251808,0.26816
2061,0.053888,0.630016,2.54314,0.271584,0.265472,0.255904,0.251808,0.428928,0.456576
2062,0.053664,0.630912,2.53795,0.269184,0.259968,0.25792,0.251808,0.253856,0.268192
2063,0.054304,0.628864,2.54026,0.26816,0.26,0.255872,0.251776,0.251776,0.26816
2064,0.053568,0.632896,2.54154,0.26816,0.259968,0.255904,0.252768,0.251776,0.26816
2065,0.054496,0.941024,2.53862,0.268192,0.261024,0.255904,0.251776,0.251808,0.268192
2066,0.054304,0.633024,2.5399,0.26816,0.259968,0.256896,0.251776,0.251776,0.26816
2067,0.05392,0.631616,2.54349,0.26816,0.259968,0.255872,0.251776,0.253824,0.26816
2068,0.053792,0.629824,2.83507,0.26816,0.26,0.255872,0.251808,0.251808,0.26752
2069,0.054848,0.631616,2.54016,0.269184,0.259968,0.255872,0.251776,0.253824,0.26816
2070,0.0536,0.630848,2.54573,0.26816,0.259968,0.255872,0.251776,0.251776,0.270208
2071,0.05456,0.63104,2.53987,0.268192,0.45456,0.255904,0.252832,0.253856,0.268192
2072,0.054112,0.629696,2.70739,0.26816,0.259968,0.255872,0.251808,0.251776,0.269568
2073,0.053664,0.631296,2.54384,0.26816,0.259968,0.255872,0.2528,0.253824,0.26816
2074,0.053728,0.63216,2.53581,0.268192,0.259968,0.255904,0.251776,0.253824,0.269216
2075,0.054304,0.633184,2.83686,0.26816,0.259968,0.25792,0.251776,0.253824,0.269408
2076,0.053952,0.630688,2.54371,0.26816,0.258944,0.25792,0.251776,0.251776,0.26816
2077,0.053472,0.62912,2.54115,0.268192,0.26,0.256928,0.251808,0.251776,0.268192
2078,0.054304,0.632448,2.53498,0.26752,0.262016,0.255904,0.407456,0.25728,0.46272
2079,0.053856,0.631744,2.54518,0.26816,0.259968,0.255872,0.251776,0.251776,0.269184
2080,0.05408,0.632672,2.53782,0.268192,0.259968,0.255904,0.251776,0.251808,0.268192
2081,0.057408,0.630592,2.53648,0.26816,0.259968,0.255872,0.250752,0.251776,0.26816
2082,0.0536,0.922784,2.73587,0.26816,0.259968,0.255872,0.251776,0.251776,0.269568
2083,0.054368,0.630784,2.54013,0.27024,0.261024,0.255904,0.251808,0.253856,0.268192
2084,0.054112,0.630656,2.54035,0.270208,0.259968,0.255872,0.250752,0.253856,0.26816
2085,0.053984,0.635168,2.83856,0.26816,0.259968,0.255872,0.251776,0.253824,0.269568
2086,0.053664,0.631392,2.54042,0.26816,0.26,0.255904,0.251808,0.253824,0.269216
2087,0.054048,0.630208,2.53936,0.26816,0.260992,0.25792,0.251776,0.253824,0.26816
2088,0.217568,0.629792,2.54,0.26816,0.259968,0.445312,0.2552,0.253824,0.26816
2089,0.05424,0.6336,2.5384,0.268192,0.262048,0.255904,0.2528,0.251808,0.268192
2090,0.0544,0.629216,2.536,0.26816,0.26,0.255872,0.251776,0.251776,0.269184
2091,0.053792,0.630752,2.5456,0.26816,0.260992,0.255872,0.251776,0.251776,0.26816
2092,0.05424,0.630208,2.84387,0.268192,0.26,0.255904,0.251808,0.251776,0.267552
2093,0.054784,0.631456,2.54368,0.26816,0.259968,0.255904,0.2528,0.251776,0.26816
2094,0.053792,0.627072,2.54406,0.26816,0.259968,0.255872,0.251776,0.251776,0.269184
2095,0.053824,0.630912,2.83984,0.268192,0.26,0.255904,0.251808,0.251776,0.2696
2096,0.054176,0.63104,2.54102,0.26816,0.26,0.255872,0.2528,0.251776,0.26816
2097,0.053632,0.628288,2.54125,0.270208,0.259968,0.255872,0.251776,0.251776,0.269184
2098,0.055648,0.630368,2.5385,0.268192,0.542624,0.255904,0.251808,0.251808,0.26816
2099,0.055328,0.6304,2.53632,0.26816,0.259968,0.256896,0.251776,0.253824,0.26816
2100,0.053376,0.632864,2.53984,0.26816,0.259648,0.255968,0.25168,0.252096,0.269184
2101,0.0536,0.629632,2.5377,0.268192,0.258944,0.257952,0.251776,0.251808,0.268192
2102,0.054464,0.631808,2.99293,0.26816,0.262048,0.255872,0.251776,0.251776,0.269568
2103,0.053696,0.631392,2.54221,0.26816,0.259968,0.25792,0.250752,0.251776,0.26816
2104,0.053664,0.632672,2.54118,0.269216,0.26,0.257952,0.251808,0.251776,0.268192
2105,0.054848,0.629216,2.53568,0.456576,0.419712,0.259296,0.253824,0.253824,0.272256
2106,0.053504,0.6336,2.54259,0.26816,0.259968,0.256896,0.251776,0.251776,0.26816
2107,0.05344,0.631712,2.54115,0.26816,0.259968,0.255872,0.251808,0.251776,0.26816
2108,0.054208,0.629408,2.53376,0.26816,0.26,0.255872,0.251776,0.2528,0.26816
2109,0.054304,0.634944,2.9343,0.26816,0.259968,0.25792,0.251776,0.253824,0.269568
2110,0.053632,0.631328,2.53488,0.268192,0.259968,0.257952,0.251808,0.251776,0.268192
2111,0.054496,0.632288,2.54509,0.26816,0.259968,0.255872,0.251776,0.2528,0.26816
2112,0.054112,0.629504,2.84611,0.26816,0.259968,0.255872,0.251776,0.251776,0.269568
2113,0.054016,0.632512,2.53936,0.26816,0.26,0.256896,0.251808,0.253856,0.268192
2114,0.054368,0.633888,2.53702,0.26816,0.259968,0.255872,0.251776,0.251776,0.26816
2115,0.053632,0.630016,2.54662,0.26816,0.263392,0.255904,0.251744,0.536448,0.270208
2116,0.053664,0.630464,2.53917,0.267168,0.259968,0.255904,0.251808,0.253856,0.268192
2117,0.054336,0.629312,2.53728,0.26816,0.26,0.255872,0.251776,0.251776,0.26816
2118,0.053632,0.630592,2.54602,0.26816,0.259968,0.255872,0.2528,0.251776,0.26816
2119,0.054176,0.633056,2.83696,0.268192,0.26,0.255904,0.251776,0.251776,0.26752
2120,0.053792,0.629728,2.53853,0.26816,0.259968,0.255872,0.251776,0.253824,0.26816
2121,0.053248,0.630656,2.54627,0.270208,0.259904,0.25792,0.2528,0.25184,0.270208
2122,0.053664,0.629088,2.5416,0.281536,0.26752,0.257952,0.253856,0.478112,0.271264
2123,0.054272,0.634752,2.53482,0.269184,0.259968,0.255872,0.253824,0.253824,0.26816
2124,0.05344,0.632352,2.54486,0.26816,0.259968,0.255872,0.251776,0.251776,0.270208
2125,0.053952,0.629792,2.53942,0.266112,0.259968,0.255872,0.251808,0.252832,0.26816
2126,0.055168,0.930624,2.54064,0.26816,0.261024,0.255872,0.251776,0.251776,0.26816
2127,0.05344,0.63264,2.54221,0.26816,0.261824,0.256896,0.251776,0.251936,0.26816
2128,0.053568,0.63104,2.54256,0.268192,0.259968,0.255872,0.251808,0.251776,0.268192
2129,0.05408,0.631456,2.8353,0.26816,0.259968,0.255872,0.251776,0.251776,0.269504
2130,0.053728,0.63072,2.54566,0.267136,0.259968,0.255904,0.251808,0.251776,0.26816
2131,0.05376,0.633184,2.5377,0.268192,0.259968,0.255904,0.251808,0.251808,0.268192
2132,0.054592,0.63168,2.5375,0.26816,0.262016,0.255904,0.44432,0.259296,0.26816
2133,0.054016,0.80464,2.54512,0.26816,0.258944,0.255904,0.251744,0.253824,0.26816
2134,0.053856,0.630976,2.53891,0.268192,0.259968,0.256896,0.251808,0.253856,0.268192
2135,0.054336,0.630048,2.5393,0.26816,0.259968,0.255872,0.251776,0.253824,0.26816
2136,0.053888,0.629536,2.83923,0.26816,0.259968,0.255872,0.251776,0.253824,0.26752
2137,0.053888,0.632032,2.54118,0.26816,0.261024,0.255872,0.251808,0.253856,0.26816
2138,0.0544,0.631744,2.53875,0.26816,0.262016,0.256896,0.251776,0.251776,0.26816
2139,0.053664,0.634176,2.8519,0.26816,0.262016,0.25792,0.336768,0.25728,0.281856
2140,0.053856,0.63328,2.5377,0.27024,0.259968,0.255872,0.251808,0.251808,0.269216
2141,0.054624,0.631232,2.53523,0.26816,0.261024,0.255872,0.251776,0.251776,0.26816
2142,0.057248,0.631712,2.54656,0.26816,0.259968,0.256896,0.251776,0.251776,0.26816
2143,0.05376,0.90944,2.5375,0.268192,0.262048,0.255904,0.250752,0.253856,0.268192
2144,0.0544,0.631232,2.5409,0.26816,0.259968,0.25792,0.251776,0.251776,0.269184
2145,0.054112,0.6304,2.54422,0.26816,0.26,0.255872,0.251776,0.251776,0.270208
2146,0.054592,0.630144,2.83174,0.27024,0.259968,0.255904,0.251808,0.251776,0.269568
2147,0.05408,0.628992,2.536,0.26816,0.259968,0.255872,0.251776,0.253824,0.269184
2148,0.053856,0.630752,2.54202,0.270208,0.259968,0.255872,0.251776,0.253824,0.270208
2149,0.054208,0.632928,2.53997,0.268192,0.262016,0.255904,0.442272,0.255264,0.268192
2150,0.054304,0.797024,2.5377,0.26816,0.26,0.25792,0.2528,0.251776,0.26816
2151,0.053664,0.634144,2.54736,0.267136,0.259968,0.255872,0.251776,0.251776,0.26816
2152,0.053984,0.632,2.53725,0.268192,0.259968,0.255904,0.251808,0.253856,0.268192
2153,0.0544,0.6296,2.85261,0.26816,0.259968,0.255872,0.251776,0.251776,0.2696
2154,0.053408,0.632032,2.54262,0.26816,0.259968,0.25792,0.251776,0.2528,0.26816
2155,0.053568,0.62992,2.53907,0.267136,0.262016,0.255872,0.251808,0.251808,0.268192
2156,0.054368,0.630304,2.84067,0.26816,0.26,0.255872,0.251808,0.251776,0.271616
2157,0.053856,0.63248,2.54333,0.26816,0.259968,0.255904,0.250752,0.251776,0.270208
2158,0.053824,0.630176,2.53958,0.269216,0.259968,0.255872,0.251808,0.251776,0.268192
2159,0.0552,0.630912,2.5337,0.26816,0.262048,0.255872,0.251776,0.251776,0.26816
2160,0.053984,0.891008,2.73376,0.26816,0.259872,0.255872,0.251776,0.251872,0.269568
2161,0.053888,0.630944,2.53782,0.268192,0.259968,0.255872,0.251808,0.252832,0.268192
2162,0.053856,0.632736,2.53712,0.267136,0.259968,0.257952,0.253824,0.251776,0.270208
2163,0.053632,0.62944,2.83498,0.26816,0.259936,0.255872,0.251776,0.251808,0.26752
2164,0.053952,0.635136,2.53814,0.268192,0.259968,0.255904,0.251808,0.251776,0.268192
2165,0.054496,0.633248,2.53917,0.26816,0.259968,0.255872,0.251776,0.2528,0.26816
2166,0.056,0.631424,2.5439,0.267136,0.413568,0.44736,0.253024,0.253824,0.26816
2167,0.053984,0.62864,2.53754,0.266112,0.26,0.255872,0.250752,0.251808,0.268192
2168,0.054528,0.631872,2.54016,0.26816,0.26,0.25792,0.251776,0.251776,0.269184
2169,0.053632,0.630496,2.54598,0.26816,0.260992,0.255872,0.251776,0.251776,0.270208
2170,0.053952,0.633632,2.84262,0.268192,0.26,0.257952,0.251776,0.253856,0.2696
2171,0.054272,0.629184,2.54019,0.26816,0.26,0.255872,0.250752,0.251776,0.26816
2172,0.053536,0.631008,2.54394,0.269184,0.259968,0.255872,0.251776,0.253824,0.26816
2173,0.0544,0.631616,2.84211,0.268192,0.259968,0.255904,0.251776,0.251808,0.2696
2174,0.054272,0.63184,2.54624,0.26816,0.259968,0.255872,0.252832,0.251776,0.26816
2175,0.053664,0.630432,2.54326,0.26816,0.259968,0.255872,0.251776,0.251776,0.269184
2176,0.264928,0.630464,2.53821,0.268192,0.259968,0.255904,0.251808,0.251776,0.268192
2177,0.054784,0.633504,2.71517,0.26816,0.26,0.255904,0.251776,0.251776,0.269568
2178,0.053632,0.629824,2.54266,0.26816,0.259968,0.255872,0.251776,0.2528,0.26816
2179,0.053632,0.630144,2.53376,0.269216,0.26,0.255904,0.251808,0.251776,0.26816
2180,0.054688,0.62848,3.00608,0.26816,0.259968,0.255872,0.251776,0.251776,0.269568
2181,0.054496,0.6296,2.54358,0.26816,0.259968,0.256896,0.251776,0.251808,0.270208
2182,0.053984,0.631808,2.54138,0.268192,0.259968,0.255904,0.251776,0.251808,0.269184
2183,0.054496,0.631072,2.53597,0.280608,0.26544,0.259968,0.251776,0.407424,0.448608
2184,0.053888,0.631744,2.54509,0.269184,0.259968,0.255872,0.251776,0.251776,0.26816
2185,0.053536,0.633728,2.53914,0.268192,0.259968,0.257952,0.251776,0.253856,0.26816
2186,0.05424,0.63024,2.53821,0.26816,0.259968,0.255872,0.251776,0.2528,0.26816
2187,0.054112,0.927008,2.54576,0.26816,0.260992,0.255872,0.251776,0.251776,0.270208
2188,0.053888,0.629792,2.54154,0.27024,0.259968,0.256896,0.251808,0.251808,0.26816
2189,0.054304,0.629536,2.53933,0.26816,0.259968,0.255872,0.251776,0.253856,0.26816
2190,0.054112,0.631264,2.84538,0.26816,0.262016,0.255872,0.251776,0.251776,0.269568
2191,0.053728,0.63216,2.53568,0.268192,0.26,0.256928,0.251776,0.253856,0.268192
2192,0.0544,0.631456,2.54013,0.26816,0.259968,0.25792,0.251776,0.253824,0.26816
2193,0.053792,0.629088,2.54144,0.26816,0.265408,0.255904,0.251744,0.440192,0.26816
2194,0.053952,0.806496,2.5377,0.268192,0.261024,0.255904,0.251808,0.251776,0.268192
2195,0.054272,0.629632,2.53776,0.26816,0.259968,0.256896,0.251776,0.253856,0.26816
2196,0.053504,0.631776,2.54928,0.26816,0.259968,0.255872,0.251776,0.251776,0.270208
2197,0.05376,0.630304,2.83456,0.268192,0.259968,0.255904,0.251808,0.253824,0.269536
2198,0.054304,0.63424,2.54048,0.26816,0.260992,0.255872,0.251776,0.253824,0.26816
2199,0.053568,0.628544,2.54544,0.26816,0.259968,0.255872,0.250752,0.251776,0.26816
2200,0.05392,0.632928,2.53555,0.269536,0.262016,0.255872,0.422784,0.258944,0.472992
2201,0.05424,0.629824,2.53722,0.267136,0.259968,0.25792,0.251776,0.253824,0.26816
2202,0.053504,0.632,2.54227,0.26816,0.259968,0.255872,0.251776,0.251808,0.26816
2203,0.053568,0.630592,2.54003,0.26816,0.259968,0.25792,0.250752,0.251776,0.268192
2204,0.05456,0.940704,2.53658,0.26816,0.260992,0.255872,0.251776,0.253824,0.270208
2205,0.053888,0.631904,2.54157,0.26816,0.262016,0.256896,0.251776,0.251776,0.26816
2206,0.053568,0.63072,2.53606,0.268192,0.259968,0.255904,0.251776,0.251808,0.26816
2207,0.054752,0.6288,2.83181,0.26816,0.259968,0.255872,0.251776,0.253856,0.269568
2208,0.053664,0.633184,2.54195,0.26816,0.259968,0.255872,0.251776,0.253856,0.269184
2209,0.053792,0.63232,2.53901,0.26816,0.259968,0.255872,0.251776,0.251776,0.26816
2210,0.054656,0.629152,2.5393,0.26816,0.264064,0.255872,0.440192,0.261376,0.26816
2211,0.053792,0.814368,2.54416,0.26816,0.261024,0.255872,0.251776,0.251776,0.26816
2212,0.054176,0.63248,2.53939,0.268192,0.26,0.256896,0.251808,0.251808,0.268192
2213,0.054272,0.627456,2.53715,0.26816,0.259968,0.255904,0.251808,0.251808,0.26816
2214,0.053792,0.631264,2.84243,0.26816,0.259968,0.255872,0.251776,0.253824,0.2696
2215,0.053824,0.631968,2.53904,0.268192,0.261024,0.255904,0.251776,0.251776,0.268192
2216,0.0544,0.63088,2.53894,0.26816,0.259968,0.256896,0.251776,0.253824,0.26816
2217,0.054016,0.630048,2.83027,0.26816,0.259968,0.255872,0.251776,0.251808,0.279808
2218,0.053696,0.630752,2.53488,0.26816,0.259968,0.255872,0.251808,0.252832,0.268192
2219,0.054144,0.632256,2.5401,0.267136,0.259968,0.257952,0.251776,0.253824,0.26816
2220,0.054976,0.627808,2.54282,0.26816,0.259968,0.255872,0.251776,0.251776,0.26816
2221,0.053728,0.902528,2.72339,0.268192,0.26,0.25792,0.251808,0.251776,0.2696
2222,0.054272,0.630944,2.53808,0.26816,0.260992,0.255872,0.251776,0.251776,0.26816
2223,0.053792,0.629952,2.54365,0.26816,0.262016,0.256896,0.251776,0.251776,0.270208
2224,0.054304,0.632,2.83478,0.268192,0.259968,0.255904,0.251776,0.251808,0.267552
2225,0.05424,0.6304,2.53539,0.26816,0.259968,0.255872,0.251776,0.253824,0.269184
2226,0.05344,0.630656,2.54406,0.270208,0.260992,0.255872,0.251776,0.251776,0.270208
2227,0.053856,0.630528,2.53776,0.26816,0.259968,0.544672,0.255232,0.253856,0.268192
2228,0.054144,0.629952,2.54026,0.26816,0.262048,0.255872,0.251776,0.251808,0.270208
2229,0.053472,0.631104,2.54778,0.26816,0.259968,0.255872,0.251776,0.2528,0.26816
2230,0.053728,0.633888,2.53808,0.269184,0.259968,0.255872,0.251808,0.251776,0.268192
2231,0.054592,0.62976,2.84845,0.26816,0.262016,0.25792,0.251776,0.251776,0.269568
2232,0.053728,0.631552,2.54502,0.270208,0.259968,0.25792,0.251776,0.2528,0.26816
2233,0.053568,0.633088,2.54134,0.269184,0.259968,0.255872,0.251776,0.253856,0.268192
2234,0.0544,0.635072,2.84099,0.26816,0.26,0.255872,0.251776,0.251776,0.271616
2235,0.053568,0.630496,2.54576,0.26816,0.259968,0.25792,0.251776,0.2528,0.270208
2236,0.053728,0.63392,2.5369,0.269216,0.26,0.255904,0.251808,0.251776,0.268192
2237,0.339776,0.629248,2.53782,0.26816,0.259968,0.255872,0.251776,0.253824,0.26816
2238,0.053984,0.633664,2.54566,0.26816,0.259968,0.255904,0.250752,0.251808,0.270208
2239,0.053952,0.631072,2.53667,0.268192,0.262048,0.255872,0.251808,0.251808,0.267168
2240,0.054208,0.62976,2.53715,0.26816,0.260992,0.255872,0.251808,0.251776,0.26816
2241,0.053664,0.631072,3.0095,0.26816,0.26,0.255872,0.251776,0.251776,0.271584
2242,0.05424,0.629248,2.53718,0.268192,0.259968,0.255904,0.251776,0.2528,0.268192
2243,0.054208,0.632416,2.53974,0.267136,0.262016,0.255872,0.251776,0.251776,0.270208
2244,0.053984,0.63024,2.54432,0.551808,0.262016,0.261376,0.251776,0.253824,0.270208
2245,0.053536,0.62784,2.53766,0.26816,0.259968,0.255872,0.251776,0.251808,0.268192
2246,0.05408,0.631104,2.53782,0.26816,0.26,0.255872,0.2528,0.251776,0.26816
2247,0.053696,0.630176,2.54336,0.269184,0.259968,0.25792,0.251776,0.253824,0.26816
2248,0.053888,0.636928,2.90406,0.26816,0.259968,0.255872,0.251808,0.253856,0.26752
2249,0.054656,0.629536,2.53677,0.26816,0.259968,0.255872,0.251776,0.253824,0.26816
2250,0.053792,0.628928,2.54349,0.26816,0.25984,0.255872,0.251776,0.25088,0.270208
2251,0.053888,0.632128,2.83658,0.268192,0.259968,0.255904,0.251776,0.253856,0.2696
2252,0.05408,0.635424,2.53843,0.26816,0.262016,0.256896,0.251776,0.251776,0.26816
2253,0.053504,0.629408,2.5423,0.26816,0.259968,0.255872,0.251808,0.253824,0.269184
2254,0.057344,0.628032,2.54192,0.268192,0.449408,0.255904,0.251808,0.253824,0.268192
2255,0.05456,0.633056,2.71293,0.26816,0.259968,0.255872,0.251776,0.253824,0.269568
2256,0.053792,0.629376,2.54346,0.26816,0.259968,0.255872,0.2528,0.253824,0.26816
2257,0.053664,0.631104,2.53914,0.268192,0.262048,0.255904,0.253856,0.251776,0.269216
2258,0.054656,0.632512,2.84666,0.26816,0.26,0.255872,0.251776,0.251776,0.269568
2259,0.053632,0.630752,2.54339,0.26816,0.259968,0.255872,0.251776,0.251776,0.26816
2260,0.054304,0.632416,2.5408,0.26816,0.259968,0.255872,0.251808,0.2528,0.270208
2261,0.054528,0.631104,2.53834,0.476032,0.268736,0.259328,0.251776,0.469696,0.272256
2262,0.053664,0.629952,2.5424,0.26816,0.259968,0.256896,0.251776,0.253824,0.26816
2263,0.05408,0.629472,2.53702,0.268192,0.262048,0.255904,0.251776,0.253856,0.26816
2264,0.05424,0.63488,2.53565,0.26816,0.259968,0.25792,0.251776,0.252832,0.270208
2265,0.053888,0.633984,2.82854,0.26816,0.259968,0.255872,0.251776,0.251776,0.269568
2266,0.053952,0.631872,2.53728,0.27024,0.259968,0.255872,0.250752,0.253856,0.268192
2267,0.054272,0.630944,2.53693,0.26816,0.26,0.255872,0.251776,0.251776,0.269184
2268,0.053632,0.631136,2.83472,0.26816,0.259968,0.255872,0.251776,0.252832,0.269568
2269,0.054048,0.630944,2.53734,0.267136,0.259968,0.255872,0.251808,0.251808,0.268192
2270,0.053888,0.630528,2.54218,0.26816,0.259968,0.255872,0.251776,0.251776,0.26816
2271,0.053952,0.633376,2.54125,0.26816,0.263424,0.255872,0.2528,0.446336,0.26816
2272,0.053824,0.798528,2.53754,0.268192,0.258944,0.255904,0.251808,0.253824,0.268192
2273,0.054592,0.630688,2.53891,0.26816,0.26,0.256896,0.251776,0.251776,0.26816
2274,0.053952,0.633856,2.54064,0.26816,0.259968,0.25792,0.251776,0.251776,0.270208
2275,0.053984,0.629504,2.94163,0.268192,0.26,0.255904,0.251808,0.251776,0.2696
2276,0.054208,0.630112,2.53984,0.26816,0.259968,0.25792,0.250752,0.251808,0.26816
2277,0.053728,0.633248,2.54675,0.267136,0.262016,0.255872,0.251776,0.251776,0.26816
2278,0.053664,0.630656,2.53642,0.269536,0.263424,0.255872,0.251808,0.408448,0.460704
2279,0.05408,0.630528,2.54214,0.267136,0.26,0.255872,0.251776,0.251776,0.26816
2280,0.053312,0.63392,2.54096,0.26816,0.259936,0.25792,0.251776,0.251808,0.26816
2281,0.053792,0.632544,2.53869,0.268192,0.259968,0.255872,0.2528,0.253856,0.268192
2282,0.054368,0.922112,2.72134,0.26816,0.259968,0.25792,0.251776,0.253824,0.269568
2283,0.053664,0.628512,2.54803,0.26816,0.262016,0.255872,0.251776,0.253824,0.270208
2284,0.053632,0.631904,2.54109,0.26816,0.259968,0.255872,0.252832,0.251808,0.268192
2285,0.05472,0.626048,2.84144,0.26816,0.259968,0.255872,0.251808,0.251776,0.269536
2286,0.053664,0.629856,2.54531,0.26816,0.259968,0.255872,0.251776,0.251776,0.269184
2287,0.053632,0.632704,2.53443,0.268192,0.260992,0.255872,0.251808,0.253856,0.268192
2288,0.05424,0.630784,2.53901,0.26816,0.262016,0.448384,0.2552,0.253824,0.26816
2289,0.05376,0.634528,2.54314,0.26816,0.259968,0.255872,0.2528,0.251776,0.26816
2290,0.053664,0.629632,2.53632,0.268192,0.259968,0.255904,0.251808,0.253856,0.267136
2291,0.054496,0.632032,2.53498,0.26816,0.258944,0.255872,0.251776,0.251776,0.26816
2292,0.053856,0.633056,2.83472,0.26816,0.261984,0.255872,0.251776,0.251808,0.269568
2293,0.053728,0.631392,2.53958,0.268192,0.259968,0.255904,0.251808,0.252832,0.268192
2294,0.054112,0.631616,2.54035,0.269184,0.259968,0.255872,0.251808,0.253824,0.26816
2295,0.053792,0.632064,2.84714,0.26816,0.262016,0.255872,0.251776,0.251776,0.269568
2296,0.054048,0.630752,2.54118,0.26816,0.259968,0.255872,0.252832,0.253824,0.26816
2297,0.05408,0.628576,2.53706,0.26816,0.259968,0.255872,0.251776,0.251776,0.269184
2298,0.053856,0.633504,2.54342,0.26816,0.260992,0.255872,0.251776,0.253824,0.26816
2299,0.054048,0.633344,2.71904,0.268192,0.259968,0.257952,0.251808,0.251776,0.2696
2300,0.054336,0.628128,2.53846,0.270208,0.259968,0.255872,0.251776,0.2528,0.26816
2301,0.053664,0.632928,2.54278,0.269184,0.259968,0.255872,0.251776,0.251776,0.26816
2302,0.05392,0.634048,3.00208,0.268192,0.259968,0.255904,0.251808,0.251776,0.2696
2303,0.053984,0.63296,2.53712,0.26816,0.262016,0.255872,0.250752,0.253824,0.270208
2304,0.05392,0.631104,2.54061,0.267136,0.259968,0.255872,0.251776,0.253824,0.26816
2305,0.053856,0.632544,2.5368,0.458656,0.416672,0.261376,0.251776,0.253856,0.272288
2306,0.054336,0.630336,2.53616,0.26816,0.26,0.256896,0.249728,0.251776,0.26816
2307,0.053504,0.631104,2.54339,0.270208,0.259968,0.255872,0.251776,0.253824,0.270208
2308,0.053536,0.630656,2.53862,0.26816,0.259968,0.255872,0.251808,0.252832,0.26816
2309,0.05488,0.926464,2.53715,0.26816,0.261024,0.255872,0.251776,0.251776,0.26816
2310,0.053696,0.631648,2.55098,0.266112,0.259968,0.255872,0.250752,0.251776,0.26816
2311,0.053632,0.632992,2.54294,0.268192,0.259968,0.255872,0.251808,0.251776,0.269216
2312,0.05456,0.630848,2.83392,0.26816,0.26,0.25792,0.251776,0.251776,0.269536
2313,0.054016,0.633344,2.53648,0.26816,0.259968,0.256896,0.251776,0.251776,0.26816
2314,0.05408,0.630784,2.5359,0.268192,0.259968,0.255872,0.251776,0.251776,0.268192
2315,0.054784,0.631104,2.53987,0.26816,0.267456,0.255872,0.251776,0.44224,0.26816
2316,0.054144,0.802848,2.54557,0.26816,0.260992,0.25792,0.251776,0.251776,0.26816
2317,0.053728,0.632064,2.53846,0.26816,0.259968,0.255872,0.250752,0.251776,0.268192
2318,0.054464,0.631968,2.5399,0.26816,0.259968,0.255872,0.251808,0.253824,0.269184
2319,0.05376,0.63248,2.93056,0.26816,0.259968,0.255872,0.251776,0.251776,0.269568
2320,0.054496,0.633344,2.54067,0.266112,0.259968,0.256896,0.251808,0.251808,0.268192
2321,0.054016,0.634112,2.54288,0.26816,0.259968,0.255872,0.251776,0.253824,0.26816
2322,0.05392,0.631264,2.5416,0.269536,0.263392,0.25792,0.251776,0.395136,0.46272
2323,0.054304,0.80576,2.53725,0.268192,0.258944,0.255872,0.251808,0.253824,0.268192
2324,0.054496,0.631424,2.54182,0.26816,0.259968,0.256896,0.251776,0.251776,0.26816
2325,0.053504,0.632992,2.54006,0.26816,0.262016,0.255872,0.251776,0.251776,0.26816
2326,0.053792,0.93648,2.53898,0.26816,0.261024,0.255872,0.251808,0.253856,0.26816
2327,0.05488,0.632672,2.53958,0.26816,0.259968,0.256896,0.251776,0.251776,0.26816
2328,0.053536,0.62992,2.54246,0.26816,0.259968,0.255904,0.251808,0.253824,0.270208
2329,0.053888,0.632128,2.82906,0.268192,0.259968,0.255904,0.251776,0.251776,0.267552
2330,0.054592,0.629856,2.53798,0.269184,0.259968,0.255872,0.251776,0.251776,0.26816
2331,0.053792,0.632928,2.54771,0.26816,0.259968,0.25792,0.251776,0.251776,0.26816
2332,0.054336,0.634752,2.53981,0.270208,0.262048,0.255872,0.44432,0.255264,0.268192
2333,0.0544,0.794528,2.53869,0.270208,0.259968,0.255872,0.251776,0.2528,0.26816
2334,0.05408,0.631424,2.54406,0.269184,0.259968,0.255872,0.251776,0.253824,0.270208
2335,0.053472,0.635008,2.54202,0.27024,0.259968,0.255904,0.251776,0.253824,0.268192
2336,0.054848,0.632768,2.83322,0.26816,0.259968,0.255872,0.251776,0.253824,0.269568
2337,0.053728,0.629536,2.54442,0.26816,0.259968,0.255872,0.251776,0.2528,0.26816
2338,0.054176,0.63296,2.53894,0.267136,0.26,0.255872,0.251808,0.251776,0.268192
2339,0.054336,0.630016,2.83843,0.26816,0.259968,0.255872,0.251776,0.251776,0.271616
2340,0.053664,0.629632,2.54416,0.26816,0.259968,0.255872,0.251776,0.2528,0.26816
2341,0.053664,0.629824,2.54022,0.269184,0.26,0.255872,0.251808,0.251776,0.268192
2342,0.057824,0.629376,2.53344,0.26816,0.259968,0.255872,0.251776,0.253824,0.26816
2343,0.05392,0.91504,2.73318,0.26816,0.259968,0.255872,0.251776,0.251776,0.269568
2344,0.053856,0.630176,2.53862,0.270208,0.261024,0.255872,0.251808,0.251776,0.268192
2345,0.054112,0.63152,2.53994,0.26816,0.259968,0.255872,0.2528,0.251776,0.26816
2346,0.053632,0.633888,2.8385,0.26816,0.259872,0.255872,0.251776,0.251872,0.269568
2347,0.053664,0.629408,2.53862,0.268192,0.262048,0.257952,0.251808,0.251776,0.269216
2348,0.054304,0.629888,2.53904,0.26816,0.260992,0.255872,0.251776,0.251776,0.26816
2349,0.05568,0.63184,2.54381,0.26816,0.40848,0.446336,0.255136,0.253824,0.26816
2350,0.053504,0.629728,2.53968,0.268192,0.26,0.255904,0.250752,0.253824,0.268192
2351,0.054336,0.62896,2.53702,0.26816,0.259968,0.25792,0.251776,0.253824,0.269184
2352,0.053696,0.631904,2.54461,0.26816,0.260992,0.255872,0.251776,0.253824,0.26816
2353,0.053984,0.628704,2.84349,0.268192,0.26,0.255904,0.251808,0.251776,0.2696
2354,0.054592,0.62928,2.5393,0.26816,0.26,0.255872,0.250752,0.251808,0.270208
2355,0.053632,0.626816,2.54266,0.26816,0.259968,0.25792,0.251776,0.251776,0.269184
2356,0.054176,0.63312,2.82973,0.268192,0.259968,0.255904,0.251776,0.251776,0.2696
2357,0.05392,0.62992,2.53955,0.266112,0.26,0.255904,0.250752,0.251808,0.26816
2358,0.0536,0.631904,2.5441,0.26816,0.259968,0.255872,0.251776,0.253824,0.269184
2359,0.05456,0.631968,2.5391,0.26816,0.537472,0.255872,0.251808,0.251776,0.268192
2360,0.05472,0.62992,2.5399,0.26816,0.26,0.254848,0.251776,0.251776,0.270208
2361,0.053536,0.630464,2.5457,0.26816,0.259968,0.255872,0.251776,0.253856,0.270208
2362,0.053664,0.634912,2.53843,0.268192,0.261024,0.255904,0.251808,0.251776,0.26816
2363,0.054464,0.631936,3.00733,0.26816,0.259968,0.255872,0.251776,0.251776,0.269504
2364,0.053728,0.631072,2.54659,0.26816,0.259968,0.255872,0.250752,0.253824,0.26816
2365,0.053408,0.631456,2.53853,0.269216,0.259968,0.255904,0.251776,0.251776,0.268192
2366,0.054656,0.631712,2.54022,0.545696,0.259968,0.261344,0.253824,0.253824,0.272256
2367,0.053792,0.630848,2.54458,0.26816,0.259968,0.255872,0.251776,0.251776,0.270208
2368,0.05392,0.633952,2.54118,0.270208,0.259968,0.255872,0.250752,0.251776,0.268192
2369,0.053952,0.631872,2.54006,0.267136,0.259968,0.255904,0.251808,0.251776,0.26816
2370,0.053984,0.634816,2.8384,0.26816,0.259968,0.255872,0.251808,0.251776,0.269568
2371,0.053792,0.630176,2.5391,0.268192,0.26,0.257952,0.250784,0.253856,0.268192
2372,0.054016,0.629504,2.54067,0.26816,0.259968,0.255872,0.251776,0.253824,0.269184
2373,0.053952,0.630784,2.84195,0.26816,0.262016,0.255872,0.251776,0.251776,0.269568
2374,0.053824,0.631808,2.53402,0.268192,0.259968,0.256896,0.251808,0.251776,0.268192
2375,0.054272,0.632448,2.53974,0.26816,0.259968,0.257952,0.251776,0.253824,0.269184
2376,0.054336,0.631072,2.54579,0.26816,0.26832,0.255872,0.251776,0.437312,0.26816
2377,0.054016,0.799872,2.54301,0.268192,0.261024,0.255904,0.251776,0.253856,0.268192
2378,0.054592,0.631232,2.5431,0.26816,0.259968,0.255872,0.2528,0.251776,0.270208
2379,0.054048,0.630496,2.54691,0.26816,0.262016,0.25792,0.251776,0.251776,0.269184
2380,0.054208,0.628,2.83792,0.268192,0.259968,0.255904,0.251776,0.251808,0.267552
2381,0.054208,0.632416,2.5383,0.26816,0.259968,0.255872,0.251776,0.253824,0.26816
2382,0.053856,0.6304,2.54458,0.26816,0.26192,0.255872,0.250752,0.251872,0.26816
2383,0.053856,0.631872,2.53581,0.277696,0.265472,0.25792,0.251776,0.499616,0.45456
2384,0.054496,0.630368,2.53664,0.267136,0.259968,0.255872,0.251776,0.251776,0.26816
2385,0.054016,0.630976,2.5433,0.26816,0.259968,0.255872,0.251776,0.251776,0.26816
2386,0.053568,0.627744,2.53853,0.26816,0.259968,0.257952,0.251776,0.2528,0.26816
2387,0.054272,0.633888,2.89677,0.26816,0.259968,0.255904,0.251776,0.251776,0.269568
2388,0.05424,0.627232,2.53962,0.270208,0.259968,0.255968,0.25168,0.251776,0.270208
2389,0.053792,0.629312,2.54291,0.26816,0.259968,0.255872,0.251808,0.2528,0.26816
2390,0.054464,0.630464,2.83686,0.26816,0.26,0.255872,0.251776,0.251776,0.269568
2391,0.0536,0.629056,2.5424,0.269184,0.262016,0.255872,0.251776,0.253824,0.26816
2392,0.053856,0.633984,2.53491,0.268192,0.26,0.255872,0.251808,0.251776,0.268192
2393,0.054496,0.629472,2.5393,0.26816,0.263392,0.255904,0.2528,0.441216,0.26816
2394,0.053984,0.80704,2.54819,0.26816,0.260992,0.255872,0.251776,0.253824,0.26816
2395,0.0536,0.633216,2.5409,0.268192,0.262048,0.25488,0.251808,0.251808,0.26816
2396,0.05408,0.630144,2.54077,0.26816,0.259968,0.255872,0.251776,0.251776,0.26816
2397,0.054016,0.627232,2.84256,0.26816,0.259968,0.255872,0.251776,0.251776,0.269536
2398,0.054176,0.632096,2.54074,0.266112,0.261024,0.255872,0.251808,0.251776,0.26816
2399,0.053952,0.629472,2.54176,0.26816,0.259968,0.256896,0.251776,0.251776,0.26816
2400,0.053664,0.632032,2.7993,0.26816,0.262016,0.255872,0.335744,0.259296,0.28112
2401,0.053632,0.634784,2.53952,0.26816,0.259968,0.255872,0.252832,0.251808,0.26816
2402,0.054144,0.629888,2.53472,0.270208,0.259968,0.255872,0.251776,0.251776,0.269184
2403,0.053536,0.6344,2.53834,0.26816,0.262016,0.446336,0.2552,0.253824,0.26816
2404,0.05408,0.633728,2.5431,0.268192,0.259968,0.255904,0.250752,0.251776,0.268192
2405,0.053856,0.629664,2.53984,0.270208,0.26,0.255872,0.251776,0.251776,0.269184
2406,0.053344,0.632864,2.54624,0.26816,0.260992,0.255872,0.251776,0.251776,0.26816
2407,0.054176,0.631744,2.83962,0.26816,0.259936,0.255872,0.251808,0.253856,0.269568
2408,0.05424,0.631616,2.5367,0.26816,0.259968,0.255872,0.251776,0.2528,0.26816
2409,0.053696,0.6328,2.54518,0.269184,0.262016,0.255872,0.251776,0.251776,0.26816
2410,0.053504,0.631712,2.84486,0.268192,0.259968,0.255872,0.251776,0.251808,0.2696
2411,0.05456,0.632576,2.53738,0.26816,0.262048,0.255872,0.250752,0.251776,0.26816
2412,0.053728,0.629312,2.54205,0.26816,0.261984,0.255872,0.251776,0.251808,0.269184
2413,0.06144,0.62912,2.53962,0.266112,0.445312,0.255904,0.251808,0.251776,0.268192
2414,0.054432,0.63136,2.70698,0.26816,0.259968,0.255872,0.251776,0.253824,0.269568
2415,0.053696,0.629952,2.54096,0.26816,0.259968,0.255872,0.250752,0.251776,0.26816
2416,0.053504,0.632352,2.53786,0.267168,0.259968,0.25792,0.251808,0.251808,0.268192
2417,0.054496,0.631456,2.84467,0.26816,0.259968,0.255872,0.251776,0.251776,0.269568
2418,0.053536,0.629024,2.54573,0.26816,0.259968,0.25792,0.251776,0.251776,0.270208
2419,0.053952,0.62896,2.53795,0.26816,0.26,0.255872,0.251808,0.2528,0.26816
2420,0.054496,0.630112,2.53789,0.52928,0.41664,0.259296,0.251776,0.253824,0.26816
2421,0.05392,0.6328,2.54086,0.26816,0.259968,0.256896,0.251776,0.251776,0.26816
2422,0.0536,0.631328,2.5393,0.268192,0.259968,0.255872,0.251808,0.251808,0.26816
2423,0.054304,0.633344,2.5377,0.26816,0.259968,0.255872,0.251776,0.2528,0.26816
2424,0.053888,0.924192,2.54138,0.26816,0.260896,0.25792,0.251776,0.251872,0.26816
2425,0.053568,0.63072,2.53718,0.268192,0.26,0.255872,0.250784,0.251776,0.268192
2426,0.053888,0.626688,2.53408,0.26816,0.26,0.255872,0.251776,0.251776,0.269184
2427,0.0536,0.630688,2.84323,0.26816,0.259776,0.255872,0.251776,0.251968,0.269568
2428,0.053568,0.632896,2.53741,0.26816,0.26,0.256928,0.251808,0.251808,0.26816
2429,0.0544,0.631968,2.536,0.270208,0.259968,0.255872,0.251776,0.251776,0.269184
2430,0.054208,0.629824,2.54272,0.26816,0.449408,0.255872,0.251776,0.253824,0.26816
2431,0.053888,0.632448,2.71901,0.268192,0.26,0.255872,0.251808,0.253824,0.269536
2432,0.0544,0.631232,2.53747,0.26816,0.259968,0.255872,0.2528,0.251776,0.26816
2433,0.05376,0.632096,2.54163,0.26816,0.259968,0.255872,0.251776,0.251776,0.269184
2434,0.054176,0.634048,2.83274,0.26816,0.262016,0.255872,0.251808,0.251776,0.269536
2435,0.05488,0.632,2.53862,0.26816,0.259968,0.255872,0.251808,0.253824,0.26816
2436,0.053472,0.62864,2.5455,0.26816,0.259968,0.255872,0.250752,0.253824,0.26816
2437,0.053888,0.628896,2.5353,0.460672,0.267552,0.261408,0.251776,0.403328,0.272288
2438,0.05392,0.633504,2.53536,0.26816,0.259968,0.256896,0.253824,0.251776,0.26816
2439,0.053824,0.630176,2.53907,0.26816,0.259968,0.255872,0.251776,0.251776,0.26816
2440,0.05376,0.629664,2.54125,0.268192,0.259968,0.255904,0.251808,0.252832,0.27024
2441,0.054208,0.912672,2.72432,0.26816,0.26,0.255872,0.251776,0.251776,0.269568
2442,0.053888,0.63168,2.5447,0.26816,0.259968,0.256032,0.251648,0.251808,0.270208
2443,0.053536,0.631392,2.54176,0.26816,0.26,0.255872,0.252832,0.253824,0.26816
2444,0.054208,0.632928,2.83629,0.26816,0.262016,0.255872,0.251776,0.251776,0.26752
2445,0.053408,0.632,2.54394,0.269184,0.259968,0.25792,0.251776,0.253824,0.26816
2446,0.053472,0.630976,2.53629,0.26816,0.259968,0.255872,0.251808,0.253856,0.26816
2447,0.054368,0.62976,2.53782,0.26816,0.262016,0.25792,0.524192,0.259296,0.26816
2448,0.053504,0.635648,2.5409,0.26816,0.259968,0.25792,0.251776,0.251776,0.269184
2449,0.053856,0.631264,2.53776,0.268192,0.259968,0.255904,0.251808,0.251776,0.268192
2450,0.054304,0.632896,2.54016,0.26816,0.259968,0.255872,0.2528,0.251776,0.26816
2451,0.054208,0.63088,2.8383,0.26816,0.259968,0.255872,0.251776,0.253824,0.269568
2452,0.053888,0.629632,2.5367,0.26816,0.261024,0.255872,0.251808,0.253856,0.26816
2453,0.054336,0.630656,2.53731,0.26816,0.259968,0.256896,0.251776,0.253824,0.26816
2454,0.053536,0.631424,2.54237,0.269536,0.26336,0.25792,0.251776,0.40848,0.458624
2455,0.053664,0.63264,2.53901,0.269216,0.26,0.255904,0.251776,0.251776,0.26816
2456,0.054176,0.629472,2.53536,0.26816,0.259968,0.255872,0.251776,0.253824,0.26816
2457,0.053536,0.631776,2.54266,0.26816,0.259968,0.255872,0.2528,0.253824,0.26816
2458,0.053888,0.930752,2.54093,0.268192,0.261024,0.255872,0.251808,0.253856,0.26816
2459,0.054336,0.629472,2.54291,0.26816,0.259968,0.256896,0.251776,0.253824,0.26816
2460,0.053504,0.62976,2.54726,0.26816,0.259968,0.255872,0.251776,0.251776,0.26816
2461,0.054208,0.632768,3.0071,0.266112,0.259968,0.255904,0.251776,0.251808,0.271648
2462,0.054624,0.630688,2.5312,0.26816,0.259968,0.255872,0.251776,0.2528,0.26816
2463,0.053792,0.631904,2.54403,0.26816,0.262016,0.256896,0.251776,0.251776,0.26816
2464,0.053856,0.632608,2.53619,0.268192,0.262016,0.44432,0.257248,0.253856,0.268192
2465,0.054528,0.796064,2.54205,0.26816,0.259968,0.255872,0.250752,0.253824,0.26816
2466,0.054016,0.628864,2.54064,0.26816,0.259968,0.255968,0.25168,0.253824,0.269184
2467,0.054016,0.633056,2.5377,0.268192,0.26,0.255872,0.251776,0.253856,0.268192
2468,0.054592,0.631712,2.83466,0.26816,0.259968,0.255872,0.251776,0.251776,0.269536
2469,0.053888,0.630208,2.54208,0.270208,0.259968,0.25792,0.251776,0.2528,0.26816
2470,0.053824,0.629024,2.5391,0.269216,0.259968,0.255904,0.251776,0.253856,0.268192
2471,0.054048,0.634144,2.73978,0.26816,0.262016,0.407424,0.257248,0.253824,0.273664
2472,0.053792,0.628704,2.54189,0.26816,0.262016,0.255872,0.251776,0.251776,0.269184
2473,0.053888,0.63312,2.54147,0.268192,0.261024,0.255872,0.251808,0.251776,0.26816
2474,0.054464,0.627072,2.53818,0.26816,0.259968,0.256896,0.251776,0.251776,0.26816
2475,0.05392,0.826048,2.72563,0.26816,0.259968,0.255872,0.251776,0.253824,0.269536
2476,0.054048,0.629696,2.72454,0.268192,0.259968,0.255904,0.251776,0.251776,0.2696
2477,0.05424,0.62912,2.53395,0.26816,0.259968,0.255872,0.251776,0.251776,0.26816
2478,0.053984,0.62928,2.8576,0.26816,0.259968,0.255872,0.251776,0.253824,0.269568
2479,0.054048,0.629792,2.53802,0.27024,0.262016,0.255904,0.251808,0.251808,0.269184
2480,0.054304,0.628448,2.53306,0.26816,0.259968,0.255872,0.251776,0.253824,0.26816
2481,0.054304,0.633376,2.54736,0.408448,0.536384,0.2592,0.251776,0.25184,0.272256
2482,0.053696,0.633248,2.53667,0.27024,0.259968,0.25488,0.251808,0.251776,0.26816
2483,0.054528,0.634144,2.5393,0.26816,0.26,0.25792,0.251776,0.251776,0.270208
2484,0.053504,0.6296,2.54467,0.26816,0.259968,0.255872,0.251776,0.2528,0.26816
2485,0.054208,0.935744,2.54467,0.26816,0.261024,0.257952,0.251808,0.251776,0.268192
2486,0.054016,0.630272,2.53533,0.26816,0.259968,0.254848,0.251776,0.251776,0.26816
2487,0.053632,0.632416,2.5448,0.270208,0.259968,0.255872,0.251776,0.253824,0.26816
2488,0.05392,0.628832,2.83798,0.26816,0.259968,0.255872,0.251808,0.251776,0.269568
2489,0.0544,0.63232,2.53571,0.26816,0.259968,0.256896,0.251776,0.253824,0.26816
2490,0.053696,0.629184,2.54704,0.26816,0.259968,0.255872,0.251776,0.251776,0.270208
2491,0.054208,0.630144,2.53907,0.268192,0.263424,0.255904,0.251808,0.448416,0.268192
2492,0.054528,0.801952,2.53878,0.26816,0.260992,0.255872,0.249728,0.251808,0.268192
2493,0.053824,0.63024,2.53958,0.26816,0.259968,0.256896,0.251776,0.251776,0.26816
2494,0.05344,0.63168,2.53581,0.268192,0.259968,0.255904,0.251776,0.251776,0.26816
2495,0.054336,0.630624,2.84429,0.26816,0.259968,0.255872,0.251776,0.253824,0.269568
2496,0.0536,0.631264,2.54733,0.26816,0.259968,0.255872,0.251776,0.251776,0.26816
2497,0.053952,0.630112,2.5409,0.268192,0.26,0.25792,0.250752,0.253856,0.268192
2498,0.054752,0.633344,2.53674,0.273632,0.26544,0.255872,0.251776,0.393088,0.460672
2499,0.054016,0.7976,2.55056,0.26816,0.260992,0.255904,0.251776,0.253824,0.270208
2500,0.053568,0.632768,2.53904,0.26816,0.259968,0.256928,0.251776,0.251776,0.268192
2501,0.055552,0.63072,2.5345,0.26816,0.259968,0.255872,0.251776,0.251776,0.26816
2502,0.053952,0.92576,2.54365,0.26816,0.260992,0.257952,0.251776,0.253824,0.26816
2503,0.053856,0.631424,2.54093,0.26816,0.26,0.256928,0.251808,0.253824,0.26816
2504,0.05424,0.63296,2.53402,0.26816,0.262048,0.255872,0.251776,0.251776,0.26816
2505,0.053408,0.631424,2.84221,0.26816,0.259872,0.255872,0.251776,0.251872,0.269568
2506,0.054176,0.630976,2.5352,0.270208,0.26,0.255872,0.251808,0.251776,0.267168
2507,0.054016,0.63296,2.53366,0.26816,0.259968,0.25792,0.251776,0.253824,0.26816
2508,0.054112,0.62704,2.54605,0.26816,0.259968,0.257952,0.44736,0.255232,0.270208
2509,0.054016,0.80064,2.53898,0.266112,0.259968,0.257952,0.251808,0.252832,0.268192
2510,0.054272,0.629024,2.53664,0.269184,0.259968,0.25792,0.251776,0.253824,0.26816
2511,0.053504,0.632352,2.54032,0.26816,0.259968,0.255936,0.251712,0.251776,0.26816
2512,0.054176,0.630624,2.83155,0.27024,0.259968,0.255904,0.251776,0.253856,0.269536
2513,0.054112,0.630912,2.53779,0.26816,0.259968,0.255872,0.251776,0.2528,0.26816
2514,0.054272,0.628704,2.54502,0.269184,0.259968,0.255872,0.251776,0.253824,0.26816
2515,0.053952,0.632864,2.83238,0.26816,0.259968,0.255872,0.251808,0.251808,0.27776
2516,0.05424,0.632384,2.53587,0.266112,0.259968,0.255872,0.251776,0.2528,0.26816
2517,0.053568,0.632192,2.53981,0.267136,0.259968,0.25792,0.251776,0.251776,0.26816
2518,0.057536,0.630912,2.53818,0.270208,0.259968,0.255872,0.251808,0.251776,0.268192
2519,0.054272,0.915296,2.71821,0.26816,0.259968,0.255872,0.251776,0.251776,0.269568
2520,0.053888,0.628928,2.53984,0.270208,0.260768,0.255872,0.251776,0.252,0.26816
2521,0.053728,0.631424,2.53853,0.26816,0.259968,0.255904,0.2528,0.251808,0.268192
2522,0.055072,0.633344,2.83478,0.26816,0.262048,0.255872,0.251776,0.251776,0.269568
2523,0.053504,0.630656,2.54016,0.26816,0.259968,0.255872,0.251776,0.253824,0.269184
2524,0.05376,0.63472,2.53894,0.268192,0.261024,0.255904,0.251808,0.251776,0.26816
2525,0.055712,0.632832,2.53718,0.26816,0.414592,0.453504,0.253152,0.253824,0.26816
2526,0.053536,0.629248,2.54563,0.26816,0.259872,0.255872,0.250752,0.251872,0.26816
2527,0.053664,0.630016,2.54032,0.268192,0.259968,0.255872,0.251808,0.253856,0.267136
2528,0.054144,0.625664,2.53696,0.26816,0.260992,0.25792,0.251776,0.251776,0.272256
2529,0.05328,0.621056,2.84554,0.26816,0.259968,0.255872,0.251776,0.251776,0.275712
2530,0.054048,0.625792,2.53731,0.268192,0.259968,0.25792,0.252832,0.251808,0.276384
2531,0.054464,0.625472,2.53363,0.270208,0.262016,0.255872,0.251808,0.251776,0.277376
2532,0.053792,0.62656,2.83843,0.270208,0.259968,0.25792,0.251776,0.253856,0.279808
2533,0.05408,0.624032,2.53571,0.27024,0.259968,0.25792,0.250752,0.251776,0.28048
2534,0.05424,0.62592,2.53958,0.26816,0.259968,0.25792,0.253824,0.253824,0.281472
2535,0.054688,0.627648,2.54317,0.270208,0.452512,0.255872,0.251776,0.251776,0.280448
2536,0.0536,0.625152,2.71216,0.268192,0.262016,0.255872,0.251776,0.251776,0.279712
2537,0.054752,0.625824,2.53722,0.270208,0.259968,0.255872,0.250752,0.251776,0.282496
2538,0.05328,0.626624,2.54086,0.270208,0.259968,0.25792,0.251776,0.253824,0.28352
2539,0.053856,0.62224,3.00438,0.268192,0.259968,0.257952,0.251776,0.251808,0.281856
2540,0.05376,0.623072,2.53734,0.26816,0.259968,0.257952,0.2528,0.253824,0.284544
2541,0.053184,0.6272,2.53882,0.26816,0.259872,0.255872,0.251808,0.251872,0.28352
2542,0.053312,0.622976,2.54269,0.279168,0.26336,0.26,0.251776,0.408448,0.462304
2543,0.053856,0.626592,2.5367,0.269184,0.259968,0.255872,0.251776,0.251776,0.284544
2544,0.05296,0.627744,2.54947,0.26816,0.259968,0.255872,0.251776,0.251776,0.284544
2545,0.053152,0.624032,2.54131,0.26816,0.259968,0.257952,0.251776,0.252832,0.284576
2546,0.053952,0.920224,2.54128,0.26816,0.260992,0.255872,0.251776,0.253824,0.284544
2547,0.053568,0.62816,2.54202,0.26816,0.259968,0.256896,0.251776,0.253824,0.286592
2548,0.251808,0.26816,0.255872,0.0,0.0,0.0,0.0,0.0,0.0
2549,0.251776,0.26816,0.255872,0.0,0.0,0.0,0.0,0.0,0.0
2550,0.251776,0.267136,0.255872,0.0,0.0,0.0,0.0,0.0,0.0
2551,0.068832,0.630368,2.79792,0.0,0.0,0.0,0.0,0.0,0.0
2552,0.065024,0.62336,2.536,0.0,0.0,0.0,0.0,0.0,0.0
2553,0.06784,0.623808,2.54995,0.0,0.0,0.0,0.0,0.0,0.0
2554,0.064416,0.61856,2.53446,0.0,0.0,0.0,0.0,0.0,0.0
2555,0.064928,0.62064,2.53491,0.0,0.0,0.0,0.0,0.0,0.0
2556,0.067456,0.621728,2.53869,0.0,0.0,0.0,0.0,0.0,0.0
2557,0.06416,0.820512,2.70886,0.0,0.0,0.0,0.0,0.0,0.0
2558,0.065344,0.618656,2.52966,0.0,0.0,0.0,0.0,0.0,0.0
2559,0.064672,0.6208,2.53379,0.0,0.0,0.0,0.0,0.0,0.0
2560,0.064608,0.62064,2.52941,0.0,0.0,0.0,0.0,0.0,0.0
2561,0.066816,0.617376,2.52982,0.0,0.0,0.0,0.0,0.0,0.0
2562,0.065568,0.900544,2.7056,0.0,0.0,0.0,0.0,0.0,0.0
2563,0.06416,0.621248,2.52742,0.0,0.0,0.0,0.0,0.0,0.0
2564,0.066144,0.616256,2.52528,0.0,0.0,0.0,0.0,0.0,0.0
2565,0.064032,0.619776,2.53315,0.0,0.0,0.0,0.0,0.0,0.0
2566,0.066336,0.61984,2.52806,0.0,0.0,0.0,0.0,0.0,0.0
2567,0.065632,0.918496,2.52928,0.0,0.0,0.0,0.0,0.0,0.0
2568,0.065088,0.621728,2.53466,0.0,0.0,0.0,0.0,0.0,0.0
2569,0.06448,0.622688,2.52906,0.0,0.0,0.0,0.0,0.0,0.0
2570,0.064544,0.62208,2.52784,0.0,0.0,0.0,0.0,0.0,0.0
2571,0.064448,0.62064,2.53424,0.0,0.0,0.0,0.0,0.0,0.0
2572,0.065536,0.92464,2.53018,0.0,0.0,0.0,0.0,0.0,0.0
2573,0.065536,0.62336,2.53424,0.0,0.0,0.0,0.0,0.0,0.0
2574,0.064672,0.623616,2.53325,0.0,0.0,0.0,0.0,0.0,0.0
2575,0.06384,0.621376,2.52995,0.0,0.0,0.0,0.0,0.0,0.0
2576,0.065088,0.6208,2.53222,0.0,0.0,0.0,0.0,0.0,0.0
2577,0.065856,0.917792,2.5359,0.0,0.0,0.0,0.0,0.0,0.0
2578,0.064416,0.625376,2.52774,0.0,0.0,0.0,0.0,0.0,0.0
2579,0.066368,0.61824,2.52714,0.0,0.0,0.0,0.0,0.0,0.0
2580,0.065184,0.62288,2.53293,0.0,0.0,0.0,0.0,0.0,0.0
2581,0.064736,0.619328,2.53018,0.0,0.0,0.0,0.0,0.0,0.0
2582,0.065344,0.925152,2.53427,0.0,0.0,0.0,0.0,0.0,0.0
2583,0.065728,0.621248,2.52998,0.0,0.0,0.0,0.0,0.0,0.0
2584,0.064,0.623648,2.52682,0.0,0.0,0.0,0.0,0.0,0.0
2585,0.064896,0.621344,2.52646,0.0,0.0,0.0,0.0,0.0,0.0
2586,0.06528,0.6192,2.53315,0.0,0.0,0.0,0.0,0.0,0.0
2587,0.064864,0.903744,2.52963,0.0,0.0,0.0,0.0,0.0,0.0
2588,0.065344,0.620864,2.52582,0.0,0.0,0.0,0.0,0.0,0.0
2589,0.064832,0.621088,2.52966,0.0,0.0,0.0,0.0,0.0,0.0
2590,0.064576,0.621504,2.52099,0.0,0.0,0.0,0.0,0.0,0.0
2591,0.065056,0.618912,2.52218,0.0,0.0,0.0,0.0,0.0,0.0
2592,0.065984,0.620544,3.00128,0.0,0.0,0.0,0.0,0.0,0.0
2593,0.064512,0.622048,2.52608,0.0,0.0,0.0,0.0,0.0,0.0
2594,0.065344,0.622688,2.52429,0.0,0.0,0.0,0.0,0.0,0.0
2595,0.06512,0.621728,2.5289,0.0,0.0,0.0,0.0,0.0,0.0
2596,0.065152,0.623872,2.52342,0.0,0.0,0.0,0.0,0.0,0.0
2597,0.065184,0.620512,2.82528,0.0,0.0,0.0,0.0,0.0,0.0
2598,0.064256,0.621824,2.52957,0.0,0.0,0.0,0.0,0.0,0.0
2599,0.064512,0.623008,2.52454,0.0,0.0,0.0,0.0,0.0,0.0
2600,0.067264,0.620672,2.52426,0.0,0.0,0.0,0.0,0.0,0.0
2601,0.064128,0.620864,2.53024,0.0,0.0,0.0,0.0,0.0,0.0
2602,0.064864,0.619328,2.82742,0.0,0.0,0.0,0.0,0.0,0.0
2603,0.065472,0.621696,2.52621,0.0,0.0,0.0,0.0,0.0,0.0
2604,0.064512,0.617248,2.53347,0.0,0.0,0.0,0.0,0.0,0.0
2605,0.064384,0.618752,2.52397,0.0,0.0,0.0,0.0,0.0,0.0
2606,0.065024,0.621024,2.52694,0.0,0.0,0.0,0.0,0.0,0.0
2607,0.064768,0.623712,2.82906,0.0,0.0,0.0,0.0,0.0,0.0
2608,0.064352,0.62144,2.52989,0.0,0.0,0.0,0.0,0.0,0.0
2609,0.064896,0.620896,2.52685,0.0,0.0,0.0,0.0,0.0,0.0
2610,0.064864,0.624096,2.53018,0.0,0.0,0.0,0.0,0.0,0.0
2611,0.064544,0.622048,2.52896,0.0,0.0,0.0,0.0,0.0,0.0
2612,0.064704,0.624064,2.82125,0.0,0.0,0.0,0.0,0.0,0.0
2613,0.064192,0.6232,2.53043,0.0,0.0,0.0,0.0,0.0,0.0
2614,0.064576,0.620512,2.52307,0.0,0.0,0.0,0.0,0.0,0.0
2615,0.065792,0.62256,2.52547,0.0,0.0,0.0,0.0,0.0,0.0
2616,0.064384,0.624096,2.52803,0.0,0.0,0.0,0.0,0.0,0.0
2617,0.06464,0.61744,2.92067,0.0,0.0,0.0,0.0,0.0,0.0
2618,0.065248,0.826368,2.53165,0.0,0.0,0.0,0.0,0.0,0.0
2619,0.06512,0.62064,2.528,0.0,0.0,0.0,0.0,0.0,0.0
2620,0.064512,0.625984,2.5256,0.0,0.0,0.0,0.0,0.0,0.0
2621,0.065856,0.618528,2.52509,0.0,0.0,0.0,0.0,0.0,0.0
2622,0.064992,0.620448,3.22307,0.0,0.0,0.0,0.0,0.0,0.0
2623,0.064384,0.62384,2.5224,0.0,0.0,0.0,0.0,0.0,0.0
2624,0.064672,0.62224,2.52147,0.0,0.0,0.0,0.0,0.0,0.0
2625,0.064576,0.62256,2.52957,0.0,0.0,0.0,0.0,0.0,0.0
2626,0.064992,0.622016,2.52112,0.0,0.0,0.0,0.0,0.0,0.0
2627,0.066048,0.620288,3.02307,0.0,0.0,0.0,0.0,0.0,0.0
2628,0.06464,0.618848,2.52278,0.0,0.0,0.0,0.0,0.0,0.0
2629,0.064928,0.621664,2.52413,0.0,0.0,0.0,0.0,0.0,0.0
2630,0.064896,0.62288,2.52243,0.0,0.0,0.0,0.0,0.0,0.0
2631,0.06432,0.621312,2.53178,0.0,0.0,0.0,0.0,0.0,0.0
2632,0.06464,0.620352,3.03283,0.0,0.0,0.0,0.0,0.0,0.0
2633,0.065344,0.618944,2.51843,0.0,0.0,0.0,0.0,0.0,0.0
2634,0.064672,0.62112,2.52624,0.0,0.0,0.0,0.0,0.0,0.0
2635,0.065088,0.621152,2.52195,0.0,0.0,0.0,0.0,0.0,0.0
2636,0.065632,0.61856,2.52237,0.0,0.0,0.0,0.0,0.0,0.0
2637,0.064992,0.62128,3.03104,0.0,0.0,0.0,0.0,0.0,0.0
2638,0.064832,0.619872,2.52093,0.0,0.0,0.0,0.0,0.0,0.0
2639,0.065312,0.62176,2.51971,0.0,0.0,0.0,0.0,0.0,0.0
2640,0.066336,0.620032,2.52666,0.0,0.0,0.0,0.0,0.0,0.0
2641,0.064864,0.621536,2.52192,0.0,0.0,0.0,0.0,0.0,0.0
2642,0.064896,0.620896,2.83101,0.0,0.0,0.0,0.0,0.0,0.0
2643,0.06448,0.621088,2.52394,0.0,0.0,0.0,0.0,0.0,0.0
2644,0.06512,0.82704,2.52307,0.0,0.0,0.0,0.0,0.0,0.0
2645,0.066048,0.62144,2.51907,0.0,0.0,0.0,0.0,0.0,0.0
2646,0.064128,0.616448,2.52838,0.0,0.0,0.0,0.0,0.0,0.0
2647,0.064704,0.618688,2.8224,0.0,0.0,0.0,0.0,0.0,0.0
2648,0.066144,0.620864,2.51702,0.0,0.0,0.0,0.0,0.0,0.0
2649,0.064544,0.623232,2.52003,0.0,0.0,0.0,0.0,0.0,0.0
2650,0.0648,0.618656,2.52384,0.0,0.0,0.0,0.0,0.0,0.0
2651,0.065568,0.617984,2.51862,0.0,0.0,0.0,0.0,0.0,0.0
2652,0.064832,0.622816,2.98518,0.0,0.0,0.0,0.0,0.0,0.0
2653,0.06384,0.617504,2.524,0.0,0.0,0.0,0.0,0.0,0.0
2654,0.065536,0.620352,2.51264,0.0,0.0,0.0,0.0,0.0,0.0
2655,0.064448,0.619424,2.52122,0.0,0.0,0.0,0.0,0.0,0.0
2656,0.064768,0.618912,2.52074,0.0,0.0,0.0,0.0,0.0,0.0
2657,0.065408,0.619424,2.80736,0.0,0.0,0.0,0.0,0.0,0.0
2658,0.064416,0.6208,2.52189,0.0,0.0,0.0,0.0,0.0,0.0
2659,0.064672,0.620448,2.51674,0.0,0.0,0.0,0.0,0.0,0.0
2660,0.064864,0.616832,2.5135,0.0,0.0,0.0,0.0,0.0,0.0
2661,0.064384,0.618272,2.51875,0.0,0.0,0.0,0.0,0.0,0.0
2662,0.064672,0.620992,2.91459,0.0,0.0,0.0,0.0,0.0,0.0
2663,0.065184,0.616224,2.51334,0.0,0.0,0.0,0.0,0.0,0.0
2664,0.065216,0.624192,2.51741,0.0,0.0,0.0,0.0,0.0,0.0
2665,0.064224,0.622112,2.51651,0.0,0.0,0.0,0.0,0.0,0.0
2666,0.06496,0.621056,2.5136,0.0,0.0,0.0,0.0,0.0,0.0
2667,0.064672,0.615936,2.82323,0.0,0.0,0.0,0.0,0.0,0.0
2668,0.064416,0.618336,2.5127,0.0,0.0,0.0,0.0,0.0,0.0
2669,0.065056,0.618752,2.50989,0.0,0.0,0.0,0.0,0.0,0.0
2670,0.064416,0.62192,2.51901,0.0,0.0,0.0,0.0,0.0,0.0
2671,0.064864,0.61968,2.50947,0.0,0.0,0.0,0.0,0.0,0.0
2672,0.065088,0.61792,2.80797,0.0,0.0,0.0,0.0,0.0,0.0
2673,0.064416,0.617472,2.51142,0.0,0.0,0.0,0.0,0.0,0.0
2674,0.064416,0.617184,2.51706,0.0,0.0,0.0,0.0,0.0,0.0
2675,0.064992,0.619168,2.50989,0.0,0.0,0.0,0.0,0.0,0.0
2676,0.064736,0.620512,2.52019,0.0,0.0,0.0,0.0,0.0,0.0
2677,0.064832,0.617568,2.80502,0.0,0.0,0.0,0.0,0.0,0.0
2678,0.064352,0.618496,2.51117,0.0,0.0,0.0,0.0,0.0,0.0
2679,0.064064,0.619104,2.51552,0.0,0.0,0.0,0.0,0.0,0.0
2680,0.065152,0.618208,2.51366,0.0,0.0,0.0,0.0,0.0,0.0
2681,0.064736,0.621184,2.51002,0.0,0.0,0.0,0.0,0.0,0.0
2682,0.065152,0.618336,2.97974,0.0,0.0,0.0,0.0,0.0,0.0
2683,0.064032,0.619648,2.51053,0.0,0.0,0.0,0.0,0.0,0.0
2684,0.06512,0.620512,2.51158,0.0,0.0,0.0,0.0,0.0,0.0
2685,0.065216,0.617888,2.51779,0.0,0.0,0.0,0.0,0.0,0.0
2686,0.064832,0.619808,2.50861,0.0,0.0,0.0,0.0,0.0,0.0
2687,0.064928,0.617056,2.80195,0.0,0.0,0.0,0.0,0.0,0.0
2688,0.065504,0.618144,2.51104,0.0,0.0,0.0,0.0,0.0,0.0
2689,0.064576,0.619392,2.50557,0.0,0.0,0.0,0.0,0.0,0.0
2690,0.064544,0.622624,2.50835,0.0,0.0,0.0,0.0,0.0,0.0
2691,0.06464,0.6176,2.51485,0.0,0.0,0.0,0.0,0.0,0.0
2692,0.064928,0.618432,2.71312,0.0,0.0,0.0,0.0,0.0,0.0
2693,0.065056,0.796096,2.50982,0.0,0.0,0.0,0.0,0.0,0.0
2694,0.06448,0.618496,2.5128,0.0,0.0,0.0,0.0,0.0,0.0
2695,0.064096,0.621664,2.50883,0.0,0.0,0.0,0.0,0.0,0.0
2696,0.06448,0.619136,2.51421,0.0,0.0,0.0,0.0,0.0,0.0
2697,0.065152,0.617888,2.82592,0.0,0.0,0.0,0.0,0.0,0.0
2698,0.064096,0.618624,2.50339,0.0,0.0,0.0,0.0,0.0,0.0
2699,0.06496,0.622464,2.50726,0.0,0.0,0.0,0.0,0.0,0.0
2700,0.063904,0.619712,2.51357,0.0,0.0,0.0,0.0,0.0,0.0
2701,0.065152,0.621504,2.50774,0.0,0.0,0.0,0.0,0.0,0.0
2702,0.065088,0.617984,2.81235,0.0,0.0,0.0,0.0,0.0,0.0
2703,0.064864,0.618208,2.5055,0.0,0.0,0.0,0.0,0.0,0.0
2704,0.064672,0.61936,2.50266,0.0,0.0,0.0,0.0,0.0,0.0
2705,0.06496,0.62352,2.50208,0.0,0.0,0.0,0.0,0.0,0.0
2706,0.064512,0.618528,2.50982,0.0,0.0,0.0,0.0,0.0,0.0
2707,0.068,0.617824,2.78867,0.0,0.0,0.0,0.0,0.0,0.0
2708,0.06512,0.6192,2.49984,0.0,0.0,0.0,0.0,0.0,0.0
2709,0.065056,0.617056,2.50726,0.0,0.0,0.0,0.0,0.0,0.0
2710,0.063744,0.618912,2.49827,0.0,0.0,0.0,0.0,0.0,0.0
2711,0.065216,0.618048,2.50144,0.0,0.0,0.0,0.0,0.0,0.0
2712,0.064544,0.617344,2.50547,0.0,0.0,0.0,0.0,0.0,0.0
2713,0.06464,0.890432,2.68422,0.0,0.0,0.0,0.0,0.0,0.0
2714,0.064928,0.617472,2.49955,0.0,0.0,0.0,0.0,0.0,0.0
2715,0.06432,0.618048,2.50253,0.0,0.0,0.0,0.0,0.0,0.0
2716,0.064256,0.618848,2.4969,0.0,0.0,0.0,0.0,0.0,0.0
2717,0.06496,0.6168,2.49562,0.0,0.0,0.0,0.0,0.0,0.0
2718,0.064544,0.928928,2.49942,0.0,0.0,0.0,0.0,0.0,0.0
2719,0.064288,0.619712,2.4937,0.0,0.0,0.0,0.0,0.0,0.0
2720,0.064256,0.619168,2.49619,0.0,0.0,0.0,0.0,0.0,0.0
2721,0.064288,0.616192,2.49907,0.0,0.0,0.0,0.0,0.0,0.0
2722,0.06368,0.617888,2.49194,0.0,0.0,0.0,0.0,0.0,0.0
2723,0.06464,0.620224,2.78496,0.0,0.0,0.0,0.0,0.0,0.0
2724,0.063616,0.615648,2.49715,0.0,0.0,0.0,0.0,0.0,0.0
2725,0.064192,0.619488,2.49226,0.0,0.0,0.0,0.0,0.0,0.0
2726,0.0648,0.619648,2.49027,0.0,0.0,0.0,0.0,0.0,0.0
2727,0.063968,0.61728,2.49731,0.0,0.0,0.0,0.0,0.0,0.0
2728,0.06384,0.61776,2.79018,0.0,0.0,0.0,0.0,0.0,0.0
2729,0.065376,0.61664,2.49501,0.0,0.0,0.0,0.0,0.0,0.0
2730,0.064256,0.616416,2.49754,0.0,0.0,0.0,0.0,0.0,0.0
2731,0.064288,0.616288,2.49712,0.0,0.0,0.0,0.0,0.0,0.0
2732,0.06464,0.618304,2.4904,0.0,0.0,0.0,0.0,0.0,0.0
2733,0.064352,0.61712,2.79165,0.0,0.0,0.0,0.0,0.0,0.0
2734,0.06384,0.616352,2.48816,0.0,0.0,0.0,0.0,0.0,0.0
2735,0.064832,0.615936,2.4872,0.0,0.0,0.0,0.0,0.0,0.0
2736,0.064544,0.618336,2.4887,0.0,0.0,0.0,0.0,0.0,0.0
2737,0.06416,0.61504,2.4895,0.0,0.0,0.0,0.0,0.0,0.0
2738,0.064384,0.616128,2.78352,0.0,0.0,0.0,0.0,0.0,0.0
2739,0.063872,0.617344,2.49232,0.0,0.0,0.0,0.0,0.0,0.0
2740,0.06384,0.61984,2.84762,0.0,0.0,0.0,0.0,0.0,0.0
2741,0.064448,0.617952,2.48662,0.0,0.0,0.0,0.0,0.0,0.0
2742,0.064672,0.617184,2.48925,0.0,0.0,0.0,0.0,0.0,0.0
2743,0.064352,0.615584,2.78934,0.0,0.0,0.0,0.0,0.0,0.0
2744,0.064192,0.617632,2.48336,0.0,0.0,0.0,0.0,0.0,0.0
2745,0.064096,0.61904,2.48742,0.0,0.0,0.0,0.0,0.0,0.0
2746,0.063904,0.61648,2.48618,0.0,0.0,0.0,0.0,0.0,0.0
2747,0.064704,0.615872,2.48134,0.0,0.0,0.0,0.0,0.0,0.0
2748,0.064768,0.61568,2.80906,0.0,0.0,0.0,0.0,0.0,0.0
2749,0.063328,0.618144,2.47824,0.0,0.0,0.0,0.0,0.0,0.0
2750,0.0648,0.617312,2.47891,0.0,0.0,0.0,0.0,0.0,0.0
2751,0.064256,0.615008,2.48288,0.0,0.0,0.0,0.0,0.0,0.0
2752,0.064384,0.617664,2.4776,0.0,0.0,0.0,0.0,0.0,0.0
2753,0.064864,0.61696,2.77939,0.0,0.0,0.0,0.0,0.0,0.0
2754,0.063904,0.61712,2.48202,0.0,0.0,0.0,0.0,0.0,0.0
2755,0.06368,0.616736,2.47603,0.0,0.0,0.0,0.0,0.0,0.0
2756,0.064864,0.617216,2.47626,0.0,0.0,0.0,0.0,0.0,0.0
2757,0.064512,0.614752,2.48218,0.0,0.0,0.0,0.0,0.0,0.0
2758,0.067776,0.618912,2.77613,0.0,0.0,0.0,0.0,0.0,0.0
2759,0.065888,0.621568,2.47744,0.0,0.0,0.0,0.0,0.0,0.0
2760,0.064512,0.620512,2.47846,0.0,0.0,0.0,0.0,0.0,0.0
2761,0.063296,0.614336,2.47459,0.0,0.0,0.0,0.0,0.0,0.0
2762,0.064192,0.617792,2.47549,0.0,0.0,0.0,0.0,0.0,0.0
2763,0.065696,0.618016,2.47949,0.0,0.0,0.0,0.0,0.0,0.0
2764,0.063584,0.817216,2.65795,0.0,0.0,0.0,0.0,0.0,0.0
2765,0.064256,0.619488,2.47226,0.0,0.0,0.0,0.0,0.0,0.0
2766,0.064,0.620032,2.47232,0.0,0.0,0.0,0.0,0.0,0.0
2767,0.064064,0.619712,2.46803,0.0,0.0,0.0,0.0,0.0,0.0
2768,0.064576,0.61552,2.46902,0.0,0.0,0.0,0.0,0.0,0.0
2769,0.06368,0.8976,2.64944,0.0,0.0,0.0,0.0,0.0,0.0
2770,0.064,0.619264,2.47216,0.0,0.0,0.0,0.0,0.0,0.0
2771,0.064672,0.617664,2.464,0.0,0.0,0.0,0.0,0.0,0.0
2772,0.063872,0.618592,2.47526,0.0,0.0,0.0,0.0,0.0,0.0
2773,0.063456,0.619072,2.46851,0.0,0.0,0.0,0.0,0.0,0.0
2774,0.064928,0.623648,2.74822,0.0,0.0,0.0,0.0,0.0,0.0
2775,0.064032,0.61744,2.47248,0.0,0.0,0.0,0.0,0.0,0.0
2776,0.063392,0.619648,2.46515,0.0,0.0,0.0,0.0,0.0,0.0
2777,0.06448,0.618208,2.46662,0.0,0.0,0.0,0.0,0.0,0.0
2778,0.064288,0.61904,2.47133,0.0,0.0,0.0,0.0,0.0,0.0
2779,0.063904,0.618368,2.74611,0.0,0.0,0.0,0.0,0.0,0.0
2780,0.06576,0.62192,2.46531,0.0,0.0,0.0,0.0,0.0,0.0
2781,0.064064,0.61872,2.46554,0.0,0.0,0.0,0.0,0.0,0.0
2782,0.063584,0.617888,2.46547,0.0,0.0,0.0,0.0,0.0,0.0
2783,0.064576,0.619808,2.46086,0.0,0.0,0.0,0.0,0.0,0.0
2784,0.064384,0.620384,2.75523,0.0,0.0,0.0,0.0,0.0,0.0
2785,0.063424,0.61728,2.4649,0.0,0.0,0.0,0.0,0.0,0.0
2786,0.064672,0.617984,2.46198,0.0,0.0,0.0,0.0,0.0,0.0
2787,0.064064,0.616736,2.46717,0.0,0.0,0.0,0.0,0.0,0.0
2788,0.06416,0.617056,2.46086,0.0,0.0,0.0,0.0,0.0,0.0
2789,0.064128,0.620512,2.74422,0.0,0.0,0.0,0.0,0.0,0.0
2790,0.063776,0.617504,2.46218,0.0,0.0,0.0,0.0,0.0,0.0
2791,0.063744,0.617408,2.45504,0.0,0.0,0.0,0.0,0.0,0.0
2792,0.064288,0.617472,2.45674,0.0,0.0,0.0,0.0,0.0,0.0
2793,0.064032,0.615744,2.46061,0.0,0.0,0.0,0.0,0.0,0.0
2794,0.063168,0.617952,2.74394,0.0,0.0,0.0,0.0,0.0,0.0
2795,0.065056,0.616768,2.45392,0.0,0.0,0.0,0.0,0.0,0.0
2796,0.06432,0.61792,2.45888,0.0,0.0,0.0,0.0,0.0,0.0
2797,0.064128,0.620448,2.45616,0.0,0.0,0.0,0.0,0.0,0.0
2798,0.065056,0.618944,2.45523,0.0,0.0,0.0,0.0,0.0,0.0
2799,0.06624,0.6152,2.46285,0.0,0.0,0.0,0.0,0.0,0.0
2800,0.063264,0.875488,2.62986,0.0,0.0,0.0,0.0,0.0,0.0
2801,0.064448,0.62016,2.45338,0.0,0.0,0.0,0.0,0.0,0.0
2802,0.063616,0.61728,2.46109,0.0,0.0,0.0,0.0,0.0,0.0
2803,0.063264,0.618336,2.4569,0.0,0.0,0.0,0.0,0.0,0.0
2804,0.06496,0.616096,2.45504,0.0,0.0,0.0,0.0,0.0,0.0
2805,0.063328,0.899936,2.45904,0.0,0.0,0.0,0.0,0.0,0.0
2806,0.06368,0.616,2.45328,0.0,0.0,0.0,0.0,0.0,0.0
2807,0.065184,0.618304,2.45014,0.0,0.0,0.0,0.0,0.0,0.0
2808,0.064928,0.615968,2.45194,0.0,0.0,0.0,0.0,0.0,0.0
2809,0.063616,0.615392,2.45571,0.0,0.0,0.0,0.0,0.0,0.0
2810,0.064896,0.615488,2.72813,0.0,0.0,0.0,0.0,0.0,0.0
2811,0.064128,0.615232,2.45034,0.0,0.0,0.0,0.0,0.0,0.0
2812,0.06336,0.619584,2.4463,0.0,0.0,0.0,0.0,0.0,0.0
2813,0.06496,0.617632,2.4464,0.0,0.0,0.0,0.0,0.0,0.0
2814,0.064192,0.61568,2.4512,0.0,0.0,0.0,0.0,0.0,0.0
2815,0.064032,0.616544,2.72563,0.0,0.0,0.0,0.0,0.0,0.0
2816,0.064768,0.61888,2.44739,0.0,0.0,0.0,0.0,0.0,0.0
2817,0.064032,0.617696,2.45245,0.0,0.0,0.0,0.0,0.0,0.0
2818,0.064064,0.617632,2.44611,0.0,0.0,0.0,0.0,0.0,0.0
2819,0.064576,0.621312,2.44832,0.0,0.0,0.0,0.0,0.0,0.0
2820,0.063808,0.615456,2.73843,0.0,0.0,0.0,0.0,0.0,0.0
2821,0.06432,0.617056,2.44938,0.0,0.0,0.0,0.0,0.0,0.0
2822,0.064256,0.615584,2.4513,0.0,0.0,0.0,0.0,0.0,0.0
2823,0.064192,0.615072,2.45658,0.0,0.0,0.0,0.0,0.0,0.0
2824,0.064,0.619936,2.45117,0.0,0.0,0.0,0.0,0.0,0.0
2825,0.066272,0.61712,2.7409,0.0,0.0,0.0,0.0,0.0,0.0
2826,0.06432,0.620768,2.45718,0.0,0.0,0.0,0.0,0.0,0.0
2827,0.06416,0.621664,2.45011,0.0,0.0,0.0,0.0,0.0,0.0
2828,0.064896,0.6176,2.45104,0.0,0.0,0.0,0.0,0.0,0.0
2829,0.064224,0.615808,2.45901,0.0,0.0,0.0,0.0,0.0,0.0
2830,0.064928,0.618976,2.45584,0.0,0.0,0.0,0.0,0.0,0.0
2831,0.065088,0.889216,2.6383,0.0,0.0,0.0,0.0,0.0,0.0
2832,0.064704,0.614816,2.45818,0.0,0.0,0.0,0.0,0.0,0.0
2833,0.064,0.619264,2.45296,0.0,0.0,0.0,0.0,0.0,0.0
2834,0.064704,0.620672,2.45766,0.0,0.0,0.0,0.0,0.0,0.0
2835,0.06448,0.616384,2.45917,0.0,0.0,0.0,0.0,0.0,0.0
2836,0.064096,0.895904,2.45827,0.0,0.0,0.0,0.0,0.0,0.0
2837,0.064768,0.619488,2.4553,0.0,0.0,0.0,0.0,0.0,0.0
2838,0.062208,0.6192,2.46454,0.0,0.0,0.0,0.0,0.0,0.0
2839,0.064448,0.619168,2.46173,0.0,0.0,0.0,0.0,0.0,0.0
2840,0.064256,0.61952,2.45651,0.0,0.0,0.0,0.0,0.0,0.0
2841,0.06544,0.61936,2.75059,0.0,0.0,0.0,0.0,0.0,0.0
2842,0.063616,0.622368,2.45894,0.0,0.0,0.0,0.0,0.0,0.0
2843,0.064736,0.621376,2.46115,0.0,0.0,0.0,0.0,0.0,0.0
2844,0.063904,0.61696,2.46592,0.0,0.0,0.0,0.0,0.0,0.0
2845,0.063712,0.620864,2.45584,0.0,0.0,0.0,0.0,0.0,0.0
2846,0.064384,0.618752,2.74237,0.0,0.0,0.0,0.0,0.0,0.0
2847,0.06336,0.619584,2.4649,0.0,0.0,0.0,0.0,0.0,0.0
2848,0.064544,0.61904,2.46077,0.0,0.0,0.0,0.0,0.0,0.0
2849,0.064192,0.62336,2.46653,0.0,0.0,0.0,0.0,0.0,0.0
2850,0.064064,0.62048,2.46736,0.0,0.0,0.0,0.0,0.0,0.0
2851,0.063648,0.620416,2.74493,0.0,0.0,0.0,0.0,0.0,0.0
2852,0.06496,0.62112,2.46154,0.0,0.0,0.0,0.0,0.0,0.0
2853,0.064192,0.619808,2.46867,0.0,0.0,0.0,0.0,0.0,0.0
2854,0.063776,0.62176,2.46234,0.0,0.0,0.0,0.0,0.0,0.0
2855,0.064256,0.618624,2.46246,0.0,0.0,0.0,0.0,0.0,0.0
2856,0.06416,0.620608,2.74067,0.0,0.0,0.0,0.0,0.0,0.0
2857,0.064,0.619392,2.46448,0.0,0.0,0.0,0.0,0.0,0.0
2858,0.0648,0.621504,2.46272,0.0,0.0,0.0,0.0,0.0,0.0
2859,0.064096,0.621024,2.46762,0.0,0.0,0.0,0.0,0.0,0.0
2860,0.06352,0.620736,2.4679,0.0,0.0,0.0,0.0,0.0,0.0
2861,0.071616,0.619808,2.74486,0.0,0.0,0.0,0.0,0.0,0.0
2862,0.063904,0.623264,2.63619,0.0,0.0,0.0,0.0,0.0,0.0
2863,0.063872,0.622624,2.46598,0.0,0.0,0.0,0.0,0.0,0.0
2864,0.065216,0.623584,2.46333,0.0,0.0,0.0,0.0,0.0,0.0
2865,0.06432,0.623136,2.47149,0.0,0.0,0.0,0.0,0.0,0.0
2866,0.065856,0.622944,2.46883,0.0,0.0,0.0,0.0,0.0,0.0
2867,0.065408,0.80608,2.64954,0.0,0.0,0.0,0.0,0.0,0.0
2868,0.064224,0.62192,2.47098,0.0,0.0,0.0,0.0,0.0,0.0
2869,0.063904,0.622944,2.46368,0.0,0.0,0.0,0.0,0.0,0.0
2870,0.065568,0.617504,2.468,0.0,0.0,0.0,0.0,0.0,0.0
2871,0.063488,0.616544,2.47645,0.0,0.0,0.0,0.0,0.0,0.0
2872,0.06496,0.898752,2.4687,0.0,0.0,0.0,0.0,0.0,0.0
2873,0.065312,0.618304,2.47206,0.0,0.0,0.0,0.0,0.0,0.0
2874,0.063104,0.620736,2.47062,0.0,0.0,0.0,0.0,0.0,0.0
2875,0.0648,0.621472,2.46928,0.0,0.0,0.0,0.0,0.0,0.0
2876,0.06592,0.621888,2.46742,0.0,0.0,0.0,0.0,0.0,0.0
2877,0.064384,0.619968,2.74954,0.0,0.0,0.0,0.0,0.0,0.0
2878,0.064224,0.619744,2.47498,0.0,0.0,0.0,0.0,0.0,0.0
2879,0.064896,0.620608,2.46925,0.0,0.0,0.0,0.0,0.0,0.0
2880,0.064672,0.618048,2.4785,0.0,0.0,0.0,0.0,0.0,0.0
2881,0.064544,0.617504,2.47459,0.0,0.0,0.0,0.0,0.0,0.0
2882,0.065024,0.616576,2.74522,0.0,0.0,0.0,0.0,0.0,0.0
2883,0.063808,0.620544,2.4753,0.0,0.0,0.0,0.0,0.0,0.0
2884,0.064032,0.619072,2.47149,0.0,0.0,0.0,0.0,0.0,0.0
2885,0.065312,0.62,2.47178,0.0,0.0,0.0,0.0,0.0,0.0
2886,0.064448,0.618272,2.47674,0.0,0.0,0.0,0.0,0.0,0.0
2887,0.06416,0.619296,2.76038,0.0,0.0,0.0,0.0,0.0,0.0
2888,0.06528,0.620128,2.47654,0.0,0.0,0.0,0.0,0.0,0.0
2889,0.06432,0.621088,2.48336,0.0,0.0,0.0,0.0,0.0,0.0
2890,0.064352,0.619712,2.47888,0.0,0.0,0.0,0.0,0.0,0.0
2891,0.064768,0.619168,2.47472,0.0,0.0,0.0,0.0,0.0,0.0
2892,0.064224,0.619264,2.76221,0.0,0.0,0.0,0.0,0.0,0.0
2893,0.064128,0.620288,2.47875,0.0,0.0,0.0,0.0,0.0,0.0
2894,0.064768,0.618176,2.47683,0.0,0.0,0.0,0.0,0.0,0.0
2895,0.063936,0.617696,2.48416,0.0,0.0,0.0,0.0,0.0,0.0
2896,0.064896,0.623296,2.48058,0.0,0.0,0.0,0.0,0.0,0.0
2897,0.064768,0.620384,2.74742,0.0,0.0,0.0,0.0,0.0,0.0
2898,0.063456,0.785984,2.48877,0.0,0.0,0.0,0.0,0.0,0.0
2899,0.064288,0.619648,2.48339,0.0,0.0,0.0,0.0,0.0,0.0
2900,0.065856,0.619136,2.48134,0.0,0.0,0.0,0.0,0.0,0.0
2901,0.063936,0.619296,2.48272,0.0,0.0,0.0,0.0,0.0,0.0
2902,0.065824,0.61968,2.76662,0.0,0.0,0.0,0.0,0.0,0.0
2903,0.065536,0.620288,2.48451,0.0,0.0,0.0,0.0,0.0,0.0
2904,0.064512,0.622208,2.48739,0.0,0.0,0.0,0.0,0.0,0.0
2905,0.063552,0.621152,2.48816,0.0,0.0,0.0,0.0,0.0,0.0
2906,0.0648,0.618272,2.48736,0.0,0.0,0.0,0.0,0.0,0.0
2907,0.067168,0.619264,2.492,0.0,0.0,0.0,0.0,0.0,0.0
2908,0.063744,0.881216,2.48598,0.0,0.0,0.0,0.0,0.0,0.0
2909,0.065472,0.620192,2.48726,0.0,0.0,0.0,0.0,0.0,0.0
2910,0.064096,0.617152,2.48928,0.0,0.0,0.0,0.0,0.0,0.0
2911,0.064352,0.620256,2.48442,0.0,0.0,0.0,0.0,0.0,0.0
2912,0.06432,0.617984,2.49184,0.0,0.0,0.0,0.0,0.0,0.0
2913,0.06448,0.90304,2.49658,0.0,0.0,0.0,0.0,0.0,0.0
2914,0.064064,0.620832,2.48675,0.0,0.0,0.0,0.0,0.0,0.0
2915,0.064992,0.618592,2.48822,0.0,0.0,0.0,0.0,0.0,0.0
2916,0.064,0.618016,2.49898,0.0,0.0,0.0,0.0,0.0,0.0
2917,0.064544,0.615776,2.48701,0.0,0.0,0.0,0.0,0.0,0.0
2918,0.06464,0.617664,2.77488,0.0,0.0,0.0,0.0,0.0,0.0
2919,0.064384,0.61568,2.49494,0.0,0.0,0.0,0.0,0.0,0.0
2920,0.064256,0.616064,2.49482,0.0,0.0,0.0,0.0,0.0,0.0
2921,0.065952,0.616512,2.49392,0.0,0.0,0.0,0.0,0.0,0.0
2922,0.06448,0.619424,2.50189,0.0,0.0,0.0,0.0,0.0,0.0
2923,0.064576,0.61696,2.77616,0.0,0.0,0.0,0.0,0.0,0.0
2924,0.065376,0.618752,2.49834,0.0,0.0,0.0,0.0,0.0,0.0
2925,0.065248,0.616,2.50198,0.0,0.0,0.0,0.0,0.0,0.0
2926,0.064864,0.619328,2.50573,0.0,0.0,0.0,0.0,0.0,0.0
2927,0.064832,0.617984,2.50266,0.0,0.0,0.0,0.0,0.0,0.0
2928,0.064384,0.615904,2.96541,0.0,0.0,0.0,0.0,0.0,0.0
2929,0.0648,0.616768,2.50547,0.0,0.0,0.0,0.0,0.0,0.0
2930,0.065536,0.620768,2.50214,0.0,0.0,0.0,0.0,0.0,0.0
2931,0.064704,0.614592,2.51286,0.0,0.0,0.0,0.0,0.0,0.0
2932,0.064896,0.61744,2.50861,0.0,0.0,0.0,0.0,0.0,0.0
2933,0.06528,0.616448,2.79059,0.0,0.0,0.0,0.0,0.0,0.0
2934,0.06464,0.617856,2.51411,0.0,0.0,0.0,0.0,0.0,0.0
2935,0.065216,0.618208,2.50768,0.0,0.0,0.0,0.0,0.0,0.0
2936,0.064992,0.61792,2.51296,0.0,0.0,0.0,0.0,0.0,0.0
2937,0.064224,0.615616,2.51466,0.0,0.0,0.0,0.0,0.0,0.0
2938,0.064736,0.614976,2.79597,0.0,0.0,0.0,0.0,0.0,0.0
2939,0.065344,0.61472,2.5103,0.0,0.0,0.0,0.0,0.0,0.0
2940,0.064256,0.61376,2.52362,0.0,0.0,0.0,0.0,0.0,0.0
2941,0.06496,0.617056,2.51626,0.0,0.0,0.0,0.0,0.0,0.0
2942,0.06432,0.615392,2.51878,0.0,0.0,0.0,0.0,0.0,0.0
2943,0.064416,0.614624,2.80227,0.0,0.0,0.0,0.0,0.0,0.0
2944,0.06464,0.614688,2.51693,0.0,0.0,0.0,0.0,0.0,0.0
2945,0.064672,0.616096,2.51754,0.0,0.0,0.0,0.0,0.0,0.0
2946,0.06464,0.616576,2.52237,0.0,0.0,0.0,0.0,0.0,0.0
2947,0.064288,0.616576,2.51766,0.0,0.0,0.0,0.0,0.0,0.0
2948,0.065824,0.616768,2.80906,0.0,0.0,0.0,0.0,0.0,0.0
2949,0.064384,0.617664,2.52368,0.0,0.0,0.0,0.0,0.0,0.0
2950,0.065024,0.61584,2.51904,0.0,0.0,0.0,0.0,0.0,0.0
2951,0.065088,0.61888,2.51978,0.0,0.0,0.0,0.0,0.0,0.0
2952,0.064896,0.616064,2.52579,0.0,0.0,0.0,0.0,0.0,0.0
2953,0.065056,0.615584,2.8096,0.0,0.0,0.0,0.0,0.0,0.0
2954,0.065632,0.617376,2.5208,0.0,0.0,0.0,0.0,0.0,0.0
2955,0.064736,0.617248,2.52458,0.0,0.0,0.0,0.0,0.0,0.0
2956,0.064608,0.6176,2.51914,0.0,0.0,0.0,0.0,0.0,0.0
2957,0.065888,0.617664,2.5223,0.0,0.0,0.0,0.0,0.0,0.0
2958,0.066848,0.619808,2.8065,0.0,0.0,0.0,0.0,0.0,0.0
2959,0.064352,0.617312,2.52112,0.0,0.0,0.0,0.0,0.0,0.0
2960,0.065376,0.620512,2.52122,0.0,0.0,0.0,0.0,0.0,0.0
2961,0.06432,0.617952,2.52522,0.0,0.0,0.0,0.0,0.0,0.0
2962,0.06496,0.618976,2.52272,0.0,0.0,0.0,0.0,0.0,0.0
2963,0.070592,0.617184,2.78381,0.0,0.0,0.0,0.0,0.0,0.0
2964,0.064416,0.62,2.70573,0.0,0.0,0.0,0.0,0.0,0.0
2965,0.06576,0.620832,2.52294,0.0,0.0,0.0,0.0,0.0,0.0
2966,0.065184,0.618336,2.52544,0.0,0.0,0.0,0.0,0.0,0.0
2967,0.064864,0.616,2.52358,0.0,0.0,0.0,0.0,0.0,0.0
2968,0.070688,0.619136,2.79808,0.0,0.0,0.0,0.0,0.0,0.0
2969,0.065632,0.619904,2.52096,0.0,0.0,0.0,0.0,0.0,0.0
2970,0.06512,0.615616,2.52832,0.0,0.0,0.0,0.0,0.0,0.0
2971,0.064768,0.616192,2.52317,0.0,0.0,0.0,0.0,0.0,0.0
2972,0.065792,0.616064,2.52733,0.0,0.0,0.0,0.0,0.0,0.0
2973,0.064704,0.617024,2.53059,0.0,0.0,0.0,0.0,0.0,0.0
2974,0.065024,0.803424,2.71245,0.0,0.0,0.0,0.0,0.0,0.0
2975,0.06576,0.617536,2.5193,0.0,0.0,0.0,0.0,0.0,0.0
2976,0.065024,0.617696,2.52803,0.0,0.0,0.0,0.0,0.0,0.0
2977,0.065952,0.621056,2.52499,0.0,0.0,0.0,0.0,0.0,0.0
2978,0.069312,0.620992,2.5247,0.0,0.0,0.0,0.0,0.0,0.0
2979,0.064832,0.878848,2.52752,0.0,0.0,0.0,0.0,0.0,0.0
2980,0.065728,0.619552,2.52323,0.0,0.0,0.0,0.0,0.0,0.0
2981,0.065824,0.62384,2.5209,0.0,0.0,0.0,0.0,0.0,0.0
2982,0.064864,0.618272,2.53203,0.0,0.0,0.0,0.0,0.0,0.0
2983,0.064544,0.622272,2.52374,0.0,0.0,0.0,0.0,0.0,0.0
2984,0.06608,0.903072,2.5249,0.0,0.0,0.0,0.0,0.0,0.0
2985,0.065056,0.617024,2.528,0.0,0.0,0.0,0.0,0.0,0.0
2986,0.064608,0.619776,2.52496,0.0,0.0,0.0,0.0,0.0,0.0
2987,0.065696,0.620928,2.52416,0.0,0.0,0.0,0.0,0.0,0.0
2988,0.06544,0.621984,2.52915,0.0,0.0,0.0,0.0,0.0,0.0
2989,0.06448,0.896384,2.52474,0.0,0.0,0.0,0.0,0.0,0.0
2990,0.066112,0.620704,2.528,0.0,0.0,0.0,0.0,0.0,0.0
2991,0.064352,0.620608,2.52768,0.0,0.0,0.0,0.0,0.0,0.0
2992,0.06496,0.618848,2.52675,0.0,0.0,0.0,0.0,0.0,0.0
2993,0.0656,0.620832,2.5255,0.0,0.0,0.0,0.0,0.0,0.0
2994,0.06528,0.623936,2.80403,0.0,0.0,0.0,0.0,0.0,0.0
2995,0.065024,0.6232,2.5256,0.0,0.0,0.0,0.0,0.0,0.0
2996,0.06592,0.621504,2.52106,0.0,0.0,0.0,0.0,0.0,0.0
2997,0.06512,0.620672,2.52803,0.0,0.0,0.0,0.0,0.0,0.0
2998,0.065056,0.621152,2.52381,0.0,0.0,0.0,0.0,0.0,0.0
2999,0.066528,0.62048,2.9817,0.0,0.0,0.0,0.0,0.0,0.0
3000,0.064608,0.62112,2.53066,0.0,0.0,0.0,0.0,0.0,0.0
3001,0.065632,0.628416,2.52355,0.0,0.0,0.0,0.0,0.0,0.0
3002,0.065632,0.622464,2.52986,0.0,0.0,0.0,0.0,0.0,0.0
3003,0.064832,0.621568,2.53341,0.0,0.0,0.0,0.0,0.0,0.0
3004,0.064672,0.621184,2.80739,0.0,0.0,0.0,0.0,0.0,0.0
3005,0.066048,0.624448,2.53107,0.0,0.0,0.0,0.0,0.0,0.0
3006,0.064928,0.618912,2.53725,0.0,0.0,0.0,0.0,0.0,0.0
3007,0.065472,0.62288,2.52886,0.0,0.0,0.0,0.0,0.0,0.0
3008,0.066656,0.620928,2.52995,0.0,0.0,0.0,0.0,0.0,0.0
3009,0.065568,0.623744,2.81485,0.0,0.0,0.0,0.0,0.0,0.0
3010,0.065376,0.62256,2.53238,0.0,0.0,0.0,0.0,0.0,0.0
3011,0.066336,0.621696,2.53123,0.0,0.0,0.0,0.0,0.0,0.0
3012,0.065184,0.62112,2.53587,0.0,0.0,0.0,0.0,0.0,0.0
3013,0.065024,0.623424,2.53149,0.0,0.0,0.0,0.0,0.0,0.0
3014,0.066304,0.623264,2.81555,0.0,0.0,0.0,0.0,0.0,0.0
3015,0.065952,0.620448,2.54234,0.0,0.0,0.0,0.0,0.0,0.0
3016,0.06528,0.621184,2.53114,0.0,0.0,0.0,0.0,0.0,0.0
3017,0.067808,0.623904,2.53619,0.0,0.0,0.0,0.0,0.0,0.0
3018,0.06544,0.62144,2.54294,0.0,0.0,0.0,0.0,0.0,0.0
3019,0.065472,0.622656,2.8207,0.0,0.0,0.0,0.0,0.0,0.0
3020,0.067488,0.624576,2.53475,0.0,0.0,0.0,0.0,0.0,0.0
3021,0.065728,0.623328,2.54448,0.0,0.0,0.0,0.0,0.0,0.0
3022,0.065024,0.622464,2.54106,0.0,0.0,0.0,0.0,0.0,0.0
3023,0.066144,0.621696,2.53866,0.0,0.0,0.0,0.0,0.0,0.0
3024,0.065728,0.618272,2.82403,0.0,0.0,0.0,0.0,0.0,0.0
3025,0.06576,0.622528,2.53648,0.0,0.0,0.0,0.0,0.0,0.0
3026,0.067744,0.620064,2.54256,0.0,0.0,0.0,0.0,0.0,0.0
3027,0.065792,0.62384,2.5464,0.0,0.0,0.0,0.0,0.0,0.0
3028,0.065696,0.623936,2.54077,0.0,0.0,0.0,0.0,0.0,0.0
3029,0.06608,0.622592,2.9881,0.0,0.0,0.0,0.0,0.0,0.0
3030,0.065536,0.619552,2.54528,0.0,0.0,0.0,0.0,0.0,0.0
3031,0.065344,0.6224,2.54566,0.0,0.0,0.0,0.0,0.0,0.0
3032,0.066144,0.620064,2.54304,0.0,0.0,0.0,0.0,0.0,0.0
3033,0.0656,0.625664,2.54624,0.0,0.0,0.0,0.0,0.0,0.0
3034,0.065824,0.62448,2.81718,0.0,0.0,0.0,0.0,0.0,0.0
3035,0.065952,0.623776,2.54326,0.0,0.0,0.0,0.0,0.0,0.0
3036,0.065472,0.62304,2.54566,0.0,0.0,0.0,0.0,0.0,0.0
3037,0.065792,0.623296,2.54077,0.0,0.0,0.0,0.0,0.0,0.0
3038,0.0656,0.624128,2.54074,0.0,0.0,0.0,0.0,0.0,0.0
3039,0.065664,0.623616,2.82723,0.0,0.0,0.0,0.0,0.0,0.0
3040,0.066048,0.623936,2.54522,0.0,0.0,0.0,0.0,0.0,0.0
3041,0.066336,0.621888,2.54435,0.0,0.0,0.0,0.0,0.0,0.0
3042,0.064992,0.623168,2.55258,0.0,0.0,0.0,0.0,0.0,0.0
3043,0.065568,0.6216,2.5497,0.0,0.0,0.0,0.0,0.0,0.0
3044,0.066208,0.622976,2.82541,0.0,0.0,0.0,0.0,0.0,0.0
3045,0.065504,0.623616,2.5511,0.0,0.0,0.0,0.0,0.0,0.0
3046,0.065824,0.6224,2.73744,0.0,0.0,0.0,0.0,0.0,0.0
3047,0.06656,0.622912,2.54637,0.0,0.0,0.0,0.0,0.0,0.0
3048,0.066624,0.622656,2.54928,0.0,0.0,0.0,0.0,0.0,0.0
3049,0.066144,0.626336,2.83846,0.0,0.0,0.0,0.0,0.0,0.0
3050,0.066112,0.62288,2.54646,0.0,0.0,0.0,0.0,0.0,0.0
3051,0.06592,0.622208,2.55149,0.0,0.0,0.0,0.0,0.0,0.0
3052,0.066656,0.626208,2.54854,0.0,0.0,0.0,0.0,0.0,0.0
3053,0.065792,0.623072,2.54506,0.0,0.0,0.0,0.0,0.0,0.0
3054,0.06576,0.622912,2.83632,0.0,0.0,0.0,0.0,0.0,0.0
3055,0.066144,0.621312,2.54803,0.0,0.0,0.0,0.0,0.0,0.0
3056,0.066464,0.623712,2.54477,0.0,0.0,0.0,0.0,0.0,0.0
3057,0.065664,0.622208,2.55117,0.0,0.0,0.0,0.0,0.0,0.0
3058,0.065568,0.626368,2.54234,0.0,0.0,0.0,0.0,0.0,0.0
3059,0.06608,0.625376,2.99795,0.0,0.0,0.0,0.0,0.0,0.0
3060,0.066464,0.624288,2.55043,0.0,0.0,0.0,0.0,0.0,0.0
3061,0.066112,0.624192,2.54438,0.0,0.0,0.0,0.0,0.0,0.0
3062,0.066592,0.625088,2.54307,0.0,0.0,0.0,0.0,0.0,0.0
3063,0.065472,0.62432,2.54925,0.0,0.0,0.0,0.0,0.0,0.0
3064,0.06608,0.622816,2.82976,0.0,0.0,0.0,0.0,0.0,0.0
3065,0.066272,0.623552,2.54531,0.0,0.0,0.0,0.0,0.0,0.0
3066,0.065632,0.62512,2.54771,0.0,0.0,0.0,0.0,0.0,0.0
3067,0.066624,0.624864,2.54266,0.0,0.0,0.0,0.0,0.0,0.0
3068,0.0664,0.622784,2.5407,0.0,0.0,0.0,0.0,0.0,0.0
3069,0.065696,0.623584,2.8288,0.0,0.0,0.0,0.0,0.0,0.0
3070,0.0664,0.625856,2.54109,0.0,0.0,0.0,0.0,0.0,0.0
3071,0.066144,0.622784,2.53933,0.0,0.0,0.0,0.0,0.0,0.0
3072,0.065504,0.620864,2.54019,0.0,0.0,0.0,0.0,0.0,0.0
3073,0.066272,0.622784,2.54163,0.0,0.0,0.0,0.0,0.0,0.0
3074,0.066304,0.620992,2.81882,0.0,0.0,0.0,0.0,0.0,0.0
3075,0.065504,0.620736,2.53987,0.0,0.0,0.0,0.0,0.0,0.0
3076,0.066208,0.61744,2.53962,0.0,0.0,0.0,0.0,0.0,0.0
3077,0.06624,0.620416,2.53629,0.0,0.0,0.0,0.0,0.0,0.0
3078,0.06528,0.62192,2.54237,0.0,0.0,0.0,0.0,0.0,0.0
3079,0.066144,0.623488,2.8353,0.0,0.0,0.0,0.0,0.0,0.0
3080,0.06688,0.622016,2.54694,0.0,0.0,0.0,0.0,0.0,0.0
3081,0.065984,0.620672,2.54634,0.0,0.0,0.0,0.0,0.0,0.0
3082,0.06608,0.625408,2.55139,0.0,0.0,0.0,0.0,0.0,0.0
3083,0.067136,0.625472,2.54691,0.0,0.0,0.0,0.0,0.0,0.0
3084,0.066336,0.6256,2.84189,0.0,0.0,0.0,0.0,0.0,0.0
3085,0.06592,0.61744,2.5473,0.0,0.0,0.0,0.0,0.0,0.0
3086,0.066592,0.623808,2.55437,0.0,0.0,0.0,0.0,0.0,0.0
3087,0.06656,0.61824,2.5583,0.0,0.0,0.0,0.0,0.0,0.0
3088,0.065824,0.619904,2.5601,0.0,0.0,0.0,0.0,0.0,0.0
3089,0.066848,0.6232,3.01053,0.0,0.0,0.0,0.0,0.0,0.0
3090,0.065504,0.62064,2.57104,0.0,0.0,0.0,0.0,0.0,0.0
3091,0.065632,0.623616,2.57184,0.0,0.0,0.0,0.0,0.0,0.0
3092,0.066272,0.623552,2.56998,0.0,0.0,0.0,0.0,0.0,0.0
3093,0.066976,0.623968,2.57408,0.0,0.0,0.0,0.0,0.0,0.0
3094,0.065824,0.622208,2.84842,0.0,0.0,0.0,0.0,0.0,0.0
3095,0.06656,0.621536,2.57411,0.0,0.0,0.0,0.0,0.0,0.0
3096,0.066368,0.621408,2.57923,0.0,0.0,0.0,0.0,0.0,0.0
3097,0.064896,0.62272,2.58291,0.0,0.0,0.0,0.0,0.0,0.0
3098,0.066176,0.624576,2.58835,0.0,0.0,0.0,0.0,0.0,0.0
3099,0.06464,0.61968,2.86691,0.0,0.0,0.0,0.0,0.0,0.0
3100,0.065376,0.620064,2.57683,0.0,0.0,0.0,0.0,0.0,0.0
3101,0.066048,0.620224,2.58022,0.0,0.0,0.0,0.0,0.0,0.0
3102,0.065024,0.622304,2.54131,0.0,0.0,0.0,0.0,0.0,0.0
3103,0.065024,0.623328,2.54016,0.0,0.0,0.0,0.0,0.0,0.0
3104,0.06528,0.625312,2.78566,0.0,0.0,0.0,0.0,0.0,0.0
3105,0.065504,0.622816,2.51229,0.0,0.0,0.0,0.0,0.0,0.0
3106,0.063936,0.620096,2.48157,0.0,0.0,0.0,0.0,0.0,0.0
3107,0.064128,0.620704,2.48352,0.0,0.0,0.0,0.0,0.0,0.0
3108,0.064384,0.617792,2.47904,0.0,0.0,0.0,0.0,0.0,0.0
3109,0.064064,0.618208,2.75546,0.0,0.0,0.0,0.0,0.0,0.0
3110,0.064192,0.619136,2.4889,0.0,0.0,0.0,0.0,0.0,0.0
3111,0.063776,0.616384,2.49437,0.0,0.0,0.0,0.0,0.0,0.0
3112,0.063232,0.619296,2.48829,0.0,0.0,0.0,0.0,0.0,0.0
3113,0.06448,0.617888,2.52074,0.0,0.0,0.0,0.0,0.0,0.0
3114,0.065536,0.619744,2.81059,0.0,0.0,0.0,0.0,0.0,0.0
3115,0.06448,0.6168,2.55856,0.0,0.0,0.0,0.0,0.0,0.0
3116,0.065888,0.622464,2.5728,0.0,0.0,0.0,0.0,0.0,0.0
3117,0.065056,0.622848,2.58326,0.0,0.0,0.0,0.0,0.0,0.0
3118,0.06496,0.623168,2.57642,0.0,0.0,0.0,0.0,0.0,0.0
3119,0.065568,0.623936,2.95603,0.0,0.0,0.0,0.0,0.0,0.0
3120,0.067296,0.619968,2.58368,0.0,0.0,0.0,0.0,0.0,0.0
3121,0.06624,0.624128,2.58006,0.0,0.0,0.0,0.0,0.0,0.0
3122,0.066368,0.62576,2.58157,0.0,0.0,0.0,0.0,0.0,0.0
3123,0.065984,0.627872,2.5911,0.0,0.0,0.0,0.0,0.0,0.0
3124,0.065856,0.616608,3.02198,0.0,0.0,0.0,0.0,0.0,0.0
3125,0.066112,0.617856,2.56493,0.0,0.0,0.0,0.0,0.0,0.0
3126,0.06624,0.617056,2.58035,0.0,0.0,0.0,0.0,0.0,0.0
3127,0.066208,0.622432,2.57914,0.0,0.0,0.0,0.0,0.0,0.0
3128,0.06672,0.619456,2.57638,0.0,0.0,0.0,0.0,0.0,0.0
3129,0.067104,0.61552,2.87498,0.0,0.0,0.0,0.0,0.0,0.0
3130,0.066752,0.616352,2.58419,0.0,0.0,0.0,0.0,0.0,0.0
3131,0.067168,0.617248,2.58339,0.0,0.0,0.0,0.0,0.0,0.0
3132,0.067104,0.617728,2.59165,0.0,0.0,0.0,0.0,0.0,0.0
3133,0.067136,0.622272,2.59002,0.0,0.0,0.0,0.0,0.0,0.0
3134,0.066912,0.61712,2.87542,0.0,0.0,0.0,0.0,0.0,0.0
3135,0.066944,0.617216,2.59622,0.0,0.0,0.0,0.0,0.0,0.0
3136,0.067552,0.61872,2.59184,0.0,0.0,0.0,0.0,0.0,0.0
3137,0.066976,0.617024,2.58934,0.0,0.0,0.0,0.0,0.0,0.0
3138,0.067296,0.61744,2.59744,0.0,0.0,0.0,0.0,0.0,0.0
3139,0.066912,0.62064,2.87501,0.0,0.0,0.0,0.0,0.0,0.0
3140,0.067392,0.618752,2.59642,0.0,0.0,0.0,0.0,0.0,0.0
3141,0.067008,0.617824,2.59274,0.0,0.0,0.0,0.0,0.0,0.0
3142,0.067072,0.621856,2.58774,0.0,0.0,0.0,0.0,0.0,0.0
3143,0.067488,0.619104,2.59082,0.0,0.0,0.0,0.0,0.0,0.0
3144,0.066944,0.620192,2.8785,0.0,0.0,0.0,0.0,0.0,0.0
3145,0.067072,0.620224,2.5865,0.0,0.0,0.0,0.0,0.0,0.0
3146,0.067328,0.61984,2.58669,0.0,0.0,0.0,0.0,0.0,0.0
3147,0.065312,0.620224,2.5953,0.0,0.0,0.0,0.0,0.0,0.0
3148,0.06688,0.620672,2.58688,0.0,0.0,0.0,0.0,0.0,0.0
3149,0.067616,0.620448,2.86106,0.0,0.0,0.0,0.0,0.0,0.0
3150,0.067008,0.62304,2.5913,0.0,0.0,0.0,0.0,0.0,0.0
3151,0.067264,0.61824,2.58643,0.0,0.0,0.0,0.0,0.0,0.0
3152,0.067488,0.622208,2.58541,0.0,0.0,0.0,0.0,0.0,0.0
3153,0.066912,0.617472,2.58749,0.0,0.0,0.0,0.0,0.0,0.0
3154,0.067136,0.62176,3.0343,0.0,0.0,0.0,0.0,0.0,0.0
3155,0.067136,0.618912,2.58323,0.0,0.0,0.0,0.0,0.0,0.0
3156,0.066784,0.619264,2.58976,0.0,0.0,0.0,0.0,0.0,0.0
3157,0.06688,0.621024,2.58317,0.0,0.0,0.0,0.0,0.0,0.0
3158,0.0672,0.618144,2.58234,0.0,0.0,0.0,0.0,0.0,0.0
3159,0.066944,0.903456,2.5871,0.0,0.0,0.0,0.0,0.0,0.0
3160,0.06704,0.62288,2.58445,0.0,0.0,0.0,0.0,0.0,0.0
3161,0.066688,0.619232,2.5809,0.0,0.0,0.0,0.0,0.0,0.0
3162,0.066656,0.618496,2.58198,0.0,0.0,0.0,0.0,0.0,0.0
3163,0.066496,0.617632,2.58029,0.0,0.0,0.0,0.0,0.0,0.0
3164,0.06736,0.903296,2.57824,0.0,0.0,0.0,0.0,0.0,0.0
3165,0.067424,0.61744,2.58339,0.0,0.0,0.0,0.0,0.0,0.0
3166,0.0672,0.619584,2.57603,0.0,0.0,0.0,0.0,0.0,0.0
3167,0.06848,0.620288,2.57712,0.0,0.0,0.0,0.0,0.0,0.0
3168,0.066816,0.618624,2.57885,0.0,0.0,0.0,0.0,0.0,0.0
3169,0.06704,0.898848,2.5777,0.0,0.0,0.0,0.0,0.0,0.0
3170,0.067584,0.617248,2.57635,0.0,0.0,0.0,0.0,0.0,0.0
3171,0.06704,0.616576,2.57235,0.0,0.0,0.0,0.0,0.0,0.0
3172,0.067072,0.618528,2.57558,0.0,0.0,0.0,0.0,0.0,0.0
3173,0.070464,0.621408,2.57123,0.0,0.0,0.0,0.0,0.0,0.0
3174,0.066816,0.893408,2.57898,0.0,0.0,0.0,0.0,0.0,0.0
3175,0.066976,0.615552,2.56931,0.0,0.0,0.0,0.0,0.0,0.0
3176,0.067136,0.619552,2.56611,0.0,0.0,0.0,0.0,0.0,0.0
3177,0.066592,0.615968,2.57437,0.0,0.0,0.0,0.0,0.0,0.0
3178,0.068544,0.616032,2.57309,0.0,0.0,0.0,0.0,0.0,0.0
3179,0.06752,0.88528,2.5769,0.0,0.0,0.0,0.0,0.0,0.0
3180,0.066944,0.618784,2.57437,0.0,0.0,0.0,0.0,0.0,0.0
3181,0.0672,0.617056,2.56554,0.0,0.0,0.0,0.0,0.0,0.0
3182,0.067296,0.614752,2.56867,0.0,0.0,0.0,0.0,0.0,0.0
3183,0.067136,0.61472,2.57626,0.0,0.0,0.0,0.0,0.0,0.0
3184,0.066816,0.86784,2.74938,0.0,0.0,0.0,0.0,0.0,0.0
3185,0.0672,0.61776,2.5703,0.0,0.0,0.0,0.0,0.0,0.0
3186,0.067136,0.61648,2.57162,0.0,0.0,0.0,0.0,0.0,0.0
3187,0.066464,0.61632,2.5663,0.0,0.0,0.0,0.0,0.0,0.0
3188,0.070368,0.615232,2.85075,0.0,0.0,0.0,0.0,0.0,0.0
3189,0.066368,0.62048,2.57158,0.0,0.0,0.0,0.0,0.0,0.0
3190,0.066816,0.617216,2.56746,0.0,0.0,0.0,0.0,0.0,0.0
3191,0.0672,0.616064,2.56445,0.0,0.0,0.0,0.0,0.0,0.0
3192,0.066976,0.61696,2.57235,0.0,0.0,0.0,0.0,0.0,0.0
3193,0.072128,0.614304,2.83734,0.0,0.0,0.0,0.0,0.0,0.0
3194,0.067168,0.622176,2.5625,0.0,0.0,0.0,0.0,0.0,0.0
3195,0.066304,0.6176,2.56982,0.0,0.0,0.0,0.0,0.0,0.0
3196,0.066368,0.614592,2.5647,0.0,0.0,0.0,0.0,0.0,0.0
3197,0.067104,0.615808,2.56208,0.0,0.0,0.0,0.0,0.0,0.0
3198,0.070432,0.617152,2.83987,0.0,0.0,0.0,0.0,0.0,0.0
3199,0.067296,0.612736,2.5671,0.0,0.0,0.0,0.0,0.0,0.0
3200,0.067712,0.617408,2.56192,0.0,0.0,0.0,0.0,0.0,0.0
3201,0.066912,0.612928,2.56918,0.0,0.0,0.0,0.0,0.0,0.0
3202,0.066752,0.61712,2.56477,0.0,0.0,0.0,0.0,0.0,0.0
3203,0.069568,0.619328,2.84499,0.0,0.0,0.0,0.0,0.0,0.0
3204,0.066912,0.61808,2.56483,0.0,0.0,0.0,0.0,0.0,0.0
3205,0.06688,0.615648,2.56198,0.0,0.0,0.0,0.0,0.0,0.0
3206,0.06736,0.612512,2.55994,0.0,0.0,0.0,0.0,0.0,0.0
3207,0.066336,0.616544,2.56867,0.0,0.0,0.0,0.0,0.0,0.0
3208,0.069664,0.615776,2.83098,0.0,0.0,0.0,0.0,0.0,0.0
3209,0.0672,0.61632,2.55859,0.0,0.0,0.0,0.0,0.0,0.0
3210,0.066848,0.6144,2.56509,0.0,0.0,0.0,0.0,0.0,0.0
3211,0.066464,0.615104,2.55952,0.0,0.0,0.0,0.0,0.0,0.0
3212,0.066944,0.612768,2.55725,0.0,0.0,0.0,0.0,0.0,0.0
3213,0.070816,0.612992,2.84835,0.0,0.0,0.0,0.0,0.0,0.0
3214,0.067296,0.6232,2.66515,0.0,0.0,0.0,0.0,0.0,0.0
3215,0.06736,0.615456,2.56019,0.0,0.0,0.0,0.0,0.0,0.0
3216,0.066816,0.61984,2.55738,0.0,0.0,0.0,0.0,0.0,0.0
3217,0.06688,0.614112,2.55878,0.0,0.0,0.0,0.0,0.0,0.0
3218,0.068832,0.613536,2.83302,0.0,0.0,0.0,0.0,0.0,0.0
3219,0.066912,0.617248,2.56211,0.0,0.0,0.0,0.0,0.0,0.0
3220,0.067232,0.61696,2.56246,0.0,0.0,0.0,0.0,0.0,0.0
3221,0.067232,0.617152,2.55501,0.0,0.0,0.0,0.0,0.0,0.0
3222,0.066432,0.613152,2.56003,0.0,0.0,0.0,0.0,0.0,0.0
3223,0.069376,0.615136,2.83232,0.0,0.0,0.0,0.0,0.0,0.0
3224,0.067776,0.617792,2.55469,0.0,0.0,0.0,0.0,0.0,0.0
3225,0.066272,0.61392,2.56134,0.0,0.0,0.0,0.0,0.0,0.0
3226,0.066976,0.620416,2.55677,0.0,0.0,0.0,0.0,0.0,0.0
3227,0.066848,0.619552,2.556,0.0,0.0,0.0,0.0,0.0,0.0
3228,0.069568,0.614784,2.83258,0.0,0.0,0.0,0.0,0.0,0.0
3229,0.06672,0.616928,2.55558,0.0,0.0,0.0,0.0,0.0,0.0
3230,0.067648,0.615616,2.55629,0.0,0.0,0.0,0.0,0.0,0.0
3231,0.06656,0.61376,2.56061,0.0,0.0,0.0,0.0,0.0,0.0
3232,0.066656,0.616096,2.55376,0.0,0.0,0.0,0.0,0.0,0.0
3233,0.069376,0.616352,2.8289,0.0,0.0,0.0,0.0,0.0,0.0
3234,0.066624,0.619008,2.55766,0.0,0.0,0.0,0.0,0.0,0.0
3235,0.066688,0.61664,2.55341,0.0,0.0,0.0,0.0,0.0,0.0
3236,0.067296,0.617568,2.55709,0.0,0.0,0.0,0.0,0.0,0.0
3237,0.066912,0.61648,2.56109,0.0,0.0,0.0,0.0,0.0,0.0
3238,0.3336,0.615936,2.55139,0.0,0.0,0.0,0.0,0.0,0.0
3239,0.06704,0.625792,2.55168,0.0,0.0,0.0,0.0,0.0,0.0
3240,0.066528,0.616,2.55952,0.0,0.0,0.0,0.0,0.0,0.0
3241,0.06672,0.614912,2.54954,0.0,0.0,0.0,0.0,0.0,0.0
3242,0.067456,0.617984,2.5496,0.0,0.0,0.0,0.0,0.0,0.0
3243,0.070176,0.61664,2.80509,0.0,0.0,0.0,0.0,0.0,0.0
3244,0.066848,0.621344,2.55238,0.0,0.0,0.0,0.0,0.0,0.0
3245,0.066816,0.620832,2.55053,0.0,0.0,0.0,0.0,0.0,0.0
3246,0.06672,0.613888,2.56314,0.0,0.0,0.0,0.0,0.0,0.0
3247,0.066784,0.61696,2.55702,0.0,0.0,0.0,0.0,0.0,0.0
3248,0.067232,0.615584,2.55498,0.0,0.0,0.0,0.0,0.0,0.0
3249,0.0664,0.623584,2.73085,0.0,0.0,0.0,0.0,0.0,0.0
3250,0.066528,0.61248,2.55427,0.0,0.0,0.0,0.0,0.0,0.0
3251,0.067232,0.614656,2.55514,0.0,0.0,0.0,0.0,0.0,0.0
3252,0.066624,0.614848,2.55776,0.0,0.0,0.0,0.0,0.0,0.0
3253,0.327616,0.617728,2.55392,0.0,0.0,0.0,0.0,0.0,0.0
3254,0.067072,0.624864,2.55539,0.0,0.0,0.0,0.0,0.0,0.0
3255,0.06704,0.615104,2.5608,0.0,0.0,0.0,0.0,0.0,0.0
3256,0.06672,0.617536,2.55907,0.0,0.0,0.0,0.0,0.0,0.0
3257,0.066752,0.617312,2.556,0.0,0.0,0.0,0.0,0.0,0.0
3258,0.066816,0.613088,2.5615,0.0,0.0,0.0,0.0,0.0,0.0
3259,0.066688,0.62,2.73437,0.0,0.0,0.0,0.0,0.0,0.0
3260,0.067104,0.61536,2.55866,0.0,0.0,0.0,0.0,0.0,0.0
3261,0.06736,0.616736,2.56528,0.0,0.0,0.0,0.0,0.0,0.0
3262,0.066688,0.619296,2.56323,0.0,0.0,0.0,0.0,0.0,0.0
3263,0.070048,0.614208,2.83699,0.0,0.0,0.0,0.0,0.0,0.0
3264,0.06672,0.61968,2.5647,0.0,0.0,0.0,0.0,0.0,0.0
3265,0.06672,0.615072,2.56272,0.0,0.0,0.0,0.0,0.0,0.0
3266,0.06672,0.617248,2.56534,0.0,0.0,0.0,0.0,0.0,0.0
3267,0.066496,0.615456,2.57082,0.0,0.0,0.0,0.0,0.0,0.0
3268,0.066624,0.616896,2.56547,0.0,0.0,0.0,0.0,0.0,0.0
3269,0.067392,0.624064,2.56509,0.0,0.0,0.0,0.0,0.0,0.0
3270,0.067296,0.61856,2.57283,0.0,0.0,0.0,0.0,0.0,0.0
3271,0.066816,0.613056,2.56762,0.0,0.0,0.0,0.0,0.0,0.0
3272,0.06784,0.618432,2.56762,0.0,0.0,0.0,0.0,0.0,0.0
3273,0.070304,0.613984,2.84563,0.0,0.0,0.0,0.0,0.0,0.0
3274,0.0672,0.618208,2.56992,0.0,0.0,0.0,0.0,0.0,0.0
3275,0.06768,0.61664,2.57309,0.0,0.0,0.0,0.0,0.0,0.0
3276,0.067104,0.6136,2.5727,0.0,0.0,0.0,0.0,0.0,0.0
3277,0.067072,0.61504,2.56678,0.0,0.0,0.0,0.0,0.0,0.0
3278,0.07168,0.613472,2.84998,0.0,0.0,0.0,0.0,0.0,0.0
3279,0.067392,0.617088,2.57814,0.0,0.0,0.0,0.0,0.0,0.0
3280,0.066464,0.611936,2.57334,0.0,0.0,0.0,0.0,0.0,0.0
3281,0.067744,0.61856,2.57459,0.0,0.0,0.0,0.0,0.0,0.0
3282,0.066912,0.612576,2.57882,0.0,0.0,0.0,0.0,0.0,0.0
3283,0.070912,0.611136,2.84518,0.0,0.0,0.0,0.0,0.0,0.0
3284,0.0672,0.614976,2.75229,0.0,0.0,0.0,0.0,0.0,0.0
3285,0.0672,0.615904,2.5865,0.0,0.0,0.0,0.0,0.0,0.0
3286,0.067104,0.616512,2.58157,0.0,0.0,0.0,0.0,0.0,0.0
3287,0.067328,0.615744,2.57824,0.0,0.0,0.0,0.0,0.0,0.0
3288,0.067104,0.61312,2.86947,0.0,0.0,0.0,0.0,0.0,0.0
3289,0.06736,0.61488,2.5808,0.0,0.0,0.0,0.0,0.0,0.0
3290,0.06816,0.614272,2.57939,0.0,0.0,0.0,0.0,0.0,0.0
3291,0.067168,0.614176,2.59302,0.0,0.0,0.0,0.0,0.0,0.0
3292,0.067104,0.613632,2.58378,0.0,0.0,0.0,0.0,0.0,0.0
3293,0.067584,0.614176,2.87194,0.0,0.0,0.0,0.0,0.0,0.0
3294,0.067552,0.609248,2.59408,0.0,0.0,0.0,0.0,0.0,0.0
3295,0.066784,0.616672,2.58522,0.0,0.0,0.0,0.0,0.0,0.0
3296,0.068384,0.617056,2.58506,0.0,0.0,0.0,0.0,0.0,0.0
3297,0.066976,0.61584,2.59238,0.0,0.0,0.0,0.0,0.0,0.0
3298,0.066976,0.611072,2.86598,0.0,0.0,0.0,0.0,0.0,0.0
3299,0.068,0.611776,2.58384,0.0,0.0,0.0,0.0,0.0,0.0
3300,0.067232,0.613856,2.59373,0.0,0.0,0.0,0.0,0.0,0.0
3301,0.067168,0.611072,2.59094,0.0,0.0,0.0,0.0,0.0,0.0
3302,0.068192,0.611648,2.59555,0.0,0.0,0.0,0.0,0.0,0.0
3303,0.06704,0.618528,2.87334,0.0,0.0,0.0,0.0,0.0,0.0
3304,0.067104,0.61344,2.59251,0.0,0.0,0.0,0.0,0.0,0.0
3305,0.068096,0.609856,2.59021,0.0,0.0,0.0,0.0,0.0,0.0
3306,0.068448,0.614944,2.59437,0.0,0.0,0.0,0.0,0.0,0.0
3307,0.067872,0.616288,2.59408,0.0,0.0,0.0,0.0,0.0,0.0
3308,0.068096,0.614208,2.88387,0.0,0.0,0.0,0.0,0.0,0.0
3309,0.067168,0.609472,2.59869,0.0,0.0,0.0,0.0,0.0,0.0
3310,0.06816,0.609888,2.59955,0.0,0.0,0.0,0.0,0.0,0.0
3311,0.067808,0.613248,2.59562,0.0,0.0,0.0,0.0,0.0,0.0
3312,0.068,0.611936,2.60691,0.0,0.0,0.0,0.0,0.0,0.0
3313,0.067104,0.609856,2.99597,0.0,0.0,0.0,0.0,0.0,0.0
3314,0.068448,0.612576,2.59795,0.0,0.0,0.0,0.0,0.0,0.0
3315,0.067776,0.610432,2.61334,0.0,0.0,0.0,0.0,0.0,0.0
3316,0.067424,0.612256,2.60528,0.0,0.0,0.0,0.0,0.0,0.0
3317,0.068064,0.609184,2.60678,0.0,0.0,0.0,0.0,0.0,0.0
3318,0.067168,0.608384,2.90016,0.0,0.0,0.0,0.0,0.0,0.0
3319,0.06752,0.608448,2.60854,0.0,0.0,0.0,0.0,0.0,0.0
3320,0.067744,0.608736,2.60486,0.0,0.0,0.0,0.0,0.0,0.0
3321,0.067552,0.60896,2.61728,0.0,0.0,0.0,0.0,0.0,0.0
3322,0.068096,0.607296,2.61098,0.0,0.0,0.0,0.0,0.0,0.0
3323,0.06816,0.610528,2.88726,0.0,0.0,0.0,0.0,0.0,0.0
3324,0.067872,0.611968,2.62064,0.0,0.0,0.0,0.0,0.0,0.0
3325,0.067456,0.610784,2.61382,0.0,0.0,0.0,0.0,0.0,0.0
3326,0.068032,0.611872,2.61872,0.0,0.0,0.0,0.0,0.0,0.0
3327,0.067488,0.606752,2.61914,0.0,0.0,0.0,0.0,0.0,0.0
3328,0.070432,0.608832,2.90413,0.0,0.0,0.0,0.0,0.0,0.0
3329,0.068096,0.611232,2.61862,0.0,0.0,0.0,0.0,0.0,0.0
3330,0.067936,0.611552,2.62227,0.0,0.0,0.0,0.0,0.0,0.0
3331,0.067744,0.612896,2.6201,0.0,0.0,0.0,0.0,0.0,0.0
3332,0.067776,0.610944,2.61968,0.0,0.0,0.0,0.0,0.0,0.0
3333,0.067904,0.607808,2.90922,0.0,0.0,0.0,0.0,0.0,0.0
3334,0.067648,0.607744,2.62064,0.0,0.0,0.0,0.0,0.0,0.0
3335,0.068544,0.61088,2.6176,0.0,0.0,0.0,0.0,0.0,0.0
3336,0.068736,0.609472,2.63341,0.0,0.0,0.0,0.0,0.0,0.0
3337,0.067648,0.609408,2.62787,0.0,0.0,0.0,0.0,0.0,0.0
3338,0.068,0.606496,2.90352,0.0,0.0,0.0,0.0,0.0,0.0
3339,0.067936,0.608128,2.63654,0.0,0.0,0.0,0.0,0.0,0.0
3340,0.067552,0.609056,2.63338,0.0,0.0,0.0,0.0,0.0,0.0
3341,0.068128,0.611776,2.63318,0.0,0.0,0.0,0.0,0.0,0.0
3342,0.067776,0.607808,2.64118,0.0,0.0,0.0,0.0,0.0,0.0
3343,0.067776,0.88208,2.63814,0.0,0.0,0.0,0.0,0.0,0.0
3344,0.068224,0.614912,2.63658,0.0,0.0,0.0,0.0,0.0,0.0
3345,0.068352,0.611488,3.00029,0.0,0.0,0.0,0.0,0.0,0.0
3346,0.06816,0.606624,2.63766,0.0,0.0,0.0,0.0,0.0,0.0
3347,0.068128,0.606496,2.63821,0.0,0.0,0.0,0.0,0.0,0.0
3348,0.068224,0.897376,2.64467,0.0,0.0,0.0,0.0,0.0,0.0
3349,0.06736,0.610624,2.64496,0.0,0.0,0.0,0.0,0.0,0.0
3350,0.06752,0.606496,2.64118,0.0,0.0,0.0,0.0,0.0,0.0
3351,0.068576,0.609632,2.64947,0.0,0.0,0.0,0.0,0.0,0.0
3352,0.067904,0.610624,2.92672,0.0,0.0,0.0,0.0,0.0,0.0
3353,0.06816,0.60864,2.6417,0.0,0.0,0.0,0.0,0.0,0.0
3354,0.068064,0.610848,2.64742,0.0,0.0,0.0,0.0,0.0,0.0
3355,0.06784,0.606944,2.64522,0.0,0.0,0.0,0.0,0.0,0.0
3356,0.068864,0.610048,2.6439,0.0,0.0,0.0,0.0,0.0,0.0
3357,0.06784,0.606368,2.93427,0.0,0.0,0.0,0.0,0.0,0.0
3358,0.068608,0.611072,2.65046,0.0,0.0,0.0,0.0,0.0,0.0
3359,0.068128,0.609248,2.64739,0.0,0.0,0.0,0.0,0.0,0.0
3360,0.068224,0.606496,2.65155,0.0,0.0,0.0,0.0,0.0,0.0
3361,0.067968,0.612128,2.64742,0.0,0.0,0.0,0.0,0.0,0.0
3362,0.067744,0.608736,2.92931,0.0,0.0,0.0,0.0,0.0,0.0
3363,0.067968,0.607008,2.65411,0.0,0.0,0.0,0.0,0.0,0.0
3364,0.068288,0.610272,2.64746,0.0,0.0,0.0,0.0,0.0,0.0
3365,0.068576,0.60752,2.64602,0.0,0.0,0.0,0.0,0.0,0.0
3366,0.067936,0.607232,2.65517,0.0,0.0,0.0,0.0,0.0,0.0
3367,0.067616,0.610592,2.93187,0.0,0.0,0.0,0.0,0.0,0.0
3368,0.068448,0.605536,2.64902,0.0,0.0,0.0,0.0,0.0,0.0
3369,0.06848,0.61232,2.65213,0.0,0.0,0.0,0.0,0.0,0.0
3370,0.067872,0.609792,2.65078,0.0,0.0,0.0,0.0,0.0,0.0
3371,0.068288,0.61136,2.65363,0.0,0.0,0.0,0.0,0.0,0.0
3372,0.067712,0.607008,3.09574,0.0,0.0,0.0,0.0,0.0,0.0
3373,0.06784,0.60592,2.65206,0.0,0.0,0.0,0.0,0.0,0.0
3374,0.067424,0.60624,2.64544,0.0,0.0,0.0,0.0,0.0,0.0
3375,0.067872,0.602208,2.65942,0.0,0.0,0.0,0.0,0.0,0.0
3376,0.067712,0.60256,2.65018,0.0,0.0,0.0,0.0,0.0,0.0
3377,0.068224,0.606048,2.91779,0.0,0.0,0.0,0.0,0.0,0.0
3378,0.067776,0.602752,2.65181,0.0,0.0,0.0,0.0,0.0,0.0
3379,0.067936,0.606496,2.65066,0.0,0.0,0.0,0.0,0.0,0.0
3380,0.068192,0.604224,2.6439,0.0,0.0,0.0,0.0,0.0,0.0
3381,0.068288,0.6032,2.65248,0.0,0.0,0.0,0.0,0.0,0.0
3382,0.06768,0.893952,2.64835,0.0,0.0,0.0,0.0,0.0,0.0
3383,0.067648,0.60512,2.64989,0.0,0.0,0.0,0.0,0.0,0.0
3384,0.068096,0.604448,2.65322,0.0,0.0,0.0,0.0,0.0,0.0
3385,0.067968,0.602944,2.65098,0.0,0.0,0.0,0.0,0.0,0.0
3386,0.331104,0.607328,2.65203,0.0,0.0,0.0,0.0,0.0,0.0
3387,0.068544,0.616064,2.65363,0.0,0.0,0.0,0.0,0.0,0.0
3388,0.067552,0.604288,2.64957,0.0,0.0,0.0,0.0,0.0,0.0
3389,0.067904,0.601216,2.65056,0.0,0.0,0.0,0.0,0.0,0.0
3390,0.068032,0.60128,2.65315,0.0,0.0,0.0,0.0,0.0,0.0
3391,0.067296,0.6032,2.93088,0.0,0.0,0.0,0.0,0.0,0.0
3392,0.068224,0.604544,2.64611,0.0,0.0,0.0,0.0,0.0,0.0
3393,0.06832,0.602624,2.65139,0.0,0.0,0.0,0.0,0.0,0.0
3394,0.067744,0.600672,2.64922,0.0,0.0,0.0,0.0,0.0,0.0
3395,0.06752,0.604224,2.64547,0.0,0.0,0.0,0.0,0.0,0.0
3396,0.068064,0.599392,2.93082,0.0,0.0,0.0,0.0,0.0,0.0
3397,0.067424,0.60352,2.64829,0.0,0.0,0.0,0.0,0.0,0.0
3398,0.068384,0.601088,2.64339,0.0,0.0,0.0,0.0,0.0,0.0
3399,0.067808,0.59952,2.65216,0.0,0.0,0.0,0.0,0.0,0.0
3400,0.067776,0.602272,2.64288,0.0,0.0,0.0,0.0,0.0,0.0
3401,0.068832,0.604416,3.11498,0.0,0.0,0.0,0.0,0.0,0.0
3402,0.068064,0.60288,2.65005,0.0,0.0,0.0,0.0,0.0,0.0
3403,0.067616,0.60544,2.64246,0.0,0.0,0.0,0.0,0.0,0.0
3404,0.068,0.60544,2.6424,0.0,0.0,0.0,0.0,0.0,0.0
3405,0.06768,0.600768,2.64938,0.0,0.0,0.0,0.0,0.0,0.0
3406,0.06784,0.605568,2.92474,0.0,0.0,0.0,0.0,0.0,0.0
3407,0.06784,0.600608,2.64637,0.0,0.0,0.0,0.0,0.0,0.0
3408,0.067712,0.602848,2.65053,0.0,0.0,0.0,0.0,0.0,0.0
3409,0.067552,0.601856,2.64346,0.0,0.0,0.0,0.0,0.0,0.0
3410,0.068544,0.605056,2.64134,0.0,0.0,0.0,0.0,0.0,0.0
3411,0.067936,0.60832,2.93533,0.0,0.0,0.0,0.0,0.0,0.0
3412,0.067968,0.60336,2.64554,0.0,0.0,0.0,0.0,0.0,0.0
3413,0.068032,0.603072,2.6431,0.0,0.0,0.0,0.0,0.0,0.0
3414,0.067776,0.603584,2.64941,0.0,0.0,0.0,0.0,0.0,0.0
3415,0.06768,0.601504,2.64259,0.0,0.0,0.0,0.0,0.0,0.0
3416,0.067808,0.601952,2.92176,0.0,0.0,0.0,0.0,0.0,0.0
3417,0.068288,0.599264,2.65133,0.0,0.0,0.0,0.0,0.0,0.0
3418,0.067584,0.603968,2.64403,0.0,0.0,0.0,0.0,0.0,0.0
3419,0.06816,0.60576,2.64262,0.0,0.0,0.0,0.0,0.0,0.0
3420,0.068096,0.598656,2.64912,0.0,0.0,0.0,0.0,0.0,0.0
3421,0.067712,0.878976,2.64573,0.0,0.0,0.0,0.0,0.0,0.0
3422,0.068864,0.60256,2.64429,0.0,0.0,0.0,0.0,0.0,0.0
3423,0.068384,0.601472,2.6521,0.0,0.0,0.0,0.0,0.0,0.0
3424,0.067712,0.602368,2.64154,0.0,0.0,0.0,0.0,0.0,0.0
3425,0.068032,0.601792,2.64147,0.0,0.0,0.0,0.0,0.0,0.0
3426,0.06864,0.893408,2.64893,0.0,0.0,0.0,0.0,0.0,0.0
3427,0.067712,0.606656,2.64298,0.0,0.0,0.0,0.0,0.0,0.0
3428,0.068768,0.606464,2.63885,0.0,0.0,0.0,0.0,0.0,0.0
3429,0.067872,0.600992,2.64461,0.0,0.0,0.0,0.0,0.0,0.0
3430,0.070496,0.602368,2.86176,0.0,0.0,0.0,0.0,0.0,0.0
3431,0.067968,0.608992,2.81123,0.0,0.0,0.0,0.0,0.0,0.0
3432,0.06768,0.601152,2.64538,0.0,0.0,0.0,0.0,0.0,0.0
3433,0.068128,0.603328,2.63699,0.0,0.0,0.0,0.0,0.0,0.0
3434,0.06816,0.604832,2.64134,0.0,0.0,0.0,0.0,0.0,0.0
3435,0.068256,0.601344,2.92458,0.0,0.0,0.0,0.0,0.0,0.0
3436,0.067872,0.606208,2.63971,0.0,0.0,0.0,0.0,0.0,0.0
3437,0.068512,0.603584,2.64285,0.0,0.0,0.0,0.0,0.0,0.0
3438,0.067872,0.598624,2.64339,0.0,0.0,0.0,0.0,0.0,0.0
3439,0.06784,0.603584,2.63763,0.0,0.0,0.0,0.0,0.0,0.0
3440,0.068032,0.600896,2.91917,0.0,0.0,0.0,0.0,0.0,0.0
3441,0.067808,0.610336,2.63811,0.0,0.0,0.0,0.0,0.0,0.0
3442,0.067712,0.60336,2.63827,0.0,0.0,0.0,0.0,0.0,0.0
3443,0.068224,0.603296,2.63482,0.0,0.0,0.0,0.0,0.0,0.0
3444,0.067392,0.601696,2.6433,0.0,0.0,0.0,0.0,0.0,0.0
3445,0.068032,0.601504,2.92938,0.0,0.0,0.0,0.0,0.0,0.0
3446,0.06768,0.603488,2.63706,0.0,0.0,0.0,0.0,0.0,0.0
3447,0.067552,0.600736,2.65475,0.0,0.0,0.0,0.0,0.0,0.0
3448,0.067648,0.60272,2.63818,0.0,0.0,0.0,0.0,0.0,0.0
3449,0.068032,0.608416,2.63882,0.0,0.0,0.0,0.0,0.0,0.0
3450,0.068192,0.599296,2.92742,0.0,0.0,0.0,0.0,0.0,0.0
3451,0.06768,0.603552,2.64086,0.0,0.0,0.0,0.0,0.0,0.0
3452,0.068128,0.601856,2.64365,0.0,0.0,0.0,0.0,0.0,0.0
3453,0.067872,0.602464,2.64422,0.0,0.0,0.0,0.0,0.0,0.0
3454,0.06784,0.606752,2.64186,0.0,0.0,0.0,0.0,0.0,0.0
3455,0.068064,0.6048,2.91981,0.0,0.0,0.0,0.0,0.0,0.0
3456,0.065312,0.60112,2.64109,0.0,0.0,0.0,0.0,0.0,0.0
3457,0.067648,0.602624,2.63408,0.0,0.0,0.0,0.0,0.0,0.0
3458,0.068032,0.601664,2.63514,0.0,0.0,0.0,0.0,0.0,0.0
3459,0.067424,0.598112,2.64394,0.0,0.0,0.0,0.0,0.0,0.0
3460,0.068224,0.600992,3.04074,0.0,0.0,0.0,0.0,0.0,0.0
3461,0.068672,0.599392,2.63702,0.0,0.0,0.0,0.0,0.0,0.0
3462,0.067552,0.600224,2.64208,0.0,0.0,0.0,0.0,0.0,0.0
3463,0.067264,0.600192,2.64275,0.0,0.0,0.0,0.0,0.0,0.0
3464,0.067584,0.601632,2.63738,0.0,0.0,0.0,0.0,0.0,0.0
3465,0.06736,0.59984,2.92202,0.0,0.0,0.0,0.0,0.0,0.0
3466,0.067616,0.603872,2.63722,0.0,0.0,0.0,0.0,0.0,0.0
3467,0.067712,0.60192,2.63658,0.0,0.0,0.0,0.0,0.0,0.0
3468,0.067296,0.601248,2.64125,0.0,0.0,0.0,0.0,0.0,0.0
3469,0.067712,0.60336,2.63862,0.0,0.0,0.0,0.0,0.0,0.0
3470,0.068032,0.879328,2.64093,0.0,0.0,0.0,0.0,0.0,0.0
3471,0.067776,0.602176,2.64272,0.0,0.0,0.0,0.0,0.0,0.0
3472,0.067936,0.604448,2.63568,0.0,0.0,0.0,0.0,0.0,0.0
3473,0.067808,0.601312,2.63302,0.0,0.0,0.0,0.0,0.0,0.0
3474,0.067648,0.60208,2.64138,0.0,0.0,0.0,0.0,0.0,0.0
3475,0.067328,0.878944,2.63962,0.0,0.0,0.0,0.0,0.0,0.0
3476,0.068928,0.601888,2.64282,0.0,0.0,0.0,0.0,0.0,0.0
3477,0.067744,0.599648,2.64058,0.0,0.0,0.0,0.0,0.0,0.0
3478,0.067552,0.600352,2.63536,0.0,0.0,0.0,0.0,0.0,0.0
3479,0.071456,0.599552,2.90474,0.0,0.0,0.0,0.0,0.0,0.0
3480,0.067936,0.603872,2.64269,0.0,0.0,0.0,0.0,0.0,0.0
3481,0.068032,0.60128,2.63514,0.0,0.0,0.0,0.0,0.0,0.0
3482,0.067552,0.598592,2.63616,0.0,0.0,0.0,0.0,0.0,0.0
3483,0.067584,0.59936,2.6392,0.0,0.0,0.0,0.0,0.0,0.0
3484,0.067744,0.601664,2.92074,0.0,0.0,0.0,0.0,0.0,0.0
3485,0.067616,0.600192,2.63434,0.0,0.0,0.0,0.0,0.0,0.0
3486,0.069152,0.6,2.64102,0.0,0.0,0.0,0.0,0.0,0.0
3487,0.067616,0.602656,2.64016,0.0,0.0,0.0,0.0,0.0,0.0
3488,0.068064,0.600672,2.63414,0.0,0.0,0.0,0.0,0.0,0.0
3489,0.067488,0.59808,2.93152,0.0,0.0,0.0,0.0,0.0,0.0
3490,0.067392,0.599712,2.63654,0.0,0.0,0.0,0.0,0.0,0.0
3491,0.067456,0.600608,2.63597,0.0,0.0,0.0,0.0,0.0,0.0
3492,0.067776,0.600768,2.64374,0.0,0.0,0.0,0.0,0.0,0.0
3493,0.067552,0.598336,2.63699,0.0,0.0,0.0,0.0,0.0,0.0
3494,0.068288,0.598784,3.03738,0.0,0.0,0.0,0.0,0.0,0.0
3495,0.06816,0.603584,2.63917,0.0,0.0,0.0,0.0,0.0,0.0
3496,0.067584,0.603424,2.63462,0.0,0.0,0.0,0.0,0.0,0.0
3497,0.06768,0.600224,2.63686,0.0,0.0,0.0,0.0,0.0,0.0
3498,0.067776,0.602464,2.64432,0.0,0.0,0.0,0.0,0.0,0.0
3499,0.067424,0.600288,2.9183,0.0,0.0,0.0,0.0,0.0,0.0
3500,0.06784,0.60112,2.63798,0.0,0.0,0.0,0.0,0.0,0.0
3501,0.068224,0.602112,2.64349,0.0,0.0,0.0,0.0,0.0,0.0
3502,0.068384,0.6008,2.63558,0.0,0.0,0.0,0.0,0.0,0.0
3503,0.068192,0.598624,2.63475,0.0,0.0,0.0,0.0,0.0,0.0
3504,0.068256,0.599552,2.92358,0.0,0.0,0.0,0.0,0.0,0.0
3505,0.067872,0.601344,2.6344,0.0,0.0,0.0,0.0,0.0,0.0
3506,0.068384,0.599104,2.63494,0.0,0.0,0.0,0.0,0.0,0.0
3507,0.067872,0.598144,2.64675,0.0,0.0,0.0,0.0,0.0,0.0
3508,0.067488,0.601344,2.6353,0.0,0.0,0.0,0.0,0.0,0.0
3509,0.068224,0.601152,2.92557,0.0,0.0,0.0,0.0,0.0,0.0
3510,0.06784,0.60336,2.63907,0.0,0.0,0.0,0.0,0.0,0.0
3511,0.067808,0.59936,2.63261,0.0,0.0,0.0,0.0,0.0,0.0
3512,0.067776,0.600128,2.63488,0.0,0.0,0.0,0.0,0.0,0.0
3513,0.067296,0.60064,2.63958,0.0,0.0,0.0,0.0,0.0,0.0
3514,0.06768,0.602784,2.91894,0.0,0.0,0.0,0.0,0.0,0.0
3515,0.06784,0.602624,2.63245,0.0,0.0,0.0,0.0,0.0,0.0
3516,0.067456,0.597344,2.63885,0.0,0.0,0.0,0.0,0.0,0.0
3517,0.067584,0.600864,2.63606,0.0,0.0,0.0,0.0,0.0,0.0
3518,0.067712,0.601312,2.63168,0.0,0.0,0.0,0.0,0.0,0.0
3519,0.067616,0.601728,2.89971,0.0,0.0,0.0,0.0,0.0,0.0
3520,0.067872,0.600448,2.63424,0.0,0.0,0.0,0.0,0.0,0.0
3521,0.067552,0.599744,2.63222,0.0,0.0,0.0,0.0,0.0,0.0
3522,0.067808,0.60128,2.64125,0.0,0.0,0.0,0.0,0.0,0.0
3523,0.067136,0.601152,2.63434,0.0,0.0,0.0,0.0,0.0,0.0
3524,0.067872,0.875552,2.80858,0.0,0.0,0.0,0.0,0.0,0.0
3525,0.067872,0.602752,2.63782,0.0,0.0,0.0,0.0,0.0,0.0
3526,0.067392,0.600384,2.63264,0.0,0.0,0.0,0.0,0.0,0.0
3527,0.067392,0.601376,2.63616,0.0,0.0,0.0,0.0,0.0,0.0
3528,0.067936,0.60352,2.64346,0.0,0.0,0.0,0.0,0.0,0.0
3529,0.067968,0.602656,2.81846,0.0,0.0,0.0,0.0,0.0,0.0
3530,0.068096,0.59696,2.63158,0.0,0.0,0.0,0.0,0.0,0.0
3531,0.067392,0.59808,2.63952,0.0,0.0,0.0,0.0,0.0,0.0
3532,0.067584,0.596096,2.63622,0.0,0.0,0.0,0.0,0.0,0.0
3533,0.069184,0.598784,2.91542,0.0,0.0,0.0,0.0,0.0,0.0
3534,0.067712,0.5992,2.63971,0.0,0.0,0.0,0.0,0.0,0.0
3535,0.06784,0.600256,2.63805,0.0,0.0,0.0,0.0,0.0,0.0
3536,0.068384,0.599968,2.6257,0.0,0.0,0.0,0.0,0.0,0.0
3537,0.066976,0.598048,2.62189,0.0,0.0,0.0,0.0,0.0,0.0
3538,0.0672,0.597472,2.89795,0.0,0.0,0.0,0.0,0.0,0.0
3539,0.06768,0.59888,2.61283,0.0,0.0,0.0,0.0,0.0,0.0
3540,0.067168,0.5936,2.61821,0.0,0.0,0.0,0.0,0.0,0.0
3541,0.067648,0.595616,2.61315,0.0,0.0,0.0,0.0,0.0,0.0
3542,0.067424,0.59936,2.61581,0.0,0.0,0.0,0.0,0.0,0.0
3543,0.068064,0.597152,2.89568,0.0,0.0,0.0,0.0,0.0,0.0
3544,0.067584,0.597728,2.61341,0.0,0.0,0.0,0.0,0.0,0.0
3545,0.068096,0.5992,2.61459,0.0,0.0,0.0,0.0,0.0,0.0
3546,0.067488,0.595936,2.62179,0.0,0.0,0.0,0.0,0.0,0.0
3547,0.06768,0.600736,2.61024,0.0,0.0,0.0,0.0,0.0,0.0
3548,0.068,0.597696,2.8943,0.0,0.0,0.0,0.0,0.0,0.0
3549,0.067424,0.5976,2.61843,0.0,0.0,0.0,0.0,0.0,0.0
3550,0.067712,0.595616,2.61741,0.0,0.0,0.0,0.0,0.0,0.0
3551,0.067776,0.598976,2.61075,0.0,0.0,0.0,0.0,0.0,0.0
3552,0.067488,0.598592,2.61622,0.0,0.0,0.0,0.0,0.0,0.0
3553,0.067904,0.598944,2.8937,0.0,0.0,0.0,0.0,0.0,0.0
3554,0.068512,0.596512,2.61104,0.0,0.0,0.0,0.0,0.0,0.0
3555,0.067136,0.59552,2.61856,0.0,0.0,0.0,0.0,0.0,0.0
3556,0.067808,0.598944,2.61149,0.0,0.0,0.0,0.0,0.0,0.0
3557,0.067936,0.597472,2.61104,0.0,0.0,0.0,0.0,0.0,0.0
3558,0.067616,0.596512,3.06339,0.0,0.0,0.0,0.0,0.0,0.0
3559,0.067072,0.598784,2.61082,0.0,0.0,0.0,0.0,0.0,0.0
3560,0.068192,0.601504,2.61085,0.0,0.0,0.0,0.0,0.0,0.0
3561,0.067904,0.595008,2.61632,0.0,0.0,0.0,0.0,0.0,0.0
3562,0.067456,0.594592,2.61293,0.0,0.0,0.0,0.0,0.0,0.0
3563,0.067616,0.594688,2.89939,0.0,0.0,0.0,0.0,0.0,0.0
3564,0.067328,0.592768,2.61763,0.0,0.0,0.0,0.0,0.0,0.0
3565,0.067552,0.598272,2.6089,0.0,0.0,0.0,0.0,0.0,0.0
3566,0.067936,0.594656,2.60707,0.0,0.0,0.0,0.0,0.0,0.0
3567,0.06768,0.59808,2.61645,0.0,0.0,0.0,0.0,0.0,0.0
3568,0.067232,0.601632,2.89203,0.0,0.0,0.0,0.0,0.0,0.0
3569,0.068064,0.596128,2.61248,0.0,0.0,0.0,0.0,0.0,0.0
3570,0.067424,0.596128,2.61533,0.0,0.0,0.0,0.0,0.0,0.0
3571,0.067136,0.598784,2.61859,0.0,0.0,0.0,0.0,0.0,0.0
3572,0.067744,0.595168,2.61306,0.0,0.0,0.0,0.0,0.0,0.0
3573,0.068032,0.596544,2.89658,0.0,0.0,0.0,0.0,0.0,0.0
3574,0.06704,0.597216,2.61846,0.0,0.0,0.0,0.0,0.0,0.0
3575,0.067328,0.599744,2.61286,0.0,0.0,0.0,0.0,0.0,0.0
3576,0.067328,0.596736,2.61862,0.0,0.0,0.0,0.0,0.0,0.0
3577,0.067296,0.596896,2.61136,0.0,0.0,0.0,0.0,0.0,0.0
3578,0.067744,0.59568,2.89504,0.0,0.0,0.0,0.0,0.0,0.0
3579,0.067456,0.596704,2.62016,0.0,0.0,0.0,0.0,0.0,0.0
3580,0.067552,0.594208,2.60986,0.0,0.0,0.0,0.0,0.0,0.0
3581,0.069184,0.597632,2.61379,0.0,0.0,0.0,0.0,0.0,0.0
3582,0.067456,0.59776,2.61677,0.0,0.0,0.0,0.0,0.0,0.0
3583,0.067872,0.59904,2.89462,0.0,0.0,0.0,0.0,0.0,0.0
3584,0.068352,0.599296,2.61443,0.0,0.0,0.0,0.0,0.0,0.0
3585,0.067616,0.592768,2.61696,0.0,0.0,0.0,0.0,0.0,0.0
3586,0.068192,0.599008,2.612,0.0,0.0,0.0,0.0,0.0,0.0
3587,0.067424,0.594048,2.61315,0.0,0.0,0.0,0.0,0.0,0.0
3588,0.067264,0.59792,3.09152,0.0,0.0,0.0,0.0,0.0,0.0
3589,0.066944,0.597856,2.61098,0.0,0.0,0.0,0.0,0.0,0.0
3590,0.067552,0.594144,2.61152,0.0,0.0,0.0,0.0,0.0,0.0
3591,0.06752,0.594336,2.61738,0.0,0.0,0.0,0.0,0.0,0.0
3592,0.06752,0.59616,2.61565,0.0,0.0,0.0,0.0,0.0,0.0
3593,0.067936,0.866272,2.62122,0.0,0.0,0.0,0.0,0.0,0.0
3594,0.067232,0.596288,2.62035,0.0,0.0,0.0,0.0,0.0,0.0
3595,0.067968,0.596448,2.61382,0.0,0.0,0.0,0.0,0.0,0.0
3596,0.067712,0.596512,2.61498,0.0,0.0,0.0,0.0,0.0,0.0
3597,0.067488,0.59392,2.61658,0.0,0.0,0.0,0.0,0.0,0.0
3598,0.067584,0.881632,2.61418,0.0,0.0,0.0,0.0,0.0,0.0
3599,0.067552,0.597088,2.60963,0.0,0.0,0.0,0.0,0.0,0.0
3600,0.06944,0.598272,2.61795,0.0,0.0,0.0,0.0,0.0,0.0
3601,0.067488,0.856,2.61571,0.0,0.0,0.0,0.0,0.0,0.0
3602,0.06768,0.597568,2.61648,0.0,0.0,0.0,0.0,0.0,0.0
3603,0.06768,0.59472,2.61808,0.0,0.0,0.0,0.0,0.0,0.0
3604,0.069408,0.59584,2.61597,0.0,0.0,0.0,0.0,0.0,0.0
3605,0.329984,0.59776,2.61238,0.0,0.0,0.0,0.0,0.0,0.0
3606,0.067456,0.5992,2.62477,0.0,0.0,0.0,0.0,0.0,0.0
3607,0.067872,0.597088,2.61494,0.0,0.0,0.0,0.0,0.0,0.0
3608,0.067744,0.59552,2.61293,0.0,0.0,0.0,0.0,0.0,0.0
3609,0.06736,0.59456,2.6175,0.0,0.0,0.0,0.0,0.0,0.0
3610,0.072384,0.59776,2.89299,0.0,0.0,0.0,0.0,0.0,0.0
3611,0.067456,0.599008,2.60986,0.0,0.0,0.0,0.0,0.0,0.0
3612,0.067328,0.594592,2.62154,0.0,0.0,0.0,0.0,0.0,0.0
3613,0.06784,0.595424,2.61408,0.0,0.0,0.0,0.0,0.0,0.0
3614,0.068288,0.595776,2.61325,0.0,0.0,0.0,0.0,0.0,0.0
3615,0.067392,0.595936,2.89101,0.0,0.0,0.0,0.0,0.0,0.0
3616,0.067872,0.597056,2.61267,0.0,0.0,0.0,0.0,0.0,0.0
3617,0.067776,0.595776,2.61341,0.0,0.0,0.0,0.0,0.0,0.0
3618,0.068192,0.59616,2.61837,0.0,0.0,0.0,0.0,0.0,0.0
3619,0.067328,0.595264,2.61069,0.0,0.0,0.0,0.0,0.0,0.0
3620,0.068032,0.594208,2.87386,0.0,0.0,0.0,0.0,0.0,0.0
3621,0.067424,0.771616,2.61734,0.0,0.0,0.0,0.0,0.0,0.0
3622,0.068224,0.596608,2.61216,0.0,0.0,0.0,0.0,0.0,0.0
3623,0.067488,0.596896,2.61446,0.0,0.0,0.0,0.0,0.0,0.0
3624,0.067424,0.593056,2.61718,0.0,0.0,0.0,0.0,0.0,0.0
3625,0.0672,0.59776,2.90256,0.0,0.0,0.0,0.0,0.0,0.0
3626,0.067936,0.59648,2.61322,0.0,0.0,0.0,0.0,0.0,0.0
3627,0.068064,0.595392,2.61978,0.0,0.0,0.0,0.0,0.0,0.0
3628,0.06752,0.595296,2.61178,0.0,0.0,0.0,0.0,0.0,0.0
3629,0.067904,0.593856,2.61069,0.0,0.0,0.0,0.0,0.0,0.0
3630,0.06736,0.5976,2.89773,0.0,0.0,0.0,0.0,0.0,0.0
3631,0.0672,0.595296,2.6113,0.0,0.0,0.0,0.0,0.0,0.0
3632,0.067584,0.592896,2.6105,0.0,0.0,0.0,0.0,0.0,0.0
3633,0.067872,0.59728,2.62125,0.0,0.0,0.0,0.0,0.0,0.0
3634,0.06768,0.596736,2.61421,0.0,0.0,0.0,0.0,0.0,0.0
3635,0.067552,0.595168,2.89642,0.0,0.0,0.0,0.0,0.0,0.0
3636,0.067488,0.594944,2.61814,0.0,0.0,0.0,0.0,0.0,0.0
3637,0.067744,0.599808,2.6135,0.0,0.0,0.0,0.0,0.0,0.0
3638,0.068032,0.596384,2.80685,0.0,0.0,0.0,0.0,0.0,0.0
3639,0.067552,0.595712,2.61584,0.0,0.0,0.0,0.0,0.0,0.0
3640,0.067264,0.596,2.89792,0.0,0.0,0.0,0.0,0.0,0.0
3641,0.067904,0.598112,2.63277,0.0,0.0,0.0,0.0,0.0,0.0
3642,0.067968,0.597984,2.63558,0.0,0.0,0.0,0.0,0.0,0.0
3643,0.06768,0.596672,2.63309,0.0,0.0,0.0,0.0,0.0,0.0
3644,0.067456,0.599232,2.63213,0.0,0.0,0.0,0.0,0.0,0.0
3645,0.067968,0.596544,2.92611,0.0,0.0,0.0,0.0,0.0,0.0
3646,0.067744,0.595168,2.63274,0.0,0.0,0.0,0.0,0.0,0.0
3647,0.067584,0.599072,2.63098,0.0,0.0,0.0,0.0,0.0,0.0
3648,0.067808,0.596832,2.63722,0.0,0.0,0.0,0.0,0.0,0.0
3649,0.068064,0.599296,2.63485,0.0,0.0,0.0,0.0,0.0,0.0
3650,0.068192,0.599104,3.09629,0.0,0.0,0.0,0.0,0.0,0.0
3651,0.067872,0.600192,2.63795,0.0,0.0,0.0,0.0,0.0,0.0
3652,0.068352,0.597344,2.63562,0.0,0.0,0.0,0.0,0.0,0.0
3653,0.06736,0.604448,2.63498,0.0,0.0,0.0,0.0,0.0,0.0
3654,0.067136,0.594912,2.63971,0.0,0.0,0.0,0.0,0.0,0.0
3655,0.067552,0.59712,2.9215,0.0,0.0,0.0,0.0,0.0,0.0
3656,0.067904,0.602016,2.63299,0.0,0.0,0.0,0.0,0.0,0.0
3657,0.06736,0.595456,2.63626,0.0,0.0,0.0,0.0,0.0,0.0
3658,0.06752,0.599456,2.6353,0.0,0.0,0.0,0.0,0.0,0.0
3659,0.068064,0.598144,2.63283,0.0,0.0,0.0,0.0,0.0,0.0
3660,0.067712,0.873632,2.63907,0.0,0.0,0.0,0.0,0.0,0.0
3661,0.06736,0.599104,2.63424,0.0,0.0,0.0,0.0,0.0,0.0
3662,0.06768,0.597536,2.63318,0.0,0.0,0.0,0.0,0.0,0.0
3663,0.067424,0.597824,2.6367,0.0,0.0,0.0,0.0,0.0,0.0
3664,0.067264,0.598528,2.63494,0.0,0.0,0.0,0.0,0.0,0.0
3665,0.067776,0.887872,2.6376,0.0,0.0,0.0,0.0,0.0,0.0
3666,0.067456,0.592576,2.63507,0.0,0.0,0.0,0.0,0.0,0.0
3667,0.068096,0.600128,2.63539,0.0,0.0,0.0,0.0,0.0,0.0
3668,0.067456,0.598112,2.63549,0.0,0.0,0.0,0.0,0.0,0.0
3669,0.068352,0.595872,2.63805,0.0,0.0,0.0,0.0,0.0,0.0
3670,0.067232,0.603392,2.63622,0.0,0.0,0.0,0.0,0.0,0.0
3671,0.067872,0.600032,2.63485,0.0,0.0,0.0,0.0,0.0,0.0
3672,0.067424,0.600384,2.644,0.0,0.0,0.0,0.0,0.0,0.0
3673,0.067808,0.600288,2.63402,0.0,0.0,0.0,0.0,0.0,0.0
3674,0.072992,0.596032,2.91882,0.0,0.0,0.0,0.0,0.0,0.0
3675,0.067328,0.602496,2.63642,0.0,0.0,0.0,0.0,0.0,0.0
3676,0.06816,0.598304,2.63466,0.0,0.0,0.0,0.0,0.0,0.0
3677,0.067392,0.597408,2.63328,0.0,0.0,0.0,0.0,0.0,0.0
3678,0.070048,0.59872,2.63814,0.0,0.0,0.0,0.0,0.0,0.0
3679,0.066496,0.601312,2.88819,0.0,0.0,0.0,0.0,0.0,0.0
3680,0.068096,0.767872,2.63984,0.0,0.0,0.0,0.0,0.0,0.0
3681,0.067584,0.598336,2.64237,0.0,0.0,0.0,0.0,0.0,0.0
3682,0.066912,0.5984,2.63402,0.0,0.0,0.0,0.0,0.0,0.0
3683,0.067968,0.596896,2.63203,0.0,0.0,0.0,0.0,0.0,0.0
3684,0.067456,0.597408,2.92106,0.0,0.0,0.0,0.0,0.0,0.0
3685,0.067168,0.600416,2.63453,0.0,0.0,0.0,0.0,0.0,0.0
3686,0.067488,0.596864,2.63232,0.0,0.0,0.0,0.0,0.0,0.0
3687,0.068192,0.595968,2.64067,0.0,0.0,0.0,0.0,0.0,0.0
3688,0.06736,0.598432,2.63046,0.0,0.0,0.0,0.0,0.0,0.0
3689,0.067968,0.600896,2.91354,0.0,0.0,0.0,0.0,0.0,0.0
3690,0.067712,0.597632,2.63664,0.0,0.0,0.0,0.0,0.0,0.0
3691,0.06704,0.600064,2.63312,0.0,0.0,0.0,0.0,0.0,0.0
3692,0.068288,0.598688,2.63421,0.0,0.0,0.0,0.0,0.0,0.0
3693,0.067296,0.596256,2.64166,0.0,0.0,0.0,0.0,0.0,0.0
3694,0.06736,0.599008,2.91133,0.0,0.0,0.0,0.0,0.0,0.0
3695,0.068,0.598272,2.6335,0.0,0.0,0.0,0.0,0.0,0.0
3696,0.067392,0.593952,2.63914,0.0,0.0,0.0,0.0,0.0,0.0
3697,0.067872,0.598144,2.63475,0.0,0.0,0.0,0.0,0.0,0.0
3698,0.06704,0.59632,2.63338,0.0,0.0,0.0,0.0,0.0,0.0
3699,0.067648,0.594976,2.92029,0.0,0.0,0.0,0.0,0.0,0.0
3700,0.067616,0.5968,2.63392,0.0,0.0,0.0,0.0,0.0,0.0
3701,0.067808,0.597632,2.63565,0.0,0.0,0.0,0.0,0.0,0.0
3702,0.067264,0.596224,2.63926,0.0,0.0,0.0,0.0,0.0,0.0
3703,0.067104,0.597792,2.63418,0.0,0.0,0.0,0.0,0.0,0.0
3704,0.067648,0.596768,2.91056,0.0,0.0,0.0,0.0,0.0,0.0
3705,0.067456,0.59744,2.63699,0.0,0.0,0.0,0.0,0.0,0.0
3706,0.067648,0.600416,2.63418,0.0,0.0,0.0,0.0,0.0,0.0
3707,0.067744,0.597376,2.63222,0.0,0.0,0.0,0.0,0.0,0.0
3708,0.067392,0.595552,2.63917,0.0,0.0,0.0,0.0,0.0,0.0
3709,0.067104,0.603168,3.08032,0.0,0.0,0.0,0.0,0.0,0.0
3710,0.068512,0.599616,2.62947,0.0,0.0,0.0,0.0,0.0,0.0
3711,0.067712,0.597152,2.63792,0.0,0.0,0.0,0.0,0.0,0.0
3712,0.067456,0.596992,2.64371,0.0,0.0,0.0,0.0,0.0,0.0
3713,0.067808,0.595328,2.63546,0.0,0.0,0.0,0.0,0.0,0.0
3714,0.067872,0.870336,2.64125,0.0,0.0,0.0,0.0,0.0,0.0
3715,0.067808,0.602336,2.63283,0.0,0.0,0.0,0.0,0.0,0.0
3716,0.067808,0.598304,2.63757,0.0,0.0,0.0,0.0,0.0,0.0
3717,0.067136,0.599136,2.64298,0.0,0.0,0.0,0.0,0.0,0.0
3718,0.067264,0.596544,2.63322,0.0,0.0,0.0,0.0,0.0,0.0
3719,0.068256,0.881696,2.63075,0.0,0.0,0.0,0.0,0.0,0.0
3720,0.067552,0.599648,2.63811,0.0,0.0,0.0,0.0,0.0,0.0
3721,0.067744,0.603136,2.63424,0.0,0.0,0.0,0.0,0.0,0.0
3722,0.067904,0.5984,2.63542,0.0,0.0,0.0,0.0,0.0,0.0
3723,0.069504,0.59648,2.63827,0.0,0.0,0.0,0.0,0.0,0.0
3724,0.067424,0.60192,2.81389,0.0,0.0,0.0,0.0,0.0,0.0
3725,0.068384,0.602208,2.63283,0.0,0.0,0.0,0.0,0.0,0.0
3726,0.06768,0.59664,2.63872,0.0,0.0,0.0,0.0,0.0,0.0
3727,0.067584,0.601408,2.62845,0.0,0.0,0.0,0.0,0.0,0.0
3728,0.069952,0.595392,2.92243,0.0,0.0,0.0,0.0,0.0,0.0
3729,0.069504,0.602944,2.63901,0.0,0.0,0.0,0.0,0.0,0.0
3730,0.067072,0.595808,2.63021,0.0,0.0,0.0,0.0,0.0,0.0
3731,0.067392,0.597344,2.63258,0.0,0.0,0.0,0.0,0.0,0.0
3732,0.067616,0.595744,2.64307,0.0,0.0,0.0,0.0,0.0,0.0
3733,0.067776,0.60208,2.92691,0.0,0.0,0.0,0.0,0.0,0.0
3734,0.06752,0.600288,2.63507,0.0,0.0,0.0,0.0,0.0,0.0
3735,0.067456,0.594976,2.63734,0.0,0.0,0.0,0.0,0.0,0.0
3736,0.06704,0.599808,2.63462,0.0,0.0,0.0,0.0,0.0,0.0
3737,0.067488,0.597472,2.63402,0.0,0.0,0.0,0.0,0.0,0.0
3738,0.067936,0.59776,2.92838,0.0,0.0,0.0,0.0,0.0,0.0
3739,0.067456,0.60176,2.63504,0.0,0.0,0.0,0.0,0.0,0.0
3740,0.068224,0.596576,2.62883,0.0,0.0,0.0,0.0,0.0,0.0
3741,0.067328,0.598208,2.63949,0.0,0.0,0.0,0.0,0.0,0.0
3742,0.067616,0.601248,2.63821,0.0,0.0,0.0,0.0,0.0,0.0
3743,0.067936,0.595552,3.07386,0.0,0.0,0.0,0.0,0.0,0.0
3744,0.067808,0.59584,2.64397,0.0,0.0,0.0,0.0,0.0,0.0
3745,0.0672,0.596032,2.63037,0.0,0.0,0.0,0.0,0.0,0.0
3746,0.068192,0.59712,2.6345,0.0,0.0,0.0,0.0,0.0,0.0
3747,0.067488,0.596384,2.64122,0.0,0.0,0.0,0.0,0.0,0.0
3748,0.067296,0.602464,2.91472,0.0,0.0,0.0,0.0,0.0,0.0
3749,0.067264,0.598656,2.63024,0.0,0.0,0.0,0.0,0.0,0.0
3750,0.067232,0.598656,2.63981,0.0,0.0,0.0,0.0,0.0,0.0
3751,0.067584,0.600064,2.63357,0.0,0.0,0.0,0.0,0.0,0.0
3752,0.068224,0.599168,2.63306,0.0,0.0,0.0,0.0,0.0,0.0
3753,0.068,0.595232,2.91603,0.0,0.0,0.0,0.0,0.0,0.0
3754,0.067456,0.600416,2.6327,0.0,0.0,0.0,0.0,0.0,0.0
3755,0.067712,0.6008,2.63136,0.0,0.0,0.0,0.0,0.0,0.0
3756,0.067712,0.596704,2.63837,0.0,0.0,0.0,0.0,0.0,0.0
3757,0.067776,0.598368,2.63981,0.0,0.0,0.0,0.0,0.0,0.0
3758,0.067808,0.600352,2.91219,0.0,0.0,0.0,0.0,0.0,0.0
3759,0.067584,0.601312,2.63917,0.0,0.0,0.0,0.0,0.0,0.0
3760,0.067584,0.598976,2.63619,0.0,0.0,0.0,0.0,0.0,0.0
3761,0.067904,0.5984,2.62883,0.0,0.0,0.0,0.0,0.0,0.0
3762,0.067616,0.59792,2.63558,0.0,0.0,0.0,0.0,0.0,0.0
3763,0.067392,0.599584,2.91837,0.0,0.0,0.0,0.0,0.0,0.0
3764,0.068,0.595872,2.6369,0.0,0.0,0.0,0.0,0.0,0.0
3765,0.06608,0.595904,2.63827,0.0,0.0,0.0,0.0,0.0,0.0
3766,0.067616,0.599168,2.63648,0.0,0.0,0.0,0.0,0.0,0.0
3767,0.067456,0.597728,2.63104,0.0,0.0,0.0,0.0,0.0,0.0
3768,0.067456,0.87072,2.64442,0.0,0.0,0.0,0.0,0.0,0.0
3769,0.067648,0.60192,2.63763,0.0,0.0,0.0,0.0,0.0,0.0
3770,0.067744,0.602752,2.63539,0.0,0.0,0.0,0.0,0.0,0.0
3771,0.067168,0.60112,2.63978,0.0,0.0,0.0,0.0,0.0,0.0
3772,0.067552,0.596288,2.63126,0.0,0.0,0.0,0.0,0.0,0.0
3773,0.067392,0.867264,2.82461,0.0,0.0,0.0,0.0,0.0,0.0
3774,0.06784,0.599328,2.6399,0.0,0.0,0.0,0.0,0.0,0.0
3775,0.067264,0.598368,2.63357,0.0,0.0,0.0,0.0,0.0,0.0
3776,0.06768,0.598528,2.63094,0.0,0.0,0.0,0.0,0.0,0.0
3777,0.071808,0.594272,2.91546,0.0,0.0,0.0,0.0,0.0,0.0
3778,0.06752,0.601312,2.63469,0.0,0.0,0.0,0.0,0.0,0.0
3779,0.067872,0.600608,2.62989,0.0,0.0,0.0,0.0,0.0,0.0
3780,0.067424,0.598112,2.63904,0.0,0.0,0.0,0.0,0.0,0.0
3781,0.067136,0.59792,2.63645,0.0,0.0,0.0,0.0,0.0,0.0
3782,0.0672,0.60016,2.91802,0.0,0.0,0.0,0.0,0.0,0.0
3783,0.067744,0.598784,2.63914,0.0,0.0,0.0,0.0,0.0,0.0
3784,0.067776,0.59696,2.63664,0.0,0.0,0.0,0.0,0.0,0.0
3785,0.06768,0.601408,2.63091,0.0,0.0,0.0,0.0,0.0,0.0
3786,0.067552,0.59472,2.64048,0.0,0.0,0.0,0.0,0.0,0.0
3787,0.067968,0.599264,2.92006,0.0,0.0,0.0,0.0,0.0,0.0
3788,0.067456,0.598752,2.63242,0.0,0.0,0.0,0.0,0.0,0.0
3789,0.067328,0.598496,2.64221,0.0,0.0,0.0,0.0,0.0,0.0
3790,0.0672,0.598208,2.63485,0.0,0.0,0.0,0.0,0.0,0.0
3791,0.067872,0.594656,2.63514,0.0,0.0,0.0,0.0,0.0,0.0
3792,0.067296,0.596032,2.92368,0.0,0.0,0.0,0.0,0.0,0.0
3793,0.068416,0.600704,2.63645,0.0,0.0,0.0,0.0,0.0,0.0
3794,0.068128,0.59824,2.63229,0.0,0.0,0.0,0.0,0.0,0.0
3795,0.067648,0.597888,2.63664,0.0,0.0,0.0,0.0,0.0,0.0
3796,0.067584,0.598464,2.63277,0.0,0.0,0.0,0.0,0.0,0.0
3797,0.067552,0.598112,2.9159,0.0,0.0,0.0,0.0,0.0,0.0
3798,0.06752,0.597696,2.63942,0.0,0.0,0.0,0.0,0.0,0.0
3799,0.067552,0.596096,2.63318,0.0,0.0,0.0,0.0,0.0,0.0
3800,0.068,0.59888,2.63325,0.0,0.0,0.0,0.0,0.0,0.0
3801,0.066848,0.597216,2.63536,0.0,0.0,0.0,0.0,0.0,0.0
3802,0.067328,0.598336,3.03283,0.0,0.0,0.0,0.0,0.0,0.0
3803,0.068224,0.599584,2.6303,0.0,0.0,0.0,0.0,0.0,0.0
3804,0.067232,0.594176,2.64544,0.0,0.0,0.0,0.0,0.0,0.0
3805,0.067872,0.59984,2.63283,0.0,0.0,0.0,0.0,0.0,0.0
3806,0.067936,0.59552,2.6312,0.0,0.0,0.0,0.0,0.0,0.0
3807,0.06816,0.600448,2.92291,0.0,0.0,0.0,0.0,0.0,0.0
3808,0.068032,0.594816,2.63136,0.0,0.0,0.0,0.0,0.0,0.0
3809,0.067744,0.598016,2.62954,0.0,0.0,0.0,0.0,0.0,0.0
3810,0.067488,0.598528,2.63859,0.0,0.0,0.0,0.0,0.0,0.0
3811,0.067808,0.599904,2.63456,0.0,0.0,0.0,0.0,0.0,0.0
3812,0.067328,0.595904,2.91277,0.0,0.0,0.0,0.0,0.0,0.0
3813,0.067648,0.595616,2.63936,0.0,0.0,0.0,0.0,0.0,0.0
3814,0.068032,0.596896,2.63152,0.0,0.0,0.0,0.0,0.0,0.0
3815,0.068192,0.59856,2.64006,0.0,0.0,0.0,0.0,0.0,0.0
3816,0.067168,0.595744,2.63808,0.0,0.0,0.0,0.0,0.0,0.0
3817,0.067456,0.597792,2.9113,0.0,0.0,0.0,0.0,0.0,0.0
3818,0.068128,0.597696,2.63085,0.0,0.0,0.0,0.0,0.0,0.0
3819,0.067712,0.59984,2.63677,0.0,0.0,0.0,0.0,0.0,0.0
3820,0.067104,0.598592,2.63366,0.0,0.0,0.0,0.0,0.0,0.0
3821,0.068064,0.599616,2.63571,0.0,0.0,0.0,0.0,0.0,0.0
3822,0.067872,0.598688,3.01091,0.0,0.0,0.0,0.0,0.0,0.0
3823,0.067616,0.599104,2.63341,0.0,0.0,0.0,0.0,0.0,0.0
3824,0.067872,0.599872,2.63446,0.0,0.0,0.0,0.0,0.0,0.0
3825,0.067424,0.598016,2.64336,0.0,0.0,0.0,0.0,0.0,0.0
3826,0.067392,0.598816,2.63357,0.0,0.0,0.0,0.0,0.0,0.0
3827,0.068,0.88112,2.63568,0.0,0.0,0.0,0.0,0.0,0.0
3828,0.06752,0.599296,2.64093,0.0,0.0,0.0,0.0,0.0,0.0
3829,0.06784,0.600896,2.63645,0.0,0.0,0.0,0.0,0.0,0.0
3830,0.06768,0.601472,2.62832,0.0,0.0,0.0,0.0,0.0,0.0
3831,0.069632,0.596576,2.63696,0.0,0.0,0.0,0.0,0.0,0.0
3832,0.067552,0.861088,2.63389,0.0,0.0,0.0,0.0,0.0,0.0
3833,0.068384,0.604064,2.63008,0.0,0.0,0.0,0.0,0.0,0.0
3834,0.067872,0.596192,2.64208,0.0,0.0,0.0,0.0,0.0,0.0
3835,0.067168,0.59728,2.63709,0.0,0.0,0.0,0.0,0.0,0.0
3836,0.069856,0.5976,2.89053,0.0,0.0,0.0,0.0,0.0,0.0
3837,0.067456,0.604864,2.80685,0.0,0.0,0.0,0.0,0.0,0.0
3838,0.06768,0.59984,2.63277,0.0,0.0,0.0,0.0,0.0,0.0
3839,0.067008,0.599776,2.63219,0.0,0.0,0.0,0.0,0.0,0.0
3840,0.0672,0.597248,2.63754,0.0,0.0,0.0,0.0,0.0,0.0
3841,0.067392,0.59632,2.91981,0.0,0.0,0.0,0.0,0.0,0.0
3842,0.06784,0.596192,2.636,0.0,0.0,0.0,0.0,0.0,0.0
3843,0.067232,0.597792,2.64048,0.0,0.0,0.0,0.0,0.0,0.0
3844,0.067488,0.596992,2.6359,0.0,0.0,0.0,0.0,0.0,0.0
3845,0.068032,0.605152,2.63248,0.0,0.0,0.0,0.0,0.0,0.0
3846,0.06784,0.599584,2.93066,0.0,0.0,0.0,0.0,0.0,0.0
3847,0.067488,0.596288,2.63702,0.0,0.0,0.0,0.0,0.0,0.0
3848,0.067872,0.597664,2.63354,0.0,0.0,0.0,0.0,0.0,0.0
3849,0.067904,0.596896,2.63347,0.0,0.0,0.0,0.0,0.0,0.0
3850,0.067392,0.600512,2.63466,0.0,0.0,0.0,0.0,0.0,0.0
3851,0.067648,0.603648,2.92339,0.0,0.0,0.0,0.0,0.0,0.0
3852,0.067552,0.59648,2.64058,0.0,0.0,0.0,0.0,0.0,0.0
3853,0.067456,0.600064,2.63776,0.0,0.0,0.0,0.0,0.0,0.0
3854,0.06736,0.599872,2.63338,0.0,0.0,0.0,0.0,0.0,0.0
3855,0.067264,0.602304,2.63862,0.0,0.0,0.0,0.0,0.0,0.0
3856,0.06704,0.6016,2.9208,0.0,0.0,0.0,0.0,0.0,0.0
3857,0.067808,0.595936,2.6295,0.0,0.0,0.0,0.0,0.0,0.0
3858,0.067328,0.597344,2.6399,0.0,0.0,0.0,0.0,0.0,0.0
3859,0.067872,0.596224,2.63293,0.0,0.0,0.0,0.0,0.0,0.0
3860,0.067552,0.603616,2.63526,0.0,0.0,0.0,0.0,0.0,0.0
3861,0.067424,0.599488,2.9264,0.0,0.0,0.0,0.0,0.0,0.0
3862,0.067168,0.599904,2.63299,0.0,0.0,0.0,0.0,0.0,0.0
3863,0.067616,0.597504,2.63286,0.0,0.0,0.0,0.0,0.0,0.0
3864,0.068,0.599904,2.63776,0.0,0.0,0.0,0.0,0.0,0.0
3865,0.068544,0.597888,2.63619,0.0,0.0,0.0,0.0,0.0,0.0
3866,0.068256,0.599872,3.02422,0.0,0.0,0.0,0.0,0.0,0.0
3867,0.067584,0.599232,2.63901,0.0,0.0,0.0,0.0,0.0,0.0
3868,0.067808,0.597568,2.63562,0.0,0.0,0.0,0.0,0.0,0.0
3869,0.067616,0.596928,2.63114,0.0,0.0,0.0,0.0,0.0,0.0
3870,0.067392,0.599776,2.63632,0.0,0.0,0.0,0.0,0.0,0.0
3871,0.06752,0.597056,2.91766,0.0,0.0,0.0,0.0,0.0,0.0
3872,0.068608,0.597312,2.6336,0.0,0.0,0.0,0.0,0.0,0.0
3873,0.067488,0.599968,2.63968,0.0,0.0,0.0,0.0,0.0,0.0
3874,0.068064,0.600576,2.63363,0.0,0.0,0.0,0.0,0.0,0.0
3875,0.068032,0.596896,2.6256,0.0,0.0,0.0,0.0,0.0,0.0
3876,0.06752,0.867072,2.64528,0.0,0.0,0.0,0.0,0.0,0.0
3877,0.06768,0.598944,2.6368,0.0,0.0,0.0,0.0,0.0,0.0
3878,0.067648,0.599488,2.63517,0.0,0.0,0.0,0.0,0.0,0.0
3879,0.067328,0.599168,2.63904,0.0,0.0,0.0,0.0,0.0,0.0
3880,0.067744,0.602848,2.63693,0.0,0.0,0.0,0.0,0.0,0.0
3881,0.067648,0.881536,2.63354,0.0,0.0,0.0,0.0,0.0,0.0
3882,0.067936,0.59936,2.64106,0.0,0.0,0.0,0.0,0.0,0.0
3883,0.067552,0.605856,2.63338,0.0,0.0,0.0,0.0,0.0,0.0
3884,0.06816,0.59488,2.63114,0.0,0.0,0.0,0.0,0.0,0.0
3885,0.06976,0.600288,2.64275,0.0,0.0,0.0,0.0,0.0,0.0
3886,0.067552,0.882624,2.64042,0.0,0.0,0.0,0.0,0.0,0.0
3887,0.06736,0.60336,2.6376,0.0,0.0,0.0,0.0,0.0,0.0
3888,0.067808,0.599776,2.6384,0.0,0.0,0.0,0.0,0.0,0.0
3889,0.06752,0.599296,2.63488,0.0,0.0,0.0,0.0,0.0,0.0
3890,0.07248,0.597696,2.91498,0.0,0.0,0.0,0.0,0.0,0.0
3891,0.067776,0.606304,2.63936,0.0,0.0,0.0,0.0,0.0,0.0
3892,0.067616,0.600672,2.6377,0.0,0.0,0.0,0.0,0.0,0.0
3893,0.068192,0.83632,2.63744,0.0,0.0,0.0,0.0,0.0,0.0
3894,0.06816,0.599616,2.64419,0.0,0.0,0.0,0.0,0.0,0.0
3895,0.06768,0.601024,2.91453,0.0,0.0,0.0,0.0,0.0,0.0
3896,0.06896,0.601632,2.64048,0.0,0.0,0.0,0.0,0.0,0.0
3897,0.067264,0.600832,2.63843,0.0,0.0,0.0,0.0,0.0,0.0
3898,0.067744,0.599776,2.63709,0.0,0.0,0.0,0.0,0.0,0.0
3899,0.067936,0.600768,2.63232,0.0,0.0,0.0,0.0,0.0,0.0
3900,0.068416,0.600608,3.04627,0.0,0.0,0.0,0.0,0.0,0.0
3901,0.06768,0.601472,2.63366,0.0,0.0,0.0,0.0,0.0,0.0
3902,0.068416,0.602016,2.63389,0.0,0.0,0.0,0.0,0.0,0.0
3903,0.067456,0.602784,2.64378,0.0,0.0,0.0,0.0,0.0,0.0
3904,0.068352,0.601216,2.63728,0.0,0.0,0.0,0.0,0.0,0.0
3905,0.06784,0.602336,2.91437,0.0,0.0,0.0,0.0,0.0,0.0
3906,0.067392,0.59712,2.63894,0.0,0.0,0.0,0.0,0.0,0.0
3907,0.067648,0.60448,2.63674,0.0,0.0,0.0,0.0,0.0,0.0
3908,0.067392,0.603168,2.63718,0.0,0.0,0.0,0.0,0.0,0.0
3909,0.067936,0.598144,2.64227,0.0,0.0,0.0,0.0,0.0,0.0
3910,0.067552,0.598304,2.9232,0.0,0.0,0.0,0.0,0.0,0.0
3911,0.067808,0.600832,2.64,0.0,0.0,0.0,0.0,0.0,0.0
3912,0.067648,0.599264,2.63898,0.0,0.0,0.0,0.0,0.0,0.0
3913,0.068512,0.600256,2.63565,0.0,0.0,0.0,0.0,0.0,0.0
3914,0.067616,0.600064,2.63325,0.0,0.0,0.0,0.0,0.0,0.0
3915,0.067488,0.6024,2.92266,0.0,0.0,0.0,0.0,0.0,0.0
3916,0.067424,0.598592,2.6345,0.0,0.0,0.0,0.0,0.0,0.0
3917,0.067552,0.600672,2.63558,0.0,0.0,0.0,0.0,0.0,0.0
3918,0.067264,0.606112,2.64182,0.0,0.0,0.0,0.0,0.0,0.0
3919,0.067424,0.602368,2.64083,0.0,0.0,0.0,0.0,0.0,0.0
3920,0.067488,0.60192,2.91328,0.0,0.0,0.0,0.0,0.0,0.0
3921,0.067552,0.6024,2.64534,0.0,0.0,0.0,0.0,0.0,0.0
3922,0.067392,0.60032,2.6385,0.0,0.0,0.0,0.0,0.0,0.0
3923,0.068544,0.601152,2.63341,0.0,0.0,0.0,0.0,0.0,0.0
3924,0.067712,0.600704,2.63549,0.0,0.0,0.0,0.0,0.0,0.0
3925,0.06768,0.603904,2.90202,0.0,0.0,0.0,0.0,0.0,0.0
3926,0.067424,0.598816,2.63584,0.0,0.0,0.0,0.0,0.0,0.0
3927,0.06736,0.60176,2.64118,0.0,0.0,0.0,0.0,0.0,0.0
3928,0.067456,0.604992,2.6337,0.0,0.0,0.0,0.0,0.0,0.0
3929,0.06816,0.599072,2.63165,0.0,0.0,0.0,0.0,0.0,0.0
3930,0.067584,0.876672,2.82902,0.0,0.0,0.0,0.0,0.0,0.0
3931,0.067968,0.602656,2.63827,0.0,0.0,0.0,0.0,0.0,0.0
3932,0.067808,0.602528,2.63328,0.0,0.0,0.0,0.0,0.0,0.0
3933,0.067232,0.603392,2.82627,0.0,0.0,0.0,0.0,0.0,0.0
3934,0.067392,0.600416,2.63446,0.0,0.0,0.0,0.0,0.0,0.0
3935,0.06752,0.889568,2.63402,0.0,0.0,0.0,0.0,0.0,0.0
3936,0.067392,0.603776,2.6432,0.0,0.0,0.0,0.0,0.0,0.0
3937,0.067616,0.60192,2.63587,0.0,0.0,0.0,0.0,0.0,0.0
3938,0.067968,0.60768,2.63885,0.0,0.0,0.0,0.0,0.0,0.0
3939,0.067424,0.595584,2.9295,0.0,0.0,0.0,0.0,0.0,0.0
3940,0.067904,0.602272,2.6383,0.0,0.0,0.0,0.0,0.0,0.0
3941,0.067744,0.601248,2.63917,0.0,0.0,0.0,0.0,0.0,0.0
3942,0.067808,0.601632,2.64096,0.0,0.0,0.0,0.0,0.0,0.0
3943,0.067488,0.60176,2.63754,0.0,0.0,0.0,0.0,0.0,0.0
3944,0.067808,0.599936,2.93312,0.0,0.0,0.0,0.0,0.0,0.0
3945,0.067968,0.601216,2.64323,0.0,0.0,0.0,0.0,0.0,0.0
3946,0.067808,0.601824,2.63904,0.0,0.0,0.0,0.0,0.0,0.0
3947,0.067904,0.602304,2.64192,0.0,0.0,0.0,0.0,0.0,0.0
3948,0.06736,0.59952,2.64576,0.0,0.0,0.0,0.0,0.0,0.0
3949,0.067008,0.6,2.92464,0.0,0.0,0.0,0.0,0.0,0.0
3950,0.068448,0.596928,2.63456,0.0,0.0,0.0,0.0,0.0,0.0
3951,0.067392,0.602208,2.64029,0.0,0.0,0.0,0.0,0.0,0.0
3952,0.067904,0.598144,2.64266,0.0,0.0,0.0,0.0,0.0,0.0
3953,0.068064,0.601984,2.64074,0.0,0.0,0.0,0.0,0.0,0.0
3954,0.067744,0.607424,2.9295,0.0,0.0,0.0,0.0,0.0,0.0
3955,0.06768,0.603488,2.6391,0.0,0.0,0.0,0.0,0.0,0.0
3956,0.068224,0.602048,2.63485,0.0,0.0,0.0,0.0,0.0,0.0
3957,0.067616,0.60368,2.63654,0.0,0.0,0.0,0.0,0.0,0.0
3958,0.067584,0.604992,2.6335,0.0,0.0,0.0,0.0,0.0,0.0
3959,0.068192,0.601984,3.09162,0.0,0.0,0.0,0.0,0.0,0.0
3960,0.067136,0.604,2.63872,0.0,0.0,0.0,0.0,0.0,0.0
3961,0.067456,0.603296,2.64115,0.0,0.0,0.0,0.0,0.0,0.0
3962,0.068064,0.604704,2.6336,0.0,0.0,0.0,0.0,0.0,0.0
3963,0.067104,0.601024,2.64205,0.0,0.0,0.0,0.0,0.0,0.0
3964,0.067424,0.604928,2.9136,0.0,0.0,0.0,0.0,0.0,0.0
3965,0.068128,0.601472,2.63386,0.0,0.0,0.0,0.0,0.0,0.0
3966,0.067392,0.602528,2.64816,0.0,0.0,0.0,0.0,0.0,0.0
3967,0.067712,0.60352,2.6375,0.0,0.0,0.0,0.0,0.0,0.0
3968,0.067456,0.603168,2.6361,0.0,0.0,0.0,0.0,0.0,0.0
3969,0.067264,0.603136,2.90682,0.0,0.0,0.0,0.0,0.0,0.0
3970,0.067584,0.601312,2.63594,0.0,0.0,0.0,0.0,0.0,0.0
3971,0.067744,0.606912,2.63728,0.0,0.0,0.0,0.0,0.0,0.0
3972,0.067136,0.604384,2.64272,0.0,0.0,0.0,0.0,0.0,0.0
3973,0.067904,0.604384,2.63322,0.0,0.0,0.0,0.0,0.0,0.0
3974,0.067872,0.870912,2.64205,0.0,0.0,0.0,0.0,0.0,0.0
3975,0.067584,0.604768,2.64682,0.0,0.0,0.0,0.0,0.0,0.0
3976,0.067872,0.6088,2.63562,0.0,0.0,0.0,0.0,0.0,0.0
3977,0.067232,0.601472,2.63459,0.0,0.0,0.0,0.0,0.0,0.0
3978,0.06928,0.601312,2.64314,0.0,0.0,0.0,0.0,0.0,0.0
3979,0.068384,0.869664,2.64486,0.0,0.0,0.0,0.0,0.0,0.0
3980,0.067392,0.603232,2.63837,0.0,0.0,0.0,0.0,0.0,0.0
3981,0.067232,0.603744,2.64243,0.0,0.0,0.0,0.0,0.0,0.0
3982,0.067904,0.606336,2.63645,0.0,0.0,0.0,0.0,0.0,0.0
3983,0.070528,0.598848,2.91283,0.0,0.0,0.0,0.0,0.0,0.0
3984,0.067552,0.605472,2.63946,0.0,0.0,0.0,0.0,0.0,0.0
3985,0.068224,0.606496,2.64221,0.0,0.0,0.0,0.0,0.0,0.0
3986,0.068096,0.601568,2.63696,0.0,0.0,0.0,0.0,0.0,0.0
3987,0.067296,0.605088,2.64115,0.0,0.0,0.0,0.0,0.0,0.0
3988,0.067872,0.601888,2.91133,0.0,0.0,0.0,0.0,0.0,0.0
3989,0.067616,0.765536,2.63485,0.0,0.0,0.0,0.0,0.0,0.0
3990,0.067424,0.603968,2.64534,0.0,0.0,0.0,0.0,0.0,0.0
3991,0.068384,0.602624,2.63597,0.0,0.0,0.0,0.0,0.0,0.0
3992,0.06752,0.602208,2.63334,0.0,0.0,0.0,0.0,0.0,0.0
3993,0.067488,0.60112,2.92442,0.0,0.0,0.0,0.0,0.0,0.0
3994,0.067872,0.606432,2.63437,0.0,0.0,0.0,0.0,0.0,0.0
3995,0.067488,0.605984,2.63949,0.0,0.0,0.0,0.0,0.0,0.0
3996,0.068,0.602752,2.63824,0.0,0.0,0.0,0.0,0.0,0.0
3997,0.067968,0.603328,2.63789,0.0,0.0,0.0,0.0,0.0,0.0
3998,0.067584,0.604896,2.91677,0.0,0.0,0.0,0.0,0.0,0.0
3999,0.06752,0.604928,2.64432,0.0,0.0,0.0,0.0,0.0,0.0
4000,0.067456,0.601952,2.63533,0.0,0.0,0.0,0.0,0.0,0.0
4001,0.067968,0.598912,2.63962,0.0,0.0,0.0,0.0,0.0,0.0
4002,0.067104,0.604384,2.6377,0.0,0.0,0.0,0.0,0.0,0.0
4003,0.068768,0.603904,2.91344,0.0,0.0,0.0,0.0,0.0,0.0
4004,0.067168,0.604704,2.63718,0.0,0.0,0.0,0.0,0.0,0.0
4005,0.067104,0.605632,2.63981,0.0,0.0,0.0,0.0,0.0,0.0
4006,0.068064,0.607008,2.63286,0.0,0.0,0.0,0.0,0.0,0.0
4007,0.067904,0.600512,2.63427,0.0,0.0,0.0,0.0,0.0,0.0
4008,0.067328,0.606592,2.9183,0.0,0.0,0.0,0.0,0.0,0.0
4009,0.06768,0.604384,2.63638,0.0,0.0,0.0,0.0,0.0,0.0
4010,0.068128,0.6056,2.63469,0.0,0.0,0.0,0.0,0.0,0.0
4011,0.067136,0.602816,2.6401,0.0,0.0,0.0,0.0,0.0,0.0
4012,0.067648,0.601088,2.63744,0.0,0.0,0.0,0.0,0.0,0.0
4013,0.067776,0.608,2.91942,0.0,0.0,0.0,0.0,0.0,0.0
4014,0.067616,0.604128,2.6408,0.0,0.0,0.0,0.0,0.0,0.0
4015,0.067744,0.606176,2.63603,0.0,0.0,0.0,0.0,0.0,0.0
4016,0.067872,0.603968,2.63283,0.0,0.0,0.0,0.0,0.0,0.0
4017,0.066944,0.604704,2.64141,0.0,0.0,0.0,0.0,0.0,0.0
4018,0.067552,0.60688,3.0215,0.0,0.0,0.0,0.0,0.0,0.0
4019,0.068064,0.606144,2.63725,0.0,0.0,0.0,0.0,0.0,0.0
4020,0.067616,0.602688,2.64381,0.0,0.0,0.0,0.0,0.0,0.0
4021,0.068032,0.60768,2.63571,0.0,0.0,0.0,0.0,0.0,0.0
4022,0.067488,0.609408,2.63466,0.0,0.0,0.0,0.0,0.0,0.0
4023,0.067712,0.888768,2.65002,0.0,0.0,0.0,0.0,0.0,0.0
4024,0.068256,0.60576,2.63574,0.0,0.0,0.0,0.0,0.0,0.0
4025,0.068096,0.607392,2.64067,0.0,0.0,0.0,0.0,0.0,0.0
4026,0.06736,0.606016,2.63981,0.0,0.0,0.0,0.0,0.0,0.0
4027,0.328512,0.604832,2.63699,0.0,0.0,0.0,0.0,0.0,0.0
4028,0.067904,0.615808,2.63504,0.0,0.0,0.0,0.0,0.0,0.0
4029,0.067456,0.605152,2.64496,0.0,0.0,0.0,0.0,0.0,0.0
4030,0.068128,0.606464,2.63309,0.0,0.0,0.0,0.0,0.0,0.0
4031,0.06816,0.602048,2.63747,0.0,0.0,0.0,0.0,0.0,0.0
4032,0.070784,0.607264,2.9255,0.0,0.0,0.0,0.0,0.0,0.0
4033,0.067904,0.608672,2.64288,0.0,0.0,0.0,0.0,0.0,0.0
4034,0.06736,0.604384,2.63571,0.0,0.0,0.0,0.0,0.0,0.0
4035,0.067296,0.605536,2.63949,0.0,0.0,0.0,0.0,0.0,0.0
4036,0.067872,0.608352,2.63546,0.0,0.0,0.0,0.0,0.0,0.0
4037,0.067744,0.607072,2.9288,0.0,0.0,0.0,0.0,0.0,0.0
4038,0.067232,0.602912,2.63958,0.0,0.0,0.0,0.0,0.0,0.0
4039,0.067872,0.605696,2.63526,0.0,0.0,0.0,0.0,0.0,0.0
4040,0.067936,0.608384,2.63776,0.0,0.0,0.0,0.0,0.0,0.0
4041,0.067136,0.604544,2.64544,0.0,0.0,0.0,0.0,0.0,0.0
4042,0.068288,0.604768,2.91869,0.0,0.0,0.0,0.0,0.0,0.0
4043,0.068192,0.605888,2.63414,0.0,0.0,0.0,0.0,0.0,0.0
4044,0.06768,0.602592,2.6424,0.0,0.0,0.0,0.0,0.0,0.0
4045,0.06768,0.606592,2.62976,0.0,0.0,0.0,0.0,0.0,0.0
4046,0.068128,0.607488,2.63402,0.0,0.0,0.0,0.0,0.0,0.0
4047,0.067264,0.604832,2.92682,0.0,0.0,0.0,0.0,0.0,0.0
4048,0.068256,0.605696,2.63779,0.0,0.0,0.0,0.0,0.0,0.0
4049,0.068,0.606816,2.63411,0.0,0.0,0.0,0.0,0.0,0.0
4050,0.067488,0.606336,2.64173,0.0,0.0,0.0,0.0,0.0,0.0
4051,0.06816,0.606528,2.63363,0.0,0.0,0.0,0.0,0.0,0.0
4052,0.067872,0.610144,3.07798,0.0,0.0,0.0,0.0,0.0,0.0
4053,0.06768,0.606624,2.64186,0.0,0.0,0.0,0.0,0.0,0.0
4054,0.068768,0.606592,2.63664,0.0,0.0,0.0,0.0,0.0,0.0
4055,0.067808,0.604768,2.63866,0.0,0.0,0.0,0.0,0.0,0.0
4056,0.06736,0.604224,2.64112,0.0,0.0,0.0,0.0,0.0,0.0
4057,0.068352,0.60736,2.91814,0.0,0.0,0.0,0.0,0.0,0.0
4058,0.068224,0.605472,2.63635,0.0,0.0,0.0,0.0,0.0,0.0
4059,0.068128,0.604096,2.64403,0.0,0.0,0.0,0.0,0.0,0.0
4060,0.067552,0.608416,2.63648,0.0,0.0,0.0,0.0,0.0,0.0
4061,0.067584,0.605152,2.6351,0.0,0.0,0.0,0.0,0.0,0.0
4062,0.067488,0.608768,2.9337,0.0,0.0,0.0,0.0,0.0,0.0
4063,0.067232,0.6024,2.63034,0.0,0.0,0.0,0.0,0.0,0.0
4064,0.067968,0.606336,2.63677,0.0,0.0,0.0,0.0,0.0,0.0
4065,0.067584,0.60512,2.63936,0.0,0.0,0.0,0.0,0.0,0.0
4066,0.068032,0.606464,2.63558,0.0,0.0,0.0,0.0,0.0,0.0
4067,0.067776,0.879296,2.63962,0.0,0.0,0.0,0.0,0.0,0.0
4068,0.06752,0.60416,2.64538,0.0,0.0,0.0,0.0,0.0,0.0
4069,0.067968,0.605792,2.63894,0.0,0.0,0.0,0.0,0.0,0.0
4070,0.067712,0.607424,2.6385,0.0,0.0,0.0,0.0,0.0,0.0
4071,0.067168,0.606144,2.64307,0.0,0.0,0.0,0.0,0.0,0.0
4072,0.068544,0.89152,2.64054,0.0,0.0,0.0,0.0,0.0,0.0
4073,0.068736,0.603776,2.6416,0.0,0.0,0.0,0.0,0.0,0.0
4074,0.06576,0.602272,2.6401,0.0,0.0,0.0,0.0,0.0,0.0
4075,0.068128,0.602656,2.64362,0.0,0.0,0.0,0.0,0.0,0.0
4076,0.328032,0.602912,2.64013,0.0,0.0,0.0,0.0,0.0,0.0
4077,0.068032,0.608416,2.64413,0.0,0.0,0.0,0.0,0.0,0.0
4078,0.06736,0.596448,2.64346,0.0,0.0,0.0,0.0,0.0,0.0
4079,0.06848,0.604832,2.63885,0.0,0.0,0.0,0.0,0.0,0.0
4080,0.067296,0.599104,2.64461,0.0,0.0,0.0,0.0,0.0,0.0
4081,0.067744,0.60464,2.90547,0.0,0.0,0.0,0.0,0.0,0.0
4082,0.067424,0.770848,2.63638,0.0,0.0,0.0,0.0,0.0,0.0
4083,0.067328,0.603264,2.64659,0.0,0.0,0.0,0.0,0.0,0.0
4084,0.067936,0.605888,2.6353,0.0,0.0,0.0,0.0,0.0,0.0
4085,0.067872,0.605824,2.63645,0.0,0.0,0.0,0.0,0.0,0.0
4086,0.068064,0.604416,2.92483,0.0,0.0,0.0,0.0,0.0,0.0
4087,0.068192,0.600928,2.63699,0.0,0.0,0.0,0.0,0.0,0.0
4088,0.068288,0.602592,2.63709,0.0,0.0,0.0,0.0,0.0,0.0
4089,0.067328,0.595008,2.64125,0.0,0.0,0.0,0.0,0.0,0.0
4090,0.068,0.599328,2.63699,0.0,0.0,0.0,0.0,0.0,0.0
4091,0.068128,0.609184,2.92685,0.0,0.0,0.0,0.0,0.0,0.0
4092,0.068032,0.601408,2.64496,0.0,0.0,0.0,0.0,0.0,0.0
4093,0.067392,0.600448,2.63658,0.0,0.0,0.0,0.0,0.0,0.0
4094,0.067872,0.603392,2.63744,0.0,0.0,0.0,0.0,0.0,0.0
4095,0.06784,0.602368,2.64272,0.0,0.0,0.0,0.0,0.0,0.0
4096,0.068672,0.606624,2.92118,0.0,0.0,0.0,0.0,0.0,0.0
4097,0.068224,0.61136,2.6385,0.0,0.0,0.0,0.0,0.0,0.0
4098,0.067808,0.602816,2.64237,0.0,0.0,0.0,0.0,0.0,0.0
4099,0.067872,0.606016,2.63642,0.0,0.0,0.0,0.0,0.0,0.0
4100,0.068544,0.61008,2.6344,0.0,0.0,0.0,0.0,0.0,0.0
4101,0.067936,0.607776,2.92835,0.0,0.0,0.0,0.0,0.0,0.0
4102,0.067776,0.604608,2.64,0.0,0.0,0.0,0.0,0.0,0.0
4103,0.068608,0.60576,2.63638,0.0,0.0,0.0,0.0,0.0,0.0
4104,0.067712,0.601952,2.64675,0.0,0.0,0.0,0.0,0.0,0.0
4105,0.067392,0.604512,2.63818,0.0,0.0,0.0,0.0,0.0,0.0
4106,0.067456,0.606976,2.92474,0.0,0.0,0.0,0.0,0.0,0.0
4107,0.067776,0.605088,2.64438,0.0,0.0,0.0,0.0,0.0,0.0
4108,0.067968,0.606624,2.63357,0.0,0.0,0.0,0.0,0.0,0.0
4109,0.067936,0.605664,2.64192,0.0,0.0,0.0,0.0,0.0,0.0
4110,0.067872,0.602368,2.64394,0.0,0.0,0.0,0.0,0.0,0.0
4111,0.06816,0.598112,3.01859,0.0,0.0,0.0,0.0,0.0,0.0
4112,0.067264,0.600352,2.63773,0.0,0.0,0.0,0.0,0.0,0.0
4113,0.067744,0.60128,2.64525,0.0,0.0,0.0,0.0,0.0,0.0
4114,0.068224,0.604096,2.64861,0.0,0.0,0.0,0.0,0.0,0.0
4115,0.067808,0.606944,2.6408,0.0,0.0,0.0,0.0,0.0,0.0
4116,0.067328,0.877312,2.65213,0.0,0.0,0.0,0.0,0.0,0.0
4117,0.06832,0.605792,2.64246,0.0,0.0,0.0,0.0,0.0,0.0
4118,0.068128,0.605792,2.64202,0.0,0.0,0.0,0.0,0.0,0.0
4119,0.067936,0.605088,2.64342,0.0,0.0,0.0,0.0,0.0,0.0
4120,0.070432,0.605984,2.63946,0.0,0.0,0.0,0.0,0.0,0.0
4121,0.067936,0.8704,2.64384,0.0,0.0,0.0,0.0,0.0,0.0
4122,0.06816,0.60688,2.64557,0.0,0.0,0.0,0.0,0.0,0.0
4123,0.068128,0.608864,2.6401,0.0,0.0,0.0,0.0,0.0,0.0
4124,0.067744,0.604736,2.63699,0.0,0.0,0.0,0.0,0.0,0.0
4125,0.071136,0.601696,2.92534,0.0,0.0,0.0,0.0,0.0,0.0
4126,0.067904,0.608768,2.63824,0.0,0.0,0.0,0.0,0.0,0.0
4127,0.068,0.608416,2.63971,0.0,0.0,0.0,0.0,0.0,0.0
4128,0.06752,0.604288,2.64726,0.0,0.0,0.0,0.0,0.0,0.0
4129,0.068032,0.604672,2.64195,0.0,0.0,0.0,0.0,0.0,0.0
4130,0.067168,0.606432,2.9281,0.0,0.0,0.0,0.0,0.0,0.0
4131,0.067552,0.603168,2.64163,0.0,0.0,0.0,0.0,0.0,0.0
4132,0.067552,0.608256,2.63856,0.0,0.0,0.0,0.0,0.0,0.0
4133,0.067296,0.608,2.6465,0.0,0.0,0.0,0.0,0.0,0.0
4134,0.067584,0.601408,2.64467,0.0,0.0,0.0,0.0,0.0,0.0
4135,0.06736,0.606208,2.92218,0.0,0.0,0.0,0.0,0.0,0.0
4136,0.068128,0.602848,2.63862,0.0,0.0,0.0,0.0,0.0,0.0
4137,0.067456,0.602336,2.64288,0.0,0.0,0.0,0.0,0.0,0.0
4138,0.067712,0.608864,2.63792,0.0,0.0,0.0,0.0,0.0,0.0
4139,0.067584,0.604864,2.63994,0.0,0.0,0.0,0.0,0.0,0.0
4140,0.067264,0.60496,2.93286,0.0,0.0,0.0,0.0,0.0,0.0
4141,0.068064,0.605152,2.64026,0.0,0.0,0.0,0.0,0.0,0.0
4142,0.067904,0.605056,2.63894,0.0,0.0,0.0,0.0,0.0,0.0
4143,0.06752,0.608864,2.64214,0.0,0.0,0.0,0.0,0.0,0.0
4144,0.067648,0.6088,2.64214,0.0,0.0,0.0,0.0,0.0,0.0
4145,0.067744,0.605056,3.10634,0.0,0.0,0.0,0.0,0.0,0.0
4146,0.067712,0.604448,2.64573,0.0,0.0,0.0,0.0,0.0,0.0
4147,0.068032,0.607168,2.63715,0.0,0.0,0.0,0.0,0.0,0.0
4148,0.067232,0.60608,2.64022,0.0,0.0,0.0,0.0,0.0,0.0
4149,0.067488,0.605888,2.64826,0.0,0.0,0.0,0.0,0.0,0.0
4150,0.068352,0.605472,2.92512,0.0,0.0,0.0,0.0,0.0,0.0
4151,0.068032,0.605632,2.64074,0.0,0.0,0.0,0.0,0.0,0.0
4152,0.067808,0.602656,2.64771,0.0,0.0,0.0,0.0,0.0,0.0
4153,0.068224,0.60768,2.63798,0.0,0.0,0.0,0.0,0.0,0.0
4154,0.068256,0.607232,2.64304,0.0,0.0,0.0,0.0,0.0,0.0
4155,0.068192,0.601408,2.92445,0.0,0.0,0.0,0.0,0.0,0.0
4156,0.067776,0.607584,2.64275,0.0,0.0,0.0,0.0,0.0,0.0
4157,0.067616,0.606944,2.63725,0.0,0.0,0.0,0.0,0.0,0.0
4158,0.068,0.603872,2.64672,0.0,0.0,0.0,0.0,0.0,0.0
4159,0.06784,0.604288,2.64128,0.0,0.0,0.0,0.0,0.0,0.0
4160,0.067296,0.882272,2.64422,0.0,0.0,0.0,0.0,0.0,0.0
4161,0.067744,0.60304,2.64896,0.0,0.0,0.0,0.0,0.0,0.0
4162,0.0672,0.604256,2.6401,0.0,0.0,0.0,0.0,0.0,0.0
4163,0.067648,0.60608,2.63946,0.0,0.0,0.0,0.0,0.0,0.0
4164,0.067648,0.6016,2.64413,0.0,0.0,0.0,0.0,0.0,0.0
4165,0.067808,0.874048,2.64224,0.0,0.0,0.0,0.0,0.0,0.0
4166,0.068384,0.60064,2.64339,0.0,0.0,0.0,0.0,0.0,0.0
4167,0.067584,0.606976,2.64618,0.0,0.0,0.0,0.0,0.0,0.0
4168,0.068896,0.59984,2.64534,0.0,0.0,0.0,0.0,0.0,0.0
4169,0.070624,0.603264,2.80125,0.0,0.0,0.0,0.0,0.0,0.0
4170,0.068096,0.605504,2.82509,0.0,0.0,0.0,0.0,0.0,0.0
4171,0.068448,0.60512,2.64144,0.0,0.0,0.0,0.0,0.0,0.0
4172,0.06816,0.60992,2.64237,0.0,0.0,0.0,0.0,0.0,0.0
4173,0.068128,0.600992,2.64771,0.0,0.0,0.0,0.0,0.0,0.0
4174,0.0688,0.605632,2.9224,0.0,0.0,0.0,0.0,0.0,0.0
4175,0.068192,0.60784,2.64157,0.0,0.0,0.0,0.0,0.0,0.0
4176,0.06864,0.606816,2.64538,0.0,0.0,0.0,0.0,0.0,0.0
4177,0.067808,0.606176,2.64131,0.0,0.0,0.0,0.0,0.0,0.0
4178,0.068448,0.60576,2.64342,0.0,0.0,0.0,0.0,0.0,0.0
4179,0.068512,0.603712,2.90947,0.0,0.0,0.0,0.0,0.0,0.0
4180,0.068416,0.77008,2.63869,0.0,0.0,0.0,0.0,0.0,0.0
4181,0.068864,0.608352,2.6423,0.0,0.0,0.0,0.0,0.0,0.0
4182,0.068384,0.606816,2.64,0.0,0.0,0.0,0.0,0.0,0.0
4183,0.068224,0.611648,2.64093,0.0,0.0,0.0,0.0,0.0,0.0
4184,0.068288,0.608832,2.91398,0.0,0.0,0.0,0.0,0.0,0.0
4185,0.068128,0.60096,2.63952,0.0,0.0,0.0,0.0,0.0,0.0
4186,0.068736,0.607232,2.63171,0.0,0.0,0.0,0.0,0.0,0.0
4187,0.068032,0.607136,2.63037,0.0,0.0,0.0,0.0,0.0,0.0
4188,0.068448,0.605184,2.64304,0.0,0.0,0.0,0.0,0.0,0.0
4189,0.068544,0.603776,2.91814,0.0,0.0,0.0,0.0,0.0,0.0
4190,0.068096,0.60272,2.63293,0.0,0.0,0.0,0.0,0.0,0.0
4191,0.068,0.606784,2.63712,0.0,0.0,0.0,0.0,0.0,0.0
4192,0.068352,0.604544,2.63283,0.0,0.0,0.0,0.0,0.0,0.0
4193,0.06864,0.609376,2.62595,0.0,0.0,0.0,0.0,0.0,0.0
4194,0.0688,0.60832,2.92029,0.0,0.0,0.0,0.0,0.0,0.0
4195,0.068832,0.606112,2.63386,0.0,0.0,0.0,0.0,0.0,0.0
4196,0.068064,0.603808,2.62912,0.0,0.0,0.0,0.0,0.0,0.0
4197,0.068064,0.600096,2.63277,0.0,0.0,0.0,0.0,0.0,0.0
4198,0.068608,0.604448,2.62925,0.0,0.0,0.0,0.0,0.0,0.0
4199,0.06864,0.601504,2.91728,0.0,0.0,0.0,0.0,0.0,0.0
4200,0.068448,0.605792,2.632,0.0,0.0,0.0,0.0,0.0,0.0
4201,0.068064,0.603616,2.63158,0.0,0.0,0.0,0.0,0.0,0.0
4202,0.068256,0.603296,2.63091,0.0,0.0,0.0,0.0,0.0,0.0
4203,0.068064,0.598944,2.63168,0.0,0.0,0.0,0.0,0.0,0.0
4204,0.068416,0.607072,2.90976,0.0,0.0,0.0,0.0,0.0,0.0
4205,0.068544,0.604512,2.63142,0.0,0.0,0.0,0.0,0.0,0.0
4206,0.068096,0.600352,2.63309,0.0,0.0,0.0,0.0,0.0,0.0
4207,0.068544,0.60128,2.63069,0.0,0.0,0.0,0.0,0.0,0.0
4208,0.068672,0.602112,2.63248,0.0,0.0,0.0,0.0,0.0,0.0
4209,0.068224,0.86864,2.81712,0.0,0.0,0.0,0.0,0.0,0.0
4210,0.06896,0.60032,2.62768,0.0,0.0,0.0,0.0,0.0,0.0
4211,0.068672,0.601056,2.62778,0.0,0.0,0.0,0.0,0.0,0.0
4212,0.068224,0.605248,2.63914,0.0,0.0,0.0,0.0,0.0,0.0
4213,0.068096,0.602688,2.62736,0.0,0.0,0.0,0.0,0.0,0.0
4214,0.06848,0.79152,2.80026,0.0,0.0,0.0,0.0,0.0,0.0
4215,0.067776,0.604352,2.63798,0.0,0.0,0.0,0.0,0.0,0.0
4216,0.068352,0.602976,2.62979,0.0,0.0,0.0,0.0,0.0,0.0
4217,0.068544,0.605568,2.62909,0.0,0.0,0.0,0.0,0.0,0.0
4218,0.067776,0.601344,2.91936,0.0,0.0,0.0,0.0,0.0,0.0
4219,0.068544,0.60288,2.63098,0.0,0.0,0.0,0.0,0.0,0.0
4220,0.068352,0.601664,2.62592,0.0,0.0,0.0,0.0,0.0,0.0
4221,0.067744,0.605088,2.63699,0.0,0.0,0.0,0.0,0.0,0.0
4222,0.068256,0.604864,2.63235,0.0,0.0,0.0,0.0,0.0,0.0
4223,0.0688,0.602144,2.91725,0.0,0.0,0.0,0.0,0.0,0.0
4224,0.068672,0.60128,2.63984,0.0,0.0,0.0,0.0,0.0,0.0
4225,0.06832,0.604832,2.63245,0.0,0.0,0.0,0.0,0.0,0.0
4226,0.068416,0.608256,2.62957,0.0,0.0,0.0,0.0,0.0,0.0
4227,0.068384,0.601024,2.82013,0.0,0.0,0.0,0.0,0.0,0.0
4228,0.069728,0.603008,2.92544,0.0,0.0,0.0,0.0,0.0,0.0
4229,0.068928,0.601216,2.62646,0.0,0.0,0.0,0.0,0.0,0.0
4230,0.068288,0.602304,2.63728,0.0,0.0,0.0,0.0,0.0,0.0
4231,0.0688,0.604576,2.62947,0.0,0.0,0.0,0.0,0.0,0.0
4232,0.068352,0.597504,2.6287,0.0,0.0,0.0,0.0,0.0,0.0
4233,0.06832,0.602624,2.92384,0.0,0.0,0.0,0.0,0.0,0.0
4234,0.068448,0.604192,2.63059,0.0,0.0,0.0,0.0,0.0,0.0
4235,0.067968,0.603456,2.63091,0.0,0.0,0.0,0.0,0.0,0.0
4236,0.068032,0.602848,2.63558,0.0,0.0,0.0,0.0,0.0,0.0
4237,0.068992,0.602464,2.63142,0.0,0.0,0.0,0.0,0.0,0.0
4238,0.068096,0.60432,3.08646,0.0,0.0,0.0,0.0,0.0,0.0
4239,0.069344,0.600576,2.64134,0.0,0.0,0.0,0.0,0.0,0.0
4240,0.068768,0.60208,2.63283,0.0,0.0,0.0,0.0,0.0,0.0
4241,0.067872,0.603264,2.62813,0.0,0.0,0.0,0.0,0.0,0.0
4242,0.068544,0.60176,2.63402,0.0,0.0,0.0,0.0,0.0,0.0
4243,0.068736,0.6024,2.91494,0.0,0.0,0.0,0.0,0.0,0.0
4244,0.068608,0.604128,2.62941,0.0,0.0,0.0,0.0,0.0,0.0
4245,0.068512,0.602112,2.63546,0.0,0.0,0.0,0.0,0.0,0.0
4246,0.06864,0.606016,2.62829,0.0,0.0,0.0,0.0,0.0,0.0
4247,0.06784,0.600384,2.6289,0.0,0.0,0.0,0.0,0.0,0.0
4248,0.068512,0.601792,2.91347,0.0,0.0,0.0,0.0,0.0,0.0
4249,0.068032,0.604128,2.62765,0.0,0.0,0.0,0.0,0.0,0.0
4250,0.067936,0.601376,2.63062,0.0,0.0,0.0,0.0,0.0,0.0
4251,0.068064,0.6016,2.63453,0.0,0.0,0.0,0.0,0.0,0.0
4252,0.068736,0.602336,2.62819,0.0,0.0,0.0,0.0,0.0,0.0
4253,0.068512,0.875808,2.63613,0.0,0.0,0.0,0.0,0.0,0.0
4254,0.06816,0.60336,2.63552,0.0,0.0,0.0,0.0,0.0,0.0
4255,0.067904,0.606176,2.6297,0.0,0.0,0.0,0.0,0.0,0.0
4256,0.06816,0.603488,2.63011,0.0,0.0,0.0,0.0,0.0,0.0
4257,0.068608,0.601856,2.63712,0.0,0.0,0.0,0.0,0.0,0.0
4258,0.068704,0.88608,2.63267,0.0,0.0,0.0,0.0,0.0,0.0
4259,0.068224,0.601664,2.63056,0.0,0.0,0.0,0.0,0.0,0.0
4260,0.068864,0.604736,2.63542,0.0,0.0,0.0,0.0,0.0,0.0
4261,0.068,0.601536,2.6295,0.0,0.0,0.0,0.0,0.0,0.0
4262,0.068384,0.601632,2.6313,0.0,0.0,0.0,0.0,0.0,0.0
4263,0.067712,0.605696,2.81869,0.0,0.0,0.0,0.0,0.0,0.0
4264,0.06848,0.600544,2.63216,0.0,0.0,0.0,0.0,0.0,0.0
4265,0.068288,0.605984,2.62778,0.0,0.0,0.0,0.0,0.0,0.0
4266,0.069376,0.600672,2.64534,0.0,0.0,0.0,0.0,0.0,0.0
4267,0.072608,0.602528,2.90749,0.0,0.0,0.0,0.0,0.0,0.0
4268,0.068128,0.611488,2.63014,0.0,0.0,0.0,0.0,0.0,0.0
4269,0.068576,0.607456,2.64032,0.0,0.0,0.0,0.0,0.0,0.0
4270,0.06848,0.610176,2.63008,0.0,0.0,0.0,0.0,0.0,0.0
4271,0.068096,0.610432,2.62912,0.0,0.0,0.0,0.0,0.0,0.0
4272,0.068,0.603616,2.90694,0.0,0.0,0.0,0.0,0.0,0.0
4273,0.06896,0.789856,2.63021,0.0,0.0,0.0,0.0,0.0,0.0
4274,0.068576,0.607552,2.62813,0.0,0.0,0.0,0.0,0.0,0.0
4275,0.068224,0.608416,2.63699,0.0,0.0,0.0,0.0,0.0,0.0
4276,0.06816,0.60832,2.63309,0.0,0.0,0.0,0.0,0.0,0.0
4277,0.0688,0.606752,2.90672,0.0,0.0,0.0,0.0,0.0,0.0
4278,0.067808,0.612,2.63216,0.0,0.0,0.0,0.0,0.0,0.0
4279,0.068224,0.60752,2.62758,0.0,0.0,0.0,0.0,0.0,0.0
4280,0.068032,0.609248,2.63043,0.0,0.0,0.0,0.0,0.0,0.0
4281,0.068608,0.606912,2.63549,0.0,0.0,0.0,0.0,0.0,0.0
4282,0.068864,0.60992,2.9176,0.0,0.0,0.0,0.0,0.0,0.0
4283,0.068608,0.60752,2.62438,0.0,0.0,0.0,0.0,0.0,0.0
4284,0.068096,0.608608,2.63587,0.0,0.0,0.0,0.0,0.0,0.0
4285,0.067968,0.611968,2.62637,0.0,0.0,0.0,0.0,0.0,0.0
4286,0.067968,0.608096,2.62982,0.0,0.0,0.0,0.0,0.0,0.0
4287,0.068544,0.608768,2.91309,0.0,0.0,0.0,0.0,0.0,0.0
4288,0.068352,0.613056,2.62688,0.0,0.0,0.0,0.0,0.0,0.0
4289,0.068512,0.608832,2.62742,0.0,0.0,0.0,0.0,0.0,0.0
4290,0.068416,0.608096,2.63482,0.0,0.0,0.0,0.0,0.0,0.0
4291,0.068192,0.610016,2.62973,0.0,0.0,0.0,0.0,0.0,0.0
4292,0.06832,0.608832,2.90918,0.0,0.0,0.0,0.0,0.0,0.0
4293,0.067936,0.607168,2.63334,0.0,0.0,0.0,0.0,0.0,0.0
4294,0.067808,0.609696,2.62858,0.0,0.0,0.0,0.0,0.0,0.0
4295,0.068448,0.608576,2.63139,0.0,0.0,0.0,0.0,0.0,0.0
4296,0.068352,0.6096,2.63626,0.0,0.0,0.0,0.0,0.0,0.0
4297,0.067808,0.607136,2.91421,0.0,0.0,0.0,0.0,0.0,0.0
4298,0.06816,0.61216,2.63018,0.0,0.0,0.0,0.0,0.0,0.0
4299,0.068224,0.608768,2.63133,0.0,0.0,0.0,0.0,0.0,0.0
4300,0.068224,0.60864,2.63254,0.0,0.0,0.0,0.0,0.0,0.0
4301,0.068736,0.608224,2.62774,0.0,0.0,0.0,0.0,0.0,0.0
4302,0.068096,0.60976,3.08029,0.0,0.0,0.0,0.0,0.0,0.0
4303,0.068192,0.607072,2.6296,0.0,0.0,0.0,0.0,0.0,0.0
4304,0.068352,0.60944,2.6272,0.0,0.0,0.0,0.0,0.0,0.0
4305,0.068128,0.608032,2.63146,0.0,0.0,0.0,0.0,0.0,0.0
4306,0.068416,0.604032,2.62934,0.0,0.0,0.0,0.0,0.0,0.0
4307,0.06864,0.894784,2.62669,0.0,0.0,0.0,0.0,0.0,0.0
4308,0.069248,0.604192,2.63133,0.0,0.0,0.0,0.0,0.0,0.0
4309,0.068544,0.602432,2.62563,0.0,0.0,0.0,0.0,0.0,0.0
4310,0.068192,0.605184,2.6263,0.0,0.0,0.0,0.0,0.0,0.0
4311,0.068832,0.605984,2.6329,0.0,0.0,0.0,0.0,0.0,0.0
4312,0.068096,0.612256,2.8111,0.0,0.0,0.0,0.0,0.0,0.0
4313,0.068096,0.603936,2.62832,0.0,0.0,0.0,0.0,0.0,0.0
4314,0.06928,0.60384,2.63024,0.0,0.0,0.0,0.0,0.0,0.0
4315,0.067872,0.601312,2.6288,0.0,0.0,0.0,0.0,0.0,0.0
4316,0.06928,0.606752,2.91424,0.0,0.0,0.0,0.0,0.0,0.0
4317,0.0688,0.61056,2.63616,0.0,0.0,0.0,0.0,0.0,0.0
4318,0.068896,0.607936,2.63123,0.0,0.0,0.0,0.0,0.0,0.0
4319,0.06896,0.607104,2.62384,0.0,0.0,0.0,0.0,0.0,0.0
4320,0.06832,0.60624,2.63219,0.0,0.0,0.0,0.0,0.0,0.0
4321,0.068192,0.608288,2.90083,0.0,0.0,0.0,0.0,0.0,0.0
4322,0.067392,0.610688,2.62701,0.0,0.0,0.0,0.0,0.0,0.0
4323,0.068512,0.606752,2.62966,0.0,0.0,0.0,0.0,0.0,0.0
4324,0.069248,0.61008,2.62954,0.0,0.0,0.0,0.0,0.0,0.0
4325,0.069664,0.60656,2.62477,0.0,0.0,0.0,0.0,0.0,0.0
4326,0.069408,0.609664,2.91254,0.0,0.0,0.0,0.0,0.0,0.0
4327,0.06848,0.607168,2.62627,0.0,0.0,0.0,0.0,0.0,0.0
4328,0.069024,0.609376,2.62714,0.0,0.0,0.0,0.0,0.0,0.0
4329,0.06832,0.60976,2.6312,0.0,0.0,0.0,0.0,0.0,0.0
4330,0.068352,0.610816,2.62614,0.0,0.0,0.0,0.0,0.0,0.0
4331,0.068768,0.60784,2.91456,0.0,0.0,0.0,0.0,0.0,0.0
4332,0.067648,0.608096,2.62947,0.0,0.0,0.0,0.0,0.0,0.0
4333,0.06784,0.60688,2.62416,0.0,0.0,0.0,0.0,0.0,0.0
4334,0.069472,0.607072,2.62701,0.0,0.0,0.0,0.0,0.0,0.0
4335,0.068288,0.608128,2.6305,0.0,0.0,0.0,0.0,0.0,0.0
4336,0.068256,0.607552,3.09683,0.0,0.0,0.0,0.0,0.0,0.0
4337,0.06832,0.60848,2.62502,0.0,0.0,0.0,0.0,0.0,0.0
4338,0.068,0.608032,2.63613,0.0,0.0,0.0,0.0,0.0,0.0
4339,0.068064,0.60672,2.62106,0.0,0.0,0.0,0.0,0.0,0.0
4340,0.068672,0.605024,2.62765,0.0,0.0,0.0,0.0,0.0,0.0
4341,0.068224,0.606624,2.90506,0.0,0.0,0.0,0.0,0.0,0.0
4342,0.068928,0.60848,2.62592,0.0,0.0,0.0,0.0,0.0,0.0
4343,0.068704,0.611872,2.62339,0.0,0.0,0.0,0.0,0.0,0.0
4344,0.06832,0.60704,2.62931,0.0,0.0,0.0,0.0,0.0,0.0
4345,0.068256,0.60656,2.62704,0.0,0.0,0.0,0.0,0.0,0.0
4346,0.068544,0.608,2.89808,0.0,0.0,0.0,0.0,0.0,0.0
4347,0.069408,0.610624,2.62902,0.0,0.0,0.0,0.0,0.0,0.0
4348,0.067936,0.60688,2.62541,0.0,0.0,0.0,0.0,0.0,0.0
4349,0.068096,0.610496,2.62061,0.0,0.0,0.0,0.0,0.0,0.0
4350,0.067904,0.60896,2.62317,0.0,0.0,0.0,0.0,0.0,0.0
4351,0.067968,0.611456,2.90237,0.0,0.0,0.0,0.0,0.0,0.0
4352,0.068416,0.606368,2.6241,0.0,0.0,0.0,0.0,0.0,0.0
4353,0.069024,0.610176,2.62595,0.0,0.0,0.0,0.0,0.0,0.0
4354,0.068832,0.605472,2.62182,0.0,0.0,0.0,0.0,0.0,0.0
4355,0.068224,0.601312,2.62058,0.0,0.0,0.0,0.0,0.0,0.0
4356,0.067872,0.885024,2.63126,0.0,0.0,0.0,0.0,0.0,0.0
4357,0.068992,0.6096,2.62224,0.0,0.0,0.0,0.0,0.0,0.0
4358,0.068032,0.611456,2.62109,0.0,0.0,0.0,0.0,0.0,0.0
4359,0.068544,0.606112,2.61958,0.0,0.0,0.0,0.0,0.0,0.0
4360,0.06832,0.606752,2.6241,0.0,0.0,0.0,0.0,0.0,0.0
4361,0.068256,0.903872,2.62189,0.0,0.0,0.0,0.0,0.0,0.0
4362,0.067968,0.608768,2.6297,0.0,0.0,0.0,0.0,0.0,0.0
4363,0.068608,0.605856,2.62112,0.0,0.0,0.0,0.0,0.0,0.0
4364,0.068192,0.607872,2.61706,0.0,0.0,0.0,0.0,0.0,0.0
4365,0.068,0.604,2.62461,0.0,0.0,0.0,0.0,0.0,0.0
4366,0.06832,0.616096,2.96006,0.0,0.0,0.0,0.0,0.0,0.0
4367,0.068128,0.607072,2.61677,0.0,0.0,0.0,0.0,0.0,0.0
4368,0.067776,0.608832,2.62195,0.0,0.0,0.0,0.0,0.0,0.0
4369,0.06816,0.607232,2.61491,0.0,0.0,0.0,0.0,0.0,0.0
4370,0.06784,0.605536,2.81021,0.0,0.0,0.0,0.0,0.0,0.0
4371,0.068576,0.773952,2.62269,0.0,0.0,0.0,0.0,0.0,0.0
4372,0.06832,0.6008,2.61946,0.0,0.0,0.0,0.0,0.0,0.0
4373,0.068672,0.597344,2.61382,0.0,0.0,0.0,0.0,0.0,0.0
4374,0.067584,0.606176,2.62522,0.0,0.0,0.0,0.0,0.0,0.0
4375,0.068448,0.609664,2.90518,0.0,0.0,0.0,0.0,0.0,0.0
4376,0.068128,0.610048,2.62118,0.0,0.0,0.0,0.0,0.0,0.0
4377,0.067648,0.610304,2.6255,0.0,0.0,0.0,0.0,0.0,0.0
4378,0.068256,0.605856,2.62,0.0,0.0,0.0,0.0,0.0,0.0
4379,0.067872,0.612256,2.62621,0.0,0.0,0.0,0.0,0.0,0.0
4380,0.068064,0.607488,2.9039,0.0,0.0,0.0,0.0,0.0,0.0
4381,0.068064,0.605504,2.61856,0.0,0.0,0.0,0.0,0.0,0.0
4382,0.068128,0.608576,2.6208,0.0,0.0,0.0,0.0,0.0,0.0
4383,0.0664,0.606912,2.62112,0.0,0.0,0.0,0.0,0.0,0.0
4384,0.068288,0.610432,2.62269,0.0,0.0,0.0,0.0,0.0,0.0
4385,0.067904,0.602624,2.89798,0.0,0.0,0.0,0.0,0.0,0.0
4386,0.067744,0.605376,2.62106,0.0,0.0,0.0,0.0,0.0,0.0
4387,0.068,0.608,2.61494,0.0,0.0,0.0,0.0,0.0,0.0
4388,0.068288,0.613568,2.61446,0.0,0.0,0.0,0.0,0.0,0.0
4389,0.068608,0.610112,2.62416,0.0,0.0,0.0,0.0,0.0,0.0
4390,0.06864,0.604288,2.90435,0.0,0.0,0.0,0.0,0.0,0.0
4391,0.068064,0.607488,2.61344,0.0,0.0,0.0,0.0,0.0,0.0
4392,0.067808,0.60704,2.61962,0.0,0.0,0.0,0.0,0.0,0.0
4393,0.06896,0.605952,2.61219,0.0,0.0,0.0,0.0,0.0,0.0
4394,0.068128,0.60784,2.61274,0.0,0.0,0.0,0.0,0.0,0.0
4395,0.068288,0.607136,2.90778,0.0,0.0,0.0,0.0,0.0,0.0
4396,0.06832,0.60288,2.61293,0.0,0.0,0.0,0.0,0.0,0.0
4397,0.06848,0.607168,2.61427,0.0,0.0,0.0,0.0,0.0,0.0
4398,0.06832,0.605536,2.61866,0.0,0.0,0.0,0.0,0.0,0.0
4399,0.068416,0.60288,2.61437,0.0,0.0,0.0,0.0,0.0,0.0
4400,0.068128,0.604832,3.06701,0.0,0.0,0.0,0.0,0.0,0.0
4401,0.068128,0.604736,2.61533,0.0,0.0,0.0,0.0,0.0,0.0
4402,0.06848,0.606784,2.61376,0.0,0.0,0.0,0.0,0.0,0.0
4403,0.068032,0.607552,2.61728,0.0,0.0,0.0,0.0,0.0,0.0
4404,0.067712,0.606144,2.61216,0.0,0.0,0.0,0.0,0.0,0.0
4405,0.067808,0.606848,2.89664,0.0,0.0,0.0,0.0,0.0,0.0
4406,0.067872,0.606048,2.6143,0.0,0.0,0.0,0.0,0.0,0.0
4407,0.068032,0.60704,2.61926,0.0,0.0,0.0,0.0,0.0,0.0
4408,0.067456,0.60656,2.61418,0.0,0.0,0.0,0.0,0.0,0.0
4409,0.069632,0.607968,2.61021,0.0,0.0,0.0,0.0,0.0,0.0
4410,0.067584,0.609664,2.89565,0.0,0.0,0.0,0.0,0.0,0.0
4411,0.068448,0.608672,2.61184,0.0,0.0,0.0,0.0,0.0,0.0
4412,0.06816,0.606912,2.61392,0.0,0.0,0.0,0.0,0.0,0.0
4413,0.068768,0.606368,2.61366,0.0,0.0,0.0,0.0,0.0,0.0
4414,0.067936,0.606592,2.61286,0.0,0.0,0.0,0.0,0.0,0.0
4415,0.067744,0.891232,2.61696,0.0,0.0,0.0,0.0,0.0,0.0
4416,0.067552,0.606048,2.61901,0.0,0.0,0.0,0.0,0.0,0.0
4417,0.068256,0.610016,2.61402,0.0,0.0,0.0,0.0,0.0,0.0
4418,0.068032,0.604768,2.61216,0.0,0.0,0.0,0.0,0.0,0.0
4419,0.068064,0.607008,2.616,0.0,0.0,0.0,0.0,0.0,0.0
4420,0.068256,0.896256,2.61149,0.0,0.0,0.0,0.0,0.0,0.0
4421,0.068192,0.60816,2.61123,0.0,0.0,0.0,0.0,0.0,0.0
4422,0.067904,0.607776,2.61923,0.0,0.0,0.0,0.0,0.0,0.0
4423,0.067776,0.604544,2.6216,0.0,0.0,0.0,0.0,0.0,0.0
4424,0.069888,0.605856,2.6112,0.0,0.0,0.0,0.0,0.0,0.0
4425,0.068256,0.787648,2.80314,0.0,0.0,0.0,0.0,0.0,0.0
4426,0.068896,0.609536,2.61216,0.0,0.0,0.0,0.0,0.0,0.0
4427,0.06816,0.607584,2.61078,0.0,0.0,0.0,0.0,0.0,0.0
4428,0.067456,0.6056,2.61523,0.0,0.0,0.0,0.0,0.0,0.0
4429,0.071456,0.60416,2.89014,0.0,0.0,0.0,0.0,0.0,0.0
4430,0.067904,0.60656,2.71187,0.0,0.0,0.0,0.0,0.0,0.0
4431,0.068,0.600704,2.60906,0.0,0.0,0.0,0.0,0.0,0.0
4432,0.068,0.605952,2.60976,0.0,0.0,0.0,0.0,0.0,0.0
4433,0.067712,0.602656,2.60454,0.0,0.0,0.0,0.0,0.0,0.0
4434,0.068352,0.609696,2.89523,0.0,0.0,0.0,0.0,0.0,0.0
4435,0.067424,0.60448,2.60237,0.0,0.0,0.0,0.0,0.0,0.0
4436,0.068192,0.609856,2.59821,0.0,0.0,0.0,0.0,0.0,0.0
4437,0.06752,0.612736,2.60246,0.0,0.0,0.0,0.0,0.0,0.0
4438,0.069024,0.613248,2.59146,0.0,0.0,0.0,0.0,0.0,0.0
4439,0.06784,0.615872,2.8761,0.0,0.0,0.0,0.0,0.0,0.0
4440,0.067424,0.618912,2.59245,0.0,0.0,0.0,0.0,0.0,0.0
4441,0.066976,0.62288,2.58717,0.0,0.0,0.0,0.0,0.0,0.0
4442,0.068032,0.62112,2.58349,0.0,0.0,0.0,0.0,0.0,0.0
4443,0.067488,0.6176,2.57901,0.0,0.0,0.0,0.0,0.0,0.0
4444,0.066624,0.621504,2.77318,0.0,0.0,0.0,0.0,0.0,0.0
4445,0.067488,0.79504,2.57315,0.0,0.0,0.0,0.0,0.0,0.0
4446,0.066176,0.621664,2.57741,0.0,0.0,0.0,0.0,0.0,0.0
4447,0.065888,0.617664,2.56096,0.0,0.0,0.0,0.0,0.0,0.0
4448,0.066656,0.61952,2.56202,0.0,0.0,0.0,0.0,0.0,0.0
4449,0.065216,0.610624,2.85549,0.0,0.0,0.0,0.0,0.0,0.0
4450,0.065856,0.612896,2.56003,0.0,0.0,0.0,0.0,0.0,0.0
4451,0.06656,0.61456,2.55818,0.0,0.0,0.0,0.0,0.0,0.0
4452,0.064896,0.606304,2.57222,0.0,0.0,0.0,0.0,0.0,0.0
4453,0.0648,0.606368,2.56986,0.0,0.0,0.0,0.0,0.0,0.0
4454,0.065184,0.607968,2.86266,0.0,0.0,0.0,0.0,0.0,0.0
4455,0.064384,0.607744,2.57802,0.0,0.0,0.0,0.0,0.0,0.0
4456,0.064896,0.612288,2.57168,0.0,0.0,0.0,0.0,0.0,0.0
4457,0.065184,0.610464,2.57366,0.0,0.0,0.0,0.0,0.0,0.0
4458,0.064224,0.620192,2.63437,0.0,0.0,0.0,0.0,0.0,0.0
4459,0.064288,0.623072,2.91277,0.0,0.0,0.0,0.0,0.0,0.0
4460,0.0656,0.624416,2.63229,0.0,0.0,0.0,0.0,0.0,0.0
4461,0.063712,0.625792,2.64477,0.0,0.0,0.0,0.0,0.0,0.0
4462,0.064384,0.623648,2.63552,0.0,0.0,0.0,0.0,0.0,0.0
4463,0.063616,0.620256,2.62157,0.0,0.0,0.0,0.0,0.0,0.0
4464,0.06384,0.622144,3.08416,0.0,0.0,0.0,0.0,0.0,0.0
4465,0.0632,0.62288,2.61248,0.0,0.0,0.0,0.0,0.0,0.0
4466,0.06368,0.616096,2.6111,0.0,0.0,0.0,0.0,0.0,0.0
4467,0.062208,0.623072,2.62262,0.0,0.0,0.0,0.0,0.0,0.0
4468,0.062816,0.62368,2.6223,0.0,0.0,0.0,0.0,0.0,0.0
4469,0.063456,0.617888,2.93043,0.0,0.0,0.0,0.0,0.0,0.0
4470,0.061792,0.621536,2.65251,0.0,0.0,0.0,0.0,0.0,0.0
4471,0.061984,0.621792,2.6537,0.0,0.0,0.0,0.0,0.0,0.0
4472,0.061728,0.618528,2.63699,0.0,0.0,0.0,0.0,0.0,0.0
4473,0.06144,0.622432,2.64822,0.0,0.0,0.0,0.0,0.0,0.0
4474,0.060736,0.626624,2.86621,0.0,0.0,0.0,0.0,0.0,0.0
4475,0.0616,0.633984,2.5872,0.0,0.0,0.0,0.0,0.0,0.0
4476,0.061152,0.64032,2.54931,0.0,0.0,0.0,0.0,0.0,0.0
4477,0.0608,0.63744,2.54691,0.0,0.0,0.0,0.0,0.0,0.0
4478,0.061152,0.638272,2.50496,0.0,0.0,0.0,0.0,0.0,0.0
4479,0.060192,0.641568,2.78944,0.0,0.0,0.0,0.0,0.0,0.0
4480,0.059808,0.631136,2.4905,0.0,0.0,0.0,0.0,0.0,0.0
4481,0.060576,0.63152,2.48771,0.0,0.0,0.0,0.0,0.0,0.0
4482,0.060064,0.634144,2.48989,0.0,0.0,0.0,0.0,0.0,0.0
4483,0.062336,0.634016,2.47488,0.0,0.0,0.0,0.0,0.0,0.0
4484,0.060576,0.636992,2.74643,0.0,0.0,0.0,0.0,0.0,0.0
4485,0.059392,0.625216,2.45859,0.0,0.0,0.0,0.0,0.0,0.0
4486,0.060288,0.62656,2.45987,0.0,0.0,0.0,0.0,0.0,0.0
4487,0.059936,0.61792,2.44755,0.0,0.0,0.0,0.0,0.0,0.0
4488,0.059776,0.618432,2.45158,0.0,0.0,0.0,0.0,0.0,0.0
4489,0.06048,0.617984,2.72714,0.0,0.0,0.0,0.0,0.0,0.0
4490,0.060384,0.620288,2.43984,0.0,0.0,0.0,0.0,0.0,0.0
4491,0.059776,0.61952,2.44544,0.0,0.0,0.0,0.0,0.0,0.0
4492,0.060672,0.619168,2.42877,0.0,0.0,0.0,0.0,0.0,0.0
4493,0.06016,0.612064,2.43155,0.0,0.0,0.0,0.0,0.0,0.0
4494,0.062208,0.61424,2.72106,0.0,0.0,0.0,0.0,0.0,0.0
4495,0.060192,0.71888,2.43024,0.0,0.0,0.0,0.0,0.0,0.0
4496,0.060736,0.61792,2.4368,0.0,0.0,0.0,0.0,0.0,0.0
4497,0.059744,0.618816,2.4343,0.0,0.0,0.0,0.0,0.0,0.0
4498,0.06016,0.617664,2.43155,0.0,0.0,0.0,0.0,0.0,0.0
4499,0.060192,0.616416,2.43485,0.0,0.0,0.0,0.0,0.0,0.0
4500,0.059872,0.796064,2.62022,0.0,0.0,0.0,0.0,0.0,0.0
4501,0.06032,0.615968,2.4319,0.0,0.0,0.0,0.0,0.0,0.0
4502,0.060128,0.618816,2.43053,0.0,0.0,0.0,0.0,0.0,0.0
4503,0.060192,0.615648,2.43299,0.0,0.0,0.0,0.0,0.0,0.0
4504,0.060064,0.616128,2.43286,0.0,0.0,0.0,0.0,0.0,0.0
4505,0.060672,0.61664,2.76966,0.0,0.0,0.0,0.0,0.0,0.0
4506,0.059776,0.616992,2.44026,0.0,0.0,0.0,0.0,0.0,0.0
4507,0.0608,0.615968,2.4289,0.0,0.0,0.0,0.0,0.0,0.0
4508,0.06,0.616096,2.42704,0.0,0.0,0.0,0.0,0.0,0.0
4509,0.059744,0.616192,2.43498,0.0,0.0,0.0,0.0,0.0,0.0
4510,0.06,0.61696,2.71674,0.0,0.0,0.0,0.0,0.0,0.0
4511,0.06096,0.613152,2.43104,0.0,0.0,0.0,0.0,0.0,0.0
4512,0.059552,0.617088,2.43894,0.0,0.0,0.0,0.0,0.0,0.0
4513,0.060576,0.613888,2.43421,0.0,0.0,0.0,0.0,0.0,0.0
4514,0.060384,0.61984,2.42934,0.0,0.0,0.0,0.0,0.0,0.0
4515,0.060704,0.61408,2.80832,0.0,0.0,0.0,0.0,0.0,0.0
4516,0.059904,0.61536,2.43098,0.0,0.0,0.0,0.0,0.0,0.0
4517,0.061056,0.617056,2.43482,0.0,0.0,0.0,0.0,0.0,0.0
4518,0.060032,0.6168,2.43715,0.0,0.0,0.0,0.0,0.0,0.0
4519,0.060032,0.616768,2.43462,0.0,0.0,0.0,0.0,0.0,0.0
4520,0.060384,0.616064,2.70896,0.0,0.0,0.0,0.0,0.0,0.0
4521,0.059936,0.617312,2.43571,0.0,0.0,0.0,0.0,0.0,0.0
4522,0.060128,0.615904,2.43382,0.0,0.0,0.0,0.0,0.0,0.0
4523,0.0608,0.614208,2.4304,0.0,0.0,0.0,0.0,0.0,0.0
4524,0.060192,0.612256,2.43683,0.0,0.0,0.0,0.0,0.0,0.0
4525,0.060096,0.61648,2.62675,0.0,0.0,0.0,0.0,0.0,0.0
4526,0.061024,0.897856,2.43277,0.0,0.0,0.0,0.0,0.0,0.0
4527,0.05968,0.620992,2.43936,0.0,0.0,0.0,0.0,0.0,0.0
4528,0.060288,0.616128,2.43213,0.0,0.0,0.0,0.0,0.0,0.0
4529,0.060544,0.616032,2.43034,0.0,0.0,0.0,0.0,0.0,0.0
4530,0.059552,0.617248,2.43376,0.0,0.0,0.0,0.0,0.0,0.0
4531,0.059904,0.874624,2.61462,0.0,0.0,0.0,0.0,0.0,0.0
4532,0.060384,0.615296,2.4328,0.0,0.0,0.0,0.0,0.0,0.0
4533,0.060256,0.620992,2.4353,0.0,0.0,0.0,0.0,0.0,0.0
4534,0.060096,0.617568,2.42835,0.0,0.0,0.0,0.0,0.0,0.0
4535,0.060416,0.614752,2.43213,0.0,0.0,0.0,0.0,0.0,0.0
4536,0.059424,0.616512,2.71622,0.0,0.0,0.0,0.0,0.0,0.0
4537,0.060352,0.616256,2.42787,0.0,0.0,0.0,0.0,0.0,0.0
4538,0.060416,0.61744,2.43587,0.0,0.0,0.0,0.0,0.0,0.0
4539,0.059584,0.614464,2.43405,0.0,0.0,0.0,0.0,0.0,0.0
4540,0.060512,0.616608,2.43226,0.0,0.0,0.0,0.0,0.0,0.0
4541,0.060672,0.615904,2.70227,0.0,0.0,0.0,0.0,0.0,0.0
4542,0.059744,0.619872,2.43722,0.0,0.0,0.0,0.0,0.0,0.0
4543,0.060192,0.6184,2.43392,0.0,0.0,0.0,0.0,0.0,0.0
4544,0.06016,0.617728,2.42957,0.0,0.0,0.0,0.0,0.0,0.0
4545,0.06016,0.61456,2.43843,0.0,0.0,0.0,0.0,0.0,0.0
4546,0.060256,0.618816,2.7183,0.0,0.0,0.0,0.0,0.0,0.0
4547,0.06064,0.6184,2.43091,0.0,0.0,0.0,0.0,0.0,0.0
4548,0.060064,0.619744,2.43555,0.0,0.0,0.0,0.0,0.0,0.0
4549,0.059552,0.617952,2.43072,0.0,0.0,0.0,0.0,0.0,0.0
4550,0.06016,0.620064,2.42966,0.0,0.0,0.0,0.0,0.0,0.0
4551,0.326048,0.61696,2.43738,0.0,0.0,0.0,0.0,0.0,0.0
4552,0.060288,0.625184,2.43686,0.0,0.0,0.0,0.0,0.0,0.0
4553,0.060992,0.617056,2.43011,0.0,0.0,0.0,0.0,0.0,0.0
4554,0.059872,0.614432,2.43923,0.0,0.0,0.0,0.0,0.0,0.0
4555,0.059776,0.613824,2.43574,0.0,0.0,0.0,0.0,0.0,0.0
4556,0.060416,0.617568,2.43123,0.0,0.0,0.0,0.0,0.0,0.0
4557,0.059744,0.617344,2.70739,0.0,0.0,0.0,0.0,0.0,0.0
4558,0.06064,0.617056,2.43171,0.0,0.0,0.0,0.0,0.0,0.0
4559,0.06048,0.61776,2.43373,0.0,0.0,0.0,0.0,0.0,0.0
4560,0.059616,0.615776,2.43859,0.0,0.0,0.0,0.0,0.0,0.0
4561,0.060064,0.61776,2.43459,0.0,0.0,0.0,0.0,0.0,0.0
4562,0.060992,0.616608,2.88736,0.0,0.0,0.0,0.0,0.0,0.0
4563,0.059968,0.615808,2.43885,0.0,0.0,0.0,0.0,0.0,0.0
4564,0.060064,0.614624,2.4327,0.0,0.0,0.0,0.0,0.0,0.0
4565,0.060736,0.621536,2.43779,0.0,0.0,0.0,0.0,0.0,0.0
4566,0.059616,0.615424,2.43389,0.0,0.0,0.0,0.0,0.0,0.0
4567,0.060128,0.614976,2.7296,0.0,0.0,0.0,0.0,0.0,0.0
4568,0.06048,0.618496,2.43315,0.0,0.0,0.0,0.0,0.0,0.0
4569,0.059648,0.61824,2.43379,0.0,0.0,0.0,0.0,0.0,0.0
4570,0.06032,0.621632,2.4343,0.0,0.0,0.0,0.0,0.0,0.0
4571,0.060128,0.61712,2.4353,0.0,0.0,0.0,0.0,0.0,0.0
4572,0.059552,0.618464,2.63066,0.0,0.0,0.0,0.0,0.0,0.0
4573,0.060192,0.800032,2.43878,0.0,0.0,0.0,0.0,0.0,0.0
4574,0.060096,0.62336,2.43923,0.0,0.0,0.0,0.0,0.0,0.0
4575,0.059424,0.620736,2.43923,0.0,0.0,0.0,0.0,0.0,0.0
4576,0.059776,0.623648,2.43366,0.0,0.0,0.0,0.0,0.0,0.0
4577,0.063616,0.619552,2.58691,0.0,0.0,0.0,0.0,0.0,0.0
4578,0.059392,0.613568,2.6161,0.0,0.0,0.0,0.0,0.0,0.0
4579,0.060064,0.61328,2.43574,0.0,0.0,0.0,0.0,0.0,0.0
4580,0.059648,0.615808,2.44038,0.0,0.0,0.0,0.0,0.0,0.0
4581,0.059776,0.618944,2.44019,0.0,0.0,0.0,0.0,0.0,0.0
4582,0.059776,0.616192,2.43366,0.0,0.0,0.0,0.0,0.0,0.0
4583,0.060672,0.814816,2.62934,0.0,0.0,0.0,0.0,0.0,0.0
4584,0.060416,0.619968,2.44374,0.0,0.0,0.0,0.0,0.0,0.0
4585,0.059904,0.618912,2.43562,0.0,0.0,0.0,0.0,0.0,0.0
4586,0.0608,0.617536,2.4383,0.0,0.0,0.0,0.0,0.0,0.0
4587,0.059968,0.618592,2.4456,0.0,0.0,0.0,0.0,0.0,0.0
4588,0.061888,0.622656,2.74154,0.0,0.0,0.0,0.0,0.0,0.0
4589,0.062592,0.627744,2.46074,0.0,0.0,0.0,0.0,0.0,0.0
4590,0.06128,0.62128,2.46266,0.0,0.0,0.0,0.0,0.0,0.0
4591,0.061824,0.62352,2.46118,0.0,0.0,0.0,0.0,0.0,0.0
4592,0.06368,0.624928,2.46608,0.0,0.0,0.0,0.0,0.0,0.0
4593,0.063296,0.62784,2.74832,0.0,0.0,0.0,0.0,0.0,0.0
4594,0.062592,0.621312,2.46435,0.0,0.0,0.0,0.0,0.0,0.0
4595,0.06432,0.624544,2.45594,0.0,0.0,0.0,0.0,0.0,0.0
4596,0.063072,0.622432,2.46042,0.0,0.0,0.0,0.0,0.0,0.0
4597,0.063488,0.60192,2.4255,0.0,0.0,0.0,0.0,0.0,0.0
4598,0.063904,0.599072,2.6976,0.0,0.0,0.0,0.0,0.0,0.0
4599,0.063584,0.775712,2.43283,0.0,0.0,0.0,0.0,0.0,0.0
4600,0.063904,0.58368,2.38352,0.0,0.0,0.0,0.0,0.0,0.0
4601,0.064288,0.577504,2.37814,0.0,0.0,0.0,0.0,0.0,0.0
4602,0.064416,0.574784,2.37334,0.0,0.0,0.0,0.0,0.0,0.0
4603,0.06848,0.581152,2.65552,0.0,0.0,0.0,0.0,0.0,0.0
4604,0.065216,0.584704,2.38006,0.0,0.0,0.0,0.0,0.0,0.0
4605,0.063968,0.581504,2.38688,0.0,0.0,0.0,0.0,0.0,0.0
4606,0.064992,0.58,2.37862,0.0,0.0,0.0,0.0,0.0,0.0
4607,0.064896,0.580768,2.38832,0.0,0.0,0.0,0.0,0.0,0.0
4608,0.064,0.583232,2.39043,0.0,0.0,0.0,0.0,0.0,0.0
4609,0.064512,0.580544,2.66688,0.0,0.0,0.0,0.0,0.0,0.0
4610,0.06448,0.579552,2.38339,0.0,0.0,0.0,0.0,0.0,0.0
4611,0.063392,0.577312,2.34931,0.0,0.0,0.0,0.0,0.0,0.0
4612,0.064128,0.573216,2.34074,0.0,0.0,0.0,0.0,0.0,0.0
4613,0.063936,0.578144,2.34346,0.0,0.0,0.0,0.0,0.0,0.0
4614,0.061376,0.56496,2.6016,0.0,0.0,0.0,0.0,0.0,0.0
4615,0.061472,0.56848,2.31888,0.0,0.0,0.0,0.0,0.0,0.0
4616,0.059776,0.549664,2.31405,0.0,0.0,0.0,0.0,0.0,0.0
4617,0.05968,0.552224,2.31853,0.0,0.0,0.0,0.0,0.0,0.0
4618,0.05984,0.551936,2.31555,0.0,0.0,0.0,0.0,0.0,0.0
4619,0.05856,0.53488,2.35213,0.0,0.0,0.0,0.0,0.0,0.0
4620,0.0584,0.53536,2.64586,0.0,0.0,0.0,0.0,0.0,0.0
4621,0.058368,0.521824,2.36349,0.0,0.0,0.0,0.0,0.0,0.0
4622,0.058336,0.526432,2.36333,0.0,0.0,0.0,0.0,0.0,0.0
4623,0.058112,0.524736,2.36586,0.0,0.0,0.0,0.0,0.0,0.0
4624,0.058176,0.517024,2.36726,0.0,0.0,0.0,0.0,0.0,0.0
4625,0.05856,0.514752,2.64397,0.0,0.0,0.0,0.0,0.0,0.0
4626,0.058016,0.518656,2.35574,0.0,0.0,0.0,0.0,0.0,0.0
4627,0.058272,0.520352,2.35283,0.0,0.0,0.0,0.0,0.0,0.0
4628,0.058016,0.524512,2.35555,0.0,0.0,0.0,0.0,0.0,0.0
4629,0.058144,0.53088,2.27322,0.0,0.0,0.0,0.0,0.0,0.0
4630,0.058528,0.53216,2.26442,0.0,0.0,0.0,0.0,0.0,0.0
4631,0.058912,0.522784,2.67763,0.0,0.0,0.0,0.0,0.0,0.0
4632,0.058848,0.523072,2.21309,0.0,0.0,0.0,0.0,0.0,0.0
4633,0.060448,0.53872,2.22922,0.0,0.0,0.0,0.0,0.0,0.0
4634,0.060992,0.536512,2.23085,0.0,0.0,0.0,0.0,0.0,0.0
4635,0.060128,0.536192,2.23424,0.0,0.0,0.0,0.0,0.0,0.0
4636,0.061664,0.544288,2.27389,0.0,0.0,0.0,0.0,0.0,0.0
4637,0.061216,0.726528,2.45558,0.0,0.0,0.0,0.0,0.0,0.0
4638,0.061344,0.545248,2.27632,0.0,0.0,0.0,0.0,0.0,0.0
4639,0.061472,0.551968,2.30269,0.0,0.0,0.0,0.0,0.0,0.0
4640,0.061664,0.551552,2.29968,0.0,0.0,0.0,0.0,0.0,0.0
4641,0.061504,0.547712,2.31622,0.0,0.0,0.0,0.0,0.0,0.0
4642,0.061856,0.552448,2.59443,0.0,0.0,0.0,0.0,0.0,0.0
4643,0.062144,0.551552,2.31424,0.0,0.0,0.0,0.0,0.0,0.0
4644,0.062592,0.55104,2.32298,0.0,0.0,0.0,0.0,0.0,0.0
4645,0.062336,0.553344,2.32246,0.0,0.0,0.0,0.0,0.0,0.0
4646,0.06336,0.552576,2.32614,0.0,0.0,0.0,0.0,0.0,0.0
4647,0.06304,0.556544,2.33098,0.0,0.0,0.0,0.0,0.0,0.0
4648,0.063872,0.812896,2.32867,0.0,0.0,0.0,0.0,0.0,0.0
4649,0.063872,0.553984,2.33504,0.0,0.0,0.0,0.0,0.0,0.0
4650,0.062976,0.560992,2.34525,0.0,0.0,0.0,0.0,0.0,0.0
4651,0.063488,0.552576,2.34762,0.0,0.0,0.0,0.0,0.0,0.0
4652,0.063936,0.555328,2.35123,0.0,0.0,0.0,0.0,0.0,0.0
4653,0.0632,0.556704,2.63629,0.0,0.0,0.0,0.0,0.0,0.0
4654,0.064512,0.556192,2.3617,0.0,0.0,0.0,0.0,0.0,0.0
4655,0.064416,0.55936,2.36138,0.0,0.0,0.0,0.0,0.0,0.0
4656,0.063008,0.555968,2.3641,0.0,0.0,0.0,0.0,0.0,0.0
4657,0.063712,0.560192,2.36016,0.0,0.0,0.0,0.0,0.0,0.0
4658,0.06448,0.559264,2.36038,0.0,0.0,0.0,0.0,0.0,0.0
4659,0.064096,0.558144,2.55376,0.0,0.0,0.0,0.0,0.0,0.0
4660,0.064576,0.55568,2.37107,0.0,0.0,0.0,0.0,0.0,0.0
4661,0.064192,0.555424,2.37347,0.0,0.0,0.0,0.0,0.0,0.0
4662,0.063776,0.557824,2.37456,0.0,0.0,0.0,0.0,0.0,0.0
4663,0.064512,0.556896,2.37488,0.0,0.0,0.0,0.0,0.0,0.0
4664,0.064736,0.55808,2.64688,0.0,0.0,0.0,0.0,0.0,0.0
4665,0.063936,0.556736,2.37571,0.0,0.0,0.0,0.0,0.0,0.0
4666,0.064,0.553504,2.37203,0.0,0.0,0.0,0.0,0.0,0.0
4667,0.064896,0.555808,2.36912,0.0,0.0,0.0,0.0,0.0,0.0
4668,0.063744,0.557408,2.37741,0.0,0.0,0.0,0.0,0.0,0.0
4669,0.068,0.55584,2.56016,0.0,0.0,0.0,0.0,0.0,0.0
4670,0.06448,0.5576,2.62384,0.0,0.0,0.0,0.0,0.0,0.0
4671,0.06368,0.558304,2.37226,0.0,0.0,0.0,0.0,0.0,0.0
4672,0.064384,0.554848,2.37056,0.0,0.0,0.0,0.0,0.0,0.0
4673,0.06448,0.558368,2.36845,0.0,0.0,0.0,0.0,0.0,0.0
4674,0.064128,0.55856,2.37357,0.0,0.0,0.0,0.0,0.0,0.0
4675,0.064032,0.556576,2.75424,0.0,0.0,0.0,0.0,0.0,0.0
4676,0.064256,0.559264,2.36954,0.0,0.0,0.0,0.0,0.0,0.0
4677,0.064608,0.556832,2.37651,0.0,0.0,0.0,0.0,0.0,0.0
4678,0.064608,0.557184,2.37066,0.0,0.0,0.0,0.0,0.0,0.0
4679,0.064416,0.558592,2.36822,0.0,0.0,0.0,0.0,0.0,0.0
4680,0.063648,0.554816,2.65251,0.0,0.0,0.0,0.0,0.0,0.0
4681,0.06432,0.554912,2.36886,0.0,0.0,0.0,0.0,0.0,0.0
4682,0.06464,0.557216,2.368,0.0,0.0,0.0,0.0,0.0,0.0
4683,0.06416,0.557824,2.37478,0.0,0.0,0.0,0.0,0.0,0.0
4684,0.064096,0.555872,2.37229,0.0,0.0,0.0,0.0,0.0,0.0
4685,0.06384,0.555936,2.36976,0.0,0.0,0.0,0.0,0.0,0.0
4686,0.064608,0.5624,2.37574,0.0,0.0,0.0,0.0,0.0,0.0
4687,0.06416,0.559232,2.37366,0.0,0.0,0.0,0.0,0.0,0.0
4688,0.064608,0.553792,2.36637,0.0,0.0,0.0,0.0,0.0,0.0
4689,0.064032,0.554976,2.37635,0.0,0.0,0.0,0.0,0.0,0.0
4690,0.064544,0.556768,2.36979,0.0,0.0,0.0,0.0,0.0,0.0
4691,0.064544,0.555008,2.64467,0.0,0.0,0.0,0.0,0.0,0.0
4692,0.062272,0.553952,2.37139,0.0,0.0,0.0,0.0,0.0,0.0
4693,0.064608,0.555424,2.36733,0.0,0.0,0.0,0.0,0.0,0.0
4694,0.064672,0.55808,2.36995,0.0,0.0,0.0,0.0,0.0,0.0
4695,0.063712,0.555104,2.37213,0.0,0.0,0.0,0.0,0.0,0.0
4696,0.064064,0.555744,2.63923,0.0,0.0,0.0,0.0,0.0,0.0
4697,0.064288,0.556704,2.37133,0.0,0.0,0.0,0.0,0.0,0.0
4698,0.063936,0.554816,2.3711,0.0,0.0,0.0,0.0,0.0,0.0
4699,0.064064,0.555968,2.36982,0.0,0.0,0.0,0.0,0.0,0.0
4700,0.065184,0.557312,2.3696,0.0,0.0,0.0,0.0,0.0,0.0
4701,0.063744,0.556672,2.3736,0.0,0.0,0.0,0.0,0.0,0.0
4702,0.064416,0.55664,2.82512,0.0,0.0,0.0,0.0,0.0,0.0
4703,0.064352,0.557056,2.37341,0.0,0.0,0.0,0.0,0.0,0.0
4704,0.063584,0.5552,2.37597,0.0,0.0,0.0,0.0,0.0,0.0
4705,0.063872,0.554176,2.3727,0.0,0.0,0.0,0.0,0.0,0.0
4706,0.064,0.55824,2.36982,0.0,0.0,0.0,0.0,0.0,0.0
4707,0.064256,0.554176,2.65162,0.0,0.0,0.0,0.0,0.0,0.0
4708,0.064064,0.556576,2.37722,0.0,0.0,0.0,0.0,0.0,0.0
4709,0.06432,0.5592,2.36918,0.0,0.0,0.0,0.0,0.0,0.0
4710,0.06416,0.556288,2.37738,0.0,0.0,0.0,0.0,0.0,0.0
4711,0.064288,0.554304,2.37434,0.0,0.0,0.0,0.0,0.0,0.0
4712,0.064544,0.55952,2.36771,0.0,0.0,0.0,0.0,0.0,0.0
4713,0.063648,0.828704,2.3777,0.0,0.0,0.0,0.0,0.0,0.0
4714,0.064512,0.556128,2.3681,0.0,0.0,0.0,0.0,0.0,0.0
4715,0.064928,0.55568,2.36986,0.0,0.0,0.0,0.0,0.0,0.0
4716,0.064,0.557184,2.37587,0.0,0.0,0.0,0.0,0.0,0.0
4717,0.0,0.557472,2.36483,0.0,0.0,0.0,0.0,0.0,0.06512
4718,0.0,0.556224,2.64246,0.0,0.0,0.0,0.0,0.0,0.06448
4719,0.0,0.556288,2.38035,0.0,0.0,0.0,0.0,0.0,0.064448
4720,0.05344,0.553568,2.37149,0.270208,0.263392,0.255872,0.251808,0.427936,0.28048
4721,0.053504,0.736928,2.37021,0.26816,0.259968,0.25792,0.251776,0.251776,0.280448
4722,0.05248,0.560576,2.36979,0.266144,0.26,0.255904,0.249728,0.250784,0.274336
4723,0.052608,0.559104,2.34589,0.266144,0.26,0.254848,0.24976,0.249728,0.268192
4724,0.053216,0.560704,2.62813,0.266112,0.259968,0.255872,0.251776,0.251776,0.269568
4725,0.052288,0.56016,2.35283,0.26816,0.26,0.255872,0.248704,0.24976,0.270208
4726,0.052928,0.559296,2.36618,0.267168,0.262048,0.257952,0.251776,0.253856,0.268192
4727,0.053248,0.564928,2.3696,0.26816,0.259968,0.255872,0.251776,0.253824,0.270208
4728,0.0528,0.836288,2.4881,0.27024,0.261984,0.257952,0.251776,0.253856,0.271552
4729,0.052672,0.56032,2.36957,0.268192,0.262048,0.257952,0.251776,0.251808,0.270208
4730,0.053536,0.561248,2.37309,0.26816,0.260992,0.25792,0.251776,0.253824,0.270208
4731,0.05232,0.562688,2.65584,0.268128,0.259936,0.255872,0.251808,0.253856,0.275616
4732,0.053184,0.56192,2.37021,0.270208,0.262048,0.255872,0.253856,0.2528,0.27024
4733,0.053248,0.564256,2.36598,0.26816,0.262016,0.256896,0.251776,0.251776,0.270208
4734,0.052288,0.55984,2.37523,0.269216,0.262048,0.255872,0.251808,0.253824,0.27024
4735,0.052864,0.562784,2.65379,0.26816,0.262016,0.25792,0.251808,0.251808,0.2696
4736,0.0536,0.56208,2.36378,0.26816,0.261024,0.255872,0.251776,0.251776,0.270208
4737,0.052576,0.561024,2.37366,0.268192,0.259936,0.257952,0.252832,0.251872,0.270208
4738,0.053088,0.563776,2.37018,0.269216,0.26,0.528288,0.257184,0.255872,0.27024
4739,0.053408,0.563616,2.36589,0.26816,0.259968,0.25792,0.251776,0.253824,0.269184
4740,0.052672,0.5624,2.37024,0.268192,0.26,0.255904,0.251808,0.251808,0.272256
4741,0.052544,0.561824,2.36918,0.268192,0.260992,0.257952,0.251808,0.253824,0.27024
4742,0.053536,0.563168,2.64454,0.26816,0.259968,0.255872,0.251776,0.253824,0.269568
4743,0.05296,0.561248,2.37158,0.26816,0.262048,0.257952,0.251776,0.253856,0.271232
4744,0.052576,0.559936,2.36813,0.26816,0.262048,0.255872,0.251776,0.253856,0.27024
4745,0.053728,0.561056,2.37114,0.26816,0.267488,0.255872,0.251776,0.510848,0.270208
4746,0.052352,0.561984,2.37424,0.268192,0.262048,0.256928,0.251776,0.253856,0.27024
4747,0.05264,0.562592,2.37334,0.269184,0.259968,0.255872,0.251808,0.253856,0.27024
4748,0.052576,0.5624,2.36768,0.268192,0.259968,0.25792,0.251776,0.253824,0.270208
4749,0.05248,0.56176,2.63907,0.26816,0.26,0.255872,0.251808,0.251808,0.26944
4750,0.05312,0.565696,2.368,0.27024,0.262048,0.25792,0.2528,0.251808,0.268192
4751,0.05312,0.56256,2.37014,0.269184,0.262016,0.255872,0.251776,0.251776,0.270208
4752,0.052384,0.561888,2.37059,0.268192,0.26,0.257952,0.251776,0.253856,0.270208
4753,0.05296,0.827392,2.54432,0.26816,0.262048,0.255872,0.251808,0.251808,0.269536
4754,0.053248,0.563456,2.36723,0.26816,0.259968,0.25792,0.251776,0.253824,0.271232
4755,0.052352,0.566144,2.37642,0.268192,0.26,0.257952,0.251808,0.251776,0.270208
4756,0.053152,0.559584,2.63894,0.268192,0.26,0.257952,0.251776,0.253856,0.281824
4757,0.053312,0.56496,2.36992,0.26816,0.260992,0.25792,0.251776,0.253824,0.270208
4758,0.052608,0.561696,2.37187,0.26816,0.262048,0.257952,0.250784,0.253824,0.270176
4759,0.052864,0.56,2.36531,0.269216,0.26,0.255904,0.251776,0.253824,0.27024
4760,0.053088,0.566016,2.66038,0.26816,0.259968,0.25792,0.251776,0.253824,0.271616
4761,0.052608,0.562176,2.37846,0.27024,0.259968,0.25584,0.251808,0.253856,0.272288
4762,0.052352,0.56336,2.36934,0.268192,0.259968,0.257952,0.251776,0.252832,0.270208
4763,0.05296,0.560864,2.36467,0.26816,0.259968,0.424832,0.257056,0.253824,0.270208
4764,0.05248,0.859776,2.38515,0.26816,0.259968,0.255872,0.251808,0.252832,0.27024
4765,0.052928,0.562048,2.36893,0.27024,0.26,0.256928,0.251808,0.251776,0.27024
4766,0.053056,0.56512,2.36739,0.26816,0.26,0.25792,0.249728,0.251776,0.269184
4767,0.052864,0.562944,2.87261,0.268192,0.262048,0.255904,0.251808,0.251808,0.269376
4768,0.053088,0.558688,2.37018,0.27024,0.259968,0.256928,0.251808,0.253856,0.270208
4769,0.053088,0.562144,2.37501,0.26816,0.262016,0.25792,0.251776,0.253824,0.271232
4770,0.052512,0.56224,2.37453,0.268192,0.262048,0.450464,0.254944,0.253856,0.27024
4771,0.052992,0.561184,2.37059,0.268192,0.259968,0.257952,0.251808,0.252832,0.27024
4772,0.053024,0.561344,2.37021,0.270208,0.259968,0.256896,0.251776,0.251776,0.270208
4773,0.052544,0.563616,2.37622,0.268192,0.26,0.255904,0.251808,0.251808,0.271232
4774,0.052672,0.561984,2.83398,0.268192,0.26,0.255904,0.251808,0.251808,0.2736
4775,0.053312,0.76512,2.36944,0.26816,0.259968,0.25792,0.251776,0.2528,0.270208
4776,0.052128,0.560704,2.37213,0.26816,0.259968,0.256928,0.251776,0.251808,0.27024
4777,0.053184,0.561504,2.36362,0.269184,0.262048,0.255872,0.444288,0.257184,0.27024
4778,0.053696,0.838848,2.37158,0.26816,0.260992,0.255872,0.251776,0.253824,0.272256
4779,0.052128,0.562048,2.37504,0.26816,0.26,0.255872,0.252832,0.251776,0.270208
4780,0.052224,0.56352,2.36864,0.267168,0.262048,0.255904,0.251776,0.251808,0.268192
4781,0.053824,0.562848,2.86275,0.26816,0.259968,0.403328,0.253088,0.251776,0.27552
4782,0.052256,0.5592,2.37216,0.268192,0.26,0.25792,0.251808,0.251808,0.269216
4783,0.05344,0.562496,2.36854,0.268192,0.262048,0.25792,0.251808,0.251776,0.27024
4784,0.053568,0.56512,2.37226,0.270208,0.263168,0.25792,0.251776,0.44736,0.270208
4785,0.052992,0.837376,2.37594,0.268192,0.259968,0.255904,0.251744,0.251808,0.27024
4786,0.052608,0.560512,2.36762,0.268192,0.259968,0.257952,0.251776,0.252832,0.270208
4787,0.05312,0.562752,2.37267,0.26816,0.259968,0.256896,0.251776,0.253824,0.270208
4788,0.052512,0.561792,2.65859,0.26816,0.26,0.255872,0.251808,0.251808,0.269536
4789,0.052608,0.561248,2.36838,0.27024,0.259968,0.256896,0.251808,0.251808,0.270208
4790,0.053344,0.564448,2.36656,0.26816,0.262016,0.255872,0.251776,0.251776,0.269184
4791,0.052704,0.561696,2.37542,0.268192,0.259968,0.255904,0.251776,0.251808,0.27024
4792,0.052768,0.81584,2.37197,0.268192,0.259968,0.255904,0.251808,0.252832,0.268192
4793,0.053408,0.564448,2.37046,0.270208,0.259968,0.25792,0.250752,0.251776,0.270208
4794,0.05232,0.565408,2.37549,0.267168,0.26,0.255968,0.251744,0.251776,0.27024
4795,0.053664,0.564,2.62595,0.268192,0.26,0.41152,0.257248,0.253824,0.277792
4796,0.052992,0.562208,2.37494,0.26816,0.259968,0.255872,0.251776,0.251776,0.271232
4797,0.05264,0.564352,2.37027,0.268192,0.259968,0.255904,0.251776,0.251808,0.27024
4798,0.053376,0.558944,2.36464,0.268192,0.260992,0.255904,0.251808,0.251776,0.303008
4799,0.053888,0.560224,2.64477,0.26816,0.259968,0.255872,0.251776,0.251808,0.324864
4800,0.052256,0.563104,2.3703,0.27024,0.26,0.255904,0.251808,0.2528,0.307072
4801,0.05344,0.556544,2.37504,0.268192,0.26,0.256896,0.251808,0.251776,0.337824
4802,0.054624,0.557056,2.37539,0.273632,0.263392,0.25792,0.251776,0.408448,0.537472
4803,0.053472,0.557056,2.56368,0.268192,0.26,0.257952,0.251808,0.251808,0.337088
4804,0.05344,0.55632,2.37059,0.268192,0.259968,0.255904,0.251776,0.251808,0.328608
4805,0.05376,0.55632,2.37085,0.270208,0.259968,0.25792,0.251776,0.251776,0.315264
4806,0.056256,0.557056,2.7529,0.27024,0.26,0.25792,0.251808,0.251776,0.496896
4807,0.05552,0.560832,2.37363,0.271264,0.262048,0.257952,0.251776,0.253856,0.499616
4808,0.05632,0.559904,2.3721,0.270208,0.262016,0.255872,0.251776,0.253824,0.49344
4809,0.055648,0.559168,2.65286,0.27024,0.259968,0.257952,0.251776,0.251808,0.515296
4810,0.05488,0.559104,2.35274,0.270208,0.259968,0.255872,0.251808,0.2528,0.397216
4811,0.055488,0.558592,2.35606,0.269184,0.259968,0.25792,0.251776,0.253824,0.378752
4812,0.0544,0.561248,2.36342,0.27024,0.262048,0.257952,0.251808,0.251776,0.371616
4813,0.054784,0.835936,2.2977,0.27024,0.261024,0.255904,0.251776,0.253824,0.4832
4814,0.053824,0.555008,2.25533,0.270208,0.259968,0.255872,0.250752,0.251776,0.489344
4815,0.05264,0.554848,2.25696,0.271232,0.26,0.255872,0.251808,0.251808,0.4832
4816,0.053184,0.556032,2.41981,0.402304,0.4136,0.261408,0.253856,0.251776,0.503072
4817,0.051392,0.55712,2.23088,0.26816,0.26,0.25792,0.250752,0.251776,0.386944
4818,0.051072,0.553984,2.23587,0.269216,0.26,0.255904,0.251808,0.251808,0.399232
4819,0.050976,0.553184,2.23034,0.268192,0.259968,0.255904,0.251776,0.251808,0.383904
4820,0.051648,0.740736,2.43907,0.26816,0.259968,0.255904,0.251808,0.251776,0.398592
4821,0.051072,0.556032,2.29133,0.268192,0.26,0.255904,0.251808,0.251776,0.41872
4822,0.050688,0.5568,2.28957,0.268192,0.259968,0.255904,0.251776,0.251808,0.376736
4823,0.051808,0.552416,2.29792,0.269536,0.259968,0.255872,0.400256,0.257248,0.587648
4824,0.050848,0.549216,2.30045,0.267168,0.259968,0.255904,0.251776,0.251808,0.397216
4825,0.050048,0.551808,2.29722,0.27024,0.259968,0.255904,0.251776,0.251808,0.36544
4826,0.050432,0.550272,2.28848,0.26816,0.258944,0.255872,0.249728,0.251776,0.388992
4827,0.04992,0.550432,2.66851,0.27024,0.259968,0.255904,0.251776,0.251808,0.357632
4828,0.049856,0.547584,2.28243,0.269216,0.25792,0.255904,0.251808,0.251808,0.364416
4829,0.050144,0.548864,2.2871,0.26816,0.259968,0.255872,0.249728,0.251776,0.373632
4830,0.05072,0.54944,2.28781,0.27024,0.41152,0.424864,0.253216,0.253824,0.339872
4831,0.048928,0.54432,2.2767,0.268192,0.26,0.253856,0.251808,0.2528,0.360352
4832,0.049312,0.544416,2.27222,0.26816,0.259968,0.254848,0.251776,0.251776,0.356224
4833,0.048224,0.54512,2.27344,0.268192,0.259968,0.255904,0.249728,0.251808,0.340896
4834,0.048576,0.54096,2.63565,0.268192,0.25792,0.255904,0.24976,0.251808,0.322848
4835,0.048992,0.544128,2.26659,0.270208,0.258944,0.255872,0.251776,0.251776,0.313216
4836,0.047968,0.543808,2.2712,0.270208,0.257952,0.255872,0.250752,0.251808,0.327584
4837,0.048,0.5416,2.26381,0.26816,0.259968,0.25488,0.251776,0.251808,0.325536
4838,0.048448,0.721952,2.44768,0.26816,0.259968,0.255872,0.251776,0.251776,0.3064
4839,0.048192,0.542944,2.26509,0.268192,0.259968,0.255904,0.249728,0.251808,0.303008
4840,0.048352,0.541216,2.2648,0.268192,0.258976,0.255904,0.249728,0.251808,0.292768
4841,0.048256,0.544064,2.26608,0.26736,0.259968,0.255872,0.383872,0.257248,0.43712
4842,0.047808,0.711392,2.2665,0.268192,0.257952,0.255904,0.251808,0.251808,0.266112
4843,0.048096,0.54336,2.26688,0.26816,0.259968,0.255872,0.251808,0.252832,0.264096
4844,0.04896,0.542752,2.26758,0.268128,0.259968,0.255872,0.250752,0.251808,0.264096
4845,0.048128,0.542624,2.64678,0.26816,0.257952,0.255872,0.251808,0.251808,0.265408
4846,0.048128,0.54256,2.26438,0.268192,0.26,0.255904,0.251808,0.250784,0.264096
4847,0.048352,0.542208,2.26538,0.26816,0.259968,0.25488,0.251808,0.249728,0.264064
4848,0.048384,0.544224,2.27126,0.267136,0.428928,0.255872,0.249728,0.251776,0.266144
4849,0.048448,0.542144,2.43565,0.26816,0.257952,0.253824,0.251808,0.251808,0.26544
4850,0.048384,0.541728,2.264,0.268192,0.257952,0.255872,0.24976,0.251808,0.266112
4851,0.04784,0.542752,2.26966,0.26816,0.258976,0.253856,0.24976,0.251776,0.264064
4852,0.048704,0.545248,2.45658,0.268192,0.259968,0.255904,0.404384,0.255232,0.275712
4853,0.048416,0.540352,2.2631,0.267104,0.26,0.255872,0.24976,0.251808,0.266112
4854,0.04816,0.54352,2.27008,0.268192,0.25792,0.255904,0.251808,0.251808,0.265088
4855,0.047968,0.544864,2.2577,0.266112,0.259968,0.253856,0.249728,0.251808,0.264064
4856,0.048832,0.54496,2.54314,0.266112,0.257952,0.255904,0.249728,0.251808,0.26544
4857,0.048224,0.54176,2.2688,0.26816,0.26,0.255872,0.249728,0.251776,0.265088
4858,0.048512,0.544256,2.26547,0.268192,0.259968,0.255904,0.249728,0.251808,0.264096
4859,0.052576,0.540192,2.26326,0.26816,0.425888,0.255872,0.24976,0.251776,0.266112
4860,0.04912,0.542272,2.43981,0.268192,0.26,0.253856,0.24976,0.251808,0.264448
4861,0.048544,0.54224,2.26384,0.268192,0.26,0.255904,0.251808,0.251808,0.264064
4862,0.049152,0.547008,2.26282,0.268128,0.258944,0.25584,0.24976,0.251776,0.264032
4863,0.04816,0.545312,2.26723,0.267552,0.26,0.255904,0.400288,0.257248,0.436128
4864,0.048,0.545504,2.26538,0.268192,0.25792,0.254848,0.251808,0.251808,0.264096
4865,0.048864,0.539776,2.26573,0.266112,0.26,0.255872,0.24976,0.251776,0.265056
4866,0.047872,0.543392,2.26803,0.26816,0.26,0.255872,0.249728,0.251776,0.266112
4867,0.04864,0.5424,2.62339,0.419712,0.26,0.257216,0.251808,0.251808,0.265472
4868,0.04896,0.545312,2.26323,0.27024,0.26,0.255872,0.24976,0.251808,0.266112
4869,0.048064,0.54096,2.27274,0.26816,0.25792,0.255872,0.24976,0.251776,0.266144
4870,0.048576,0.543936,2.26902,0.268192,0.430976,0.255904,0.249728,0.251808,0.264096
4871,0.048736,0.543232,2.43274,0.268128,0.257952,0.255872,0.24976,0.251776,0.267488
4872,0.048448,0.54208,2.26973,0.268192,0.25792,0.255904,0.24976,0.251808,0.266144
4873,0.048384,0.54256,2.26698,0.268192,0.259968,0.255904,0.24976,0.250784,0.264064
4874,0.048928,0.54496,2.44714,0.266112,0.26,0.255904,0.405408,0.253184,0.275648
4875,0.047872,0.54144,2.26803,0.267136,0.25792,0.255872,0.24976,0.251776,0.266144
4876,0.048544,0.541728,2.26387,0.26816,0.26,0.255872,0.251808,0.251808,0.265088
4877,0.04832,0.543712,2.26387,0.268128,0.257952,0.255872,0.24976,0.251776,0.266112
4878,0.048736,0.543648,2.6537,0.268192,0.25792,0.253856,0.24976,0.251808,0.26544
4879,0.04832,0.544448,2.26371,0.26816,0.25792,0.255872,0.251808,0.250784,0.264064
4880,0.048352,0.541152,2.26602,0.268192,0.257952,0.254848,0.251808,0.251776,0.264064
4881,0.048288,0.54256,2.26867,0.269216,0.432032,0.255904,0.24976,0.251808,0.266112
4882,0.048384,0.542016,2.44173,0.268192,0.25792,0.255904,0.251808,0.251776,0.265472
4883,0.04848,0.544032,2.26566,0.268192,0.257952,0.255904,0.249696,0.251808,0.266112
4884,0.048352,0.544704,2.26774,0.268192,0.25792,0.255904,0.251808,0.250784,0.264064
4885,0.048736,0.540928,2.44781,0.27024,0.26,0.253856,0.401312,0.253152,0.275712
4886,0.0488,0.54256,2.26534,0.267168,0.25792,0.255904,0.249728,0.251808,0.266112
4887,0.048096,0.544128,2.26691,0.268192,0.25792,0.255904,0.24976,0.251776,0.26512
4888,0.048544,0.5432,2.2655,0.26816,0.26,0.255872,0.251808,0.251808,0.264064
4889,0.048832,0.542016,2.6337,0.26816,0.259968,0.253856,0.24976,0.251808,0.265472
4890,0.048416,0.541088,2.26739,0.27024,0.25792,0.255904,0.250784,0.251808,0.266144
4891,0.048576,0.542048,2.26512,0.266144,0.25792,0.256928,0.24976,0.251808,0.264064
4892,0.04928,0.541952,2.26442,0.269184,0.429984,0.255904,0.249728,0.251808,0.264064
4893,0.048288,0.542208,2.59619,0.268192,0.25792,0.253856,0.24976,0.251808,0.26544
4894,0.04816,0.543584,2.26586,0.269216,0.25792,0.255904,0.251808,0.251776,0.266144
4895,0.0488,0.546208,2.26368,0.26816,0.26,0.255904,0.249696,0.24976,0.26512
4896,0.048384,0.542112,2.45613,0.266112,0.26,0.409504,0.25312,0.253824,0.271616
4897,0.048288,0.545792,2.26058,0.267168,0.257952,0.255904,0.249728,0.251808,0.264064
4898,0.04864,0.543296,2.26355,0.268192,0.257952,0.255872,0.251808,0.251744,0.265088
4899,0.04848,0.543584,2.26992,0.27024,0.26,0.255904,0.251808,0.251808,0.266112
4900,0.048672,0.542496,2.53408,0.26816,0.26,0.255872,0.251808,0.251808,0.26544
4901,0.048768,0.545824,2.26915,0.26816,0.257952,0.255904,0.249728,0.251808,0.26512
4902,0.048064,0.540768,2.26909,0.26816,0.257952,0.255872,0.251808,0.251808,0.266112
4903,0.04864,0.543776,2.26323,0.268192,0.26656,0.255904,0.251776,0.41248,0.264096
4904,0.04912,0.544096,2.44643,0.26816,0.257952,0.255904,0.249728,0.251808,0.265312
4905,0.048384,0.544448,2.26838,0.26816,0.258944,0.255904,0.251776,0.251808,0.266144
4906,0.048352,0.545344,2.2601,0.266144,0.25792,0.253856,0.24976,0.2528,0.264096
4907,0.048832,0.541952,2.45571,0.268192,0.26,0.255872,0.404384,0.253184,0.27568
4908,0.047936,0.54432,2.26774,0.267136,0.25792,0.255904,0.24976,0.251808,0.266144
4909,0.04832,0.542208,2.26186,0.268192,0.259968,0.255904,0.249728,0.251808,0.26512
4910,0.048736,0.544,2.26406,0.268192,0.259968,0.255904,0.251776,0.251808,0.266112
4911,0.048864,0.541376,2.63107,0.268192,0.26,0.255904,0.24976,0.251776,0.26544
4912,0.048672,0.545792,2.26726,0.268192,0.259968,0.255904,0.24976,0.252832,0.266144
4913,0.048832,0.544896,2.26144,0.26816,0.257952,0.254848,0.24976,0.251808,0.264064
4914,0.048576,0.54496,2.26966,0.269216,0.25792,0.255904,0.249728,0.251808,0.266112
4915,0.0488,0.542624,2.4449,0.266144,0.25792,0.255904,0.24976,0.251776,0.265024
4916,0.048576,0.544384,2.26134,0.26816,0.257952,0.253824,0.24976,0.251808,0.264064
4917,0.048032,0.541856,2.2728,0.268192,0.258944,0.255904,0.24976,0.251808,0.266144
4918,0.048288,0.540032,2.2641,0.271616,0.26336,0.257952,0.251776,0.432032,0.440224
4919,0.048928,0.543136,2.26531,0.27024,0.26,0.25488,0.249696,0.251808,0.266112
4920,0.048064,0.546592,2.26803,0.267136,0.257952,0.255872,0.24976,0.251808,0.264096
4921,0.047808,0.543072,2.26474,0.268192,0.257952,0.255904,0.249728,0.251808,0.26512
4922,0.048992,0.54176,2.64246,0.26608,0.257952,0.253824,0.251808,0.251808,0.26544
4923,0.048448,0.543392,2.2689,0.268192,0.26,0.255904,0.250752,0.251808,0.266144
4924,0.048288,0.54224,2.26486,0.268192,0.25792,0.25488,0.251808,0.251808,0.266112
4925,0.048768,0.545376,2.26141,0.268128,0.265472,0.253824,0.24976,0.416672,0.265088
4926,0.048768,0.543392,2.44051,0.266112,0.26,0.255872,0.251808,0.249728,0.265408
4927,0.048288,0.543936,2.26128,0.268192,0.258944,0.255904,0.24976,0.251808,0.264096
4928,0.04832,0.54512,2.26246,0.268192,0.257952,0.255904,0.249728,0.250784,0.266112
4929,0.048768,0.544096,2.45226,0.268192,0.259968,0.407424,0.255232,0.251808,0.275712
4930,0.048384,0.54032,2.26534,0.267168,0.257952,0.255904,0.24976,0.251808,0.264096
4931,0.048736,0.543392,2.26518,0.268192,0.26,0.255872,0.251808,0.251744,0.265088
4932,0.048416,0.544672,2.26899,0.26816,0.25792,0.255872,0.251808,0.251808,0.264064
4933,0.048384,0.542656,2.65251,0.268192,0.257952,0.255904,0.249728,0.251808,0.265472
4934,0.04848,0.543424,2.26582,0.268192,0.26,0.255904,0.250752,0.251776,0.266112
4935,0.048352,0.539648,2.26579,0.266144,0.26,0.254848,0.24976,0.249728,0.264096
4936,0.04848,0.541728,2.26554,0.268192,0.263392,0.255904,0.251776,0.420768,0.26512
4937,0.048768,0.714944,2.26518,0.26816,0.26,0.255904,0.249728,0.251808,0.266112
4938,0.047744,0.54272,2.26675,0.268192,0.258976,0.255904,0.251776,0.251808,0.266144
4939,0.04832,0.543488,2.26435,0.26816,0.26,0.253856,0.24976,0.252832,0.264096
4940,0.048608,0.541376,2.45933,0.26816,0.26,0.406432,0.253184,0.251808,0.271456
4941,0.048128,0.54496,2.27149,0.267136,0.25792,0.255872,0.251808,0.251808,0.266144
4942,0.048064,0.544704,2.26227,0.268192,0.257952,0.255904,0.24976,0.251808,0.264096
4943,0.048128,0.543456,2.26349,0.268192,0.259968,0.255904,0.24976,0.251776,0.266112
4944,0.048224,0.5432,2.70784,0.266144,0.25792,0.253856,0.249728,0.251808,0.265472
4945,0.047744,0.54464,2.26218,0.268192,0.26,0.255904,0.250784,0.251776,0.264096
4946,0.048864,0.543616,2.26394,0.26816,0.257952,0.25488,0.251808,0.251776,0.266112
4947,0.04816,0.543136,2.26995,0.268192,0.263424,0.255904,0.251776,0.422816,0.26512
4948,0.0488,0.715264,2.26442,0.266112,0.25792,0.255872,0.24976,0.251776,0.264064
4949,0.048512,0.544864,2.26851,0.26816,0.258912,0.255872,0.251808,0.251776,0.266112
4950,0.048,0.541888,2.26854,0.268192,0.257952,0.253856,0.251808,0.250784,0.264096
4951,0.048416,0.544576,2.4551,0.268192,0.26,0.409504,0.253184,0.251776,0.265472
4952,0.048448,0.544288,2.26138,0.26816,0.257888,0.255904,0.249728,0.251808,0.265088
4953,0.048288,0.544224,2.26893,0.268192,0.259968,0.255904,0.249728,0.251808,0.264096
4954,0.048352,0.545376,2.26442,0.266112,0.26,0.255872,0.24976,0.251776,0.264064
4955,0.04864,0.546656,2.63629,0.268128,0.257952,0.25584,0.251776,0.251776,0.265408
4956,0.048064,0.545088,2.26736,0.268192,0.25792,0.255904,0.250784,0.251808,0.266144
4957,0.048096,0.541024,2.26614,0.267168,0.257952,0.255904,0.251776,0.251808,0.264096
4958,0.048704,0.54224,2.26301,0.26816,0.263392,0.255904,0.249696,0.420768,0.26512
4959,0.048352,0.712064,2.27107,0.268192,0.26,0.253856,0.24976,0.251808,0.266144
4960,0.04832,0.54304,2.26717,0.26816,0.258976,0.255872,0.251808,0.251808,0.266112
4961,0.048928,0.543232,2.26013,0.268192,0.25792,0.253856,0.24976,0.250784,0.266112
4962,0.048672,0.543328,2.47456,0.266144,0.26,0.40848,0.253184,0.251776,0.26752
4963,0.048224,0.54496,2.26282,0.267136,0.26,0.255872,0.24976,0.251808,0.266144
4964,0.048576,0.544192,2.26637,0.26816,0.259968,0.255904,0.251808,0.251744,0.264064
4965,0.048,0.544512,2.26618,0.268192,0.25792,0.255904,0.24976,0.251808,0.266144
4966,0.047744,0.541504,2.55411,0.266144,0.25792,0.255904,0.24976,0.251776,0.26544
4967,0.048352,0.543712,2.26438,0.26816,0.26,0.255904,0.24976,0.251808,0.266112
4968,0.048256,0.543072,2.26941,0.268192,0.25792,0.255904,0.249728,0.251808,0.266144
4969,0.0488,0.540896,2.26742,0.268192,0.263392,0.255904,0.249728,0.419744,0.264096
4970,0.048928,0.737152,2.26502,0.26816,0.25792,0.253824,0.24976,0.24976,0.266112
4971,0.048096,0.545664,2.27008,0.26816,0.258944,0.255872,0.249728,0.251776,0.266144
4972,0.04768,0.543104,2.26694,0.268192,0.257952,0.255904,0.249728,0.2528,0.264096
4973,0.048672,0.544992,2.54454,0.26816,0.257952,0.255904,0.251808,0.251776,0.269504
4974,0.047936,0.542176,2.26698,0.268192,0.258976,0.255904,0.24976,0.251808,0.266144
4975,0.048448,0.538368,2.2633,0.268192,0.25792,0.255904,0.24976,0.250784,0.266112
4976,0.048416,0.544032,2.26058,0.268128,0.257952,0.25488,0.249728,0.251808,0.264032
4977,0.048096,0.544608,2.55642,0.268192,0.26,0.255904,0.24976,0.251808,0.265472
4978,0.048128,0.542592,2.2633,0.268192,0.259968,0.255904,0.249728,0.251808,0.264096
4979,0.048224,0.540896,2.26093,0.26816,0.259968,0.255904,0.249696,0.24976,0.266112
4980,0.048192,0.545728,2.26883,0.268192,0.430976,0.255904,0.24976,0.251808,0.266144
4981,0.04896,0.541472,2.43843,0.266144,0.257952,0.253824,0.251776,0.251808,0.265472
4982,0.048704,0.5432,2.2663,0.268128,0.25792,0.257952,0.24976,0.251808,0.264096
4983,0.048128,0.541888,2.2679,0.268192,0.257952,0.255904,0.249728,0.250752,0.264096
4984,0.04816,0.54176,2.55414,0.268192,0.25792,0.255904,0.24976,0.251808,0.275712
4985,0.04832,0.543136,2.26384,0.26816,0.25792,0.255904,0.249696,0.251808,0.266112
4986,0.047776,0.544224,2.2679,0.268192,0.25792,0.253856,0.251776,0.250752,0.266144
4987,0.048544,0.541888,2.26406,0.268192,0.26,0.255904,0.250784,0.251776,0.264096
4988,0.048512,0.545184,2.54461,0.268192,0.257952,0.255904,0.249728,0.249728,0.26544
4989,0.04832,0.543232,2.27037,0.26816,0.25792,0.253856,0.24976,0.251776,0.265088
4990,0.048288,0.54272,2.26118,0.266144,0.257952,0.253856,0.249728,0.251808,0.264096
4991,0.056576,0.544768,2.26547,0.26816,0.420288,0.255872,0.251808,0.251776,0.26608
4992,0.04864,0.54192,2.62573,0.266144,0.257952,0.253824,0.24976,0.251776,0.265408
4993,0.048448,0.545088,2.26346,0.268192,0.259968,0.25488,0.251776,0.251808,0.264096
4994,0.048032,0.543968,2.26323,0.268128,0.25792,0.255872,0.24976,0.251776,0.265088
4995,0.048224,0.54224,2.45283,0.266112,0.259968,0.402464,0.256128,0.253856,0.275712
4996,0.048128,0.5424,2.26394,0.267136,0.257952,0.255872,0.24976,0.249728,0.264096
4997,0.0496,0.543392,2.26189,0.268128,0.259968,0.25584,0.251808,0.251776,0.265088
4998,0.048192,0.543424,2.26723,0.268192,0.26,0.255904,0.249728,0.24976,0.266144
4999,0.048864,0.541376,2.63872,0.268192,0.25792,0.255904,0.24976,0.251808,0.265472
5000,0.048896,0.542592,2.26598,0.26816,0.26,0.255904,0.249728,0.250784,0.266112
5001,0.047968,0.543776,2.26749,0.266112,0.257952,0.255904,0.250784,0.251776,0.264096
5002,0.049664,0.543072,2.26499,0.267136,0.427936,0.255872,0.24976,0.251776,0.264096
5003,0.048864,0.544384,2.43482,0.26816,0.26,0.255904,0.249728,0.251808,0.265472
5004,0.047744,0.54256,2.27091,0.26816,0.25792,0.253856,0.24976,0.251776,0.266112
5005,0.048256,0.542112,2.26493,0.26816,0.258976,0.253856,0.24976,0.251808,0.264096
5006,0.048832,0.544192,2.45549,0.268192,0.26,0.255904,0.4064,0.253184,0.275552
5007,0.047936,0.544672,2.26842,0.267136,0.25792,0.255872,0.24976,0.251808,0.264096
5008,0.048288,0.542688,2.2649,0.268192,0.25792,0.255904,0.249728,0.251808,0.26512
5009,0.048832,0.541888,2.2664,0.26816,0.257888,0.255904,0.249728,0.251808,0.264064
5010,0.048448,0.541216,2.54694,0.268192,0.25792,0.255904,0.249728,0.251808,0.26752
5011,0.048064,0.542176,2.2632,0.268192,0.25792,0.255904,0.249728,0.251808,0.26512
5012,0.048896,0.54496,2.26253,0.26816,0.25792,0.255872,0.24976,0.251808,0.264032
5013,0.054272,0.542368,2.26925,0.26816,0.424864,0.255872,0.249728,0.251776,0.266144
5014,0.04848,0.544032,2.44186,0.268192,0.25792,0.255904,0.249728,0.251808,0.265472
5015,0.048896,0.545504,2.26294,0.268128,0.25792,0.255872,0.251808,0.251776,0.266112
5016,0.048288,0.542656,2.26496,0.268192,0.258976,0.255904,0.24976,0.251808,0.264096
5017,0.048544,0.54304,2.26448,0.26752,0.262048,0.255904,0.37568,0.259776,0.437152
5018,0.048928,0.717312,2.26614,0.27024,0.259968,0.255904,0.24976,0.251808,0.266112
5019,0.047968,0.54448,2.26698,0.26816,0.26,0.255872,0.251808,0.250784,0.266112
5020,0.048,0.542176,2.26349,0.268192,0.25792,0.255904,0.250784,0.249728,0.264096
5021,0.04912,0.543168,2.64214,0.26816,0.257952,0.255872,0.24976,0.251808,0.26544
5022,0.048128,0.541696,2.45606,0.266112,0.25792,0.253856,0.24976,0.251808,0.26544
5023,0.048352,0.54432,2.26317,0.26816,0.25792,0.25488,0.251776,0.251808,0.264064
5024,0.048704,0.543968,2.26272,0.269184,0.26,0.255904,0.24976,0.251808,0.266112
5025,0.048384,0.540992,2.44899,0.268192,0.25792,0.255904,0.24976,0.251808,0.265376
5026,0.048384,0.541536,2.26093,0.268192,0.26,0.255904,0.24976,0.251808,0.266144
5027,0.048768,0.542752,2.26371,0.268192,0.258976,0.255904,0.249728,0.251808,0.266112
5028,0.048192,0.54256,2.46256,0.268192,0.26,0.40848,0.253184,0.251776,0.269568
5029,0.048,0.540416,2.26387,0.269216,0.25792,0.253856,0.249728,0.251808,0.264064
5030,0.048672,0.542944,2.26176,0.268192,0.257952,0.255904,0.249696,0.251808,0.264064
5031,0.047744,0.543264,2.26886,0.266112,0.25792,0.253824,0.24976,0.251808,0.264064
5032,0.048352,0.543648,2.54989,0.268192,0.25792,0.255904,0.24976,0.251808,0.265472
5033,0.0488,0.544256,2.26333,0.266112,0.257952,0.255872,0.251808,0.251744,0.264032
5034,0.048064,0.543232,2.26886,0.268192,0.26,0.255904,0.24976,0.251808,0.264096
5035,0.048864,0.542688,2.26214,0.26816,0.26752,0.255872,0.24976,0.416672,0.266112
5036,0.048576,0.545152,2.43728,0.268192,0.25792,0.25584,0.249728,0.251776,0.265472
5037,0.048096,0.542784,2.27066,0.26816,0.258944,0.255872,0.251808,0.251808,0.266144
5038,0.047968,0.541568,2.26426,0.268192,0.25792,0.255904,0.24976,0.250752,0.266144
5039,0.04896,0.543392,2.47296,0.26816,0.26,0.255904,0.40336,0.253216,0.275648
5040,0.048352,0.648448,2.27149,0.27024,0.258976,0.255904,0.24976,0.251808,0.266112
5041,0.048192,0.547424,2.26438,0.26816,0.259968,0.255872,0.250752,0.251808,0.264096
5042,0.04816,0.54096,2.26861,0.26816,0.26,0.254816,0.24976,0.251808,0.264064
5043,0.04864,0.544032,2.64771,0.266112,0.26,0.255872,0.24976,0.251776,0.26544
5044,0.048448,0.543712,2.26278,0.268192,0.26,0.255904,0.250784,0.251808,0.264096
5045,0.048512,0.542976,2.2664,0.26816,0.25792,0.254848,0.24976,0.251776,0.264064
5046,0.048704,0.545152,2.26982,0.268192,0.263392,0.255904,0.251808,0.421792,0.26512
5047,0.048544,0.710112,2.26682,0.26816,0.25792,0.255872,0.24976,0.251776,0.266144
5048,0.048864,0.54368,2.26237,0.268192,0.258944,0.255904,0.24976,0.251776,0.266112
5049,0.047712,0.5424,2.2727,0.26816,0.259968,0.253856,0.24976,0.250784,0.266144
5050,0.048256,0.543168,2.54643,0.268192,0.25792,0.255904,0.249728,0.251808,0.26752
5051,0.04848,0.544352,2.26051,0.266144,0.258944,0.253824,0.24976,0.251776,0.266112
5052,0.048,0.543808,2.26947,0.26816,0.25792,0.255872,0.250752,0.24976,0.266112
5053,0.048448,0.542016,2.26547,0.26816,0.25792,0.25488,0.251808,0.251808,0.264064
5054,0.048992,0.54432,2.64403,0.266144,0.259968,0.255904,0.249696,0.251808,0.265408
5055,0.048,0.54416,2.26813,0.26816,0.25792,0.255904,0.250784,0.251776,0.266144
5056,0.048192,0.544736,2.26269,0.266144,0.25792,0.25488,0.251808,0.249728,0.264096
5057,0.048896,0.540704,2.26262,0.268192,0.26544,0.255872,0.251808,0.419712,0.265088
5058,0.04864,0.7072,2.26842,0.268192,0.257952,0.255904,0.24976,0.251808,0.266112
5059,0.047904,0.543424,2.26659,0.26816,0.258944,0.255872,0.251808,0.251776,0.266144
5060,0.048704,0.541216,2.26214,0.268192,0.257952,0.255904,0.249728,0.250784,0.266112
5061,0.048416,0.542208,2.4575,0.268192,0.26,0.40848,0.255232,0.253856,0.273664
5062,0.048128,0.544128,2.26218,0.267136,0.257952,0.255872,0.24976,0.251808,0.264096
5063,0.048416,0.543488,2.2656,0.268192,0.259968,0.253824,0.251808,0.251776,0.26512
5064,0.047904,0.542816,2.26685,0.268192,0.26,0.255904,0.249728,0.251808,0.266144
5065,0.04848,0.543904,2.62141,0.26752,0.257952,0.255904,0.24976,0.251808,0.418016
5066,0.048256,0.541824,2.26512,0.26816,0.257952,0.255872,0.24976,0.251808,0.266112
5067,0.04816,0.543008,2.2655,0.268192,0.258944,0.253856,0.24976,0.251808,0.264096
5068,0.048288,0.544352,2.26282,0.268192,0.263456,0.253856,0.251776,0.417696,0.264096
5069,0.048928,0.711104,2.26794,0.268192,0.26,0.255904,0.24976,0.251808,0.266112
5070,0.047936,0.542528,2.2711,0.268192,0.258976,0.255904,0.251776,0.251808,0.266144
5071,0.048064,0.54112,2.25872,0.266112,0.25792,0.255872,0.24976,0.252832,0.264064
5072,0.048896,0.542816,2.46138,0.26816,0.26,0.41152,0.253184,0.251776,0.269536
5073,0.048256,0.543616,2.26877,0.267136,0.26,0.253824,0.251808,0.251808,0.264096
5074,0.048192,0.544512,2.26026,0.268192,0.25792,0.255904,0.251808,0.251808,0.264064
5075,0.048864,0.543744,2.26275,0.26816,0.257952,0.255904,0.249728,0.251808,0.264064
5076,0.048416,0.540512,2.64854,0.266112,0.25792,0.253824,0.24976,0.251776,0.26544
5077,0.048032,0.545184,2.2639,0.26816,0.26,0.253856,0.250784,0.251808,0.266144
5078,0.048832,0.543232,2.26451,0.267168,0.257888,0.255904,0.251808,0.251808,0.264064
5079,0.048384,0.542336,2.26877,0.268192,0.263424,0.255904,0.24976,0.424864,0.26512
5080,0.047968,0.711488,2.26262,0.268192,0.25792,0.255904,0.251776,0.251808,0.266144
5081,0.048832,0.543936,2.2648,0.26816,0.258912,0.255872,0.251776,0.251776,0.26608
5082,0.048096,0.539712,2.2712,0.26816,0.259968,0.255872,0.24976,0.250784,0.266112
5083,0.048416,0.541888,2.47072,0.26816,0.26,0.404352,0.253184,0.251808,0.267488
5084,0.048448,0.54272,2.26544,0.269216,0.257952,0.255872,0.249696,0.251808,0.266112
5085,0.048512,0.545088,2.26717,0.268192,0.26,0.255904,0.24976,0.251808,0.264064
5086,0.047072,0.541856,2.26445,0.268192,0.259968,0.255904,0.249728,0.251808,0.264096
5087,0.048832,0.543712,2.64166,0.266144,0.25792,0.255904,0.249728,0.251808,0.26544
5088,0.047744,0.542848,2.26806,0.266112,0.25792,0.255904,0.250784,0.24976,0.266144
5089,0.048288,0.539072,2.26707,0.267168,0.25792,0.255904,0.249728,0.251808,0.264064
5090,0.048928,0.544288,2.26925,0.268192,0.263424,0.255904,0.251776,0.422816,0.265088
5091,0.048128,0.693568,2.4551,0.268192,0.25792,0.253856,0.24976,0.251808,0.265472
5092,0.048352,0.538688,2.26381,0.266112,0.26,0.255872,0.24976,0.251808,0.26512
5093,0.048512,0.542784,2.26333,0.26816,0.259968,0.253856,0.24976,0.251776,0.266112
5094,0.048384,0.542176,2.47946,0.41872,0.25792,0.261312,0.251776,0.251808,0.265408
5095,0.048576,0.545152,2.26451,0.268192,0.25792,0.255904,0.249728,0.251808,0.26512
5096,0.04832,0.54432,2.26374,0.26816,0.257952,0.255872,0.251808,0.251776,0.266112
5097,0.048192,0.538016,2.26646,0.268192,0.258976,0.253824,0.24976,0.251776,0.264064
5098,0.048448,0.542752,2.63178,0.266112,0.25792,0.253856,0.249728,0.251776,0.263392
5099,0.048512,0.540608,2.26595,0.26816,0.259968,0.254848,0.24976,0.251776,0.264064
5100,0.047968,0.542336,2.26909,0.267168,0.25792,0.255904,0.249728,0.251808,0.264064
5101,0.049088,0.544128,2.26355,0.268192,0.26,0.255904,0.420768,0.257248,0.26512
5102,0.049088,0.712608,2.26566,0.268192,0.25792,0.255904,0.24976,0.251808,0.266112
5103,0.048224,0.541984,2.26915,0.27024,0.26,0.255904,0.24976,0.250784,0.266112
5104,0.047872,0.542112,2.26278,0.268192,0.26,0.253856,0.250784,0.251776,0.264096
5105,0.048544,0.542336,2.45766,0.416672,0.26,0.261376,0.251776,0.251776,0.26544
5106,0.049696,0.540096,2.26819,0.268192,0.25792,0.255904,0.24976,0.251776,0.26512
5107,0.048256,0.543936,2.26534,0.268192,0.26,0.255904,0.24976,0.251808,0.264096
5108,0.048832,0.545344,2.26483,0.268128,0.258976,0.255904,0.249728,0.251776,0.264096
5109,0.048,0.542336,2.54762,0.268192,0.25792,0.253856,0.249728,0.251808,0.26544
5110,0.04864,0.543136,2.26592,0.268192,0.257952,0.255904,0.249728,0.251808,0.264096
5111,0.048992,0.54384,2.26422,0.26816,0.258976,0.255872,0.249728,0.251808,0.266112
5112,0.048096,0.544864,2.268,0.26816,0.262048,0.255872,0.424864,0.257248,0.266112
5113,0.048544,0.713472,2.26474,0.26816,0.25792,0.255872,0.24976,0.251776,0.266144
5114,0.048736,0.545696,2.26435,0.26816,0.257952,0.255904,0.249696,0.252832,0.266112
5115,0.047968,0.539872,2.26867,0.26816,0.257952,0.255872,0.250752,0.251808,0.264064
5116,0.048768,0.540736,2.47318,0.48528,0.26,0.261344,0.251808,0.251808,0.265376
5117,0.048736,0.544576,2.26685,0.268192,0.257888,0.255904,0.249728,0.251808,0.265088
5118,0.048256,0.540288,2.26595,0.26816,0.257952,0.255872,0.251808,0.251808,0.264064
5119,0.048288,0.543456,2.26269,0.268192,0.258944,0.253824,0.251808,0.251808,0.264096
5120,0.048704,0.542336,2.54829,0.268192,0.257952,0.255872,0.251744,0.251808,0.26544
5121,0.048352,0.540896,2.26867,0.27024,0.257952,0.255904,0.24976,0.251808,0.266112
5122,0.048256,0.542176,2.26288,0.268192,0.258944,0.253856,0.24976,0.251808,0.264096
5123,0.049088,0.542944,2.2665,0.26816,0.263264,0.255872,0.250752,0.420768,0.266112
5124,0.048096,0.713728,2.268,0.268192,0.25792,0.255904,0.24976,0.251776,0.266144
5125,0.047776,0.54448,2.26176,0.26816,0.258944,0.255872,0.251808,0.251808,0.266112
5126,0.049024,0.541568,2.26413,0.268192,0.259968,0.255904,0.249728,0.252832,0.264064
5127,0.048064,0.542944,2.54803,0.26816,0.25792,0.253824,0.251808,0.251808,0.271552
5128,0.048128,0.543872,2.264,0.266144,0.258976,0.255904,0.249728,0.251808,0.264096
5129,0.0488,0.545216,2.26166,0.26816,0.259968,0.255872,0.24976,0.250784,0.266112
5130,0.048288,0.54416,2.26822,0.26816,0.26,0.25488,0.24976,0.251808,0.264096
5131,0.048416,0.542656,2.64765,0.266144,0.257952,0.253856,0.249728,0.251808,0.26544
5132,0.048064,0.54416,2.26643,0.26816,0.257952,0.255904,0.248704,0.251808,0.266112
5133,0.04784,0.540064,2.26726,0.266144,0.257952,0.254848,0.24976,0.251776,0.264096
5134,0.048352,0.539776,2.264,0.26816,0.265472,0.255872,0.251808,0.419744,0.26512
5135,0.048928,0.713536,2.26442,0.268192,0.259968,0.255904,0.249696,0.251808,0.266112
5136,0.047744,0.543936,2.27152,0.26816,0.258944,0.255872,0.251808,0.251808,0.266112
5137,0.048192,0.545152,2.26515,0.268192,0.26,0.255904,0.249728,0.250784,0.264096
5138,0.049056,0.541472,2.52534,0.26816,0.26,0.4064,0.255232,0.251776,0.26752
5139,0.048288,0.54112,2.27245,0.267136,0.25792,0.253824,0.24976,0.251808,0.266144
5140,0.048672,0.542848,2.26365,0.268192,0.25792,0.255904,0.24976,0.251776,0.264096
5141,0.048736,0.544832,2.26298,0.268128,0.257952,0.255904,0.24976,0.251808,0.264064
5142,0.048256,0.545056,2.6567,0.268192,0.25792,0.253824,0.251776,0.251808,0.265408
5143,0.048032,0.541344,2.26362,0.26816,0.257952,0.255872,0.250752,0.251808,0.264096
5144,0.048736,0.543488,2.26006,0.26816,0.257952,0.25488,0.249728,0.251808,0.26608
5145,0.048416,0.541056,2.26784,0.26816,0.263424,0.255872,0.24976,0.422784,0.26512
5146,0.04832,0.711072,2.26675,0.26816,0.25792,0.253856,0.24976,0.251808,0.264096
5147,0.04848,0.544832,2.2649,0.268192,0.258976,0.255904,0.249728,0.251808,0.266112
5148,0.047808,0.541984,2.26931,0.268192,0.25792,0.255904,0.24976,0.250784,0.266112
5149,0.048384,0.544992,2.55174,0.266144,0.257952,0.253824,0.24976,0.251776,0.265472
5150,0.048,0.543904,2.26515,0.270208,0.258976,0.255872,0.249728,0.251808,0.266144
5151,0.048192,0.541408,2.26762,0.26816,0.259968,0.255872,0.250752,0.251808,0.266144
5152,0.047968,0.544384,2.26493,0.268192,0.26,0.254848,0.24976,0.251776,0.264096
5153,0.048608,0.541152,2.54608,0.266112,0.26,0.255904,0.251808,0.251776,0.26752
5154,0.048256,0.544032,2.26778,0.26816,0.26,0.255872,0.24976,0.251776,0.266144
5155,0.048096,0.544256,2.26461,0.268192,0.258976,0.255904,0.251776,0.251808,0.264096
5156,0.04912,0.540992,2.26598,0.268128,0.263424,0.255872,0.251808,0.425856,0.266112
5157,0.048032,0.713184,2.26822,0.266112,0.26,0.255904,0.24976,0.251808,0.266144
5158,0.048512,0.54336,2.26499,0.26816,0.258944,0.255872,0.251808,0.251808,0.266144
5159,0.048736,0.54096,2.26445,0.26816,0.26,0.255904,0.249728,0.250752,0.266112
5160,0.048608,0.543168,2.54182,0.26816,0.26,0.253824,0.251808,0.251776,0.267456
5161,0.048512,0.544416,2.2649,0.26816,0.258944,0.255872,0.24976,0.251808,0.264064
5162,0.048352,0.543648,2.26118,0.268192,0.257952,0.255904,0.250752,0.251776,0.266112
5163,0.047776,0.542624,2.26899,0.268192,0.25792,0.25488,0.251808,0.24976,0.266112
5164,0.04832,0.543328,2.71232,0.266112,0.26,0.255872,0.24976,0.251776,0.26544
5165,0.048864,0.543808,2.26554,0.270208,0.257952,0.255872,0.250752,0.251776,0.266112
5166,0.048192,0.543232,2.27203,0.268192,0.26,0.256928,0.249728,0.251808,0.266144
5167,0.048768,0.539552,2.26406,0.268192,0.263456,0.255904,0.251776,0.423808,0.26512
5168,0.04928,0.709792,2.26899,0.268192,0.25792,0.255904,0.249728,0.251776,0.266112
5169,0.048576,0.544832,2.26794,0.26816,0.258976,0.255872,0.249728,0.251776,0.266144
5170,0.048608,0.543136,2.26131,0.268192,0.259968,0.255904,0.24976,0.250784,0.266112
5171,0.048736,0.54224,2.5352,0.26816,0.26,0.255872,0.249728,0.251776,0.275712
5172,0.048032,0.5448,2.26666,0.268192,0.258976,0.255904,0.251776,0.251808,0.266144
5173,0.04816,0.544832,2.26496,0.26816,0.25792,0.255872,0.251808,0.250784,0.264096
5174,0.048384,0.545216,2.2647,0.268192,0.26,0.255904,0.250752,0.251808,0.266112
5175,0.048288,0.544064,2.64189,0.268192,0.257952,0.253824,0.24976,0.251776,0.26544
5176,0.048128,0.543072,2.26403,0.268192,0.26,0.255904,0.250784,0.251808,0.264096
5177,0.048288,0.541984,2.26768,0.26816,0.257888,0.25488,0.24976,0.251808,0.264064
5178,0.04816,0.541376,2.26794,0.27024,0.432032,0.255904,0.249728,0.251808,0.26512
5179,0.048288,0.544352,2.43846,0.268192,0.26,0.255904,0.249728,0.251808,0.26544
5180,0.04864,0.543168,2.2631,0.268192,0.25792,0.255904,0.24976,0.251808,0.266112
5181,0.04816,0.541824,2.26838,0.268192,0.257952,0.255904,0.24976,0.250784,0.264096
5182,0.048064,0.541344,2.44419,0.26816,0.26,0.253824,0.40336,0.255232,0.277728
5183,0.048096,0.543648,2.25891,0.268192,0.259968,0.25488,0.249728,0.251808,0.26608
5184,0.047616,0.541088,2.26826,0.268192,0.26,0.255904,0.249728,0.251808,0.265088
5185,0.047936,0.541696,2.26739,0.268192,0.25792,0.255904,0.251808,0.251776,0.264096
5186,0.0488,0.540256,2.64592,0.266112,0.259936,0.255904,0.249696,0.251808,0.26544
5187,0.04784,0.542016,2.26624,0.270208,0.25792,0.255872,0.251808,0.250784,0.266144
5188,0.04832,0.54304,2.26662,0.266112,0.257952,0.254848,0.251808,0.251808,0.266144
5189,0.049088,0.543328,2.26147,0.269216,0.265472,0.255872,0.249728,2.35715,0.266112
5190,0.048864,0.791616,2.45309,0.268192,0.25792,0.255904,0.251776,0.251808,0.265472
5191,0.048,0.545088,2.26346,0.268192,0.25792,0.255904,0.24976,0.251808,0.265088
5192,0.048448,2.30336,2.26566,0.438176,0.410496,0.259328,0.251776,0.251776,0.270208
5193,0.047712,0.544288,2.26973,0.268192,0.25792,0.255904,0.250784,0.251808,0.266144
5194,0.048544,0.544736,2.26128,0.268192,0.26,0.25488,0.24976,0.251808,0.264096
5195,0.048288,0.545056,2.26586,0.26816,0.25792,0.253856,0.24976,0.251776,0.265056
5196,0.048224,0.54176,2.54733,0.266144,0.257952,0.255904,0.249728,0.251808,0.265472
5197,0.048128,0.541248,2.26253,0.268192,0.257952,0.254848,0.24976,0.251776,0.264096
5198,0.048768,0.545088,2.26438,0.269216,0.25792,0.255872,0.249728,0.251808,0.266112
5199,0.048224,0.54192,2.26787,0.268192,0.259968,0.255904,0.251776,0.251808,0.266144
5200,0.048288,0.822976,2.26342,0.268192,0.25792,0.253856,0.249728,0.251808,0.266144
5201,0.048832,0.545632,2.26406,0.26816,0.257952,0.255872,0.251808,0.250752,0.264096
5202,0.048192,0.54224,2.26701,0.266144,0.25792,0.255904,0.250784,0.251776,0.266144
5203,0.049696,0.539712,2.26349,0.268192,0.406624,0.425888,0.253216,0.251776,0.264096
5204,0.048608,0.544,2.26634,0.268128,0.26,0.253856,0.24976,0.250784,0.264064
5205,0.048192,0.540608,2.26877,0.268192,0.26,0.253856,0.250784,0.251776,0.266144
5206,0.047008,0.542304,2.26518,0.267136,0.26,0.255872,0.24976,0.251808,0.264096
5207,0.048576,0.543232,2.46816,0.269568,0.25792,0.255872,0.249696,0.251808,0.421088
5208,0.047808,0.541408,2.26938,0.268192,0.25792,0.255904,0.24976,0.251776,0.266144
5209,0.04816,0.543904,2.26691,0.268192,0.258976,0.253824,0.251776,0.251808,0.266144
5210,0.048512,0.541568,2.26563,0.26816,0.259968,0.255872,0.251808,0.250752,0.266112
5211,0.04832,0.819456,2.27302,0.268192,0.259968,0.255904,0.249728,0.251808,0.264096
5212,0.04864,0.54368,2.26656,0.268192,0.258976,0.255904,0.251776,0.251808,0.266144
5213,0.049056,0.543296,2.26614,0.268192,0.26,0.255904,0.251776,0.25072,0.26608
5214,0.04848,0.545344,2.27085,0.268192,0.26,0.394144,0.255264,0.251808,0.264096
5215,0.048832,0.801024,2.26656,0.268192,0.258976,0.253824,0.251808,0.251808,0.264096
5216,0.049376,0.543392,2.26528,0.26816,0.26,0.255904,0.250784,0.251808,0.264064
5217,0.048864,0.546272,2.2705,0.268192,0.259968,0.254848,0.249728,0.251808,0.264064
5218,0.048992,0.545568,2.54512,0.268192,0.259968,0.255904,0.249728,0.251808,0.263424
5219,0.049408,0.54064,2.25754,0.26816,0.26,0.255872,0.250752,0.251776,0.264064
5220,0.048672,0.542208,2.26384,0.26816,0.25792,0.25488,0.251776,0.251808,0.264064
5221,0.048608,0.545984,2.25907,0.268192,0.26,0.255904,0.251808,0.251776,0.26512
5222,0.04976,0.546016,2.63082,0.26816,0.26,0.255904,0.249728,0.251808,0.26544
5223,0.048576,0.541664,2.26339,0.269184,0.26,0.255872,0.249728,0.251808,0.264096
5224,0.048768,0.53968,2.25965,0.268192,0.26,0.255904,0.251808,0.251776,0.263072
5225,0.049888,0.542656,2.25885,0.268128,0.259968,0.420768,0.25728,0.253824,0.266112
5226,0.048928,0.706592,2.26176,0.268192,0.258976,0.255904,0.251808,0.251808,0.264064
5227,0.04864,0.54208,2.25994,0.266112,0.26,0.255872,0.250784,0.251808,0.264096
5228,0.049696,0.543488,2.25322,0.268192,0.26,0.254848,0.251808,0.251776,0.264064
5229,0.048992,0.54208,2.45066,0.275744,0.259968,0.257952,0.251776,0.251808,0.413952
5230,0.048512,0.545152,2.25872,0.268192,0.259968,0.255904,0.251776,0.251808,0.264096
5231,0.049568,0.544384,2.25747,0.27024,0.26,0.255872,0.249728,0.251808,0.266112
5232,0.049024,0.542368,2.26435,0.268192,0.259968,0.255904,0.249728,0.250784,0.264064
5233,0.049248,0.547264,2.62515,0.266144,0.259968,0.255904,0.249728,0.251808,0.263456
5234,0.049312,0.543168,2.25885,0.269184,0.26,0.255872,0.251808,0.251776,0.264064
5235,0.048608,0.5432,2.26291,0.268192,0.25792,0.255904,0.251808,0.251808,0.26304
5236,0.04896,0.54352,2.25478,0.268192,0.26,0.255904,0.422816,0.253152,0.264096
5237,0.04912,0.69568,2.43632,0.26816,0.26,0.253824,0.251808,0.251776,0.26528
5238,0.048768,0.539776,2.26301,0.268192,0.259968,0.255904,0.251776,0.251808,0.264096
5239,0.048608,0.544768,2.25709,0.268192,0.259968,0.255904,0.251776,0.251808,0.264096
5240,0.049696,0.541888,2.45651,0.2696,0.26,0.255904,0.251808,0.251776,0.412832
5241,0.048832,0.542112,2.26144,0.268192,0.26,0.255904,0.251808,0.251776,0.264096
5242,0.048992,0.540224,2.44739,0.268192,0.259968,0.255904,0.249728,0.251808,0.263328
5243,0.049248,0.544736,2.25786,0.267168,0.259968,0.255904,0.251776,0.251808,0.264032
5244,0.049216,0.546144,2.64131,0.26816,0.26,0.255872,0.24976,0.251776,0.265472
5245,0.048704,0.542976,2.25888,0.268192,0.26,0.256896,0.251808,0.251808,0.264096
5246,0.04928,0.545408,2.25946,0.269184,0.259968,0.255872,0.249728,0.251808,0.264096
5247,0.050144,0.543008,2.26211,0.268192,0.4136,0.430976,0.25312,0.251808,0.264096
5248,0.0488,0.543648,2.25779,0.268192,0.26,0.255904,0.249728,0.2528,0.264096
5249,0.04944,0.543488,2.25747,0.26816,0.26,0.255904,0.250784,0.251776,0.264064
5250,0.049056,0.543168,2.25971,0.269216,0.26,0.255904,0.24976,0.251808,0.264096
5251,0.049184,0.543584,2.45568,0.26752,0.25792,0.255904,0.249728,0.251808,0.416832
5252,0.049888,0.543104,2.25507,0.268192,0.26,0.255904,0.251808,0.251776,0.264064
5253,0.048864,0.541344,2.25952,0.268192,0.258944,0.255904,0.251776,0.251808,0.264096
5254,0.049024,0.542112,2.25264,0.27024,0.259968,0.255904,0.251808,0.252832,0.264096
5255,0.050144,0.816672,2.26144,0.26816,0.26,0.255872,0.24976,0.251776,0.264096
5256,0.049024,0.543808,2.26659,0.268192,0.258976,0.255904,0.251808,0.251776,0.264096
5257,0.048832,0.541664,2.25866,0.268192,0.26,0.255904,0.250784,0.251808,0.264096
5258,0.049984,0.544768,2.26387,0.27024,0.259968,0.496512,0.255232,0.253824,0.264064
5259,0.049664,0.544512,2.2641,0.268192,0.259968,0.255904,0.24976,0.250752,0.264096
5260,0.0488,0.543648,2.25776,0.268192,0.26,0.255904,0.252832,0.251808,0.264096
5261,0.049408,0.541888,2.26224,0.26816,0.259968,0.25488,0.249728,0.251808,0.264032
5262,0.049408,0.546272,2.46061,0.267552,0.26,0.255904,0.251808,0.251776,0.415936
5263,0.04896,0.541216,2.25866,0.26816,0.26,0.255872,0.251808,0.251808,0.264064
5264,0.04944,0.542272,2.26368,0.26816,0.261024,0.255904,0.251776,0.251776,0.264064
5265,0.048608,0.542016,2.26838,0.268192,0.26,0.255904,0.251808,0.250752,0.264096
5266,0.049504,0.72496,2.44083,0.27024,0.259968,0.255904,0.251776,0.251808,0.263392
5267,0.049344,0.542656,2.27158,0.269216,0.259968,0.255872,0.251808,0.253856,0.264032
5268,0.049216,0.54048,2.27142,0.26816,0.26,0.255872,0.251808,0.251808,0.264032
5269,0.04896,0.540704,2.2727,0.268192,0.26,0.427936,0.253184,0.253856,0.264064
5270,0.049696,0.541696,2.2761,0.26816,0.257952,0.255872,0.24976,0.250784,0.264064
5271,0.049344,0.541568,2.27651,0.26816,0.259968,0.255872,0.250752,0.251808,0.264096
5272,0.049184,0.541184,2.2753,0.267168,0.26,0.255904,0.251808,0.251808,0.262016
5273,0.049632,0.544896,2.55504,0.26816,0.25792,0.255872,0.251808,0.251776,0.26336
5274,0.048448,0.54016,2.27789,0.266112,0.26,0.257952,0.250784,0.251808,0.264096
5275,0.048992,0.542336,2.27491,0.269216,0.259968,0.255904,0.251776,0.251808,0.264096
5276,0.049056,0.543648,2.27008,0.26816,0.26,0.255904,0.251808,0.251776,0.265088
5277,0.049056,0.813312,2.28131,0.268192,0.259968,0.255904,0.251776,0.251808,0.264096
5278,0.04896,0.544416,2.27699,0.268192,0.261024,0.255904,0.251808,0.251808,0.264064
5279,0.049248,0.54256,2.27632,0.26816,0.259936,0.255872,0.24976,0.252832,0.264096
5280,0.049632,0.540736,2.28317,0.26816,0.26,0.425888,0.255232,0.253856,0.264064
5281,0.04912,0.715296,2.27747,0.268192,0.26,0.255904,0.251776,0.252832,0.264096
5282,0.049632,0.544896,2.27891,0.268192,0.26,0.255872,0.250784,0.251808,0.264064
5283,0.048544,0.544032,2.28256,0.26816,0.259968,0.256928,0.249728,0.251808,0.264064
5284,0.04896,0.540768,2.46918,0.273664,0.26,0.257952,0.251808,0.253856,0.4928
5285,0.049248,0.54304,2.27936,0.268192,0.26,0.255872,0.249728,0.251808,0.264064
5286,0.049152,0.539904,2.28515,0.268192,0.261024,0.255904,0.249728,0.251808,0.264096
5287,0.049152,0.54432,2.28253,0.268192,0.259968,0.255904,0.251808,0.252832,0.264096
5288,0.049856,0.81504,2.28272,0.268192,0.26,0.255904,0.251776,0.251776,0.264064
5289,0.048512,0.544288,2.28256,0.26816,0.261024,0.255872,0.251808,0.251808,0.264064
5290,0.048768,0.545856,2.27629,0.268192,0.259968,0.255904,0.250752,0.251808,0.262048
5291,0.049472,0.54192,2.27894,0.268192,0.26,0.426912,0.253184,0.253824,0.264064
5292,0.048896,0.54544,2.28246,0.268192,0.26,0.255904,0.251808,0.250784,0.264096
5293,0.04864,0.540512,2.27811,0.268192,0.26,0.255904,0.252832,0.251776,0.264064
5294,0.048864,0.543264,2.28205,0.267136,0.26,0.255872,0.251808,0.251808,0.264064
5295,0.048896,0.543424,2.4704,0.267552,0.26,0.255904,0.251808,0.251808,0.418976
5296,0.049248,0.540576,2.28035,0.268192,0.26,0.255904,0.251808,0.251776,0.262048
5297,0.048896,0.545184,2.27792,0.26816,0.258976,0.255904,0.251808,0.251776,0.264064
5298,0.048928,0.541824,2.28451,0.26816,0.26,0.255872,0.252832,0.251776,0.264064
5299,0.04896,0.819936,2.28547,0.268192,0.25792,0.255904,0.251776,0.251808,0.262048
5300,0.049184,0.54256,2.27949,0.268192,0.259968,0.257952,0.251744,0.252832,0.264032
5301,0.048576,0.542528,2.28416,0.26816,0.259968,0.255872,0.250752,0.251808,0.264096
5302,0.048928,0.540032,2.27718,0.269184,0.26,0.507808,0.253216,0.253856,0.266144
5303,0.049408,0.545248,2.27846,0.268192,0.26,0.255904,0.251808,0.251776,0.265088
5304,0.0488,0.5448,2.28102,0.26816,0.26,0.255872,0.251808,0.251808,0.264064
5305,0.04848,0.543872,2.27613,0.268192,0.258976,0.255904,0.249728,0.251808,0.262048
5306,0.04896,0.543712,2.61686,0.268192,0.259968,0.255872,0.407456,0.255232,0.269504
5307,0.04864,0.544096,2.28163,0.269216,0.26,0.255904,0.251808,0.251776,0.262016
5308,0.048608,0.542976,2.27651,0.268192,0.259968,0.255904,0.251776,0.251808,0.263072
5309,0.052256,0.543136,2.27907,0.26816,0.259968,0.255904,0.251808,0.251776,0.264064
5310,0.049024,0.80944,2.28547,0.268192,0.26,0.255904,0.251808,0.251776,0.264096
5311,0.048672,0.542432,2.28099,0.26816,0.26,0.255872,0.251808,0.252832,0.264096
5312,0.04912,0.541952,2.27955,0.268128,0.26,0.253824,0.250784,0.251808,0.264064
5313,0.048896,0.54384,2.28739,0.441248,0.417696,0.259296,0.251808,0.251776,0.266144
5314,0.04864,0.54368,2.2817,0.268192,0.26,0.255904,0.250784,0.251776,0.264096
5315,0.048832,0.544992,2.27837,0.26816,0.26,0.256896,0.251776,0.251808,0.264064
5316,0.048672,0.542528,2.28694,0.268192,0.259968,0.255904,0.251776,0.251808,0.263072
5317,0.04896,0.540288,2.65088,0.266144,0.259968,0.255904,0.249728,0.251808,0.265472
5318,0.049504,0.547776,2.28086,0.268192,0.258976,0.255904,0.251808,0.251808,0.261984
5319,0.048768,0.545024,2.28995,0.268192,0.26,0.255872,0.251776,0.2528,0.264096
5320,0.048864,0.5416,2.28131,0.268192,0.259968,0.25488,0.249728,0.251808,0.262016
5321,0.049568,0.721888,2.4639,0.26816,0.26,0.255904,0.24976,0.251808,0.26336
5322,0.048256,0.543552,2.28806,0.268192,0.26,0.255904,0.251808,0.251776,0.264096
5323,0.048832,0.544768,2.28637,0.268192,0.259968,0.255904,0.251776,0.251808,0.262048
5324,0.048992,0.544224,2.28726,0.275712,0.263392,0.25792,0.251744,0.404384,0.428928
5325,0.048416,0.542272,2.29421,0.26816,0.26,0.256928,0.251808,0.251808,0.262048
5326,0.047744,0.542656,2.2871,0.267136,0.26,0.255872,0.249728,0.251776,0.264096
5327,0.048864,0.54368,2.29024,0.268192,0.26,0.255904,0.251808,0.251776,0.26304
5328,0.048704,0.540672,2.64787,0.266112,0.259968,0.255904,0.251776,0.251808,0.263296
5329,0.048896,0.541664,2.28752,0.268192,0.261024,0.255904,0.251776,0.251808,0.262048
5330,0.049056,0.545824,2.28931,0.270208,0.26,0.255872,0.250784,0.251808,0.262016
5331,0.249408,0.54176,2.29488,0.268192,0.259968,0.256928,0.251776,0.251776,0.264096
5332,0.048864,0.544224,2.54042,0.26816,0.26,0.255872,0.249728,0.253856,0.263392
5333,0.049536,0.542304,2.29174,0.268128,0.26,0.255872,0.251808,0.251808,0.264032
5334,0.04864,0.540032,2.2937,0.26816,0.258944,0.255872,0.251808,0.251808,0.264064
5335,0.0488,0.54288,2.58067,0.268192,0.259968,0.255904,0.251776,0.251808,0.273664
5336,0.049248,0.545696,2.29325,0.26816,0.258944,0.255904,0.24976,0.251808,0.262016
5337,0.048448,0.545152,2.2895,0.26816,0.26,0.257952,0.251776,0.252832,0.264064
5338,0.048448,0.544896,2.29354,0.268192,0.26,0.256896,0.251808,0.251808,0.262048
5339,0.04912,0.542592,2.5744,0.26816,0.26,0.255904,0.251808,0.251808,0.263328
5340,0.048064,0.545984,2.29619,0.268192,0.259968,0.255904,0.251776,0.251776,0.264096
5341,0.048352,0.54384,2.29168,0.268192,0.261024,0.255904,0.251808,0.251808,0.262016
5342,0.048832,0.543456,2.29264,0.26816,0.263424,0.257952,0.251776,0.422816,0.264064
5343,0.048096,0.71392,2.29562,0.26816,0.259968,0.257952,0.251776,0.251808,0.264064
5344,0.048448,0.540096,2.29293,0.26816,0.258944,0.257952,0.251776,0.253856,0.264064
5345,0.04832,0.54288,2.29312,0.268192,0.259968,0.257952,0.2528,0.251776,0.264064
5346,0.048832,0.544416,2.49318,0.41872,0.26,0.261376,0.253824,0.253824,0.265408
5347,0.047968,0.541856,2.29082,0.26816,0.26,0.255872,0.251808,0.251776,0.263072
5348,0.0488,0.5408,2.29446,0.26816,0.262016,0.257952,0.251776,0.253856,0.264032
5349,0.04832,0.54288,2.29968,0.268192,0.26304,0.257952,0.251776,0.253824,0.264096
5350,0.0488,0.540672,2.58323,0.268192,0.26,0.255904,0.251776,0.253824,0.263424
5351,0.048928,0.543168,2.29498,0.26816,0.259936,0.257952,0.251776,0.253856,0.264032
5352,0.048032,0.540736,2.29987,0.26816,0.261024,0.255872,0.251808,0.253856,0.264064
5353,0.048544,0.545696,2.29085,0.268192,0.262048,0.257952,0.422784,0.25728,0.264096
5354,0.048832,0.701984,2.47315,0.268128,0.26,0.257952,0.251776,0.251808,0.26544
5355,0.04832,0.542784,2.29763,0.268192,0.262048,0.25792,0.251808,0.251808,0.264096
5356,0.048224,0.545568,2.2992,0.26816,0.261024,0.257952,0.253824,0.253824,0.264064
5357,0.0488,0.542208,2.63981,0.26816,0.262016,0.257888,0.251808,0.253856,0.268704
5358,0.048576,0.54368,2.30365,0.268192,0.262048,0.257952,0.251776,0.253856,0.264064
5359,0.048096,0.54496,2.29549,0.268192,0.262016,0.257952,0.253856,0.252832,0.264096
5360,0.048384,0.54448,2.29846,0.268192,0.259968,0.257952,0.252768,0.253824,0.264064
5361,0.04832,0.820608,2.3041,0.268192,0.262048,0.257952,0.251776,0.253856,0.264064
5362,0.04848,0.54048,2.29869,0.27024,0.262016,0.257952,0.251808,0.252832,0.264064
5363,0.048352,0.542464,2.29725,0.268192,0.262016,0.257952,0.2528,0.253856,0.264064
5364,0.04864,0.5448,2.30144,0.44224,0.267488,0.261376,0.253856,0.407456,0.268192
5365,0.048128,0.5408,2.29402,0.268192,0.262048,0.257952,0.2528,0.253856,0.264096
5366,0.048544,0.543488,2.29677,0.271264,0.262016,0.25792,0.253856,0.253824,0.266112
5367,0.048128,0.546368,2.30384,0.268192,0.262016,0.25792,0.251808,0.253856,0.26512
5368,0.048128,0.543904,2.57398,0.268192,0.262016,0.25792,0.251808,0.253856,0.263424
5369,0.04896,0.546432,2.29549,0.269216,0.262048,0.25792,0.251744,0.253856,0.264064
5370,0.048288,0.542048,2.30272,0.268192,0.262048,0.257952,0.251808,0.253856,0.264096
5371,0.047936,0.540064,2.2967,0.268192,0.262048,0.255904,0.251776,0.253824,0.264096
5372,0.049088,0.71776,2.47414,0.26816,0.262016,0.257952,0.253856,0.253856,0.265408
5373,0.048576,0.539136,2.3008,0.27024,0.262016,0.257952,0.253856,0.253856,0.264096
5374,0.048032,0.54176,2.29718,0.268192,0.261024,0.25792,0.251808,0.253856,0.264096
5375,0.0488,0.542784,2.29718,0.269568,0.262016,0.257952,0.406432,0.257152,0.434048
5376,0.048128,0.545792,2.30304,0.26816,0.262048,0.256928,0.251776,0.253856,0.264096
5377,0.048352,0.542528,2.3,0.268192,0.262048,0.257952,0.253856,0.253824,0.263072
5378,0.04832,0.540544,2.29846,0.268192,0.262016,0.257952,0.253856,0.253824,0.264064
5379,0.0488,0.543488,2.7513,0.268192,0.26304,0.257952,0.251776,0.253824,0.26544
5380,0.048576,0.540928,2.29856,0.268192,0.262048,0.257952,0.252832,0.253856,0.264096
5381,0.048864,0.543744,2.29587,0.268192,0.262048,0.258976,0.253792,0.253824,0.264064
5382,0.048544,0.544128,2.33008,0.268192,0.263264,0.257952,0.251808,0.432032,0.26512
5383,0.04864,0.713856,2.29411,0.268192,0.262048,0.257952,0.253856,0.253856,0.264096
5384,0.04928,0.54528,2.29459,0.270208,0.263072,0.25792,0.251808,0.253856,0.264064
5385,0.048032,0.542304,2.30227,0.268192,0.262048,0.257952,0.2528,0.253856,0.264096
5386,0.048512,0.544064,2.57981,0.26816,0.262016,0.255872,0.251808,0.253856,0.265472
5387,0.048896,0.54432,2.29907,0.270208,0.262016,0.25792,0.253824,0.254848,0.264064
5388,0.048256,0.542656,2.30314,0.268192,0.264096,0.256928,0.251776,0.253856,0.264096
5389,0.048224,0.54256,2.2975,0.269216,0.262048,0.257952,0.253856,0.255904,0.266112
5390,0.048832,0.546368,2.5769,0.268192,0.262016,0.25792,0.253856,0.253824,0.265472
5391,0.048128,0.544,2.30019,0.27024,0.263072,0.257952,0.253856,0.253856,0.264096
5392,0.048224,0.540128,2.29824,0.268192,0.262048,0.25792,0.253856,0.25488,0.264096
5393,0.049024,0.543872,2.2984,0.270208,0.264064,0.258944,0.516992,0.257248,0.264064
5394,0.04816,0.541184,2.30147,0.269216,0.262048,0.26,0.253824,0.253856,0.264096
5395,0.048224,0.543008,2.29562,0.268192,0.262048,0.257952,0.251776,0.253856,0.265088
5396,0.048736,0.54416,2.29872,0.26816,0.262016,0.257952,0.253856,0.253856,0.264064
5397,0.048256,0.539392,2.50173,0.27984,0.262048,0.259968,0.253856,0.255904,0.414976
5398,0.053408,0.546176,2.29622,0.268192,0.427904,0.257952,0.253856,0.25488,0.264064
5399,0.048896,0.54336,2.47309,0.268128,0.26,0.255872,0.24976,0.24976,0.265312
5400,0.047904,0.542816,2.30192,0.268192,0.257952,0.255904,0.24768,0.24976,0.264096
5401,0.04816,0.543264,2.29037,0.264096,0.256928,0.253824,0.24976,0.249728,0.264096
5402,0.04912,0.541856,2.4377,0.266112,0.26,0.253856,0.494464,0.2552,0.26752
5403,0.048608,0.70688,2.28352,0.266112,0.256928,0.253856,0.24976,0.24976,0.264064
5404,0.048288,0.540032,2.28509,0.266144,0.257952,0.253824,0.24976,0.250784,0.264096
5405,0.048576,0.542624,2.29744,0.26816,0.26,0.256896,0.251808,0.251776,0.264032
5406,0.048544,0.546816,2.5752,0.268192,0.25792,0.255904,0.251808,0.251776,0.26544
5407,0.048256,0.54208,2.29475,0.268192,0.26,0.255904,0.251808,0.251776,0.264096
5408,0.048672,0.542272,2.30096,0.26816,0.258976,0.255904,0.251776,0.251808,0.264064
5409,0.048704,0.544352,2.30125,0.268192,0.263456,0.255904,0.251776,0.42176,0.264096
5410,0.04816,0.70304,2.30029,0.268192,0.26,0.255904,0.251808,0.251776,0.264096
5411,0.048704,0.544576,2.29638,0.26816,0.258944,0.255904,0.251808,0.251776,0.264064
5412,0.048352,0.543168,2.30429,0.268192,0.26,0.255904,0.250784,0.251808,0.264096
5413,0.048512,0.54512,2.5839,0.268192,0.259968,0.253856,0.249728,0.251808,0.263424
5414,0.048864,0.543104,2.3001,0.268192,0.259936,0.255904,0.251808,0.2528,0.264064
5415,0.048224,0.542944,2.3047,0.268192,0.26,0.256896,0.249728,0.251776,0.266144
5416,0.047968,0.544128,2.29654,0.267168,0.26,0.255904,0.24976,0.251808,0.264096
5417,0.048864,0.545184,2.57645,0.26816,0.26,0.255872,0.24976,0.251776,0.265408
5418,0.048256,0.543584,2.30096,0.268192,0.26,0.25792,0.251808,0.251808,0.264096
5419,0.047776,0.543936,2.30166,0.26816,0.25792,0.255872,0.251808,0.252832,0.264096
5420,0.048928,0.54208,2.30026,0.268192,0.26,0.255904,0.421792,0.255232,0.264064
5421,0.048448,0.715616,2.30192,0.26816,0.258944,0.255872,0.249728,0.251808,0.264064
5422,0.048608,0.543424,2.30237,0.26816,0.259968,0.255872,0.251808,0.252832,0.264096
5423,0.048896,0.545152,2.29667,0.26816,0.26,0.254848,0.251808,0.251776,0.264064
5424,0.048288,0.54032,2.56886,0.2696,0.259968,0.255904,0.251776,0.251808,0.417952
5425,0.048064,0.542528,2.30096,0.268192,0.26,0.255904,0.251808,0.251776,0.264096
5426,0.048384,0.543712,2.29981,0.268192,0.258976,0.255904,0.249696,0.251808,0.266112
5427,0.048256,0.5416,2.29661,0.268192,0.259968,0.255904,0.250784,0.251808,0.264096
5428,0.048288,0.811232,2.30035,0.266144,0.26,0.255904,0.251808,0.251776,0.264064
5429,0.049184,0.544032,2.30054,0.268128,0.258976,0.257952,0.251776,0.251776,0.266112
5430,0.048064,0.545824,2.30342,0.268192,0.26,0.255904,0.250784,0.251808,0.264096
5431,0.048608,0.545024,2.29738,0.439168,0.416672,0.259328,0.251776,0.251808,0.264064
5432,0.048608,0.545344,2.29907,0.268192,0.259968,0.255872,0.250752,0.251808,0.264064
5433,0.048352,0.543904,2.30179,0.268192,0.26,0.254848,0.251808,0.251808,0.264096
5434,0.048256,0.541216,2.29875,0.268192,0.26,0.257952,0.24976,0.251776,0.263072
5435,0.049056,0.543392,2.57955,0.268192,0.26,0.255872,0.24976,0.251808,0.265248
5436,0.04864,0.542624,2.30413,0.269216,0.26,0.255904,0.251808,0.251808,0.266144
5437,0.048448,0.542368,2.29754,0.26816,0.26,0.255872,0.251808,0.251808,0.263072
5438,0.048192,0.543584,2.29683,0.26816,0.26,0.257952,0.251776,0.251776,0.266112
5439,0.048448,0.827264,2.3041,0.26816,0.258944,0.255872,0.24976,0.251776,0.264064
5440,0.048256,0.544224,2.29741,0.268192,0.26,0.255904,0.251776,0.252832,0.264096
5441,0.04832,0.542528,2.29891,0.268192,0.26,0.25488,0.249728,0.251808,0.264032
5442,0.048512,0.54416,2.30368,0.441248,0.268864,0.259296,0.251808,0.398976,0.268192
5443,0.048448,0.544224,2.2968,0.26816,0.25792,0.255872,0.250784,0.251808,0.264064
5444,0.048352,0.546144,2.30096,0.269184,0.26,0.255872,0.251808,0.251744,0.264064
5445,0.048256,0.541664,2.30778,0.268192,0.26,0.255904,0.251808,0.251808,0.265088
5446,0.047712,0.541888,2.69245,0.26816,0.26,0.255872,0.24976,0.251776,0.265344
5447,0.048736,0.542816,2.29933,0.268128,0.259968,0.255872,0.251808,0.250752,0.264064
5448,0.048672,0.542272,2.3055,0.268192,0.26,0.255904,0.250784,0.251776,0.264064
5449,0.050912,0.54384,2.29894,0.269216,0.427936,0.255904,0.251808,0.251808,0.264064
5450,0.048608,0.54288,2.47798,0.268192,0.26,0.255872,0.251776,0.251808,0.26544
5451,0.048096,0.541408,2.3032,0.268192,0.26,0.257952,0.251808,0.251808,0.264096
5452,0.047904,0.542144,2.30083,0.268192,0.26,0.255904,0.251776,0.252832,0.264096
5453,0.049024,0.540352,2.47901,0.26816,0.26,0.255904,0.403328,0.255136,0.27552
5454,0.047968,0.540032,2.29891,0.269216,0.26,0.255904,0.251808,0.251776,0.266112
5455,0.048352,0.544224,2.30032,0.266144,0.259968,0.255904,0.251776,0.251808,0.263072
5456,0.048416,0.54112,2.29757,0.26816,0.26,0.255904,0.251808,0.251744,0.264064
5457,0.048672,0.543136,2.57699,0.268192,0.26,0.255904,0.251808,0.251808,0.265376
5458,0.04784,0.539488,2.30125,0.268192,0.26,0.255904,0.251808,0.251776,0.264096
5459,0.048224,0.543584,2.4816,0.266112,0.259968,0.255904,0.251776,0.251776,0.26544
5460,0.051936,0.542464,2.30358,0.269216,0.437152,0.255904,0.251776,0.251808,0.264096
5461,0.048832,0.5416,2.4696,0.26816,0.26,0.255872,0.251808,0.251808,0.263392
5462,0.048512,0.543488,2.30061,0.268128,0.26,0.255872,0.251808,0.251776,0.264064
5463,0.047968,0.544896,2.30058,0.26816,0.259968,0.255872,0.24976,0.250784,0.264064
5464,0.048544,0.54128,2.57475,0.268192,0.259968,0.255904,0.249728,0.251808,0.263328
5465,0.04864,0.542464,2.29702,0.268192,0.26,0.255872,0.250752,0.251744,0.264064
5466,0.04832,0.544064,2.3039,0.266144,0.26,0.256896,0.251808,0.251808,0.264096
5467,0.048064,0.541088,2.29766,0.26816,0.25792,0.253824,0.251808,0.251808,0.26304
5468,0.048992,0.547456,2.76493,0.268192,0.26,0.255904,0.251808,0.251776,0.265408
5469,0.048256,0.5448,2.30285,0.269216,0.26,0.255904,0.24976,0.251808,0.266144
5470,0.048192,0.54224,2.29821,0.268192,0.26,0.255904,0.251808,0.251808,0.263072
5471,0.050592,0.544192,2.29882,0.26816,0.412576,0.427936,0.253184,0.251808,0.264064
5472,0.047968,0.5424,2.30358,0.268192,0.26,0.255904,0.24976,0.250784,0.266144
5473,0.048544,0.54048,2.29994,0.270208,0.26,0.25488,0.251808,0.251808,0.264096
5474,0.048608,0.541824,2.29754,0.269184,0.26,0.255872,0.251808,0.251776,0.264064
5475,0.048704,0.540896,2.66998,0.268192,0.26,0.255904,0.251808,0.251808,0.269568
5476,0.048544,0.54256,2.29846,0.268192,0.26,0.255904,0.251808,0.251776,0.264096
5477,0.04848,0.542464,2.29814,0.26816,0.259968,0.255904,0.251808,0.252832,0.266112
5478,0.048224,0.541568,2.3048,0.268192,0.26,0.255904,0.250784,0.251808,0.264096
5479,0.048544,0.822976,2.29779,0.268192,0.258944,0.255904,0.24976,0.251808,0.264096
5480,0.048832,0.545312,2.30048,0.268128,0.259968,0.255872,0.251808,0.252832,0.264064
5481,0.048128,0.544672,2.30454,0.268192,0.26,0.256928,0.251808,0.251808,0.264096
5482,0.048192,0.541184,2.30266,0.275712,0.259968,0.257952,0.251776,0.251808,0.530336
5483,0.048224,0.544512,2.29965,0.26816,0.26,0.255872,0.251808,0.251744,0.264064
5484,0.048224,0.540096,2.30352,0.268192,0.258944,0.255904,0.24976,0.251808,0.266144
5485,0.048096,0.541824,2.29619,0.268192,0.257952,0.253856,0.249728,0.252832,0.264096
5486,0.048576,0.543616,2.5825,0.268128,0.259968,0.255872,0.251808,0.251776,0.265376
5487,0.048064,0.542304,2.30381,0.267136,0.26,0.255872,0.24976,0.251808,0.264096
5488,0.048064,0.54512,2.29923,0.26816,0.26,0.255872,0.251808,0.251776,0.26512
5489,0.049664,0.54544,2.30099,0.26816,0.26,0.255872,0.249728,0.251776,0.264064
5490,0.048224,0.721664,2.48474,0.268192,0.259968,0.255904,0.251776,0.251808,0.265408
5491,0.048064,0.545088,2.29968,0.268192,0.26,0.255904,0.24976,0.251808,0.264096
5492,0.048576,0.544608,2.29869,0.266112,0.26,0.255904,0.24976,0.251808,0.264096
5493,0.0488,0.542592,2.30416,0.2696,0.262048,0.255904,0.497568,0.259296,0.405408
5494,0.04864,0.542368,2.30006,0.268192,0.25792,0.25488,0.249728,0.251808,0.264096
5495,0.048128,0.544544,2.29747,0.27024,0.259968,0.255872,0.251776,0.251808,0.265056
5496,0.04992,0.541376,2.30218,0.266112,0.26,0.255872,0.24976,0.251776,0.264064
5497,0.048544,0.541664,2.58787,0.26816,0.26,0.255872,0.251808,0.251808,0.26544
5498,0.048416,0.541408,2.2999,0.26816,0.257952,0.255904,0.251776,0.251776,0.265088
5499,0.048,0.54432,2.30259,0.268192,0.26,0.255904,0.251808,0.251776,0.264096
5500,0.04832,0.541536,2.29997,0.266144,0.432,0.255904,0.249728,0.251808,0.264096
5501,0.049056,0.541888,2.46326,0.26816,0.26,0.255904,0.251808,0.251776,0.265408
5502,0.048032,0.543456,2.3016,0.268192,0.258976,0.253856,0.251776,0.251808,0.264096
5503,0.048288,0.543168,2.29722,0.268192,0.259968,0.255904,0.251808,0.252832,0.264096
5504,0.049056,0.544448,2.57968,0.26816,0.26,0.253824,0.24976,0.251808,0.269568
5505,0.048064,0.540576,2.30243,0.268192,0.258976,0.255904,0.251776,0.251808,0.264096
5506,0.048352,0.543936,2.29901,0.26816,0.259968,0.255872,0.250752,0.251808,0.264064
5507,0.048064,0.541504,2.2985,0.26816,0.26,0.254848,0.24976,0.251776,0.264064
5508,0.04832,0.540928,2.58186,0.268192,0.25792,0.255904,0.24976,0.251808,0.265472
5509,0.048096,0.544,2.29709,0.268192,0.259968,0.255904,0.249728,0.251808,0.264096
5510,0.048224,0.542304,2.29699,0.26816,0.258976,0.255904,0.251808,0.251744,0.264064
5511,0.048672,0.543232,2.30058,0.268192,0.263456,0.255904,0.251776,0.42176,0.264096
5512,0.048224,0.70752,2.30115,0.268192,0.257952,0.255904,0.251808,0.251776,0.264096
5513,0.04848,0.543232,2.29987,0.268192,0.258976,0.255904,0.249728,0.251776,0.264064
5514,0.048032,0.542528,2.30374,0.268192,0.26,0.255904,0.250752,0.251808,0.264064
5515,0.048672,0.540032,2.48691,0.402304,0.415648,0.261376,0.253856,0.251776,0.26544
5516,0.048448,0.54272,2.29888,0.26816,0.26,0.255872,0.250784,0.251808,0.264064
5517,0.048192,0.544416,2.30378,0.268192,0.26,0.254848,0.24976,0.251808,0.264096
5518,0.047936,0.541536,2.29837,0.268192,0.259968,0.255904,0.251776,0.251808,0.263072
5519,0.048672,0.54816,2.67549,0.26816,0.257952,0.253824,0.249728,0.251808,0.26336
5520,0.047936,0.540672,2.30634,0.267168,0.259968,0.255904,0.251776,0.251808,0.264096
5521,0.04816,0.541856,2.30253,0.26816,0.26,0.255872,0.251808,0.251808,0.26304
5522,0.048512,0.540928,2.2983,0.26816,0.26,0.511872,0.255232,0.253856,0.264064
5523,0.048064,0.543424,2.30733,0.267168,0.26,0.255904,0.251808,0.251808,0.266144
5524,0.047968,0.54208,2.29994,0.266144,0.259968,0.255904,0.249728,0.251808,0.264096
5525,0.048352,0.541408,2.2977,0.26816,0.26,0.255904,0.251808,0.251776,0.264064
5526,0.048448,0.543456,2.57683,0.268192,0.257952,0.255904,0.24976,0.251808,0.265408
5527,0.048064,0.541792,2.29987,0.26816,0.26,0.256928,0.251808,0.251776,0.264064
5528,0.048608,0.541952,2.29869,0.267104,0.26,0.255904,0.249728,0.251776,0.264064
5529,0.048224,0.54256,2.30038,0.266144,0.26,0.253856,0.24976,0.251808,0.264096
5530,0.048192,0.81856,2.29952,0.268192,0.26,0.255904,0.251808,0.251776,0.266144
5531,0.048576,0.5464,2.29872,0.26816,0.258976,0.255904,0.251776,0.251744,0.264064
5532,0.047872,0.544,2.30755,0.268192,0.25792,0.255904,0.250784,0.251808,0.264064
5533,0.049472,0.540928,2.2936,0.268192,0.414624,0.424864,0.253216,0.253824,0.264096
5534,0.047936,0.544224,2.29894,0.268192,0.26,0.255872,0.251808,0.2528,0.264064
5535,0.04816,0.541664,2.30461,0.268192,0.26,0.25488,0.251808,0.251776,0.264096
5536,0.048224,0.542944,2.29539,0.267136,0.26,0.255872,0.24976,0.251776,0.264096
5537,0.048928,0.547296,2.5887,0.26816,0.259968,0.255872,0.24976,0.251808,0.265472
5538,0.048448,0.541344,2.29962,0.26816,0.259968,0.25488,0.251776,0.251808,0.264064
5539,0.04768,0.542912,2.29725,0.26816,0.26,0.255872,0.251808,0.251808,0.263072
5540,0.048672,0.54352,2.29811,0.26816,0.259968,0.255904,0.251776,0.251808,0.264064
5541,0.048704,0.804448,2.48374,0.26816,0.26,0.255872,0.24976,0.251776,0.26544
5542,0.04816,0.5448,2.30262,0.26816,0.26,0.255872,0.251808,0.251808,0.265088
5543,0.048384,0.545888,2.29683,0.270208,0.259968,0.25792,0.249696,0.251808,0.266144
5544,0.047968,0.54064,2.30224,0.277792,0.265472,0.257952,0.251808,0.407456,0.436128
5545,0.048032,0.54368,2.29581,0.268192,0.26,0.254848,0.251808,0.251808,0.266144
5546,0.047968,0.543392,2.29696,0.269184,0.259968,0.255872,0.251776,0.253856,0.264064
5547,0.04768,0.54224,2.30352,0.26816,0.26,0.25792,0.251808,0.251808,0.264096
5548,0.048064,0.541888,2.57558,0.268192,0.26,0.255904,0.251808,0.251776,0.265472
5549,0.04864,0.542624,2.30128,0.26608,0.26,0.255872,0.251808,0.251776,0.304
5550,0.048192,0.541856,2.3089,0.268192,0.26,0.255904,0.251808,0.251776,0.333728
5551,0.048608,0.542912,2.30186,0.268192,0.265472,0.257952,0.251808,0.427936,0.317344
5552,0.049248,0.703904,2.31059,0.26816,0.259968,0.255904,0.251808,0.253824,0.348032
5553,0.048224,0.534432,2.31133,0.268192,0.259968,0.257952,0.251776,0.252832,0.331648
5554,0.048064,0.532736,2.31834,0.266144,0.26,0.256896,0.251808,0.253856,0.360352
5555,0.048992,0.530208,2.6177,0.268192,0.26,0.255872,0.251808,0.251776,0.380128
5556,0.048096,0.526336,2.3327,0.268192,0.262048,0.255904,0.2528,0.253856,0.360352
5557,0.047776,0.529088,2.3401,0.267168,0.26,0.255904,0.251776,0.253824,0.395136
5558,0.050944,0.527232,2.34925,0.268128,0.262048,0.25584,0.251808,0.253856,0.405376
5559,0.047904,0.800672,2.35046,0.270208,0.262048,0.255872,0.253856,0.2528,0.38288
5560,0.048576,0.525184,2.35786,0.268192,0.26,0.256928,0.253824,0.253856,0.417696
5561,0.048384,0.524576,2.3577,0.26608,0.262048,0.255872,0.251808,0.251808,0.390016
5562,0.0488,0.527904,2.55782,0.417696,0.26,0.261344,0.253824,0.253856,0.40672
5563,0.05008,0.527776,2.37242,0.266144,0.26,0.255904,0.251808,0.251808,0.435104
5564,0.049216,0.527104,2.37165,0.26816,0.260992,0.25792,0.253824,0.253824,0.405376
5565,0.050784,0.532384,2.38173,0.268192,0.262048,0.256928,0.251776,0.253856,0.442272
5566,0.050976,0.802048,2.54816,0.268192,0.262048,0.255904,0.251776,0.253856,0.445696
5567,0.051328,0.538048,2.37427,0.26816,0.262016,0.255904,0.251776,0.253856,0.413568
5568,0.050816,0.536832,2.37904,0.268192,0.262048,0.257952,0.2528,0.253856,0.401312
5569,0.053024,0.549728,2.6864,0.268192,0.262048,0.257952,0.251776,0.253824,0.488672
5570,0.053408,0.555456,2.43501,0.271232,0.262016,0.25792,0.253824,0.253824,0.507776
5571,0.053024,0.553216,2.43811,0.27024,0.262048,0.255904,0.253824,0.253824,0.501664
5572,0.052736,0.550464,2.43318,0.27024,0.262048,0.426912,0.257248,0.255872,0.497568
5573,0.05376,0.72704,2.47018,0.270208,0.261984,0.25792,0.2528,0.253824,0.40128
5574,0.053216,0.566336,2.5009,0.268192,0.262048,0.257952,0.253856,0.253824,0.390016
5575,0.053024,0.569856,2.49366,0.268192,0.260992,0.257952,0.251776,0.253824,0.378784
5576,0.054432,0.567712,2.81104,0.270208,0.261984,0.25792,0.253824,0.253824,0.406752
5577,0.053536,0.565952,2.54886,0.27024,0.262048,0.255904,0.252832,0.253856,0.389024
5578,0.052896,0.563968,2.54538,0.27024,0.262048,0.257952,0.253856,0.253856,0.347008
5579,0.05312,0.569856,2.83898,0.268192,0.262016,0.255872,0.251776,0.253856,0.359648
5580,0.05264,0.567776,2.5576,0.27024,0.262048,0.258976,0.251776,0.253856,0.337824
5581,0.05216,0.566656,2.55248,0.268192,0.26,0.257952,0.251808,0.253856,0.307104
5582,0.052704,0.571968,2.55629,0.268192,0.434048,0.257952,0.251744,0.25488,0.302976
5583,0.05248,0.571104,2.72429,0.268192,0.262048,0.257952,0.251776,0.253824,0.29824
5584,0.052192,0.567648,2.55142,0.27024,0.262048,0.257952,0.2528,0.253856,0.27024
5585,0.052736,0.568512,2.5537,0.270208,0.262016,0.25792,0.251776,0.253856,0.271232
5586,0.052224,0.569472,2.83578,0.270208,0.262048,0.257952,0.251808,0.253856,0.271584
5587,0.052128,0.570464,2.55347,0.27024,0.262048,0.255904,0.251808,0.253824,0.27024
5588,0.052672,0.569984,2.55155,0.270176,0.262048,0.257952,0.253856,0.252768,0.270208
5589,0.056608,0.56768,2.5591,0.404384,0.506784,0.261344,0.253856,0.253856,0.27024
5590,0.052896,0.567648,2.71485,0.268192,0.262016,0.25792,0.253856,0.253856,0.269536
5591,0.052896,0.571328,2.55571,0.26816,0.262016,0.257952,0.252768,0.253856,0.270208
5592,0.05216,0.568384,2.56019,0.269216,0.262048,0.255904,0.251776,0.253856,0.27024
5593,0.05232,0.574432,2.82003,0.268192,0.26,0.255904,0.253856,0.251808,0.269408
5594,0.05312,0.571232,2.54806,0.268128,0.26,0.257952,0.2528,0.251744,0.319328
5595,0.052416,0.566144,2.5536,0.26816,0.259968,0.255872,0.251808,0.253856,0.322432
5596,0.052512,0.56336,2.82534,0.268192,0.259968,0.255904,0.251776,0.251808,0.302336
5597,0.052544,0.564288,2.54186,0.26816,0.262048,0.25488,0.251808,0.251808,0.331648
5598,0.052096,0.563296,2.53914,0.268192,0.26,0.257952,0.251808,0.251776,0.338848
5599,0.051456,0.556704,2.53606,0.270208,0.429952,0.255872,0.251808,0.253856,0.313248
5600,0.052832,0.561664,2.69914,0.26816,0.26,0.257952,0.251776,0.251776,0.34528
5601,0.051296,0.558944,2.5312,0.27024,0.259968,0.255904,0.252832,0.253856,0.321408
5602,0.05104,0.564,2.5263,0.27024,0.26,0.257952,0.251808,0.251776,0.30608
5603,0.05312,0.543648,2.79126,0.270208,0.259968,0.255872,0.251776,0.251776,0.437472
5604,0.051616,0.54064,2.51907,0.27024,0.26,0.255904,0.251808,0.251776,0.42384
5605,0.051552,0.54368,2.52301,0.268192,0.26,0.255904,0.2528,0.253856,0.415648
5606,0.052064,0.543136,2.51795,0.439168,0.265504,0.25728,0.251808,0.403328,0.43712
5607,0.0512,0.544736,2.52003,0.268192,0.26,0.256896,0.251808,0.251808,0.329632
5608,0.051136,0.541248,2.524,0.268192,0.26,0.255904,0.251808,0.251776,0.368544
5609,0.051104,0.536416,2.5375,0.26816,0.259968,0.255872,0.251776,0.2528,0.393088
5610,0.050912,0.543328,2.9585,0.27024,0.26,0.257952,0.251776,0.251808,0.361664
5611,0.051008,0.538752,2.54918,0.27024,0.26,0.255904,0.251808,0.251808,0.40336
5612,0.0512,0.5328,2.54678,0.26816,0.259968,0.255872,0.250752,0.251776,0.40128
5613,0.05072,0.53296,2.84166,0.270208,0.26,0.255936,0.251776,0.251808,0.371968
5614,0.051136,0.53072,2.55411,0.269216,0.259968,0.255872,0.251808,0.253824,0.40336
5615,0.051872,0.5376,2.53786,0.270208,0.259968,0.25792,0.251776,0.253824,0.403328
5616,0.0512,0.532288,2.54346,0.270208,0.262048,0.257952,0.424832,0.2552,0.38288
5617,0.052352,0.714144,2.51792,0.270208,0.259968,0.255872,0.252832,0.253824,0.411552
5618,0.053792,0.5584,2.50666,0.26816,0.262016,0.255904,0.251776,0.251776,0.418688
5619,0.051968,0.55424,2.50925,0.268192,0.262048,0.255904,0.251808,0.251808,0.401312
5620,0.053408,0.558496,2.76522,0.268192,0.259968,0.257952,0.251776,0.251808,0.421088
5621,0.053728,0.56416,2.51898,0.270208,0.262048,0.25792,0.251776,0.2528,0.434048
5622,0.052416,0.566912,2.52406,0.269216,0.26,0.255904,0.251808,0.253856,0.419712
5623,0.054112,0.566016,2.84406,0.268192,0.262016,0.25792,0.251808,0.253856,0.445632
5624,0.053248,0.559744,2.59168,0.267136,0.259968,0.255872,0.251808,0.253824,0.448384
5625,0.052544,0.553312,2.59846,0.2856,0.262048,0.25792,0.251808,0.251808,0.42384
5626,0.053792,0.55856,2.60653,0.268192,0.262016,0.255904,0.417696,0.259328,0.448416
5627,0.05344,0.731488,2.61466,0.266112,0.259968,0.25792,0.251776,0.2528,0.444288
5628,0.051872,0.550688,2.61459,0.269216,0.26,0.255904,0.251808,0.251776,0.395136
5629,0.052736,0.547936,2.60678,0.26816,0.261024,0.255872,0.251808,0.253856,0.427936
5630,0.053216,0.543424,3.02352,0.266112,0.259968,0.255872,0.251776,0.251808,0.412928
5631,0.051808,0.54336,2.61418,0.268192,0.262048,0.255904,0.251808,0.251776,0.370592
5632,0.052736,0.539168,2.60547,0.266144,0.26,0.255904,0.250784,0.253856,0.399264
5633,0.052544,0.534176,2.88326,0.266112,0.262016,0.255904,0.251776,0.251776,0.388352
5634,0.051008,0.539072,2.60979,0.267168,0.259968,0.255904,0.251776,0.251808,0.345984
5635,0.051712,0.535584,2.60077,0.268192,0.261024,0.255904,0.251776,0.253856,0.376736
5636,0.051712,0.535584,2.60173,0.26816,0.259968,0.42176,0.257248,0.253824,0.366464
5637,0.050208,0.698432,2.61446,0.268192,0.26,0.255904,0.252832,0.251808,0.327584
5638,0.050976,0.535552,2.59891,0.26816,0.26,0.255872,0.251808,0.251808,0.359296
5639,0.051296,0.531264,2.5993,0.26816,0.260992,0.255872,0.251776,0.251776,0.352128
5640,0.05024,0.534336,2.88752,0.27024,0.259968,0.255904,0.251776,0.251808,0.320704
5641,0.050624,0.53232,2.60077,0.26816,0.259968,0.255872,0.250752,0.251808,0.343968
5642,0.050592,0.530336,2.60221,0.266112,0.259968,0.255872,0.251776,0.251808,0.342912
5643,0.050176,0.534304,2.88499,0.266144,0.259968,0.255904,0.251776,0.251808,0.314592
5644,0.050208,0.535936,2.59888,0.268192,0.26,0.255904,0.250784,0.251776,0.309152
5645,0.050496,0.5304,2.59584,0.26816,0.259968,0.25792,0.251776,0.251776,0.33472
5646,0.050368,0.532864,2.60272,0.268192,0.525216,0.255904,0.251808,0.251776,0.309152
5647,0.04976,0.532384,2.60042,0.26816,0.26,0.256928,0.251808,0.251776,0.305024
5648,0.049888,0.53248,2.59392,0.266112,0.259968,0.255872,0.251776,0.251776,0.304
5649,0.0496,0.533792,2.60067,0.27024,0.261024,0.255904,0.251776,0.251808,0.266144
5650,0.04992,0.534368,3.03923,0.266144,0.259968,0.255904,0.249728,0.251808,0.26752
5651,0.049856,0.531424,2.5992,0.26816,0.259968,0.25792,0.2528,0.251776,0.26816
5652,0.049408,0.534464,2.59923,0.267168,0.26,0.255904,0.251808,0.253824,0.26816
5653,0.050048,0.53296,2.59478,0.268192,0.262048,0.5088,0.255136,0.253856,0.266144
5654,0.050048,0.532128,2.60035,0.26816,0.259968,0.255872,0.251776,0.251776,0.26816
5655,0.049312,0.533248,2.60509,0.26816,0.261024,0.255872,0.251808,0.251808,0.268192
5656,0.050304,0.53312,2.59808,0.268192,0.26,0.254848,0.251808,0.251808,0.268192
5657,0.05088,0.53232,2.87424,0.26816,0.26,0.255872,0.251776,0.251776,0.26944
5658,0.049312,0.533568,2.60006,0.268192,0.261024,0.255904,0.251808,0.251808,0.268192
5659,0.050208,0.5336,2.59734,0.26816,0.26,0.256928,0.251808,0.253824,0.266144
5660,0.050944,0.533856,2.88301,0.26816,0.259968,0.255872,0.251776,0.251776,0.279808
5661,0.049376,0.531552,2.60486,0.268192,0.261024,0.255904,0.251808,0.251808,0.270208
5662,0.0504,0.534848,2.59424,0.27024,0.26,0.254848,0.251808,0.251808,0.268192
5663,0.050208,0.532832,2.60227,0.26816,0.259968,0.255872,0.251808,0.253824,0.26816
5664,0.050048,0.809728,2.60605,0.268192,0.258976,0.255904,0.251808,0.251808,0.317312
5665,0.050336,0.52848,2.59456,0.26816,0.26,0.25488,0.251776,0.253856,0.325536
5666,0.049664,0.527488,2.58973,0.266112,0.26,0.255872,0.251776,0.251776,0.292736
5667,0.04976,0.53392,2.89027,0.268192,0.26,0.255904,0.251808,0.251776,0.330944
5668,0.049664,0.531168,2.58771,0.268192,0.259968,0.256928,0.251776,0.251808,0.325536
5669,0.049888,0.533824,2.59203,0.26816,0.259968,0.255872,0.251776,0.251776,0.305024
5670,0.049856,0.527072,2.78848,0.268192,0.443296,0.255872,0.251808,0.251808,0.32272
5671,0.049792,0.52896,2.86602,0.268192,0.26,0.255904,0.249728,0.251808,0.322848
5672,0.049728,0.530208,2.59069,0.26816,0.259968,0.255872,0.250752,0.253824,0.302976
5673,0.049824,0.523968,2.59478,0.26816,0.26,0.255872,0.251808,0.251776,0.324512
5674,0.050304,0.525536,2.87725,0.266144,0.262048,0.255904,0.251808,0.251776,0.34128
5675,0.049408,0.525344,2.59152,0.26816,0.259968,0.255872,0.251776,0.2528,0.317312
5676,0.04928,0.521024,2.5943,0.26816,0.262048,0.25488,0.251776,0.251808,0.33984
5677,0.050656,0.517984,2.87773,0.266112,0.26,0.255872,0.251808,0.251808,0.355616
5678,0.04944,0.52096,2.5969,0.26816,0.259968,0.255872,0.251776,0.2528,0.31936
5679,0.049152,0.516416,2.59696,0.267168,0.259968,0.255904,0.251776,0.251808,0.339872
5680,0.051488,0.520384,2.59203,0.26816,0.26,0.255872,0.251808,0.251808,0.313216
5681,0.04992,0.687488,2.77062,0.266112,0.25792,0.255872,0.251776,0.251776,0.336
5682,0.048928,0.516288,2.59491,0.266112,0.26,0.255872,0.251808,0.252832,0.343936
5683,0.048832,0.515936,2.5855,0.26816,0.259968,0.25488,0.251776,0.251808,0.315264
5684,0.049856,0.513088,2.86758,0.266112,0.259968,0.255872,0.249728,0.251776,0.343296
5685,0.04912,0.509632,2.5912,0.266144,0.259968,0.255904,0.249696,0.251808,0.340896
5686,0.048864,0.511904,2.58826,0.266144,0.259968,0.255904,0.251776,0.251808,0.317344
5687,0.048832,0.51328,2.58416,0.26816,0.259968,0.25792,0.424832,0.255232,0.313216
5688,0.049184,0.678496,2.59232,0.26816,0.259968,0.255872,0.251808,0.250784,0.366464
5689,0.04912,0.509952,2.58093,0.269184,0.26,0.255872,0.24976,0.251808,0.343968
5690,0.048672,0.506272,2.57706,0.26816,0.259968,0.255872,0.251776,0.251776,0.337792
5691,0.049408,0.50288,3.03696,0.266144,0.259968,0.255904,0.251776,0.251808,0.363712
5692,0.048192,0.504384,2.5696,0.267168,0.259968,0.255904,0.251776,0.251808,0.311168
5693,0.04896,0.499808,2.56835,0.266112,0.259968,0.255904,0.249728,0.251776,0.337792
5694,0.048512,0.49904,2.57306,0.269504,0.26,0.255872,0.251808,0.251808,0.607136
5695,0.047552,0.50224,2.56854,0.26816,0.258944,0.255872,0.251808,0.251808,0.317344
5696,0.048064,0.502752,2.56662,0.266112,0.259968,0.254848,0.251776,0.251776,0.343936
5697,0.047936,0.4976,2.56541,0.266144,0.257952,0.253856,0.249728,0.251808,0.34704
5698,0.04784,0.772384,2.56618,0.268192,0.261024,0.255904,0.251808,0.251808,0.317344
5699,0.048192,0.503008,2.55981,0.26816,0.259968,0.254848,0.251776,0.251776,0.343936
5700,0.047584,0.495392,2.56224,0.268192,0.25792,0.255904,0.251808,0.251808,0.344992
5701,0.047904,0.500416,2.83955,0.266144,0.26,0.255904,0.251808,0.251776,0.312576
5702,0.047776,0.49632,2.5544,0.26816,0.259968,0.256896,0.249728,0.251776,0.337792
5703,0.047072,0.501664,2.55594,0.268192,0.26,0.255904,0.251808,0.251808,0.308096
5704,0.04896,0.49504,2.55578,0.26816,0.429984,0.255872,0.251808,0.251808,0.33168
5705,0.048544,0.49376,2.72262,0.266112,0.259968,0.255872,0.249728,0.251776,0.333056
5706,0.047488,0.495904,2.552,0.26816,0.259968,0.255872,0.24976,0.252832,0.307072
5707,0.047456,0.493248,2.54566,0.267168,0.26,0.255904,0.24976,0.251808,0.327584
5708,0.047904,0.49424,2.82669,0.266112,0.259968,0.255872,0.251776,0.251776,0.320736
5709,0.046592,0.49744,2.55222,0.270208,0.26,0.255872,0.251808,0.251808,0.29584
5710,0.047232,0.493792,2.54077,0.268192,0.26,0.255904,0.251808,0.251776,0.315296
5711,0.047936,0.498048,2.55014,0.266112,0.262016,0.255872,0.521088,0.259328,0.323456
5712,0.047424,0.654112,2.55107,0.268192,0.260992,0.255904,0.251776,0.251808,0.30096
5713,0.047328,0.497376,2.54195,0.26816,0.259968,0.255872,0.250752,0.251808,0.296864
5714,0.04704,0.49776,2.54518,0.26816,0.257952,0.255872,0.251776,0.251776,0.291712
5715,0.046464,0.49568,2.83277,0.266144,0.259968,0.255904,0.251776,0.251808,0.263392
5716,0.04704,0.496576,2.54538,0.268192,0.26,0.255904,0.249728,0.251808,0.26304
5717,0.046624,0.498112,2.5463,0.26816,0.258944,0.255872,0.251776,0.251776,0.264064
5718,0.04688,0.495328,2.55389,0.266144,0.26,0.255904,0.420768,0.255168,0.264096
5719,0.04704,0.665664,2.55274,0.26816,0.258944,0.255872,0.251808,0.251808,0.264096
5720,0.046848,0.496672,2.54826,0.26816,0.259968,0.255872,0.250752,0.251776,0.264064
5721,0.046496,0.496128,2.54806,0.269216,0.259968,0.255904,0.251776,0.251808,0.264096
5722,0.047104,0.496928,2.81936,0.266144,0.259968,0.255904,0.251776,0.251808,0.263456
5723,0.047168,0.496192,2.54643,0.26816,0.259968,0.25792,0.251776,0.251776,0.264064
5724,0.046528,0.497408,2.55152,0.268192,0.258976,0.255904,0.24976,0.251808,0.264096
5725,0.047392,0.496288,2.5432,0.26816,0.262048,0.255872,0.421792,0.255264,0.262048
5726,0.048128,0.670624,2.5457,0.26816,0.258944,0.253824,0.251808,0.251776,0.264064
5727,0.047104,0.495616,2.54922,0.26816,0.26,0.255872,0.250784,0.251808,0.264064
5728,0.047456,0.495776,2.54755,0.266144,0.26,0.255904,0.24976,0.251808,0.263072
5729,0.047744,0.497312,2.8215,0.266112,0.259968,0.255872,0.249728,0.251776,0.263424
5730,0.047616,0.494784,2.55392,0.268192,0.259968,0.255904,0.249728,0.251808,0.264096
5731,0.047392,0.496736,2.54902,0.268192,0.258976,0.255904,0.251776,0.251808,0.262048
5732,0.047872,0.495296,2.54582,0.26816,0.259968,0.507776,0.25728,0.253824,0.264064
5733,0.047872,0.494336,2.55437,0.268192,0.259968,0.255904,0.251776,0.251808,0.26512
5734,0.04784,0.494944,2.54054,0.268192,0.26,0.255904,0.251808,0.251776,0.264096
5735,0.047584,0.49696,2.54816,0.26816,0.25792,0.255872,0.251776,0.250752,0.264064
5736,0.047456,0.495232,3.00339,0.268192,0.26,0.255904,0.251808,0.251776,0.265472
5737,0.047456,0.49792,2.54938,0.266144,0.26,0.255904,0.249728,0.250752,0.264096
5738,0.047488,0.496224,2.54659,0.269184,0.259968,0.255872,0.251776,0.251776,0.264064
5739,0.047488,0.493824,2.55498,0.266112,0.259968,0.426912,0.257216,0.251808,0.264064
5740,0.047456,0.663424,2.54765,0.26816,0.26,0.255872,0.24976,0.250752,0.264064
5741,0.047648,0.496512,2.5464,0.26816,0.259968,0.254848,0.24976,0.251776,0.264064
5742,0.04752,0.496096,2.55235,0.268192,0.259968,0.255904,0.251776,0.251808,0.264064
5743,0.047648,0.496032,2.84038,0.26816,0.257952,0.253824,0.24976,0.251776,0.263392
5744,0.04784,0.496768,2.5449,0.26816,0.259968,0.255872,0.251776,0.251776,0.264064
5745,0.04752,0.495168,2.55123,0.268192,0.261024,0.255904,0.24976,0.251808,0.264096
5746,0.047648,0.4976,2.54502,0.268192,0.26,0.422784,0.2552,0.253824,0.264096
5747,0.048,0.663744,2.5472,0.266112,0.259968,0.255904,0.249728,0.2528,0.264064
5748,0.047488,0.49728,2.55187,0.266144,0.26,0.256896,0.251808,0.251808,0.264096
5749,0.048,0.495872,2.54419,0.268192,0.259968,0.255904,0.249728,0.251808,0.264096
5750,0.048192,0.499552,2.82669,0.266112,0.259968,0.255872,0.251776,0.251776,0.265472
5751,0.047584,0.497888,2.54995,0.268192,0.26,0.255904,0.24976,0.251808,0.264096
5752,0.047136,0.493856,2.54458,0.266112,0.26,0.257952,0.251808,0.250784,0.264096
5753,0.048,0.496864,2.54502,0.26816,0.259968,0.515968,0.2552,0.251776,0.264064
5754,0.047264,0.493664,2.55482,0.26816,0.26,0.255872,0.251808,0.251808,0.265088
5755,0.047648,0.497856,2.54637,0.266112,0.26,0.255872,0.249728,0.251776,0.264064
5756,0.047648,0.498816,2.54912,0.266112,0.259968,0.255904,0.250784,0.251808,0.264064
5757,0.047584,0.49776,2.94794,0.268192,0.25792,0.255904,0.249728,0.251808,0.263392
5758,0.047616,0.497728,2.54262,0.266144,0.26,0.256928,0.251808,0.251776,0.262048
5759,0.04784,0.497824,2.54515,0.266112,0.259968,0.25792,0.251776,0.251776,0.26304
5760,0.04752,0.495424,2.55363,0.26816,0.26,0.42384,0.2552,0.251808,0.264064
5761,0.047744,0.663552,2.55158,0.266144,0.26,0.255904,0.251776,0.250752,0.264096
5762,0.047872,0.495584,2.54723,0.266112,0.259968,0.256896,0.251776,0.251776,0.264064
5763,0.047296,0.497088,2.54941,0.26816,0.26,0.255872,0.251808,0.251776,0.264096
5764,0.04816,0.494752,2.82339,0.266144,0.26,0.255904,0.24976,0.251776,0.263392
5765,0.048,0.494592,2.54218,0.26816,0.259968,0.255872,0.251776,0.251776,0.264064
5766,0.047776,0.496576,2.55181,0.268192,0.258976,0.253952,0.2496,0.251808,0.264096
5767,0.048192,0.497216,2.54563,0.26816,0.26,0.420768,0.255168,0.253824,0.262048
5768,0.047872,0.659904,2.54403,0.26816,0.259968,0.255872,0.249728,0.250752,0.264064
5769,0.048,0.497152,2.55421,0.268192,0.26,0.256928,0.251808,0.251776,0.264096
5770,0.047744,0.49808,2.54749,0.266112,0.26,0.255872,0.24976,0.251776,0.264064
5771,0.048096,0.497024,2.84064,0.26816,0.259968,0.255872,0.251776,0.251776,0.265472
5772,0.047968,0.492992,2.55091,0.26816,0.26,0.255872,0.24976,0.251776,0.264064
5773,0.047008,0.491648,2.54614,0.266112,0.26,0.255872,0.251808,0.2528,0.264096
5774,0.04784,0.49536,2.5455,0.26816,0.259968,0.518016,0.2552,0.253824,0.264064
5775,0.048,0.496576,2.54966,0.268192,0.26,0.255904,0.24976,0.251808,0.263072
5776,0.048096,0.494816,2.54675,0.268192,0.258944,0.253824,0.24976,0.251808,0.262048
5777,0.047744,0.4968,2.54557,0.26816,0.259968,0.255872,0.250752,0.251776,0.264064
5778,0.047968,0.498272,2.83376,0.268192,0.26,0.255904,0.251808,0.251776,0.263328
5779,0.04752,0.498656,2.54285,0.268192,0.25792,0.255904,0.249728,0.251808,0.264096
5780,0.048064,0.498272,2.54573,0.26816,0.259968,0.255872,0.251776,0.2528,0.264064
5781,0.047392,0.497888,2.55187,0.266144,0.26,0.391072,0.255232,0.251808,0.264096
5782,0.04784,0.743968,2.54483,0.266144,0.26,0.255904,0.249728,0.250752,0.264096
5783,0.048384,0.496864,2.54576,0.26816,0.259968,0.254848,0.249728,0.251808,0.264064
5784,0.047616,0.497632,2.55702,0.268192,0.26,0.255904,0.251808,0.251776,0.26512
5785,0.048032,0.495808,2.92973,0.266144,0.26,0.253856,0.251808,0.251776,0.26336
5786,0.048224,0.49664,2.54333,0.26816,0.259968,0.256896,0.251776,0.251776,0.264064
5787,0.048064,0.496096,2.54883,0.268192,0.26,0.255904,0.251808,0.251776,0.263072
5788,0.21296,0.49776,2.5457,0.268192,0.26,0.425856,0.253184,0.251808,0.264096
5789,0.047936,0.499552,2.54406,0.26816,0.25792,0.255872,0.250752,0.251776,0.264064
5790,0.04736,0.497376,2.5457,0.267168,0.259968,0.255904,0.251776,0.251808,0.264096
5791,0.047712,0.4976,2.54835,0.266144,0.26,0.255904,0.249728,0.24976,0.264096
5792,0.048256,0.4944,2.82787,0.26816,0.25792,0.25792,0.251776,0.251776,0.26544
5793,0.047584,0.49616,2.55171,0.266144,0.25792,0.255904,0.251808,0.251776,0.264096
5794,0.04752,0.492704,2.54493,0.268192,0.259968,0.255904,0.251808,0.252832,0.262048
5795,0.05024,0.497408,2.54262,0.434048,0.417664,0.263424,0.251776,0.251776,0.264064
5796,0.047136,0.49536,2.55053,0.26816,0.259968,0.255872,0.250752,0.251808,0.264096
5797,0.047264,0.499552,2.54586,0.267168,0.259968,0.255904,0.251776,0.251808,0.264096
5798,0.047712,0.497536,2.54685,0.266112,0.259968,0.255872,0.249728,0.251776,0.264064
5799,0.047712,0.496608,2.83046,0.268192,0.26,0.255904,0.24976,0.251808,0.265408
5800,0.047904,0.498368,2.5433,0.268192,0.259968,0.255904,0.251776,0.251808,0.264096
5801,0.048,0.498656,2.54883,0.26816,0.259968,0.255872,0.251776,0.250752,0.264064
5802,0.05024,0.495776,2.55398,0.509824,0.411552,0.263424,0.251808,0.251776,0.264096
5803,0.047424,0.500224,2.54848,0.268192,0.26,0.255904,0.250784,0.251808,0.264064
5804,0.048128,0.496064,2.54509,0.269184,0.25792,0.255872,0.251776,0.251776,0.264064
5805,0.047872,0.49424,2.55181,0.268192,0.26,0.255904,0.251808,0.251808,0.264096
5806,0.048064,0.496448,2.84288,0.266112,0.25792,0.255872,0.251808,0.251808,0.263392
5807,0.047904,0.495872,2.54557,0.26816,0.259968,0.255872,0.251776,0.251776,0.264064
5808,0.04752,0.49376,2.55053,0.268192,0.26,0.253856,0.249728,0.250752,0.264096
5809,0.050432,0.497056,2.54787,0.268192,0.410528,0.425888,0.253152,0.251776,0.264096
5810,0.048064,0.496512,2.5471,0.268192,0.257952,0.253792,0.250752,0.251776,0.264032
5811,0.048128,0.494688,2.55395,0.267168,0.259968,0.255904,0.251776,0.251808,0.264096
5812,0.048096,0.4976,2.55002,0.268192,0.26,0.253856,0.24976,0.251808,0.264096
5813,0.0488,0.49808,2.83184,0.266112,0.257952,0.257952,0.251776,0.251808,0.263392
5814,0.047744,0.494656,2.556,0.268192,0.259968,0.255904,0.249728,0.251808,0.264096
5815,0.047744,0.497568,2.54851,0.266112,0.25792,0.255872,0.251808,0.2528,0.264096
5816,0.047744,0.498944,2.54205,0.438176,0.418688,0.261376,0.251776,0.251808,0.264064
5817,0.048096,0.496224,2.552,0.268192,0.26,0.256896,0.251808,0.251808,0.264096
5818,0.0488,0.497792,2.54534,0.266144,0.257952,0.255904,0.251776,0.251808,0.263072
5819,0.047968,0.497152,2.5424,0.26816,0.259968,0.255872,0.251776,0.251808,0.264064
5820,0.047456,0.495456,2.83635,0.268192,0.25792,0.255904,0.251808,0.251776,0.263296
5821,0.047776,0.49728,2.54496,0.268192,0.258976,0.255904,0.251808,0.251808,0.264064
5822,0.048,0.498784,2.54477,0.268192,0.259936,0.255872,0.25072,0.251808,0.264064
5823,0.048032,0.496736,2.55053,0.525216,0.26,0.257248,0.251808,0.251808,0.26816
5824,0.047616,0.494432,2.5455,0.266144,0.26,0.255904,0.24976,0.251808,0.264096
5825,0.04816,0.497344,2.54541,0.268192,0.26,0.255904,0.249728,0.250784,0.264064
5826,0.047808,0.497184,2.55571,0.266144,0.259968,0.256928,0.249696,0.251808,0.264064
5827,0.047936,0.495328,3.15069,0.266144,0.257952,0.255904,0.251808,0.251776,0.26752
5828,0.048,0.498624,2.5424,0.26816,0.258976,0.255872,0.251808,0.251776,0.264064
5829,0.047936,0.494912,2.55245,0.268192,0.26,0.254848,0.24976,0.251776,0.264096
5830,0.047648,0.496192,2.5449,0.271616,0.263424,0.257952,0.251776,0.40336,0.432032
5831,0.048576,0.498048,2.54486,0.266112,0.259968,0.25488,0.251808,0.251776,0.264032
5832,0.047872,0.496448,2.54707,0.26816,0.26,0.255872,0.251808,0.251808,0.264064
5833,0.047584,0.495552,2.54672,0.266144,0.258976,0.255904,0.251808,0.251808,0.264096
5834,0.048064,0.495808,2.92275,0.26816,0.257888,0.25584,0.24976,0.251776,0.263392
5835,0.047712,0.49456,2.55187,0.268192,0.259968,0.255904,0.249728,0.251808,0.263072
5836,0.048192,0.496608,2.54339,0.268192,0.26,0.255904,0.24976,0.251808,0.264096
5837,0.047936,0.497824,2.83901,0.266144,0.259968,0.255904,0.249696,0.251808,0.275648
5838,0.048,0.495328,2.55405,0.268192,0.258944,0.255872,0.251808,0.251808,0.264064
5839,0.04752,0.497248,2.54157,0.266112,0.259968,0.255872,0.250752,0.251808,0.262048
5840,0.04816,0.496256,2.54723,0.266112,0.257952,0.255872,0.251808,0.251776,0.263008
5841,0.04784,0.500576,2.9263,0.26816,0.26,0.255872,0.24976,0.251776,0.263424
5842,0.048096,0.49648,2.54605,0.268192,0.259968,0.255904,0.251776,0.251808,0.264096
5843,0.04832,0.495648,2.54998,0.26816,0.261024,0.255872,0.249728,0.251808,0.264064
5844,0.048032,0.496064,2.82541,0.26816,0.26,0.255872,0.251808,0.249728,0.273568
5845,0.048,0.494688,2.54237,0.266112,0.258944,0.255872,0.251808,0.251808,0.262048
5846,0.048736,0.49888,2.54422,0.266112,0.259968,0.254848,0.24976,0.251776,0.264064
5847,0.048064,0.493728,2.55427,0.26816,0.26,0.255872,0.251808,0.249728,0.263072
5848,0.048288,0.756736,2.73024,0.266144,0.25792,0.255904,0.249728,0.251808,0.26336
5849,0.048,0.49824,2.54947,0.26816,0.259968,0.255872,0.249696,0.251808,0.264064
5850,0.047904,0.496992,2.55072,0.268192,0.26,0.255904,0.251776,0.252832,0.264096
5851,0.04816,0.49552,2.83184,0.266144,0.259968,0.255904,0.251776,0.251808,0.26752
5852,0.047808,0.496704,2.55242,0.268192,0.26,0.255872,0.249728,0.250784,0.264032
5853,0.04704,0.493696,2.55178,0.268192,0.259968,0.25488,0.251776,0.251808,0.264096
5854,0.047872,0.498368,2.5489,0.266112,0.257952,0.253824,0.24976,0.251776,0.264096
5855,0.047936,0.776224,2.54515,0.268192,0.258944,0.255872,0.251776,0.251776,0.264032
5856,0.047744,0.497216,2.55405,0.266112,0.25792,0.253856,0.250784,0.251808,0.264096
5857,0.047584,0.496192,2.54928,0.267136,0.26,0.255872,0.251808,0.251808,0.262048
5858,0.048608,0.496192,2.83888,0.26816,0.25792,0.255904,0.24976,0.251808,0.265408
5859,0.048,0.495008,2.55114,0.266144,0.26,0.255904,0.251808,0.250784,0.264096
5860,0.047968,0.495904,2.5449,0.267168,0.26,0.255872,0.24976,0.251776,0.262048
5861,0.04864,0.496416,2.54352,0.268128,0.259968,0.255872,0.24976,0.251808,0.264032
5862,0.048,0.78064,2.55338,0.268192,0.258944,0.255904,0.24976,0.251776,0.264096
5863,0.047808,0.49584,2.54544,0.26816,0.259968,0.255872,0.250752,0.251808,0.264064
5864,0.048448,0.49664,2.54237,0.266112,0.259968,0.255904,0.249696,0.251808,0.26304
5865,0.048064,0.494688,2.83674,0.26816,0.257952,0.255872,0.251808,0.249728,0.267424
5866,0.047808,0.494656,2.54803,0.268192,0.26,0.255904,0.24976,0.252832,0.264096
5867,0.048128,0.494816,2.54448,0.268192,0.259936,0.254848,0.249728,0.251808,0.264032
5868,0.047488,0.494592,2.54752,0.268192,0.26,0.255904,0.251808,0.251776,0.264096
5869,0.04784,0.761184,2.72496,0.266144,0.25792,0.255904,0.249728,0.251808,0.263424
5870,0.047968,0.495744,2.54234,0.266112,0.26,0.255904,0.24976,0.251808,0.264064
5871,0.047936,0.497408,2.5481,0.266112,0.26,0.255872,0.24976,0.250784,0.264064
5872,0.048384,0.49632,2.83206,0.268192,0.25792,0.255904,0.251808,0.251808,0.263424
5873,0.048352,0.495584,2.54326,0.268192,0.257888,0.255872,0.250752,0.251776,0.264032
5874,0.047456,0.493696,2.54963,0.267136,0.26,0.255872,0.251808,0.251808,0.264096
5875,0.048384,0.494912,2.54336,0.266112,0.257952,0.255872,0.24976,0.251776,0.262016
5876,0.048032,0.785696,2.54723,0.266144,0.258976,0.255904,0.251808,0.251776,0.264064
5877,0.047872,0.498688,2.54848,0.266112,0.259968,0.255872,0.250752,0.251808,0.264064
5878,0.04816,0.495776,2.54147,0.268192,0.259968,0.255904,0.249728,0.251808,0.263072
5879,0.04912,0.499488,3.03155,0.268192,0.25792,0.255872,0.249728,0.251808,0.26752
5880,0.047424,0.495488,2.54819,0.268192,0.26,0.255904,0.251776,0.250752,0.264096
5881,0.047872,0.49696,2.54467,0.268192,0.26,0.254848,0.24976,0.251808,0.264096
5882,0.048192,0.495296,2.54314,0.268192,0.259968,0.253792,0.251808,0.251776,0.264064
5883,0.048448,0.663488,2.72995,0.268192,0.26,0.255904,0.251808,0.251776,0.263424
5884,0.048128,0.495968,2.548,0.268192,0.258976,0.255904,0.251776,0.251808,0.264096
5885,0.048224,0.498016,2.54426,0.268128,0.259968,0.255872,0.250784,0.251808,0.264064
5886,0.048,0.494144,2.83859,0.266144,0.25792,0.255904,0.249728,0.251808,0.26544
5887,0.048032,0.497024,2.54525,0.26816,0.259968,0.25488,0.249728,0.251808,0.264064
5888,0.048544,0.495712,2.54515,0.26816,0.26,0.255872,0.249728,0.251808,0.265088
5889,0.055424,0.49712,2.55082,0.26816,0.425888,0.255872,0.251808,0.251808,0.264064
5890,0.047648,0.495456,2.74682,0.266112,0.257952,0.255872,0.24976,0.251808,0.26336
5891,0.047936,0.498368,2.54362,0.26816,0.261024,0.255872,0.251808,0.251776,0.264064
5892,0.047968,0.496256,2.55046,0.268192,0.25792,0.254848,0.24976,0.251776,0.264096
5893,0.048512,0.49552,2.82496,0.266112,0.257952,0.255872,0.251808,0.251808,0.263392
5894,0.047872,0.497248,2.54509,0.267168,0.259968,0.255904,0.249728,0.251808,0.266112
5895,0.047776,0.494976,2.55293,0.268192,0.259968,0.255904,0.249728,0.251808,0.264096
5896,0.055296,0.495872,2.54989,0.266112,0.427936,0.253824,0.24976,0.251776,0.262048
5897,0.048768,0.496832,2.72202,0.268192,0.257952,0.25584,0.251808,0.251776,0.26336
5898,0.047968,0.496512,2.55325,0.266112,0.258976,0.255872,0.24976,0.251776,0.264064
5899,0.048224,0.496608,2.54803,0.268192,0.26,0.254848,0.251808,0.251808,0.264096
5900,0.04832,0.495936,2.83062,0.266112,0.257952,0.253824,0.24976,0.251744,0.265408
5901,0.048128,0.498336,2.55072,0.267168,0.25792,0.255904,0.251808,0.251776,0.264096
5902,0.048096,0.494112,2.5456,0.266144,0.259968,0.253856,0.249728,0.251808,0.262048
5903,0.05536,0.498176,2.54397,0.266112,0.422784,0.255904,0.251808,0.251776,0.262048
5904,0.04752,0.495072,2.73536,0.266144,0.26,0.255904,0.24976,0.251776,0.263392
5905,0.048032,0.499072,2.55088,0.26816,0.25792,0.255872,0.251808,0.250784,0.264064
5906,0.048,0.496608,2.54269,0.268192,0.259968,0.25488,0.249728,0.251808,0.264032
5907,0.047776,0.496128,2.8345,0.266144,0.25792,0.255904,0.249728,0.251808,0.26336
5908,0.048416,0.496,2.54496,0.267168,0.26,0.255904,0.24976,0.251808,0.264096
5909,0.048544,0.497344,2.54035,0.268192,0.26,0.255872,0.251776,0.251744,0.264064
5910,0.048608,0.49648,2.55136,0.26816,0.267456,0.255872,0.24976,0.420768,0.264064
5911,0.047968,0.498432,2.72342,0.26816,0.26,0.255872,0.251808,0.251808,0.263392
5912,0.04864,0.495968,2.54387,0.26816,0.25792,0.255872,0.250784,0.251808,0.264064
5913,0.047648,0.495936,2.55258,0.265088,0.26,0.255904,0.24976,0.251808,0.264096
5914,0.04768,0.497792,2.99005,0.26816,0.26,0.255872,0.24976,0.251776,0.267456
5915,0.048352,0.496384,2.54282,0.26816,0.258944,0.255904,0.249728,0.251808,0.264064
5916,0.047872,0.494336,2.55066,0.268192,0.26,0.256896,0.24976,0.251776,0.264096
5917,0.04832,0.497216,2.54608,0.268192,0.261408,0.255904,0.251776,0.424864,0.263072
5918,0.048,0.665792,2.54579,0.26816,0.258944,0.255872,0.251776,0.251808,0.264064
5919,0.047712,0.497568,2.548,0.268192,0.25792,0.255904,0.250784,0.251776,0.264096
5920,0.048096,0.495744,2.54582,0.269216,0.26,0.255904,0.251808,0.251808,0.264096
5921,0.047968,0.496,2.8303,0.268192,0.259968,0.255872,0.249728,0.251808,0.263392
5922,0.048,0.494528,2.54797,0.268192,0.26,0.255904,0.251808,0.251776,0.263072
5923,0.047552,0.495424,2.54672,0.268192,0.26,0.253856,0.24976,0.251808,0.264096
5924,0.048448,0.4952,2.54723,0.26816,0.263392,0.255872,0.251776,0.42384,0.264064
5925,0.048448,0.664288,2.55126,0.268192,0.258976,0.255904,0.24976,0.251808,0.264096
5926,0.048544,0.496992,2.54947,0.268192,0.26,0.255904,0.250784,0.251808,0.264096
5927,0.048704,0.496,2.54464,0.267168,0.26,0.255904,0.249728,0.251776,0.264032
5928,0.047648,0.493536,2.83152,0.268192,0.25792,0.255904,0.24976,0.251776,0.263296
5929,0.04832,0.49648,2.54864,0.266112,0.26,0.253824,0.24976,0.251776,0.263072
5930,0.048064,0.496896,2.54678,0.266144,0.259968,0.255904,0.251776,0.251808,0.264064
5931,0.048032,0.495616,2.55075,0.268192,0.26,0.255904,0.419712,0.25712,0.264096
5932,0.048128,0.672416,2.54762,0.268192,0.258976,0.255904,0.251808,0.251776,0.264096
5933,0.04832,0.497888,2.54291,0.268192,0.259968,0.255872,0.250752,0.251808,0.264032
5934,0.047712,0.49376,2.55091,0.266112,0.257952,0.255872,0.24976,0.251808,0.263072
5935,0.048288,0.498016,2.82701,0.268192,0.26,0.255904,0.24976,0.251808,0.263392
5936,0.048,0.497632,2.54362,0.268192,0.25792,0.255872,0.251776,0.251776,0.264064
5937,0.047808,0.49632,2.55306,0.268192,0.258976,0.255904,0.251776,0.251808,0.264096
5938,0.048,0.496544,2.54547,0.266144,0.26,0.255904,0.395136,0.253152,0.262048
5939,0.048544,0.775552,2.54755,0.268128,0.258944,0.255872,0.251808,0.251776,0.264064
5940,0.048224,0.493888,2.5519,0.26816,0.25792,0.255872,0.250752,0.251808,0.264064
5941,0.047904,0.495744,2.54861,0.268192,0.26,0.255904,0.24976,0.251808,0.26512
5942,0.048384,0.49936,2.91853,0.266112,0.26,0.255904,0.249728,0.251808,0.263392
5943,0.047584,0.495104,2.54925,0.27024,0.26,0.255904,0.250784,0.251808,0.264096
5944,0.047776,0.496512,2.54557,0.267168,0.26,0.255904,0.251808,0.251776,0.264096
5945,0.04864,0.495776,2.5448,0.26816,0.259968,0.427936,0.255232,0.253856,0.264032
5946,0.048512,0.661568,2.54749,0.266144,0.25792,0.255904,0.251808,0.250784,0.264096
5947,0.047936,0.500544,2.54752,0.267168,0.257952,0.255904,0.251808,0.251776,0.262048
5948,0.047936,0.497632,2.54461,0.26608,0.26,0.255904,0.251808,0.251776,0.264064
5949,0.04816,0.49376,2.83088,0.26816,0.257952,0.255872,0.251808,0.251808,0.263392
5950,0.047936,0.498368,2.54525,0.266144,0.25792,0.255904,0.251808,0.251808,0.264096
5951,0.047808,0.495328,2.54237,0.268192,0.26,0.255872,0.251808,0.250784,0.264064
5952,0.049632,0.497632,2.54723,0.268192,0.4136,0.425888,0.253184,0.251808,0.264096
5953,0.048096,0.496768,2.54448,0.268192,0.26,0.255904,0.250784,0.251776,0.262048
5954,0.048064,0.496384,2.54634,0.267136,0.259968,0.255872,0.251776,0.251776,0.264096
5955,0.047744,0.496352,2.5496,0.268192,0.25792,0.255904,0.249728,0.251808,0.264096
5956,0.048096,0.493472,2.82234,0.266144,0.26,0.253856,0.24976,0.251808,0.263424
5957,0.04768,0.497472,2.5489,0.26816,0.25792,0.253824,0.24976,0.251808,0.264032
5958,0.047552,0.496544,2.55158,0.266112,0.26,0.255904,0.249728,0.250752,0.264096
5959,0.049696,0.496608,2.54502,0.428128,0.396192,0.262208,0.251776,0.251808,0.264096
5960,0.048512,0.49472,2.71555,0.26816,0.259968,0.255872,0.249728,0.251808,0.265376
5961,0.048064,0.497728,2.5519,0.266144,0.25792,0.255904,0.251808,0.250784,0.264096
5962,0.047648,0.498944,2.54384,0.26816,0.26,0.25488,0.251808,0.251808,0.264064
5963,0.048544,0.496832,2.92368,0.266112,0.259936,0.253856,0.251776,0.251776,0.263424
5964,0.048224,0.498656,2.55181,0.269216,0.25792,0.255904,0.251808,0.251776,0.264064
5965,0.047584,0.496192,2.54627,0.26816,0.257952,0.255872,0.251808,0.251808,0.262016
5966,0.048064,0.496704,2.54758,0.439168,0.265472,0.259264,0.251744,0.40336,0.26816
5967,0.047456,0.494112,2.54794,0.26816,0.259968,0.25488,0.249728,0.251808,0.264064
5968,0.048608,0.49584,2.54774,0.26816,0.25792,0.255872,0.24976,0.251776,0.263072
5969,0.048,0.497696,2.5456,0.266112,0.25792,0.253824,0.251808,0.251776,0.264064
5970,0.04816,0.495072,2.83674,0.266144,0.26,0.255904,0.24976,0.251808,0.26336
5971,0.048032,0.496384,2.54717,0.268192,0.258976,0.255904,0.251776,0.251808,0.264096
5972,0.047904,0.50032,2.5488,0.26816,0.26,0.255904,0.250752,0.251808,0.264064
5973,0.046848,0.49584,2.55171,0.277728,0.263424,0.25792,0.251808,0.408448,0.436096
5974,0.047552,0.49808,2.5449,0.268192,0.257952,0.254848,0.251808,0.251808,0.264096
5975,0.048096,0.499424,2.54461,0.26816,0.26,0.255872,0.249696,0.251808,0.26304
5976,0.047648,0.497024,2.55277,0.268192,0.258976,0.255904,0.24976,0.251808,0.264096
5977,0.048064,0.494464,2.82611,0.266144,0.259968,0.255904,0.251776,0.251808,0.263424
5978,0.048416,0.498624,2.5433,0.268128,0.258912,0.255904,0.251776,0.251776,0.264064
5979,0.047776,0.49392,2.5512,0.266144,0.25792,0.254848,0.24976,0.251808,0.264096
5980,0.04848,0.498368,2.54698,0.275744,0.263456,0.257952,0.251808,0.407456,0.431008
5981,0.048416,0.496832,2.54672,0.26816,0.26,0.254816,0.251808,0.251776,0.264064
5982,0.048288,0.495072,2.5529,0.268192,0.257952,0.255904,0.251776,0.251808,0.264096
5983,0.04784,0.498176,2.54144,0.268192,0.258976,0.255904,0.24976,0.251808,0.262048
5984,0.04848,0.495456,2.98883,0.268192,0.257952,0.255904,0.24976,0.251808,0.265408
5985,0.04784,0.494272,2.552,0.268192,0.26,0.255904,0.249728,0.251808,0.263072
5986,0.048064,0.496768,2.54714,0.266144,0.26,0.255904,0.251808,0.251808,0.264096
5987,0.048192,0.496704,2.54557,0.267552,0.262016,0.255904,0.400224,0.259328,0.438144
5988,0.047904,0.495968,2.55242,0.267168,0.26,0.255904,0.24976,0.251808,0.264096
5989,0.047904,0.498816,2.54365,0.26816,0.257952,0.255872,0.251808,0.251808,0.262016
5990,0.04816,0.495744,2.54253,0.266112,0.258976,0.253856,0.24976,0.251808,0.264032
5991,0.048512,0.4992,2.83754,0.268192,0.25792,0.255904,0.251776,0.251808,0.26544
5992,0.048416,0.497472,2.54342,0.268192,0.26,0.253856,0.249728,0.250752,0.264096
5993,0.048,0.499968,2.54685,0.269184,0.259968,0.25584,0.251776,0.251776,0.264064
5994,0.04816,0.495488,2.83872,0.268192,0.26,0.255904,0.24976,0.251808,0.275712
5995,0.047936,0.496,2.54637,0.268192,0.258976,0.255904,0.251776,0.251808,0.264096
5996,0.048512,0.497696,2.54147,0.268192,0.26,0.254848,0.251808,0.251776,0.264064
5997,0.048256,0.492192,2.54669,0.268192,0.26,0.255904,0.24976,0.251808,0.263072
5998,0.047904,0.500544,2.81795,0.268192,0.257952,0.255904,0.24976,0.251808,0.263392
5999,0.048608,0.497216,2.54502,0.266144,0.259968,0.255904,0.250752,0.251808,0.264064
6000,0.047808,0.495712,2.55322,0.267168,0.25792,0.255904,0.24976,0.251776,0.264096
6001,0.04816,0.500256,2.82336,0.26816,0.257952,0.255872,0.251808,0.251808,0.27568
6002,0.048384,0.497376,2.54554,0.266144,0.258944,0.255904,0.251808,0.251744,0.264032
6003,0.047776,0.495232,2.54982,0.268192,0.26,0.255904,0.248736,0.251808,0.264096
6004,0.04736,0.496416,2.54685,0.268192,0.26,0.255904,0.251808,0.251808,0.263072
6005,0.048384,0.505504,2.99322,0.266144,0.259968,0.255872,0.251776,0.251776,0.263392
6006,0.048256,0.495584,2.55181,0.266144,0.259968,0.255904,0.251776,0.251808,0.264096
6007,0.047712,0.494432,2.54582,0.268192,0.258976,0.255904,0.24976,0.251776,0.264096
6008,0.048544,0.500704,2.83187,0.268192,0.259968,0.255872,0.249728,0.251808,0.267424
6009,0.04816,0.492544,2.54979,0.268192,0.26,0.255904,0.24976,0.2528,0.264064
6010,0.047968,0.497952,2.54282,0.268192,0.26,0.254848,0.251808,0.251808,0.264096
6011,0.048576,0.49536,2.54883,0.266112,0.259968,0.255904,0.249696,0.251808,0.264064
6012,0.04816,0.774368,2.55069,0.26816,0.258944,0.255872,0.251808,0.251808,0.264064
6013,0.047872,0.4984,2.55021,0.268192,0.26,0.255904,0.250784,0.251776,0.264096
6014,0.047936,0.495424,2.54726,0.267136,0.26,0.255904,0.251776,0.251776,0.264096
6015,0.048224,0.49776,2.82195,0.266144,0.26,0.405376,0.253216,0.251808,0.26752
6016,0.047872,0.495808,2.54957,0.268192,0.26,0.255904,0.251808,0.251808,0.263072
6017,0.048384,0.497056,2.54269,0.268192,0.258976,0.25584,0.249728,0.251776,0.264032
6018,0.04784,0.494624,2.55184,0.268192,0.257952,0.255904,0.250784,0.251808,0.264096
6019,0.048096,0.76848,2.54698,0.268192,0.258976,0.255904,0.24976,0.251808,0.264096
6020,0.04848,0.496768,2.54602,0.268192,0.257888,0.255872,0.250784,0.251808,0.264032
6021,0.047616,0.496608,2.55011,0.269216,0.26,0.255904,0.251808,0.251808,0.264064
6022,0.048288,0.495392,2.84182,0.266144,0.259968,0.255904,0.249728,0.251808,0.263392
6023,0.048224,0.495232,2.54723,0.268192,0.26,0.255904,0.250752,0.251776,0.264064
6024,0.047584,0.49552,2.55114,0.267136,0.26,0.255872,0.251808,0.251808,0.264096
6025,0.047552,0.495264,2.54112,0.26816,0.26,0.255872,0.251808,0.251808,0.264064
6026,0.048416,0.767168,2.72963,0.267136,0.259968,0.253792,0.24976,0.251808,0.26336
6027,0.04768,0.49504,2.54995,0.26816,0.26,0.255872,0.249728,0.251776,0.264096
6028,0.04768,0.49696,2.5408,0.266144,0.26,0.255904,0.24976,0.250784,0.264064
6029,0.04816,0.497376,2.83453,0.268192,0.259968,0.255872,0.251808,0.251776,0.26336
6030,0.047936,0.494752,2.54749,0.266144,0.259968,0.25488,0.249728,0.251808,0.264096
6031,0.047968,0.496832,2.54429,0.26816,0.26,0.255872,0.251808,0.251808,0.263072
6032,0.05056,0.49712,2.54435,0.26816,0.25792,0.255872,0.249696,0.251808,0.264064
6033,0.048064,0.780544,2.5489,0.268192,0.258976,0.255904,0.251776,0.251808,0.264096
6034,0.048064,0.496128,2.54614,0.266144,0.257952,0.255904,0.250784,0.251808,0.264096
6035,0.047872,0.496928,2.54784,0.26816,0.26,0.255872,0.251776,0.249728,0.26304
6036,0.048256,0.495392,2.83309,0.266144,0.26,0.253856,0.251808,0.251776,0.26336
6037,0.048096,0.495808,2.54451,0.268192,0.25792,0.255872,0.250784,0.251808,0.264096
6038,0.048032,0.497504,2.54336,0.267168,0.259968,0.255904,0.24976,0.251808,0.264096
6039,0.049952,0.49616,2.5496,0.26816,0.26,0.255872,0.251808,0.251808,0.264064
6040,0.04784,0.670144,2.72435,0.268192,0.259968,0.255904,0.249728,0.251808,0.26336
6041,0.048192,0.498432,2.54166,0.268192,0.26,0.255872,0.24976,0.251776,0.264064
6042,0.048,0.49344,2.55018,0.268192,0.26,0.253856,0.250784,0.251776,0.264096
6043,0.04864,0.495392,2.82022,0.268192,0.259968,0.255904,0.251776,0.251808,0.263424
6044,0.04864,0.494912,2.54554,0.268192,0.259968,0.256928,0.251776,0.251776,0.264064
6045,0.047936,0.494688,2.55584,0.266144,0.26,0.255904,0.24976,0.251808,0.263072
6046,0.048,0.496256,2.5457,0.268192,0.259968,0.255904,0.249728,0.251808,0.264096
6047,0.048288,0.491968,2.72579,0.26816,0.26,0.25584,0.251808,0.251808,0.265472
6048,0.04816,0.495456,2.55443,0.268192,0.258976,0.255904,0.24976,0.251808,0.264096
6049,0.047936,0.496928,2.54365,0.268192,0.26,0.255904,0.250784,0.251776,0.262048
6050,0.048736,0.496032,2.81005,0.275744,0.26,0.25792,0.251808,0.251808,0.41392
6051,0.047744,0.496992,2.55299,0.26816,0.26,0.253856,0.249728,0.251776,0.264064
6052,0.047264,0.496416,2.54787,0.266112,0.26,0.255872,0.251808,0.2528,0.262048
6053,0.054112,0.49792,2.5465,0.267136,0.42688,0.255904,0.24976,0.251808,0.264096
6054,0.048256,0.496192,2.73466,0.266144,0.26,0.255904,0.249728,0.251808,0.263424
6055,0.047744,0.49456,2.54272,0.26816,0.26,0.253856,0.24976,0.250784,0.262016
6056,0.048448,0.497888,2.54515,0.266112,0.26,0.25488,0.251808,0.251808,0.264064
6057,0.04784,0.495296,2.83203,0.268192,0.26,0.255904,0.24976,0.251808,0.263328
6058,0.047968,0.497344,2.54733,0.267136,0.257952,0.255872,0.251808,0.251808,0.264096
6059,0.048128,0.495456,2.54858,0.268192,0.26,0.253824,0.24976,0.251808,0.264064
6060,0.050624,0.49728,2.55062,0.268192,0.42896,0.255904,0.24976,0.251808,0.264096
6061,0.048288,0.495776,2.71802,0.266144,0.259968,0.255904,0.249728,0.251808,0.263424
6062,0.048096,0.496576,2.54666,0.268192,0.257888,0.255872,0.249728,0.252832,0.264032
6063,0.047488,0.495744,2.55085,0.26816,0.26,0.25488,0.24976,0.251808,0.264064
6064,0.04848,0.49488,2.83328,0.266144,0.257952,0.255904,0.251808,0.251776,0.26336
6065,0.04816,0.497888,2.54448,0.267136,0.26,0.255872,0.249728,0.251808,0.264064
6066,0.048224,0.495424,2.55075,0.26816,0.25792,0.255872,0.251808,0.251808,0.264064
6067,0.047872,0.496992,2.54845,0.266144,0.268416,0.255904,0.249728,0.41168,0.262048
6068,0.048448,0.497504,2.72179,0.266112,0.26,0.255904,0.251808,0.251744,0.263392
6069,0.047872,0.493856,2.55136,0.268192,0.26,0.253856,0.251808,0.250784,0.264096
6070,0.048384,0.496288,2.54448,0.267168,0.259968,0.255904,0.251776,0.251808,0.262048
6071,0.048736,0.496256,2.83293,0.268192,0.26,0.255872,0.249728,0.251808,0.263392
6072,0.047808,0.496192,2.55206,0.267168,0.26,0.255904,0.24976,0.251808,0.264096
6073,0.047456,0.497408,2.54253,0.266112,0.259968,0.255904,0.251776,0.251808,0.264096
6074,0.04832,0.498464,2.54842,0.266112,0.26544,0.255904,0.249728,0.496544,0.264064
6075,0.048192,0.495584,2.73091,0.26816,0.25792,0.255872,0.251808,0.251808,0.26544
6076,0.047744,0.497152,2.54448,0.268192,0.26,0.255904,0.250784,0.251776,0.264096
6077,0.048352,0.49712,2.54634,0.267168,0.259968,0.255904,0.249728,0.251808,0.264032
6078,0.047904,0.494912,2.83462,0.266112,0.25792,0.253824,0.251808,0.249728,0.263392
6079,0.047584,0.495392,2.5433,0.267168,0.257952,0.255904,0.251808,0.251776,0.264096
6080,0.048128,0.496416,2.54611,0.268192,0.26,0.255872,0.249728,0.251808,0.264032
6081,0.048096,0.494432,2.54736,0.266144,0.263392,0.255904,0.251776,0.42384,0.264096
6082,0.04864,0.666976,2.54506,0.268192,0.258976,0.253824,0.24976,0.251776,0.264064
6083,0.04864,0.497408,2.54445,0.26816,0.26,0.255904,0.250784,0.251776,0.264064
6084,0.047584,0.495552,2.55843,0.267168,0.25792,0.255904,0.251808,0.251808,0.264064
6085,0.048224,0.497152,2.83942,0.266144,0.257952,0.255904,0.251808,0.251776,0.263424
6086,0.048,0.495168,2.5457,0.266112,0.26,0.255904,0.249728,0.251776,0.26304
6087,0.048064,0.49408,2.54992,0.268192,0.259968,0.255904,0.251776,0.251808,0.262016
6088,0.047712,0.495744,2.54653,0.266144,0.263392,0.255904,0.249728,0.424864,0.262048
6089,0.048064,0.665344,2.73862,0.266112,0.26,0.255904,0.24976,0.251808,0.263392
6090,0.048448,0.497728,2.55763,0.266144,0.259968,0.255904,0.249728,0.251808,0.262048
6091,0.04784,0.49536,2.54813,0.266144,0.26,0.255904,0.24976,0.250784,0.262048
6092,0.048192,0.496672,2.83123,0.268192,0.259968,0.253824,0.249728,0.251808,0.263424
6093,0.046496,0.495264,2.55357,0.267168,0.259968,0.255904,0.249728,0.251808,0.264064
6094,0.048288,0.49408,2.5495,0.268192,0.26,0.255904,0.249728,0.251776,0.262048
6095,0.048192,0.493696,2.54637,0.268192,0.259968,0.25584,0.426912,0.2552,0.262016
6096,0.048352,0.642848,2.72979,0.268192,0.26,0.255904,0.24976,0.251808,0.263424
6097,0.04784,0.495648,2.54147,0.266112,0.258944,0.255872,0.251808,0.251808,0.262016
6098,0.047776,0.496992,2.54381,0.268192,0.259968,0.255872,0.250752,0.251776,0.262016
6099,0.047808,0.494816,2.93504,0.266112,0.259968,0.255904,0.251776,0.251808,0.263424
6100,0.047744,0.49664,2.54384,0.268192,0.26,0.25488,0.251808,0.251808,0.262016
6101,0.047648,0.496064,2.54666,0.268192,0.25792,0.255872,0.251776,0.251776,0.26304
6102,0.04944,0.497312,2.54835,0.432032,0.412544,0.261184,0.251808,0.251808,0.262048
6103,0.047488,0.496768,2.54218,0.266144,0.26,0.255904,0.250784,0.251808,0.262048
6104,0.048064,0.497568,2.54422,0.269184,0.26,0.255872,0.251776,0.251776,0.262016
6105,0.047328,0.49408,2.54573,0.268192,0.26,0.255904,0.24976,0.251776,0.262048
6106,0.048512,0.4984,2.8263,0.266144,0.259968,0.255904,0.251776,0.251808,0.261312
6107,0.047712,0.499296,2.54035,0.266144,0.259968,0.255904,0.249728,0.251808,0.262016
6108,0.048224,0.496864,2.55357,0.266144,0.26,0.255904,0.250784,0.251808,0.262048
6109,0.04928,0.494912,2.54643,0.433056,0.41152,0.263424,0.253856,0.251776,0.262048
6110,0.047616,0.49856,2.5472,0.26608,0.259936,0.255872,0.250752,0.251808,0.262016
6111,0.047424,0.494336,2.54723,0.267168,0.26,0.255904,0.24976,0.251808,0.262048
6112,0.047456,0.493888,2.54029,0.268192,0.259968,0.255904,0.251776,0.251808,0.262048
6113,0.047872,0.49664,2.82755,0.26816,0.259968,0.255872,0.251808,0.251776,0.263392
6114,0.04736,0.497344,2.55043,0.268192,0.261024,0.255904,0.249728,0.251808,0.262048
6115,0.047808,0.494656,2.53856,0.268192,0.26,0.255904,0.250784,0.251776,0.262016
6116,0.047744,0.494464,2.54477,0.44224,0.415616,0.259328,0.251776,0.251808,0.264064
6117,0.047392,0.493664,2.54362,0.268192,0.257952,0.256896,0.251808,0.251808,0.262048
6118,0.047744,0.49856,2.54106,0.266144,0.26,0.255904,0.251808,0.251776,0.260992
6119,0.048,0.500448,2.54614,0.266112,0.259968,0.255904,0.249696,0.251808,0.262016
6120,0.047872,0.494848,2.99414,0.26816,0.26,0.255872,0.24976,0.251776,0.263328
6121,0.047168,0.496128,2.54848,0.267168,0.259968,0.255904,0.251776,0.251808,0.262016
6122,0.047968,0.496256,2.54445,0.268192,0.26,0.255872,0.251776,0.251744,0.262048
6123,0.047552,0.494816,2.54726,0.438176,0.26544,0.259328,0.251808,0.407456,0.266144
6124,0.047456,0.496288,2.54637,0.26816,0.26,0.25488,0.251808,0.251808,0.262016
6125,0.047008,0.498368,2.5472,0.266144,0.26,0.255904,0.251808,0.251776,0.263072
6126,0.047232,0.495936,2.55312,0.268192,0.258944,0.255904,0.249728,0.251808,0.262016
6127,0.046944,0.493472,2.83078,0.266144,0.259968,0.255904,0.251776,0.251808,0.261312
6128,0.047296,0.501472,2.54352,0.266112,0.258944,0.255904,0.251776,0.251744,0.261984
6129,0.047072,0.496128,2.5537,0.266144,0.26,0.254848,0.251808,0.251808,0.262048
6130,0.047584,0.497632,2.5489,0.4392,0.265504,0.259296,0.251808,0.406432,0.263072
6131,0.046976,0.496,2.54467,0.26816,0.26,0.256896,0.251808,0.251776,0.264064
6132,0.047168,0.497184,2.55085,0.26816,0.26,0.255872,0.251808,0.251808,0.26304
6133,0.047296,0.494464,2.54835,0.266144,0.258976,0.255904,0.251776,0.251808,0.262048
6134,0.047744,0.496096,2.83312,0.266144,0.26,0.255904,0.249728,0.251808,0.261344
6135,0.047232,0.496896,2.54672,0.268192,0.258976,0.255904,0.251808,0.251808,0.262016
6136,0.047008,0.495744,2.54621,0.268192,0.26,0.255904,0.250784,0.251808,0.264096
6137,0.047456,0.496192,2.54813,0.267552,0.261376,0.255872,0.251776,0.408448,0.438144
6138,0.046816,0.493568,2.5511,0.267168,0.25792,0.255904,0.24976,0.251808,0.262048
6139,0.047104,0.495904,2.54707,0.268192,0.26,0.255904,0.251808,0.251776,0.262048
6140,0.047232,0.494912,2.54144,0.268192,0.258944,0.255872,0.251808,0.251744,0.262016
6141,0.047232,0.496864,2.82678,0.26816,0.257952,0.255872,0.251808,0.251808,0.263392
6142,0.04656,0.49744,2.5449,0.268192,0.26,0.255904,0.24976,0.252832,0.262016
6143,0.04688,0.498048,2.54659,0.266112,0.259968,0.256928,0.251776,0.251776,0.262016
6144,0.046944,0.494144,2.54902,0.26752,0.262048,0.255872,0.493472,0.259328,0.405408
6145,0.046976,0.666976,2.54589,0.266112,0.258944,0.255872,0.251808,0.251808,0.262048
6146,0.046816,0.497984,2.54582,0.266144,0.257952,0.255904,0.250784,0.251776,0.262016
6147,0.046688,0.497056,2.54944,0.266144,0.26,0.255904,0.251808,0.249728,0.263072
6148,0.047328,0.499136,2.91187,0.268192,0.26,0.255904,0.24976,0.251808,0.26336
6149,0.047456,0.498368,2.54611,0.268192,0.257952,0.255872,0.249728,0.251808,0.262016
6150,0.046528,0.495872,2.55136,0.26816,0.258944,0.255872,0.251808,0.251808,0.262016
6151,0.047552,0.499424,2.82064,0.266144,0.257952,0.255904,0.24976,0.251808,0.269536
6152,0.047616,0.49744,2.54374,0.268192,0.259968,0.255872,0.249728,0.252832,0.262048
6153,0.046656,0.493408,2.54803,0.266144,0.257952,0.25488,0.24976,0.251808,0.262016
6154,0.046912,0.497056,2.54509,0.266112,0.26,0.255872,0.24976,0.251776,0.260992
6155,0.04704,0.499104,2.82336,0.268128,0.26,0.253856,0.251808,0.251776,0.263392
6156,0.046976,0.497568,2.54746,0.268192,0.26,0.255904,0.250784,0.251776,0.262048
6157,0.046752,0.496192,2.54384,0.26512,0.259968,0.253856,0.249728,0.251808,0.262048
6158,0.047008,0.494976,2.81942,0.266112,0.25792,0.255904,0.251808,0.251776,0.269536
6159,0.046848,0.496768,2.55331,0.266144,0.26,0.255904,0.251776,0.252832,0.262048
6160,0.046656,0.496704,2.54301,0.268192,0.257952,0.256928,0.24976,0.251808,0.262048
6161,0.046944,0.496256,2.54176,0.268192,0.26,0.25584,0.251776,0.251808,0.263008
6162,0.04688,0.771936,2.55584,0.26816,0.258944,0.255872,0.249728,0.251776,0.262016
6163,0.046816,0.497408,2.54682,0.266112,0.25792,0.255872,0.250752,0.251808,0.262048
6164,0.047104,0.494592,2.54547,0.267168,0.257952,0.255904,0.251808,0.251776,0.261984
6165,0.04704,0.495136,2.81878,0.268192,0.26,0.404384,0.255264,0.251776,0.271616
6166,0.046496,0.496704,2.54438,0.266112,0.26,0.255872,0.249728,0.251808,0.261024
6167,0.046816,0.49456,2.54058,0.268192,0.26,0.255872,0.251808,0.251744,0.262016
6168,0.047904,0.494784,2.54826,0.26816,0.25792,0.255872,0.251808,0.250784,0.262016
6169,0.04736,0.770656,2.54426,0.268192,0.258976,0.255904,0.251808,0.251776,0.262048
6170,0.047008,0.496256,2.54077,0.26816,0.26,0.255904,0.250752,0.251808,0.262048
6171,0.046912,0.498528,2.55146,0.269216,0.26,0.255904,0.24976,0.251808,0.262048
6172,0.04864,0.497184,2.82656,0.266112,0.257952,0.255872,0.24976,0.251808,0.267488
6173,0.046784,0.49648,2.54381,0.268192,0.259968,0.255872,0.251808,0.250752,0.262016
6174,0.047008,0.496416,2.55011,0.268192,0.259968,0.25488,0.249728,0.251808,0.262016
6175,0.047488,0.493824,2.5401,0.26816,0.257952,0.255872,0.249728,0.251776,0.260992
6176,0.04768,0.502304,2.83059,0.26816,0.25792,0.255872,0.24976,0.251808,0.263424
6177,0.04672,0.494688,2.54941,0.268192,0.26,0.255904,0.251808,0.250784,0.264096
6178,0.047008,0.499872,2.5423,0.266112,0.257952,0.256928,0.249728,0.251808,0.262016
6179,0.047136,0.495872,2.8175,0.266112,0.257952,0.255872,0.24976,0.251808,0.265408
6180,0.046624,0.492096,2.5497,0.268192,0.25792,0.255904,0.249728,0.250752,0.262048
6181,0.047072,0.497984,2.54205,0.266112,0.259968,0.25488,0.251776,0.251808,0.262016
6182,0.046816,0.495744,2.53821,0.268128,0.259968,0.255904,0.24976,0.251808,0.26304
6183,0.046688,0.7744,2.55293,0.266112,0.258944,0.255904,0.251808,0.24976,0.262048
6184,0.047104,0.496544,2.5431,0.266112,0.259968,0.255872,0.250752,0.251808,0.262016
6185,0.047296,0.49488,2.53872,0.267136,0.257952,0.255872,0.251776,0.251744,0.262016
6186,0.0472,0.49808,2.81053,0.266144,0.26,0.407424,0.253216,0.251808,0.267456
6187,0.046848,0.495936,2.54259,0.266144,0.259968,0.255904,0.249728,0.251808,0.261024
6188,0.047072,0.49776,2.53917,0.266112,0.259968,0.255872,0.24976,0.253856,0.261984
6189,0.046848,0.493952,2.54685,0.266112,0.259968,0.255872,0.250752,0.251808,0.262016
6190,0.04672,0.783008,2.5409,0.266112,0.258976,0.255872,0.24976,0.251776,0.262016
6191,0.047104,0.4976,2.53837,0.26816,0.257952,0.255872,0.250784,0.251776,0.262016
6192,0.047264,0.496736,2.54083,0.267168,0.259968,0.255904,0.249728,0.251808,0.262016
6193,0.046976,0.495936,2.82038,0.266144,0.257952,0.255904,0.24976,0.251808,0.269536
6194,0.046624,0.500288,2.53978,0.268192,0.259968,0.255872,0.249728,0.252832,0.262048
6195,0.046656,0.496928,2.54547,0.266144,0.257952,0.25488,0.24976,0.251808,0.262048
6196,0.046336,0.496384,2.53744,0.266144,0.26,0.255904,0.251808,0.251808,0.261024
6197,0.046848,0.684,2.72762,0.26608,0.257952,0.255872,0.24976,0.251808,0.263424
6198,0.04672,0.498272,2.54266,0.26816,0.26,0.255872,0.251808,0.251808,0.262016
6199,0.046784,0.49744,2.53738,0.268192,0.258976,0.255904,0.24976,0.251808,0.262048
6200,0.047168,0.497024,2.81805,0.266112,0.257952,0.255904,0.24976,0.251808,0.269536
6201,0.046496,0.49568,2.54586,0.26816,0.26,0.255872,0.24976,0.250784,0.262048
6202,0.046816,0.49568,2.53437,0.268192,0.26,0.25488,0.24976,0.251808,0.262048
6203,0.047136,0.49632,2.53331,0.266112,0.26,0.255904,0.249728,0.251808,0.26304
6204,0.046912,0.776064,2.54646,0.266112,0.258976,0.255872,0.24976,0.251776,0.262016
6205,0.046976,0.496672,2.54054,0.268192,0.26,0.255904,0.250784,0.251808,0.262048
6206,0.047328,0.495872,2.53792,0.267168,0.257952,0.255904,0.251776,0.24976,0.261984
6207,0.046912,0.49568,2.81024,0.266112,0.257952,0.397216,0.255232,0.253856,0.26736
6208,0.046592,0.495424,2.53488,0.266144,0.26,0.255904,0.24976,0.251808,0.261024
6209,0.046848,0.495328,2.53805,0.26816,0.26,0.255872,0.251808,0.251776,0.261984
6210,0.046912,0.49424,2.54243,0.266144,0.257952,0.255904,0.250784,0.251808,0.262016
6211,0.046976,0.779904,2.54099,0.268192,0.258976,0.255904,0.249728,0.251808,0.262048
6212,0.047008,0.49888,2.53914,0.266112,0.26,0.255904,0.248704,0.251808,0.262016
6213,0.04512,0.496672,2.54333,0.267168,0.25792,0.257952,0.249728,0.251808,0.262048
6214,0.047104,0.497344,2.8193,0.266144,0.257952,0.255904,0.24976,0.251808,0.271616
6215,0.046848,0.4976,2.5417,0.266144,0.258976,0.255904,0.251808,0.251776,0.262016
6216,0.0464,0.494848,2.54509,0.268192,0.25792,0.25488,0.251808,0.251776,0.262048
6217,0.0464,0.494304,2.53834,0.26816,0.26,0.255872,0.251808,0.251808,0.261024
6218,0.046976,0.497472,2.91414,0.266112,0.257888,0.255904,0.249728,0.251776,0.261312
6219,0.0464,0.496,2.54045,0.268192,0.26,0.255904,0.251808,0.249728,0.262016
6220,0.046528,0.495744,2.53917,0.268192,0.258976,0.255904,0.24976,0.251808,0.262048
6221,0.046784,0.497536,2.82237,0.266112,0.259968,0.255904,0.249728,0.251808,0.269568
6222,0.046464,0.497312,2.54253,0.266112,0.25792,0.255872,0.251808,0.250784,0.262048
6223,0.046368,0.496608,2.53971,0.268192,0.257952,0.256928,0.251808,0.251808,0.262048
6224,0.047104,0.495264,2.54173,0.268192,0.259968,0.25584,0.249728,0.251808,0.26304
6225,0.046912,0.769408,2.55043,0.266144,0.258976,0.255904,0.249728,0.251808,0.262048
6226,0.046816,0.497376,2.54054,0.266112,0.25792,0.255872,0.250752,0.251808,0.262016
6227,0.047104,0.49792,2.5464,0.267168,0.25792,0.255904,0.251776,0.251808,0.261984
6228,0.047296,0.495328,2.83427,0.268192,0.26,0.337824,0.257312,0.251808,0.267488
6229,0.04688,0.494752,2.54202,0.268192,0.257952,0.255904,0.251776,0.251808,0.261024
6230,0.047072,0.49728,2.54381,0.26816,0.259968,0.253824,0.251808,0.251776,0.262016
6231,0.046912,0.496736,2.55466,0.266144,0.25792,0.255904,0.248704,0.251808,0.262048
6232,0.0472,0.77872,2.54333,0.268192,0.258976,0.255904,0.251776,0.251808,0.262048
6233,0.047232,0.496864,2.54269,0.268192,0.259968,0.255872,0.250752,0.251776,0.264064
6234,0.047552,0.4944,2.54848,0.267168,0.259968,0.255904,0.251776,0.251808,0.262016
6235,0.04752,0.496512,2.832,0.266144,0.25792,0.255904,0.24976,0.251808,0.265472
6236,0.047744,0.495104,2.53821,0.26816,0.259968,0.25584,0.251808,0.250784,0.262016
6237,0.04752,0.494432,2.54659,0.268192,0.259968,0.25488,0.249728,0.251808,0.262016
6238,0.047392,0.496352,2.54118,0.268192,0.259968,0.255904,0.251776,0.251808,0.261024
6239,0.047392,0.777216,2.54515,0.26816,0.258976,0.255872,0.249728,0.251808,0.262016
6240,0.047392,0.497088,2.54614,0.266144,0.26,0.255904,0.250784,0.251808,0.262048
6241,0.047264,0.498816,2.54506,0.267168,0.257952,0.255904,0.24976,0.251808,0.262048
6242,0.04784,0.494016,2.82794,0.266112,0.259968,0.255904,0.251776,0.251776,0.269568
6243,0.04704,0.4944,2.55082,0.268192,0.26,0.255904,0.251808,0.250752,0.262016
6244,0.047424,0.496768,2.54925,0.266144,0.26,0.256928,0.251808,0.251808,0.262048
6245,0.047392,0.49744,2.54624,0.266112,0.259968,0.255904,0.249728,0.251808,0.26304
6246,0.04736,0.773536,2.55901,0.268192,0.258944,0.255904,0.249728,0.251808,0.264096
6247,0.047424,0.49616,2.55373,0.268192,0.26,0.255904,0.250784,0.251776,0.262048
6248,0.047712,0.49664,2.54707,0.267136,0.259968,0.255904,0.249728,0.251808,0.262016
6249,0.047232,0.49536,2.83469,0.268192,0.259968,0.255904,0.251776,0.251808,0.26752
6250,0.047264,0.494208,2.54614,0.266112,0.259968,0.255872,0.251808,0.250784,0.262016
6251,0.048352,0.497408,2.54835,0.26816,0.26,0.254816,0.251808,0.251808,0.262016
6252,0.047264,0.49568,2.55117,0.26816,0.257952,0.255872,0.24976,0.251776,0.263072
6253,0.048192,0.761344,2.71923,0.26816,0.26,0.255872,0.251808,0.251808,0.26336
6254,0.047616,0.497472,2.54608,0.266112,0.257888,0.255904,0.251776,0.251776,0.264064
6255,0.04752,0.494656,2.54938,0.268192,0.26,0.255904,0.251776,0.2528,0.264096
6256,0.047488,0.496288,2.82806,0.266112,0.26,0.255872,0.24976,0.251808,0.263392
6257,0.04784,0.49552,2.5416,0.26816,0.26,0.255872,0.250784,0.251776,0.264064
6258,0.047456,0.496576,2.55072,0.267136,0.26,0.255872,0.251808,0.251808,0.264096
6259,0.047616,0.495648,2.54317,0.268192,0.26,0.255904,0.251808,0.251808,0.264064
6260,0.04816,0.77408,2.54915,0.26816,0.258976,0.253824,0.24976,0.251776,0.264064
6261,0.047232,0.49808,2.5528,0.26816,0.259968,0.255872,0.250752,0.251808,0.264064
6262,0.047776,0.497408,2.54435,0.267168,0.26,0.255904,0.251808,0.251776,0.262048
6263,0.048288,0.49744,2.73453,0.268192,0.26,0.409472,0.253056,0.253856,0.26544
6264,0.047328,0.497632,2.55885,0.268192,0.259968,0.255904,0.251776,0.251808,0.264096
6265,0.04768,0.498112,2.54787,0.27024,0.261024,0.255904,0.251776,0.251808,0.264096
6266,0.048288,0.499904,2.54253,0.26816,0.26,0.255872,0.250784,0.251776,0.264064
6267,0.047648,0.78176,2.55146,0.26816,0.258944,0.255872,0.251808,0.251808,0.264064
6268,0.04752,0.496832,2.54554,0.266144,0.257952,0.255904,0.250784,0.251808,0.264096
6269,0.047808,0.497024,2.54995,0.26816,0.259968,0.255872,0.251776,0.251776,0.26304
6270,0.047456,0.496832,2.83091,0.26816,0.26,0.255872,0.251808,0.251808,0.263392
6271,0.047488,0.497344,2.54586,0.268192,0.26,0.255904,0.250784,0.251776,0.264096
6272,0.047712,0.497984,2.53744,0.267168,0.26,0.255904,0.251776,0.251808,0.264032
6273,0.047712,0.492992,2.5416,0.268192,0.259968,0.255904,0.251776,0.251808,0.264096
6274,0.047744,0.788672,2.70934,0.268192,0.26,0.255904,0.251808,0.251808,0.263424
6275,0.048,0.498752,2.53482,0.26816,0.259968,0.255872,0.249728,0.251808,0.264064
6276,0.047296,0.496608,2.53936,0.27024,0.26,0.255904,0.251776,0.252832,0.264096
6277,0.047776,0.497792,2.81328,0.266144,0.258976,0.253856,0.249728,0.251808,0.263392
6278,0.047872,0.494784,2.53555,0.268192,0.26,0.254848,0.251808,0.251808,0.264064
6279,0.047232,0.494176,2.5384,0.26816,0.25792,0.255872,0.251808,0.251808,0.263072
6280,0.05008,0.494656,2.53101,0.268192,0.26,0.255904,0.251808,0.251776,0.262048
6281,0.048192,0.670144,2.71235,0.266144,0.26,0.255904,0.249728,0.251776,0.263328
6282,0.047968,0.494336,2.53488,0.266112,0.26,0.255872,0.251808,0.251808,0.264064
6283,0.047552,0.49584,2.5321,0.268192,0.26,0.255904,0.250784,0.251808,0.262016
6284,0.048384,0.496032,2.80861,0.266112,0.26,0.255904,0.251808,0.251776,0.26336
6285,0.047008,0.493664,2.53248,0.266112,0.259968,0.255872,0.250752,0.251808,0.262048
6286,0.047584,0.493856,2.5295,0.267136,0.26,0.255872,0.251808,0.251808,0.262048
6287,0.049792,0.496576,2.53107,0.268128,0.26,0.255872,0.251808,0.251776,0.262016
6288,0.04816,0.772768,2.536,0.268192,0.258976,0.255904,0.251808,0.251776,0.264096
6289,0.047808,0.49776,2.5303,0.26816,0.259968,0.255872,0.250752,0.251808,0.262016
6290,0.047552,0.495808,2.52691,0.267136,0.26,0.255904,0.251808,0.251776,0.264064
6291,0.047552,0.49552,2.81731,0.266112,0.26,0.255872,0.251808,0.251808,0.263392
6292,0.047264,0.494208,2.53117,0.266112,0.25792,0.255872,0.250752,0.251808,0.262048
6293,0.047488,0.496032,2.53098,0.267136,0.259968,0.255904,0.251776,0.251808,0.264032
6294,0.047104,0.494496,2.53546,0.266144,0.26,0.255904,0.251808,0.251776,0.262048
6295,0.048256,0.790144,2.64541,0.266144,0.26,0.255904,0.251808,0.251776,0.263392
6296,0.047808,0.496768,2.53229,0.26816,0.26,0.255872,0.24976,0.251808,0.264064
6297,0.048192,0.492448,2.53341,0.268192,0.26,0.255904,0.251776,0.2528,0.264096
6298,0.047744,0.494688,2.8129,0.266144,0.257952,0.255904,0.251808,0.251776,0.26544
6299,0.047776,0.496192,2.53274,0.26816,0.26,0.255872,0.251776,0.250752,0.262016
6300,0.047552,0.495904,2.53875,0.266112,0.259968,0.256928,0.249728,0.251808,0.262016
6301,0.047104,0.49536,2.52829,0.26816,0.26,0.255872,0.251808,0.251808,0.262016
6302,0.048,0.495744,2.82246,0.266144,0.26,0.255904,0.249728,0.251808,0.263328
6303,0.047296,0.495968,2.53914,0.26816,0.259968,0.255872,0.251808,0.252832,0.262048
6304,0.047168,0.495904,2.53331,0.267168,0.259968,0.255904,0.249728,0.251808,0.262016
6305,0.047808,0.49552,2.81581,0.266144,0.26,0.255904,0.251808,0.251776,0.26544
6306,0.047456,0.497376,2.53686,0.268192,0.26,0.255904,0.251776,0.252832,0.262048
6307,0.047456,0.497888,2.53341,0.26816,0.26,0.256928,0.251808,0.251808,0.262016
6308,0.047712,0.497728,2.53306,0.268128,0.26,0.255872,0.24976,0.251808,0.264064
6309,0.04752,0.77152,2.53952,0.268192,0.258976,0.255904,0.251776,0.251808,0.262048
6310,0.047584,0.496864,2.53379,0.268192,0.26,0.255904,0.250784,0.251808,0.262048
6311,0.047488,0.49472,2.52992,0.267136,0.26,0.25584,0.251808,0.251776,0.262016
6312,0.04752,0.494784,2.8129,0.268192,0.259968,0.255904,0.249728,0.251808,0.271616
6313,0.04704,0.496064,2.53158,0.26816,0.259968,0.255872,0.251808,0.250784,0.262016
6314,0.047776,0.498464,2.52925,0.268192,0.26,0.256928,0.251776,0.251776,0.264064
6315,0.046912,0.494848,2.53558,0.268192,0.259968,0.255904,0.251776,0.251808,0.263072
6316,0.04768,0.778656,2.64906,0.268192,0.26,0.255904,0.251808,0.251808,0.263424
6317,0.048,0.497056,2.53085,0.268192,0.259968,0.255904,0.249728,0.251808,0.262016
6318,0.047072,0.494944,2.53693,0.268192,0.261024,0.255904,0.251808,0.251808,0.264064
6319,0.047456,0.4968,2.82426,0.266144,0.25792,0.255904,0.24976,0.251776,0.26544
6320,0.047712,0.496256,2.52883,0.268128,0.259968,0.255872,0.251808,0.2528,0.264064
6321,0.04768,0.495712,2.53731,0.26816,0.26,0.25488,0.249728,0.24976,0.264096
6322,0.047232,0.495648,2.52829,0.268192,0.26,0.255904,0.24976,0.251808,0.262048
6323,0.047776,0.77712,2.53693,0.266112,0.258944,0.255904,0.249728,0.251808,0.262016
6324,0.047328,0.496544,2.53853,0.268192,0.26,0.255904,0.250784,0.251776,0.262016
6325,0.047232,0.499552,2.53322,0.267168,0.26,0.255904,0.251808,0.251808,0.262048
6326,0.047808,0.49776,2.81677,0.266112,0.26,0.255904,0.251808,0.251776,0.273536
6327,0.047104,0.495584,2.5393,0.268192,0.258976,0.253856,0.249728,0.251808,0.262048
6328,0.047616,0.497568,2.53136,0.268192,0.26,0.256896,0.251808,0.251808,0.262048
6329,0.047392,0.496256,2.53283,0.26816,0.26,0.255904,0.249728,0.251808,0.26304
6330,0.047872,0.771424,2.53824,0.268192,0.258976,0.257952,0.251776,0.251808,0.262016
6331,0.047072,0.496384,2.5321,0.268192,0.26,0.255904,0.250784,0.251808,0.262048
6332,0.04768,0.498656,2.53296,0.267136,0.26,0.255872,0.24976,0.251808,0.262016
6333,0.046176,0.495712,2.77411,0.266112,0.26,0.255904,0.251808,0.251776,0.276512
6334,0.046976,0.495488,2.5305,0.266144,0.258944,0.255904,0.24976,0.251808,0.262048
6335,0.047808,0.49648,2.52922,0.268192,0.259968,0.255872,0.25072,0.251808,0.264032
6336,0.047392,0.493344,2.53757,0.267168,0.26,0.255904,0.24976,0.251808,0.262048
6337,0.0472,0.497664,2.8113,0.26816,0.26,0.255872,0.251808,0.251808,0.263392
6338,0.04784,0.4992,2.53322,0.266144,0.26,0.255904,0.251808,0.250752,0.262016
6339,0.046944,0.496224,2.54067,0.266144,0.26,0.256928,0.251808,0.251776,0.262048
6340,0.047584,0.496672,2.75117,0.268192,0.26,0.255904,0.404352,0.255168,0.2744
6341,0.04784,0.497376,2.52877,0.267168,0.259968,0.255904,0.251776,0.251776,0.262016
6342,0.047584,0.49488,2.53286,0.268192,0.26,0.255904,0.24976,0.251808,0.262048
6343,0.047264,0.498048,2.53568,0.266144,0.258976,0.255904,0.251808,0.251776,0.262048
6344,0.047968,0.500192,2.80666,0.26816,0.259968,0.255872,0.251744,0.251808,0.263392
6345,0.0472,0.49424,2.53706,0.266112,0.26,0.255904,0.249728,0.250752,0.262016
6346,0.047648,0.495168,2.53206,0.267136,0.26,0.255872,0.24976,0.251776,0.262048
6347,0.047424,0.496672,2.53136,0.26752,0.26,0.255904,0.251808,0.251744,0.526208
6348,0.047424,0.49408,2.53709,0.268192,0.258976,0.255904,0.251808,0.251776,0.262048
6349,0.047168,0.495232,2.53213,0.266144,0.26,0.255904,0.250784,0.251776,0.262048
6350,0.048096,0.49616,2.53302,0.267104,0.26,0.255904,0.249728,0.251776,0.262016
6351,0.047392,0.496512,2.82026,0.266112,0.26,0.255872,0.24976,0.251776,0.26336
6352,0.04736,0.497888,2.54061,0.268192,0.258976,0.255904,0.251808,0.251776,0.262048
6353,0.047264,0.496128,2.53139,0.26816,0.26,0.25488,0.24976,0.251808,0.262048
6354,0.047616,0.494464,2.5352,0.273696,0.263488,0.25792,0.251808,0.40848,0.434048
6355,0.047456,0.496224,2.52826,0.266144,0.26,0.254848,0.251808,0.251808,0.262048
6356,0.047712,0.495936,2.52624,0.26816,0.257888,0.255872,0.251776,0.251808,0.262016
6357,0.046976,0.497344,2.53683,0.26816,0.258976,0.255872,0.24976,0.251776,0.262016
6358,0.047136,0.496896,2.81763,0.268192,0.257952,0.255904,0.251776,0.251808,0.263424
6359,0.047712,0.498176,2.53002,0.26608,0.258944,0.255872,0.251808,0.251776,0.262016
6360,0.047232,0.4968,2.5345,0.268192,0.26,0.255904,0.250784,0.251776,0.262048
6361,0.048128,0.49424,2.53296,0.27568,0.263456,0.255904,0.24976,0.407424,0.430976
6362,0.047744,0.49648,2.52499,0.266112,0.26,0.256928,0.251776,0.251808,0.262016
6363,0.0472,0.49456,2.53395,0.268192,0.26,0.255904,0.24976,0.251808,0.263072
6364,0.047296,0.496384,2.52733,0.266144,0.258976,0.255904,0.251808,0.251776,0.262048
6365,0.047744,0.496512,2.98253,0.266112,0.257888,0.255904,0.249728,0.251808,0.263392
6366,0.047584,0.494048,2.53453,0.268192,0.26,0.255904,0.251808,0.251776,0.263072
6367,0.047232,0.495232,2.53498,0.266112,0.26,0.255872,0.24976,0.251776,0.262016
6368,0.048,0.497088,2.5273,0.26752,0.261408,0.255904,0.251776,0.407392,0.44224
6369,0.046912,0.495488,2.53008,0.267168,0.26,0.255904,0.249728,0.251808,0.262048
6370,0.047488,0.49552,2.53507,0.266144,0.26,0.255904,0.24976,0.251808,0.262048
6371,0.047552,0.497248,2.53194,0.26816,0.258976,0.255872,0.249728,0.251776,0.262016
6372,0.047616,0.4944,2.8287,0.266112,0.26,0.255872,0.251808,0.251808,0.261248
6373,0.047008,0.494016,2.53136,0.266144,0.260992,0.255904,0.251808,0.251776,0.262016
6374,0.047296,0.496256,2.52925,0.268192,0.26,0.255872,0.250752,0.251808,0.262016
6375,0.047744,0.49376,2.53776,0.530336,0.26,0.259328,0.251808,0.251776,0.26512
6376,0.0472,0.497632,2.53376,0.266144,0.259968,0.255904,0.249728,0.251808,0.262048
6377,0.047136,0.496992,2.53546,0.268192,0.259968,0.255872,0.251776,0.2528,0.262016
6378,0.047392,0.492544,2.53622,0.268192,0.259968,0.25488,0.249728,0.251808,0.262048
6379,0.047424,0.494912,2.81808,0.268192,0.26,0.255904,0.251808,0.251808,0.261344
6380,0.04752,0.495808,2.52838,0.268192,0.258944,0.255904,0.249728,0.251808,0.264064
6381,0.047232,0.496672,2.5351,0.268192,0.26,0.255904,0.250784,0.251776,0.262048
6382,0.047552,0.49968,2.5312,0.277792,0.263424,0.257952,0.251808,0.40848,0.433056
6383,0.047296,0.49808,2.52822,0.26816,0.26,0.254816,0.251808,0.251808,0.262016
6384,0.046784,0.494592,2.5369,0.268192,0.259968,0.255904,0.249728,0.251808,0.263072
6385,0.047392,0.495392,2.53149,0.266112,0.258944,0.255872,0.251808,0.251808,0.262048
6386,0.047648,0.497312,2.93728,0.26816,0.25792,0.253824,0.249728,0.251808,0.263392
6387,0.047488,0.496064,2.53261,0.267136,0.26,0.257952,0.251808,0.251776,0.264064
6388,0.047424,0.496608,2.52928,0.266144,0.257952,0.253856,0.24976,0.251808,0.262048
6389,0.047808,0.495648,2.53459,0.273696,0.263264,0.255904,0.251776,0.407456,0.439168
6390,0.047136,0.49552,2.53642,0.268192,0.26,0.25488,0.251808,0.251776,0.262016
6391,0.047232,0.494464,2.53203,0.266144,0.257952,0.255904,0.24976,0.251808,0.262048
6392,0.047072,0.498496,2.53181,0.268192,0.258976,0.255872,0.24976,0.251808,0.262016
6393,0.047712,0.495584,2.82749,0.268192,0.26,0.255904,0.251808,0.251776,0.263424
6394,0.047008,0.498784,2.53059,0.268192,0.258944,0.255904,0.24976,0.251808,0.262016
6395,0.047648,0.499456,2.52813,0.268192,0.26,0.255872,0.250752,0.251808,0.264064
6396,0.047168,0.496576,2.53251,0.437152,0.414624,0.259328,0.251808,0.251776,0.266144
6397,0.047776,0.494976,2.52899,0.266144,0.26,0.254848,0.251808,0.251808,0.262048
6398,0.047456,0.4968,2.5247,0.266144,0.26,0.255904,0.251776,0.251776,0.26304
6399,0.046816,0.497056,2.53107,0.266144,0.259968,0.255904,0.249728,0.251808,0.262048
6400,0.047712,0.495488,2.80966,0.268192,0.26,0.255904,0.24976,0.251808,0.261376
6401,0.047616,0.496704,2.52691,0.266112,0.258976,0.255904,0.249728,0.251776,0.262016
6402,0.047424,0.494688,2.53696,0.26816,0.259968,0.255872,0.250752,0.251808,0.262048
6403,0.047968,0.494336,2.52858,0.435104,0.414592,0.263392,0.251808,0.251808,0.266144
6404,0.048032,0.496512,2.52646,0.268192,0.257888,0.255872,0.250784,0.251808,0.262016
6405,0.046976,0.495104,2.5376,0.267136,0.25792,0.255872,0.24976,0.251776,0.262048
6406,0.04688,0.496864,2.53158,0.268192,0.26,0.255904,0.24976,0.251808,0.262048
6407,0.04784,0.497056,2.92093,0.266112,0.26,0.255904,0.249696,0.251808,0.261344
6408,0.047136,0.494368,2.53434,0.26816,0.259968,0.25488,0.249728,0.251808,0.262016
6409,0.04704,0.496032,2.52976,0.268192,0.257952,0.255904,0.251776,0.251808,0.263072
6410,0.048032,0.496768,2.53139,0.44224,0.400288,0.261344,0.251776,0.251808,0.266112
6411,0.047872,0.495072,2.7105,0.266112,0.26,0.253824,0.251808,0.251776,0.263392
6412,0.047328,0.495424,2.5281,0.268192,0.26,0.255904,0.251776,0.250752,0.262048
6413,0.047072,0.498208,2.53322,0.266112,0.259968,0.256928,0.249728,0.251808,0.262048
6414,0.046944,0.49664,2.91555,0.266144,0.25792,0.255904,0.249728,0.251808,0.263424
6415,0.047136,0.497024,2.52861,0.267136,0.26,0.253856,0.24976,0.251776,0.262048
6416,0.047776,0.496672,2.52778,0.266112,0.259968,0.255904,0.249728,0.251808,0.262016
6417,0.046912,0.496032,2.53786,0.536448,0.259968,0.259328,0.251776,0.251808,0.264096
6418,0.04752,0.495456,2.52614,0.268192,0.257952,0.255904,0.24976,0.251808,0.262048
6419,0.04752,0.496736,2.52323,0.266112,0.259968,0.255904,0.249728,0.252832,0.262016
6420,0.047552,0.494336,2.5288,0.266144,0.257952,0.256928,0.249728,0.251808,0.262048
6421,0.047712,0.49664,2.90547,0.266112,0.26,0.255872,0.251808,0.251808,0.261344
6422,0.047488,0.498208,2.52832,0.267136,0.259968,0.255904,0.24976,0.251808,0.264064
6423,0.048928,0.493792,2.53424,0.26816,0.26,0.255872,0.24976,0.251808,0.262016
6424,0.047488,0.496032,2.52864,0.27568,0.263456,0.255872,0.24976,0.40848,0.43408
6425,0.04736,0.4952,2.52474,0.268192,0.259968,0.256896,0.249728,0.251776,0.261984
6426,0.046944,0.495232,2.536,0.268192,0.26,0.255904,0.24976,0.249728,0.26304
6427,0.047136,0.498464,2.53014,0.266144,0.258976,0.255904,0.24976,0.251808,0.262048
6428,0.047712,0.499168,2.81421,0.266112,0.26,0.255904,0.249728,0.251808,0.263424
6429,0.047136,0.497056,2.53955,0.266112,0.258976,0.255872,0.249728,0.251776,0.262016
6430,0.04688,0.494688,2.53229,0.266144,0.257952,0.255904,0.250784,0.251808,0.262048
6431,0.047424,0.497024,2.52826,0.440224,0.26544,0.25728,0.251808,0.406432,0.266112
6432,0.047008,0.493088,2.53062,0.266144,0.257952,0.25488,0.251808,0.251808,0.262048
6433,0.047136,0.496096,2.5225,0.266112,0.26,0.255872,0.24976,0.251776,0.260992
6434,0.04752,0.49808,2.52771,0.266112,0.257952,0.255904,0.249728,0.251808,0.262016
6435,0.047744,0.497376,2.98835,0.268192,0.25792,0.255904,0.249728,0.251808,0.263392
6436,0.047232,0.498336,2.52458,0.267168,0.25792,0.255904,0.251808,0.251776,0.262048
6437,0.047616,0.4976,2.52432,0.266112,0.25792,0.255872,0.251808,0.251776,0.262016
6438,0.047232,0.496736,2.5369,0.4392,0.265376,0.257248,0.251808,0.405408,0.266112
6439,0.04704,0.49504,2.52733,0.26816,0.26,0.25488,0.24976,0.251808,0.262016
6440,0.047616,0.496896,2.52634,0.266144,0.26,0.255904,0.251808,0.251776,0.263008
6441,0.047264,0.493792,2.53037,0.266144,0.26,0.253856,0.24976,0.251808,0.262048
6442,0.047424,0.495776,2.808,0.266144,0.259968,0.255904,0.251776,0.251808,0.261344
6443,0.047104,0.499936,2.52589,0.266112,0.258944,0.255904,0.249728,0.251776,0.261984
6444,0.047232,0.496224,2.53338,0.26816,0.26,0.257952,0.250784,0.251808,0.262016
6445,0.047648,0.50016,2.53117,0.436096,0.416672,0.259296,0.251776,0.251808,0.266144
6446,0.048096,0.49744,2.5257,0.268192,0.26,0.254816,0.251808,0.251808,0.262048
6447,0.046752,0.49552,2.5328,0.268192,0.25792,0.255904,0.249728,0.251808,0.263072
6448,0.04768,0.498912,2.52726,0.26816,0.26,0.255872,0.249728,0.251776,0.262016
6449,0.047328,0.496032,2.81203,0.26816,0.25792,0.255872,0.249728,0.251808,0.263424
6450,0.047328,0.497792,2.53037,0.268192,0.258976,0.255904,0.251808,0.251808,0.262016
6451,0.046944,0.495392,2.53216,0.266112,0.257952,0.255872,0.250752,0.251808,0.262016
6452,0.047616,0.497408,2.5287,0.444288,0.412576,0.259328,0.251776,0.251808,0.264064
6453,0.046048,0.495648,2.53379,0.266144,0.26,0.25488,0.251808,0.251776,0.262048
6454,0.047232,0.497024,2.52323,0.26816,0.25792,0.255872,0.251808,0.253856,0.261024
6455,0.047296,0.498976,2.52714,0.268192,0.259968,0.255872,0.249728,0.251776,0.262016
6456,0.046976,0.496032,2.81136,0.26816,0.257952,0.255872,0.251808,0.251808,0.263392
6457,0.047744,0.497824,2.52634,0.268192,0.259968,0.255904,0.249728,0.251808,0.262048
6458,0.047616,0.497344,2.52435,0.266112,0.259968,0.255904,0.25072,0.251808,0.261984
6459,0.0488,0.494144,2.53494,0.504736,0.412576,0.26128,0.251776,0.251808,0.262016
6460,0.04704,0.496864,2.5273,0.268192,0.26,0.253856,0.250784,0.251776,0.262048
6461,0.04768,0.494112,2.5351,0.267104,0.26,0.255872,0.249728,0.251776,0.262016
6462,0.047392,0.4952,2.53078,0.266144,0.25792,0.255904,0.249728,0.251808,0.262048
6463,0.047328,0.493696,2.81504,0.268192,0.25792,0.255904,0.251808,0.251808,0.261376
6464,0.047328,0.498624,2.52573,0.26608,0.259968,0.253856,0.24976,0.251808,0.261984
6465,0.047072,0.496384,2.53187,0.266144,0.26,0.255904,0.249728,0.252832,0.262048
6466,0.048928,0.499264,2.52563,0.268192,0.411552,0.422816,0.253216,0.251808,0.262048
6467,0.047264,0.497568,2.52627,0.266112,0.26,0.255904,0.252832,0.251776,0.262016
6468,0.047456,0.494848,2.53245,0.267136,0.25792,0.253856,0.24976,0.251808,0.262048
6469,0.047168,0.494528,2.5297,0.268192,0.25792,0.255904,0.24976,0.251808,0.262016
6470,0.047712,0.497536,2.81155,0.26816,0.25792,0.255872,0.249728,0.251808,0.263392
6471,0.046944,0.496032,2.53382,0.268192,0.26,0.255904,0.251808,0.251808,0.264096
6472,0.047072,0.496704,2.52803,0.268192,0.26,0.253824,0.24976,0.252832,0.262048
6473,0.213984,0.494304,2.52755,0.26816,0.26,0.430976,0.253184,0.251776,0.262016
6474,0.04736,0.496992,2.53891,0.268192,0.26,0.255904,0.250784,0.251776,0.262048
6475,0.046976,0.495456,2.52781,0.267168,0.259968,0.255904,0.251776,0.251808,0.262048
6476,0.047136,0.49936,2.5273,0.26816,0.259968,0.255872,0.251808,0.251808,0.264064
6477,0.04704,0.496032,2.81386,0.266144,0.25792,0.255904,0.24976,0.251776,0.263392
6478,0.04736,0.497952,2.52413,0.26816,0.26,0.255872,0.251808,0.251808,0.262016
6479,0.047392,0.497184,2.52685,0.266144,0.257952,0.255904,0.251808,0.250752,0.262016
6480,0.047424,0.493856,2.53507,0.268192,0.26,0.517024,0.255232,0.251808,0.262048
6481,0.047456,0.498016,2.52173,0.266144,0.25792,0.255904,0.249728,0.251808,0.261024
6482,0.047392,0.5,2.52592,0.266112,0.26,0.255872,0.24976,0.251776,0.261984
6483,0.047232,0.495488,2.53248,0.266144,0.257952,0.255904,0.250752,0.251808,0.262016
6484,0.047392,0.496384,2.96307,0.266144,0.26,0.253824,0.24976,0.251808,0.261344
6485,0.047584,0.496864,2.52419,0.266144,0.26,0.255904,0.250752,0.251776,0.262016
6486,0.047616,0.497088,2.53446,0.267168,0.259968,0.255904,0.249728,0.251808,0.262016
6487,0.047776,0.496896,2.52502,0.26816,0.26,0.255872,0.420768,0.2552,0.262048
6488,0.047584,0.66368,2.52563,0.268192,0.26,0.255904,0.249728,0.250752,0.262016
6489,0.0472,0.496672,2.5319,0.266144,0.257952,0.256896,0.24976,0.251776,0.262048
6490,0.046976,0.497696,2.52976,0.268192,0.259968,0.255904,0.249728,0.251808,0.261024
6491,0.047616,0.499744,2.80989,0.266112,0.259968,0.255904,0.24976,0.251808,0.263392
6492,0.04704,0.495136,2.53024,0.268192,0.259968,0.255904,0.249728,0.251808,0.262048
6493,0.04768,0.49472,2.53155,0.268192,0.258976,0.255904,0.24976,0.251808,0.262048
6494,0.048096,0.495392,2.52966,0.266112,0.26,0.255904,0.421792,0.253184,0.262016
6495,0.047392,0.670592,2.53123,0.266112,0.258976,0.255872,0.24976,0.251776,0.264064
6496,0.047136,0.501088,2.53008,0.26816,0.259968,0.253824,0.250752,0.251808,0.262016
6497,0.04784,0.4976,2.52618,0.265088,0.26,0.255904,0.251776,0.251776,0.262016
6498,0.047264,0.49392,2.81904,0.268192,0.259968,0.255904,0.249728,0.251808,0.263424
6499,0.047232,0.495232,2.52627,0.266112,0.26,0.255872,0.24976,0.251776,0.262016
6500,0.047232,0.500064,2.52653,0.266144,0.258944,0.255872,0.249728,0.251808,0.262048
6501,0.047168,0.497088,2.53232,0.268192,0.262016,0.255904,0.513952,0.253152,0.262048
6502,0.04704,0.499104,2.52518,0.266144,0.25792,0.255904,0.251776,0.251808,0.261024
6503,0.047424,0.497344,2.52928,0.268192,0.259968,0.255872,0.251808,0.251776,0.262016
6504,0.046784,0.494656,2.53162,0.268192,0.257952,0.255904,0.24976,0.250784,0.262016
6505,0.04784,0.496864,2.81235,0.266144,0.259968,0.255904,0.251776,0.251808,0.261376
6506,0.047104,0.495648,2.52672,0.268192,0.26,0.255904,0.251808,0.251776,0.263008
6507,0.0472,0.496704,2.53002,0.26816,0.26,0.253824,0.251808,0.251808,0.262016
6508,0.047456,0.495392,2.5249,0.266144,0.263424,0.255904,0.250784,0.391072,0.262048
6509,0.047808,0.761504,2.53232,0.268192,0.259968,0.25584,0.24976,0.251744,0.262016
6510,0.047488,0.496416,2.72141,0.266112,0.26,0.255872,0.24976,0.251776,0.262976
6511,0.04736,0.49472,2.52934,0.266144,0.259968,0.255904,0.251776,0.251808,0.262048
6512,0.047552,0.494592,2.9145,0.266112,0.257888,0.253856,0.24976,0.251776,0.265408
6513,0.046688,0.496992,2.53376,0.266144,0.258944,0.253824,0.24976,0.249728,0.262048
6514,0.047072,0.495808,2.52634,0.266112,0.26,0.253856,0.250784,0.251808,0.262016
6515,0.04768,0.494912,2.52902,0.267168,0.259968,0.255872,0.424864,0.255232,0.262016
6516,0.047072,0.668832,2.53398,0.268192,0.258976,0.255904,0.249728,0.251808,0.262048
6517,0.047424,0.496,2.52726,0.26816,0.259968,0.25488,0.251776,0.251808,0.262048
6518,0.047392,0.499104,2.52384,0.266112,0.259968,0.255904,0.249728,0.251808,0.260992
6519,0.047616,0.494592,2.81696,0.266112,0.257952,0.253824,0.251808,0.251808,0.263424
6520,0.047488,0.496352,2.52275,0.268192,0.26,0.255904,0.251808,0.251808,0.262016
6521,0.047072,0.4968,2.53322,0.266112,0.258976,0.255904,0.249728,0.251808,0.262016
6522,0.047168,0.495232,2.52973,0.26816,0.26,0.503712,0.257312,0.253856,0.262048
6523,0.047392,0.498848,2.52336,0.266144,0.25792,0.255904,0.24976,0.251808,0.261024
6524,0.047808,0.494624,2.52563,0.266144,0.26,0.255872,0.251776,0.251776,0.262048
6525,0.04704,0.495136,2.53258,0.266144,0.26,0.255904,0.249728,0.250752,0.262048
6526,0.047936,0.496256,2.96854,0.268192,0.259968,0.255904,0.251776,0.251808,0.263392
6527,0.047264,0.496128,2.52611,0.266144,0.26,0.255904,0.248704,0.251808,0.262016
6528,0.047328,0.49504,2.53661,0.267136,0.25792,0.253856,0.251808,0.24976,0.262048
6529,0.046976,0.49472,2.5272,0.26816,0.259968,0.255872,0.419744,0.255232,0.262048
6530,0.047424,0.66368,2.52938,0.266144,0.258944,0.255904,0.249696,0.251808,0.262016
6531,0.047104,0.497376,2.52982,0.268192,0.257952,0.255904,0.250784,0.251776,0.262048
6532,0.04736,0.498976,2.52886,0.267168,0.259968,0.255904,0.249728,0.251808,0.262016
6533,0.047552,0.497824,2.80576,0.268128,0.257952,0.253856,0.251808,0.251808,0.263392
6534,0.047168,0.495616,2.53302,0.266144,0.26,0.255904,0.251808,0.251776,0.26304
6535,0.046912,0.496064,2.52842,0.266144,0.259968,0.255904,0.249728,0.251808,0.262048
6536,0.047584,0.493728,2.52714,0.268192,0.261408,0.255872,0.250752,0.42176,0.262016
6537,0.046944,0.665728,2.53539,0.266144,0.258976,0.255904,0.249728,0.251808,0.262048
6538,0.047072,0.498368,2.52698,0.26816,0.26,0.255872,0.250784,0.251808,0.262016
6539,0.047392,0.499104,2.52426,0.267136,0.259968,0.255904,0.249728,0.251808,0.262048
6540,0.047168,0.494624,2.8143,0.268192,0.257952,0.255904,0.249728,0.24976,0.263392
6541,0.047136,0.49712,2.52998,0.26816,0.26,0.255872,0.249728,0.251776,0.261024
6542,0.04736,0.496608,2.52845,0.266144,0.26,0.255904,0.249728,0.251808,0.262016
6543,0.047456,0.4968,2.53526,0.268192,0.263296,0.255904,0.251808,0.507776,0.262048
6544,0.047072,0.495424,2.52435,0.267136,0.25792,0.255872,0.24976,0.251776,0.262048
6545,0.047328,0.49632,2.53053,0.266112,0.259968,0.255904,0.251776,0.251808,0.262016
6546,0.04736,0.498368,2.53843,0.268192,0.258944,0.255904,0.24976,0.251808,0.262016
6547,0.047648,0.496736,2.80685,0.26816,0.26,0.255872,0.24976,0.251776,0.263392
6548,0.047264,0.495936,2.52925,0.268192,0.26,0.255872,0.251808,0.251744,0.26304
6549,0.046848,0.496736,2.53136,0.26816,0.26,0.255872,0.251808,0.251808,0.262048
6550,0.047616,0.49584,2.5328,0.26816,0.26608,0.255872,0.251808,0.38128,0.262016
6551,0.047744,0.495712,2.8041,0.268192,0.26,0.255872,0.249696,0.251808,0.263392
6552,0.046848,0.494208,2.53142,0.268192,0.26,0.253856,0.251808,0.250752,0.262048
6553,0.047136,0.495008,2.5263,0.268192,0.26,0.254848,0.251808,0.251808,0.262048
6554,0.047616,0.49808,2.81312,0.266112,0.25792,0.255872,0.249728,0.251776,0.263424
6555,0.046528,0.49456,2.53024,0.268192,0.259968,0.25488,0.24976,0.251776,0.262048
6556,0.047328,0.495072,2.52627,0.266144,0.257952,0.255904,0.24976,0.251808,0.261024
6557,0.04752,0.497312,2.52285,0.266112,0.430976,0.255872,0.249728,0.251776,0.262016
6558,0.04688,0.49456,2.70509,0.26816,0.26,0.255872,0.24976,0.251776,0.26336
6559,0.046688,0.49792,2.52634,0.26816,0.26,0.255872,0.24976,0.250784,0.262048
6560,0.04704,0.497792,2.52749,0.266112,0.25792,0.254848,0.249728,0.251776,0.262016
6561,0.04672,0.494848,2.80717,0.268192,0.257952,0.253824,0.251808,0.251808,0.263392
6562,0.046752,0.49664,2.52688,0.268192,0.25792,0.25488,0.251808,0.251776,0.262048
6563,0.04688,0.495232,2.52694,0.266112,0.25792,0.255872,0.249728,0.251776,0.262016
6564,0.047776,0.497408,2.53344,0.266144,0.520096,0.253856,0.251776,0.251808,0.264064
6565,0.047104,0.49472,2.53043,0.266144,0.26,0.255904,0.250784,0.251808,0.262048
6566,0.047328,0.496064,2.52416,0.267136,0.259968,0.255872,0.251776,0.251776,0.262016
6567,0.046624,0.4952,2.53072,0.26816,0.257952,0.253984,0.25168,0.251776,0.262016
6568,0.047008,0.494816,2.79901,0.266144,0.257952,0.253824,0.251808,0.251808,0.261376
6569,0.047392,0.499904,2.52675,0.266112,0.259968,0.254848,0.251776,0.251776,0.262016
6570,0.046976,0.498848,2.53645,0.26816,0.26,0.255872,0.251808,0.251808,0.26304
6571,0.048384,0.498816,2.52726,0.268192,0.26,0.255904,0.24976,0.251808,0.262048
6572,0.047232,0.493824,2.77862,0.26816,0.259968,0.255872,0.249728,0.251776,0.263456
6573,0.0472,0.495552,2.53494,0.266112,0.258976,0.253856,0.24976,0.251776,0.262016
6574,0.047296,0.497984,2.52899,0.26816,0.259968,0.255872,0.250752,0.251808,0.262048
6575,0.047296,0.497344,2.8192,0.266112,0.259968,0.255872,0.251776,0.251776,0.263424
6576,0.046976,0.495008,2.53232,0.268192,0.26,0.255872,0.250784,0.251808,0.262048
6577,0.04752,0.496448,2.52672,0.269184,0.26,0.255872,0.251808,0.251808,0.262048
6578,0.049664,0.497504,2.52685,0.26816,0.25792,0.255872,0.249728,0.251776,0.262016
6579,0.047776,0.774208,2.53501,0.266144,0.258976,0.255904,0.251776,0.251808,0.262048
6580,0.04768,0.493792,2.52877,0.266112,0.257952,0.255872,0.250752,0.251808,0.262016
6581,0.047264,0.49616,2.52637,0.266112,0.25792,0.255872,0.251776,0.251776,0.260992
6582,0.047328,0.493824,2.81338,0.266112,0.257952,0.253824,0.24976,0.251776,0.263392
6583,0.047296,0.493984,2.5288,0.266144,0.257952,0.255904,0.250784,0.251808,0.262016
6584,0.047008,0.496192,2.5264,0.267136,0.25792,0.255872,0.249728,0.251776,0.262016
6585,0.046848,0.492416,2.53411,0.268192,0.257952,0.255904,0.251808,0.251776,0.262048
6586,0.047232,0.770624,2.5296,0.26816,0.258976,0.253856,0.251808,0.251776,0.262048
6587,0.046816,0.497184,2.52512,0.26816,0.25792,0.255872,0.250752,0.251776,0.262016
6588,0.046784,0.496032,2.53603,0.267168,0.26,0.253856,0.24976,0.251808,0.262016
6589,0.047456,0.494464,2.80515,0.26816,0.26,0.255872,0.24976,0.251776,0.26752
6590,0.0472,0.496864,2.52771,0.266112,0.25792,0.255904,0.251776,0.2528,0.262016
6591,0.04704,0.495264,2.53059,0.266112,0.257952,0.25488,0.251776,0.251808,0.262016
6592,0.047264,0.496256,2.52464,0.266144,0.26,0.255904,0.24976,0.251808,0.261024
6593,0.047744,0.756224,2.7111,0.26816,0.259968,0.255872,0.251776,0.251776,0.263424
6594,0.04656,0.494752,2.5313,0.266144,0.26,0.255904,0.24976,0.251808,0.262048
6595,0.047072,0.496576,2.52672,0.268192,0.258944,0.255904,0.251808,0.251776,0.262048
6596,0.04752,0.496128,2.80435,0.266112,0.259968,0.255872,0.249728,0.251776,0.26752
6597,0.047264,0.4952,2.52986,0.266144,0.259808,0.255904,0.251808,0.250944,0.262048
6598,0.047168,0.496224,2.52637,0.268192,0.26,0.254848,0.251808,0.251808,0.262048
6599,0.047424,0.496192,2.52682,0.266112,0.25792,0.255872,0.249728,0.251776,0.26304
6600,0.046848,0.500512,2.80483,0.26816,0.257952,0.255872,0.251808,0.251776,0.263392
6601,0.047232,0.498656,2.52586,0.266144,0.26,0.255904,0.249728,0.250784,0.262048
6602,0.046976,0.49712,2.5273,0.26816,0.25792,0.256896,0.251776,0.251776,0.262016
6603,0.047232,0.493792,2.53405,0.26752,0.259968,0.253856,0.402336,0.259328,0.433056
6604,0.046848,0.497632,2.5263,0.267168,0.26,0.255904,0.251808,0.251776,0.262016
6605,0.046944,0.49712,2.5233,0.266112,0.259968,0.255872,0.251776,0.251776,0.262016
6606,0.046624,0.495808,2.53885,0.266112,0.258944,0.255872,0.251808,0.251808,0.262016
6607,0.047328,0.495456,2.90144,0.266112,0.25792,0.255872,0.24976,0.251776,0.263296
6608,0.04736,0.496256,2.52912,0.26816,0.25792,0.255872,0.251776,0.251776,0.26304
6609,0.047584,0.4944,2.53206,0.268192,0.26,0.255904,0.24976,0.251776,0.262048
6610,0.047104,0.496096,2.5296,0.267488,0.262048,0.255904,0.40336,0.257312,0.4392
6611,0.046656,0.496032,2.52576,0.267136,0.259968,0.255872,0.249728,0.251776,0.262016
6612,0.046976,0.495584,2.53178,0.266144,0.257952,0.255904,0.251808,0.251776,0.262048
6613,0.047072,0.496832,2.52714,0.268192,0.258976,0.255904,0.249728,0.251808,0.262048
6614,0.047456,0.495488,2.80618,0.26816,0.259968,0.255872,0.249728,0.251776,0.261376
6615,0.046976,0.497248,2.53357,0.268192,0.258976,0.255904,0.251808,0.251776,0.262048
6616,0.046752,0.496992,2.52515,0.268192,0.25792,0.255904,0.250784,0.249728,0.262048
6617,0.047392,0.498144,2.52902,0.27568,0.265408,0.25792,0.251776,0.502656,0.403328
6618,0.046944,0.494336,2.53219,0.26816,0.257952,0.25488,0.251776,0.251808,0.264096
6619,0.046944,0.498528,2.52458,0.266144,0.26,0.255904,0.24976,0.251776,0.261024
6620,0.04688,0.49712,2.52886,0.266112,0.259968,0.253984,0.249568,0.251776,0.262016
6621,0.047296,0.495776,2.81498,0.268192,0.259968,0.253856,0.249728,0.251808,0.263392
6622,0.046912,0.49744,2.52845,0.266144,0.258976,0.255904,0.24976,0.251808,0.262048
6623,0.047072,0.496992,2.52582,0.26816,0.259968,0.255872,0.250784,0.251808,0.262016
6624,0.04768,0.494592,2.53552,0.440224,0.26544,0.25728,0.249728,0.40336,0.266144
6625,0.0472,0.495072,2.52877,0.266144,0.257952,0.254848,0.251808,0.251776,0.262048
6626,0.047328,0.49792,2.53302,0.266112,0.259968,0.253824,0.249728,0.251776,0.26304
6627,0.046752,0.498528,2.53261,0.268192,0.26,0.255904,0.24976,0.251808,0.262048
6628,0.047264,0.49776,2.81811,0.266144,0.257952,0.253856,0.249728,0.251808,0.26144
6629,0.047168,0.495072,2.52672,0.26816,0.25792,0.255872,0.249728,0.251776,0.262016
6630,0.046784,0.496576,2.53594,0.266144,0.257952,0.255904,0.250784,0.251776,0.262048
6631,0.047072,0.49664,2.53034,0.267168,0.26,0.514976,0.251104,0.253824,0.262048
6632,0.047104,0.498496,2.52416,0.266144,0.259968,0.253824,0.251776,0.251776,0.262016
6633,0.046688,0.497056,2.53757,0.266144,0.258976,0.255904,0.249728,0.251808,0.262048
6634,0.04672,0.494272,2.5273,0.266112,0.25792,0.255872,0.250752,0.251808,0.262016
6635,0.047168,0.497248,2.81517,0.26816,0.259968,0.255872,0.249728,0.251776,0.263424
6636,0.047232,0.496384,2.53408,0.268192,0.26,0.253856,0.251808,0.251808,0.264096
6637,0.046784,0.498304,2.52592,0.266112,0.25792,0.253856,0.249728,0.250784,0.262016
6638,0.282496,0.496992,2.5279,0.26816,0.26,0.446336,0.253152,0.251776,0.262016
6639,0.047072,0.497184,2.53331,0.268192,0.259968,0.255904,0.250784,0.251808,0.262016
6640,0.04752,0.4936,2.52931,0.267168,0.26,0.255904,0.249728,0.251808,0.26
6641,0.047584,0.495936,2.52563,0.266112,0.25792,0.255872,0.249728,0.251776,0.262016
6642,0.04688,0.495904,2.82042,0.266112,0.257952,0.254048,0.249568,0.251776,0.263392
6643,0.046912,0.497248,2.52493,0.266144,0.257952,0.255904,0.24976,0.251808,0.262048
6644,0.047168,0.496768,2.52944,0.266112,0.258944,0.255872,0.249728,0.251776,0.262016
6645,0.04704,0.496224,2.52918,0.268192,0.25792,0.421856,0.257184,0.253856,0.262048
6646,0.0472,0.663968,2.53184,0.266144,0.26,0.255904,0.251808,0.250784,0.262048
6647,0.046976,0.49824,2.52467,0.26816,0.259968,0.254848,0.249728,0.251776,0.262016
6648,0.047296,0.499232,2.5337,0.268192,0.259968,0.255904,0.249728,0.251808,0.262048
6649,0.046976,0.498496,2.81194,0.266112,0.26,0.253856,0.24976,0.251808,0.261312
6650,0.04736,0.49664,2.52557,0.26816,0.259968,0.255872,0.251776,0.251776,0.262016
6651,0.046528,0.49712,2.53469,0.268192,0.258976,0.255904,0.251808,0.251808,0.262016
6652,0.04736,0.499968,2.52966,0.268192,0.262048,0.255904,0.41872,0.257248,0.262048
6653,0.04736,0.666624,2.52339,0.266112,0.258944,0.255872,0.249728,0.251808,0.262016
6654,0.047328,0.494912,2.53232,0.26816,0.259968,0.255872,0.250752,0.251808,0.309152
6655,0.046592,0.49664,2.52829,0.269184,0.26,0.255872,0.24976,0.251808,0.29072
6656,0.047488,0.494464,2.80474,0.266112,0.259968,0.255872,0.249728,0.251776,0.31664
6657,0.046816,0.49632,2.53398,0.266144,0.26,0.253856,0.251808,0.251808,0.296864
6658,0.046368,0.497952,2.52602,0.268192,0.258944,0.255904,0.24976,0.251808,0.290688
6659,0.04912,0.488704,2.50189,0.266112,0.259968,0.502656,0.255168,0.253824,0.429952
6660,0.04816,0.493888,2.50928,0.26816,0.259968,0.255872,0.250752,0.251808,0.419744
6661,0.048672,0.494176,2.50285,0.266144,0.26,0.253856,0.24976,0.251808,0.412576
6662,0.048544,0.490976,2.50662,0.266112,0.259968,0.255872,0.251776,0.251776,0.446336
6663,0.047776,0.490848,2.7991,0.268192,0.26,0.25584,0.24976,0.251776,0.351456
6664,0.04832,0.481696,2.50806,0.268192,0.259968,0.255904,0.24976,0.250784,0.399232
6665,0.048672,0.483712,2.4929,0.266112,0.259968,0.254848,0.249728,0.251776,0.427904
6666,0.04768,0.483456,2.50589,0.267328,0.26,0.255872,0.404384,0.2552,0.576384
6667,0.049152,0.47216,2.49008,0.267168,0.26,0.255904,0.24976,0.251808,0.425888
6668,0.0496,0.472928,2.46506,0.266112,0.259968,0.253824,0.249728,0.251776,0.429952
6669,0.048896,0.474592,2.47373,0.266144,0.26,0.255904,0.249728,0.250752,0.397216
6670,0.049536,0.47264,2.70195,0.266144,0.258944,0.253856,0.249728,0.24976,0.437408
6671,0.050432,0.469856,2.40557,0.266112,0.259968,0.255872,0.250752,0.251776,0.440192
6672,0.049536,0.469792,2.41123,0.267136,0.257952,0.255872,0.24976,0.251776,0.4136
6673,0.050528,0.466656,2.41363,0.26752,0.25792,0.255904,0.24976,0.251808,0.704416
6674,0.05072,0.463552,2.41677,0.264064,0.258976,0.253824,0.249728,0.249728,0.444288
6675,0.0496,0.464192,2.42067,0.266144,0.257952,0.254848,0.24976,0.251776,0.419744
6676,0.05024,0.465856,2.42339,0.266144,0.26,0.253824,0.24976,0.251808,0.437152
6677,0.049504,0.467616,2.68518,0.26816,0.25792,0.255872,0.249728,0.251776,0.41904
6678,0.049088,0.465888,2.4023,0.266112,0.257952,0.253824,0.250752,0.24976,0.427936
6679,0.048288,0.469184,2.40454,0.26512,0.257952,0.253856,0.249728,0.24976,0.421792
6680,0.04896,0.468416,2.67843,0.266112,0.25792,0.397184,0.2552,0.251776,0.402656
6681,0.051968,0.494976,2.4137,0.270208,0.257952,0.255872,0.251808,0.251808,0.656288
6682,0.049376,0.495648,2.41923,0.270208,0.25792,0.255872,0.24976,0.252832,0.69008
6683,0.050368,0.49904,2.4112,0.270208,0.430976,0.255872,0.249728,0.251776,0.684928
6684,0.050208,0.487104,2.60106,0.27024,0.258976,0.255904,0.24976,0.249728,0.658656
6685,0.051456,0.47792,2.43168,0.268192,0.25792,0.256928,0.251776,0.24976,0.62864
6686,0.049568,0.482016,2.43622,0.270208,0.259968,0.253824,0.251776,0.251776,0.664448
6687,0.051392,0.490336,2.69779,0.27024,0.26,0.255904,0.251808,0.251808,0.740544
6688,0.053056,0.465728,2.36778,0.27024,0.25792,0.255904,0.250784,0.251808,0.75152
6689,0.050656,0.466272,2.36429,0.26816,0.25792,0.255872,0.249728,0.251776,0.79552
6690,0.051552,0.4472,2.60256,0.272288,0.26,0.255872,0.24976,0.251808,0.752736
6691,0.052192,0.460416,2.32262,0.270208,0.257952,0.25488,0.249728,0.251808,0.75152
6692,0.049376,0.463616,2.31846,0.270208,0.25792,0.255872,0.249728,0.249728,0.799616
6693,0.052416,0.490048,2.43142,0.27024,0.259968,0.257952,0.420768,0.255232,0.743296
6694,0.052672,0.652608,2.40915,0.270208,0.25792,0.255872,0.250752,0.251808,0.755616
6695,0.049984,0.482784,2.40954,0.270208,0.25792,0.255872,0.251776,0.251776,0.787328
6696,0.0496,0.481824,2.41475,0.27024,0.257952,0.255904,0.24976,0.250784,0.78224
6697,0.04976,0.663968,2.60493,0.268192,0.25792,0.255904,0.249728,0.251808,0.634144
6698,0.048896,0.48272,2.41142,0.26816,0.25792,0.253824,0.249728,0.249728,0.262016
6699,0.048,0.481376,2.41462,0.266144,0.258944,0.253856,0.24976,0.24976,0.26
6700,0.048256,0.480864,2.68262,0.268192,0.257952,0.253856,0.24976,0.251808,0.271616
6701,0.047872,0.484032,2.40864,0.266112,0.257952,0.253824,0.249728,0.249728,0.259968
6702,0.047872,0.479456,2.41338,0.26816,0.257952,0.255904,0.249728,0.250784,0.262048
6703,0.047648,0.482304,2.40886,0.266144,0.257952,0.25488,0.249728,0.24976,0.26
6704,0.047616,0.481536,2.85667,0.266112,0.25792,0.253824,0.249728,0.249728,0.261376
6705,0.047168,0.482016,2.41571,0.266144,0.25792,0.2528,0.24976,0.249728,0.259968
6706,0.04736,0.480768,2.4072,0.267136,0.25792,0.253856,0.24976,0.24976,0.26
6707,0.047616,0.48096,2.41142,0.266112,0.25792,0.255872,0.502656,0.253184,0.259968
6708,0.047136,0.480448,2.41075,0.267168,0.257952,0.253888,0.249696,0.24976,0.26
6709,0.047584,0.482528,2.41216,0.266112,0.25792,0.253856,0.24976,0.251808,0.259968
6710,0.047488,0.482208,2.40826,0.266112,0.25792,0.253856,0.249728,0.249728,0.259968
6711,0.04752,0.480896,2.69683,0.268192,0.257792,0.253792,0.24976,0.249856,0.261184
6712,0.047264,0.481152,2.4111,0.266144,0.257952,0.253856,0.248736,0.251776,0.26
6713,0.047008,0.479168,2.4145,0.266112,0.25792,0.254848,0.249728,0.251776,0.262016
6714,0.04736,0.48176,2.41686,0.266144,0.257952,0.253856,0.249728,0.24976,0.260992
6715,0.047392,0.753536,2.41213,0.266112,0.25792,0.253856,0.24976,0.24976,0.259968
6716,0.047584,0.481056,2.40957,0.266112,0.25792,0.253824,0.249728,0.250752,0.262016
6717,0.046592,0.480672,2.41309,0.266144,0.25792,0.255904,0.248736,0.24976,0.26
6718,0.049056,0.481568,2.41318,0.433056,0.4136,0.262304,0.251808,0.251808,0.259968
6719,0.047008,0.484736,2.40605,0.266112,0.25792,0.253824,0.24976,0.250752,0.259968
6720,0.047104,0.480704,2.60234,0.266144,0.257952,0.253856,0.247712,0.24976,0.261344
6721,0.047328,0.477312,2.40854,0.266112,0.25792,0.253824,0.24976,0.251808,0.258944
6722,0.047328,0.481984,2.71008,0.266112,0.25792,0.253824,0.249728,0.249728,0.261376
6723,0.046752,0.482112,2.41389,0.266112,0.257952,0.25488,0.24976,0.24976,0.259936
6724,0.047264,0.482816,2.40954,0.266144,0.257952,0.253856,0.249728,0.24976,0.261024
6725,0.047584,0.48624,2.40678,0.266112,0.501632,0.253824,0.249728,0.251776,0.259968
6726,0.046944,0.482592,2.58499,0.266144,0.257952,0.253856,0.24976,0.24976,0.261312
6727,0.047232,0.48016,2.41283,0.266144,0.258976,0.253856,0.249728,0.24976,0.26
6728,0.047072,0.48304,2.4063,0.266112,0.25792,0.253824,0.249728,0.250752,0.259968
6729,0.046976,0.481344,2.68902,0.266144,0.257952,0.253856,0.24976,0.249728,0.261344
6730,0.046944,0.48144,2.40861,0.266144,0.257952,0.253856,0.249728,0.250752,0.259968
6731,0.047616,0.484352,2.40698,0.266112,0.257952,0.2528,0.249728,0.249728,0.259968
6732,0.046432,0.479232,2.41254,0.267168,0.25792,0.253856,0.24976,0.24976,0.259968
6733,0.047104,0.479648,2.69331,0.266144,0.25792,0.253856,0.247712,0.249728,0.259232
6734,0.047456,0.482656,2.40986,0.266112,0.25792,0.253824,0.249728,0.251776,0.259968
6735,0.047232,0.481024,2.41405,0.266112,0.257952,0.253856,0.249728,0.250784,0.259968
6736,0.047328,0.480672,2.41302,0.266144,0.25792,0.255904,0.419712,0.253216,0.26
6737,0.047168,0.652416,2.40749,0.266112,0.258944,0.253824,0.249728,0.251776,0.259968
6738,0.04656,0.480832,2.41376,0.266144,0.257952,0.253824,0.24976,0.250784,0.26
6739,0.04688,0.481184,2.40896,0.266144,0.257952,0.25488,0.249728,0.24976,0.26
6740,0.047328,0.485088,2.69075,0.266112,0.25792,0.253824,0.249728,0.249728,0.261216
6741,0.047072,0.48256,2.41546,0.266144,0.257952,0.254848,0.24976,0.249728,0.26
6742,0.051552,0.47424,2.3296,0.27024,0.257952,0.253856,0.249728,0.24976,0.605088
6743,0.049536,0.474752,2.33597,0.26816,0.429952,0.255872,0.249728,0.251776,0.634752
6744,0.050048,0.469312,2.50131,0.268192,0.257952,0.253856,0.249728,0.251808,0.621792
6745,0.048896,0.471616,2.3159,0.268192,0.257952,0.255904,0.250784,0.24976,0.634784
6746,0.0504,0.456992,2.33296,0.269184,0.25792,0.255872,0.249728,0.24976,0.491392
6747,0.04896,0.448224,2.62256,0.268192,0.257952,0.253856,0.249696,0.24976,0.507136
6748,0.047744,0.448832,2.33261,0.269216,0.25792,0.253824,0.24976,0.249728,0.493472
6749,0.04912,0.447168,2.3265,0.270208,0.25792,0.253824,0.249728,0.249728,0.497536
6750,0.049536,0.4504,2.32605,0.27024,0.400288,0.255872,0.24976,0.250784,0.466816
6751,0.04864,0.454944,2.60096,0.270208,0.25792,0.253824,0.24976,0.24976,0.429344
6752,0.050432,0.458048,2.30608,0.26816,0.258944,0.255872,0.249728,0.251776,0.444288
6753,0.051168,0.46352,2.31917,0.270208,0.257952,0.253824,0.250752,0.251808,0.462752
6754,0.050592,0.465312,2.50474,0.271616,0.257952,0.255904,0.249728,0.24976,0.612608
6755,0.051744,0.467424,2.32246,0.270208,0.25792,0.255872,0.24768,0.251776,0.466816
6756,0.050048,0.471264,2.32371,0.268192,0.257952,0.253856,0.249728,0.250752,0.450464
6757,0.053664,0.474176,2.3183,0.268192,0.25792,0.254848,0.247712,0.251776,0.429984
6758,0.051488,0.648288,2.50426,0.26816,0.25792,0.253824,0.249728,0.251776,0.447744
6759,0.050208,0.476288,2.32246,0.268192,0.257952,0.253856,0.249728,0.24976,0.39104
6760,0.050528,0.479808,2.33021,0.26816,0.257952,0.255872,0.24976,0.250784,0.417696
6761,0.049856,0.482048,2.60253,0.26816,0.25792,0.253824,0.249728,0.249728,0.376032
6762,0.050656,0.47664,2.3504,0.268192,0.257952,0.255904,0.249728,0.250752,0.395168
6763,0.049536,0.476064,2.36576,0.268192,0.25792,0.25488,0.24976,0.24976,0.411552
6764,0.049056,0.478112,2.36195,0.26816,0.25792,0.253824,0.249728,0.251808,0.381824
6765,0.049568,0.479712,2.7785,0.26816,0.257952,0.25392,0.249632,0.24976,0.410848
6766,0.049952,0.475232,2.38173,0.26816,0.25792,0.253856,0.249728,0.251808,0.390048
6767,0.048704,0.480352,2.38077,0.26816,0.25792,0.255872,0.249728,0.251776,0.36032
6768,0.049152,0.474464,2.39466,0.271616,0.25792,0.253824,0.24976,0.251776,0.656288
6769,0.048704,0.475936,2.40355,0.268192,0.257952,0.255904,0.249728,0.24976,0.364448
6770,0.048768,0.47376,2.39901,0.26816,0.25792,0.255872,0.249728,0.250752,0.327552
6771,0.04864,0.474208,2.41475,0.268192,0.25792,0.25488,0.249728,0.251808,0.354176
6772,0.047872,0.475328,2.84752,0.27024,0.257952,0.253856,0.24976,0.24976,0.322848
6773,0.048096,0.477696,2.4113,0.26816,0.25792,0.254848,0.249728,0.251776,0.33984
6774,0.047776,0.472928,2.42118,0.268192,0.257952,0.253856,0.249728,0.24976,0.340896
6775,0.050272,0.474848,2.4153,0.268192,0.41152,0.42896,0.253184,0.251776,0.313248
6776,0.04768,0.476544,2.41949,0.26816,0.25792,0.255872,0.248704,0.251776,0.33984
6777,0.047552,0.473088,2.42115,0.269216,0.257952,0.255872,0.249728,0.24976,0.333728
6778,0.047264,0.474624,2.41878,0.268192,0.25792,0.253824,0.247712,0.24976,0.306048
6779,0.048128,0.475168,2.70566,0.26816,0.25792,0.253952,0.2496,0.251776,0.326912
6780,0.047552,0.475968,2.42163,0.267168,0.257952,0.253856,0.24976,0.249728,0.30096
6781,0.04768,0.47456,2.42611,0.26816,0.25792,0.255872,0.24976,0.249728,0.343936
6782,0.048,0.476192,2.42218,0.26816,0.428928,0.253824,0.249728,0.249728,0.35008
6783,0.047552,0.475232,2.6001,0.268192,0.257952,0.253856,0.249728,0.251808,0.326912
6784,0.047744,0.473344,2.42365,0.268192,0.258944,0.253856,0.24976,0.24976,0.350112
6785,0.048032,0.47216,2.42547,0.26816,0.25792,0.254848,0.249728,0.249728,0.356224
6786,0.047616,0.475168,2.7199,0.268192,0.257952,0.255904,0.249728,0.24976,0.32688
6787,0.04816,0.474528,2.43354,0.26816,0.257952,0.255872,0.250752,0.24976,0.348032
6788,0.047712,0.473472,2.42512,0.269184,0.25792,0.255872,0.249728,0.249728,0.321408
6789,0.049312,0.473728,2.43197,0.268192,0.257952,0.255904,0.249696,0.24976,0.333728
6790,0.048192,0.761472,2.43027,0.26816,0.258976,0.253824,0.24976,0.251776,0.348032
6791,0.047744,0.479104,2.43222,0.26816,0.25792,0.253824,0.248704,0.251776,0.321408
6792,0.04832,0.474272,2.43389,0.269216,0.25792,0.255904,0.24976,0.24976,0.341888
6793,0.04736,0.473056,2.70566,0.268192,0.257952,0.253856,0.24976,0.249728,0.31872
6794,0.047968,0.47504,2.42813,0.26816,0.25792,0.253824,0.249728,0.2528,0.333696
6795,0.047744,0.47504,2.4377,0.266144,0.257952,0.25488,0.249728,0.24976,0.350112
6796,0.047488,0.476672,2.43504,0.268192,0.257952,0.253856,0.249728,0.251808,0.324512
6797,0.049024,0.475744,2.86586,0.26816,0.25792,0.253824,0.249728,0.249728,0.353536
6798,0.048384,0.476256,2.43501,0.266144,0.257952,0.255904,0.24976,0.249728,0.35728
6799,0.047904,0.473888,2.43008,0.26816,0.25792,0.255872,0.24976,0.24976,0.327584
6800,0.049632,0.47824,2.43005,0.269472,0.261344,0.255872,0.249728,0.406432,0.54976
6801,0.049216,0.482016,2.43568,0.269216,0.25792,0.255904,0.24976,0.24976,0.378752
6802,0.048992,0.479008,2.43152,0.268192,0.257952,0.255904,0.24976,0.251808,0.351136
6803,0.050528,0.4824,2.42659,0.270208,0.256896,0.255872,0.249728,0.249728,0.395136
6804,0.049984,0.48448,2.7151,0.268192,0.257952,0.255904,0.249728,0.24976,0.369856
6805,0.050368,0.481184,2.43328,0.268192,0.256928,0.253824,0.24976,0.249728,0.39104
6806,0.051424,0.48528,2.42022,0.26816,0.25792,0.254848,0.249728,0.249728,0.41152
6807,0.050784,0.487424,2.41907,0.273664,0.263424,0.255904,0.24976,0.407424,0.559008
6808,0.051328,0.479744,2.40992,0.268192,0.257952,0.25488,0.24768,0.24976,0.407456
6809,0.051584,0.476704,2.39674,0.266112,0.25792,0.253824,0.24768,0.249728,0.414592
6810,0.050496,0.47408,2.40019,0.26816,0.25792,0.253856,0.24976,0.24976,0.378752
6811,0.051328,0.461888,2.68243,0.266112,0.257952,0.253856,0.24768,0.24976,0.4088
6812,0.050464,0.466752,2.38522,0.26816,0.25792,0.253824,0.24768,0.249728,0.376704
6813,0.051072,0.457632,2.37722,0.268192,0.25792,0.253856,0.249728,0.248704,0.384928
6814,0.053056,0.452416,2.36205,0.268192,0.408448,0.422816,0.251104,0.24976,0.39312
6815,0.049888,0.451072,2.36944,0.26816,0.25792,0.253824,0.24768,0.248704,0.36032
6816,0.05024,0.443552,2.35376,0.268192,0.257952,0.2528,0.24768,0.247712,0.384928
6817,0.049216,0.440928,2.33331,0.266144,0.255872,0.253856,0.247712,0.249728,0.373664
6818,0.049664,0.439808,2.61872,0.266112,0.255872,0.253824,0.24768,0.249728,0.34736
6819,0.048608,0.441152,2.34198,0.26512,0.255872,0.253856,0.24768,0.24768,0.34192
6820,0.0496,0.434784,2.32864,0.266144,0.255872,0.251808,0.247712,0.249728,0.35728
6821,0.049056,0.432992,2.30998,0.266112,0.255872,0.251776,0.24768,0.24768,0.384896
6822,0.047936,0.66944,2.47856,0.266144,0.255904,0.251776,0.247712,0.247712,0.38832
6823,0.048192,0.431872,2.29514,0.266112,0.255872,0.251808,0.247712,0.24768,0.371584
6824,0.048192,0.431872,2.29242,0.266112,0.25792,0.251776,0.24768,0.24768,0.356224
6825,0.046528,0.432992,2.29952,0.434048,0.411552,0.2552,0.247712,0.247712,0.313216
6826,0.046432,0.431968,2.29763,0.262016,0.255904,0.251808,0.247712,0.248736,0.262048
6827,0.046816,0.432832,2.29539,0.264064,0.255872,0.250752,0.245632,0.24768,0.325504
6828,0.045536,0.431936,2.30093,0.265088,0.255904,0.253856,0.24768,0.247712,0.309152
6829,0.048128,0.439264,2.58589,0.264096,0.25792,0.251808,0.247712,0.24768,0.384224
6830,0.04672,0.436832,2.30397,0.266112,0.255872,0.2528,0.24768,0.247712,0.374656
6831,0.0472,0.435456,2.3097,0.26512,0.257952,0.253856,0.247712,0.24768,0.343968
6832,0.04752,0.4376,2.31126,0.266144,0.257952,0.253824,0.247712,0.247712,0.37776
6833,0.047168,0.438976,2.60154,0.266112,0.25792,0.253824,0.24768,0.24768,0.302336
6834,0.046688,0.440288,2.31981,0.266144,0.256928,0.251808,0.247712,0.249728,0.327584
6835,0.046464,0.440416,2.31696,0.264064,0.255904,0.251776,0.247712,0.248736,0.327584
6836,0.046016,0.44192,2.3129,0.264064,0.255904,0.419712,0.2552,0.249728,0.305024
6837,0.046176,0.606016,2.32227,0.266112,0.256896,0.253856,0.24768,0.247712,0.317312
6838,0.046528,0.441824,2.31402,0.264096,0.255904,0.251808,0.247712,0.248736,0.286624
6839,0.045632,0.44576,2.31514,0.266112,0.255872,0.2528,0.24768,0.24768,0.282496
6840,0.04672,0.44128,2.59901,0.266144,0.255904,0.251744,0.247712,0.247712,0.316608
6841,0.045952,0.444992,2.31635,0.264096,0.255904,0.253856,0.247712,0.248736,0.294816
6842,0.046976,0.441568,2.31386,0.266112,0.25792,0.253824,0.248704,0.249728,0.313216
6843,0.045792,0.441408,2.32221,0.267168,0.255904,0.253824,0.247712,0.247712,0.30096
6844,0.046272,0.441664,2.59981,0.266144,0.255904,0.253824,0.247712,0.247712,0.306432
6845,0.046432,0.443392,2.32307,0.266112,0.255872,0.253824,0.24768,0.249728,0.325504
6846,0.046336,0.443488,2.3295,0.26816,0.256928,0.253824,0.24976,0.247712,0.311168
6847,0.046656,0.446976,2.32918,0.266144,0.264416,0.253824,0.247712,0.383808,0.325536
6848,0.046208,0.44752,2.60736,0.26816,0.25792,0.253824,0.24768,0.249728,0.310496
6849,0.046272,0.448128,2.33814,0.266144,0.256896,0.253856,0.249728,0.24976,0.3296
6850,0.046752,0.449344,2.33325,0.268192,0.255872,0.253856,0.249728,0.248736,0.333728
6851,0.046624,0.44928,2.616,0.266112,0.25792,0.251776,0.249728,0.249728,0.312544
6852,0.04672,0.449536,2.34736,0.266144,0.256896,0.253856,0.249728,0.247712,0.335712
6853,0.0464,0.451264,2.34499,0.266144,0.25792,0.253856,0.248736,0.24976,0.3112
6854,0.046624,0.45312,2.35181,0.26816,0.25792,0.254848,0.24768,0.249728,0.331648
6855,0.047296,0.456992,2.66547,0.268192,0.25792,0.253824,0.24976,0.249728,0.349408
6856,0.04704,0.457856,2.36701,0.26816,0.257952,0.253856,0.24976,0.24976,0.32144
6857,0.047264,0.460448,2.39814,0.266112,0.25792,0.253824,0.24976,0.248704,0.352128
6858,0.047424,0.460128,2.3975,0.268192,0.257952,0.254848,0.419744,0.253152,0.329632
6859,0.049568,0.644256,2.42256,0.27024,0.258976,0.253856,0.249728,0.24976,0.368544
6860,0.05072,0.47904,2.47558,0.26816,0.259968,0.254848,0.249728,0.249728,0.40128
6861,0.048768,0.479936,2.48064,0.268192,0.26,0.25392,0.251712,0.251808,0.37776
6862,0.052448,0.492896,2.81037,0.268192,0.26,0.255904,0.251808,0.251808,0.42112
6863,0.054208,0.503968,2.60042,0.270208,0.260992,0.25792,0.251776,0.251776,0.444288
6864,0.052224,0.502016,2.60432,0.270208,0.259968,0.25488,0.251776,0.251808,0.407456
6865,0.05424,0.51776,2.85926,0.27024,0.259968,0.257952,0.251808,0.253824,0.451168
6866,0.052928,0.513248,2.60682,0.270208,0.259968,0.25792,0.250752,0.253824,0.417664
6867,0.0536,0.519648,2.61494,0.272256,0.259968,0.257952,0.251776,0.253856,0.414624
6868,0.054336,0.52944,2.62333,0.27024,0.508832,0.255904,0.251776,0.251808,0.423808
6869,0.053536,0.528832,2.80122,0.272256,0.259968,0.25792,0.251776,0.251776,0.384256
6870,0.05408,0.535712,2.62355,0.27024,0.26,0.256928,0.251808,0.251776,0.409472
6871,0.053888,0.548192,2.61741,0.270208,0.26,0.257952,0.251808,0.251776,0.402336
6872,0.05408,0.555328,2.89245,0.270208,0.259968,0.255872,0.251776,0.251776,0.365824
6873,0.053984,0.553056,2.61405,0.27024,0.260896,0.255904,0.251808,0.251936,0.395168
6874,0.054528,0.562432,2.60554,0.270208,0.262016,0.25488,0.251776,0.251808,0.389024
6875,0.055072,0.56784,2.87782,0.270208,0.262016,0.255872,0.251776,0.251776,0.382208
6876,0.05392,0.571264,2.60218,0.270208,0.259968,0.255872,0.250752,0.251808,0.356256
6877,0.053888,0.566976,2.59651,0.27024,0.259968,0.255904,0.251808,0.253856,0.361376
6878,0.0544,0.571936,2.59859,0.270208,0.435072,0.255872,0.251776,0.251776,0.327552
6879,0.054208,0.573344,2.77504,0.27024,0.261024,0.255904,0.251776,0.251808,0.308416
6880,0.054016,0.57024,2.59917,0.268192,0.26,0.256896,0.251808,0.251776,0.307104
6881,0.054112,0.574624,2.59866,0.26816,0.259968,0.25792,0.251776,0.251776,0.271232
6882,0.053792,0.57264,2.88605,0.268192,0.259968,0.255872,0.251808,0.253856,0.27136
6883,0.054592,0.569248,2.60192,0.266112,0.26,0.255904,0.251808,0.251776,0.27024
6884,0.0544,0.575392,2.60054,0.270208,0.26,0.255872,0.2528,0.251776,0.272256
6885,0.05424,0.569344,2.60438,0.269568,0.26,0.25792,0.251776,0.251776,0.535456
6886,0.054112,0.570496,2.59882,0.26816,0.261024,0.255872,0.251808,0.251808,0.272256
6887,0.054912,0.572096,2.59757,0.270208,0.259968,0.256896,0.251776,0.251776,0.272256
6888,0.053248,0.567808,2.60656,0.268192,0.262048,0.255904,0.251808,0.251776,0.272288
6889,0.054304,0.862368,2.76102,0.270208,0.26,0.255872,0.251808,0.253856,0.271648
6890,0.055136,0.573472,2.59514,0.270208,0.259968,0.255872,0.251776,0.251776,0.272256
6891,0.054368,0.569728,2.61114,0.27024,0.26,0.255872,0.250784,0.251808,0.272288
6892,0.054272,0.569472,2.89258,0.268192,0.26,0.255904,0.251808,0.253824,0.271648
6893,0.054784,0.571968,2.59514,0.269184,0.259968,0.25792,0.251776,0.253824,0.272256
6894,0.05536,0.568288,2.60416,0.270208,0.26,0.255872,0.251808,0.251808,0.272288
6895,0.054624,0.571424,2.5983,0.27024,0.262048,0.255904,0.41872,0.25936,0.27024
6896,0.055008,0.74544,2.59994,0.26816,0.260992,0.257952,0.251776,0.251776,0.272256
6897,0.054912,0.569856,2.60554,0.268192,0.26,0.256928,0.251808,0.251808,0.272288
6898,0.054464,0.573184,2.59894,0.27024,0.259968,0.255904,0.251808,0.253856,0.270208
6899,0.05504,0.569824,2.8791,0.270208,0.259968,0.255872,0.251776,0.251776,0.273664
6900,0.054784,0.571232,2.60506,0.27024,0.261024,0.255904,0.251808,0.251808,0.274304
6901,0.0544,0.571072,2.59773,0.270208,0.26,0.256928,0.251808,0.251808,0.27024
6902,0.055552,0.571552,2.87808,0.270208,0.262016,0.255872,0.251776,0.251776,0.283904
6903,0.05456,0.570496,2.60682,0.268192,0.26,0.257952,0.251744,0.252832,0.272288
6904,0.054688,0.569216,2.59978,0.269216,0.26,0.255904,0.251808,0.253824,0.27024
6905,0.054816,0.5704,2.59718,0.270208,0.259968,0.255872,0.251776,0.251776,0.272256
6906,0.0544,0.824608,2.6039,0.27024,0.259968,0.255904,0.251808,0.252832,0.272288
6907,0.054688,0.57072,2.59613,0.269216,0.26,0.255904,0.249728,0.251808,0.270208
6908,0.054848,0.57264,2.59507,0.26816,0.259968,0.255872,0.251776,0.253824,0.272256
6909,0.054432,0.57232,2.88867,0.27024,0.26,0.255904,0.251808,0.251776,0.273664
6910,0.054784,0.571424,2.59363,0.270208,0.26,0.255872,0.251808,0.253856,0.271264
6911,0.054496,0.57376,2.59635,0.270208,0.258944,0.255872,0.251808,0.251776,0.272256
6912,0.054496,0.569408,2.60032,0.270208,0.262016,0.255872,0.39312,0.257248,0.272288
6913,0.054592,0.853088,2.60051,0.27024,0.26,0.255904,0.251776,0.2528,0.272256
6914,0.055168,0.571584,2.59555,0.269184,0.259968,0.255872,0.251776,0.251776,0.272256
6915,0.05472,0.5736,2.60448,0.270208,0.26,0.255872,0.251808,0.251808,0.272288
6916,0.055296,0.57184,2.88768,0.268192,0.26,0.255904,0.251776,0.253824,0.271584
6917,0.05552,0.570368,2.59651,0.27024,0.259968,0.255872,0.251776,0.2528,0.272256
6918,0.05488,0.569216,2.60726,0.269216,0.259968,0.255904,0.251776,0.251808,0.272288
6919,0.054784,0.570976,2.88224,0.268192,0.259968,0.255904,0.249728,0.251808,0.275712
6920,0.055264,0.572,2.59654,0.270208,0.259968,0.25792,0.250752,0.251776,0.272256
6921,0.0544,0.57168,2.60326,0.269216,0.26,0.255904,0.251808,0.251776,0.272256
6922,0.05568,0.571168,2.60301,0.270208,0.259968,0.257952,0.251808,0.253856,0.272288
6923,0.0552,0.567712,2.78122,0.26816,0.259968,0.255872,0.251776,0.251776,0.273664
6924,0.054912,0.57136,2.60269,0.26816,0.26,0.25792,0.251808,0.2528,0.272288
6925,0.054464,0.571872,2.59677,0.269216,0.259968,0.255904,0.251776,0.251808,0.27024
6926,0.055552,0.572416,2.87584,0.26816,0.259968,0.25792,0.251776,0.251776,0.273664
6927,0.054368,0.571616,2.6041,0.270208,0.26,0.255872,0.251808,0.251808,0.272288
6928,0.054208,0.572832,2.59571,0.27024,0.26,0.255904,0.251776,0.252832,0.27024
6929,0.05504,0.572544,2.59226,0.26816,0.26,0.514944,0.253152,0.251776,0.272256
6930,0.054208,0.571104,2.60442,0.27024,0.26,0.255872,0.251808,0.253856,0.272288
6931,0.054816,0.569824,2.59869,0.27024,0.26,0.255904,0.251808,0.250784,0.272288
6932,0.055456,0.574208,2.9689,0.26816,0.259968,0.255872,0.251776,0.253824,0.271616
6933,0.055392,0.573952,2.89136,0.26816,0.26,0.255872,0.251808,0.251808,0.27152
6934,0.054944,0.573312,2.59805,0.270208,0.26,0.255872,0.251808,0.2528,0.272288
6935,0.055104,0.57184,2.59597,0.269184,0.259968,0.255872,0.251776,0.251776,0.272256
6936,0.054752,0.56912,2.88941,0.268192,0.26,0.255904,0.251808,0.251776,0.27152
6937,0.05504,0.56768,2.59923,0.27024,0.26,0.25488,0.251808,0.251808,0.272288
6938,0.054944,0.576128,2.59952,0.270208,0.262016,0.255872,0.251776,0.251776,0.272256
6939,0.05472,0.567456,2.60592,0.27024,0.263392,0.255904,0.251808,0.512928,0.272256
6940,0.054464,0.5736,2.59878,0.269184,0.26,0.255872,0.251808,0.253856,0.27024
6941,0.0552,0.570976,2.60483,0.26816,0.259968,0.255872,0.251776,0.251776,0.272256
6942,0.054304,0.572096,2.60576,0.270208,0.259968,0.255872,0.250752,0.253856,0.272288
6943,0.055168,0.568608,2.87587,0.26816,0.259968,0.255872,0.24976,0.251776,0.269568
6944,0.054848,0.572256,2.59453,0.26816,0.259968,0.255872,0.249728,0.253824,0.272256
6945,0.05456,0.572064,2.60413,0.27024,0.259968,0.255904,0.250752,0.251808,0.272288
6946,0.054976,0.573664,2.59955,0.277696,0.259968,0.257952,0.251808,0.253856,0.542592
6947,0.055104,0.572,2.59434,0.270208,0.258944,0.255872,0.249728,0.251776,0.272256
6948,0.054336,0.570272,2.60512,0.27024,0.259968,0.255904,0.2528,0.251808,0.272288
6949,0.054688,0.569984,2.59962,0.268192,0.26,0.255904,0.24976,0.253824,0.271264
6950,0.055456,0.835424,2.77414,0.270208,0.259968,0.255872,0.251776,0.251776,0.273632
6951,0.054688,0.570304,2.60726,0.268192,0.262048,0.255904,0.251776,0.251808,0.272288
6952,0.054624,0.569504,2.59824,0.268192,0.26,0.257952,0.250784,0.253856,0.272256
6953,0.055712,0.572928,2.87869,0.270208,0.259968,0.255872,0.249728,0.253824,0.273632
6954,0.054464,0.569152,2.6049,0.269216,0.259968,0.255904,0.251808,0.251776,0.272288
6955,0.054624,0.571232,2.60112,0.26816,0.26,0.255872,0.251808,0.251808,0.270208
6956,0.055168,0.573056,2.59731,0.26816,0.262016,0.255872,0.504704,0.257248,0.272256
6957,0.054688,0.569856,2.60848,0.270208,0.26,0.255872,0.251808,0.251808,0.273312
6958,0.054656,0.570752,2.59946,0.270208,0.261024,0.255872,0.251808,0.251808,0.272288
6959,0.055264,0.569856,2.59933,0.270208,0.259968,0.255872,0.250752,0.253824,0.272256
6960,0.054848,0.569504,2.87824,0.268192,0.26,0.255904,0.251808,0.251776,0.27136
6961,0.055008,0.568352,2.59734,0.27024,0.261024,0.255904,0.251776,0.251808,0.272256
6962,0.055072,0.572832,2.60131,0.270208,0.259968,0.256896,0.251776,0.251776,0.272256
6963,0.054432,0.568704,2.60704,0.269536,0.26,0.255872,0.251808,0.251808,0.530336
6964,0.054848,0.5688,2.59517,0.268192,0.260992,0.257952,0.251808,0.251776,0.27024
6965,0.055264,0.570816,2.59546,0.26816,0.259968,0.256896,0.251776,0.251776,0.272256
6966,0.05456,0.573888,2.60426,0.27024,0.26,0.255904,0.251808,0.251808,0.272288
6967,0.05504,0.851968,2.60362,0.27024,0.261024,0.255904,0.251808,0.251776,0.27024
6968,0.05568,0.576384,2.59782,0.270208,0.259968,0.256896,0.251776,0.251776,0.272256
6969,0.054816,0.570848,2.60451,0.270208,0.26,0.253824,0.251808,0.251808,0.272288
6970,0.054944,0.571616,3.00736,0.270208,0.26,0.253824,0.251808,0.251776,0.276448
6971,0.05504,0.569984,2.59744,0.26816,0.260992,0.255872,0.251776,0.251776,0.272256
6972,0.054592,0.574752,2.60406,0.27024,0.26,0.254848,0.251808,0.251776,0.272256
6973,0.05504,0.571776,2.59632,0.26816,0.259968,0.255872,0.516,0.25728,0.270208
6974,0.055136,0.572352,2.59523,0.26816,0.259968,0.255872,0.251776,0.251776,0.271232
6975,0.0544,0.568992,2.60419,0.27024,0.260992,0.255904,0.251808,0.251776,0.272288
6976,0.054848,0.571456,2.59789,0.27024,0.26,0.256896,0.249728,0.251808,0.27024
6977,0.055424,0.574688,2.88061,0.26816,0.259968,0.255872,0.251776,0.251776,0.273632
6978,0.05504,0.571648,2.60634,0.268192,0.261024,0.255904,0.249728,0.251808,0.272288
6979,0.05488,0.568864,2.59776,0.268192,0.262048,0.256928,0.251776,0.251808,0.27024
6980,0.055072,0.57216,2.87882,0.26816,0.259968,0.25792,0.251776,0.251776,0.283904
6981,0.054816,0.574176,2.60304,0.268192,0.259968,0.255904,0.251808,0.252832,0.333728
6982,0.054656,0.570368,2.60096,0.267168,0.26,0.255904,0.251808,0.251776,0.346016
6983,0.05728,0.573344,2.5985,0.26816,0.259968,0.255872,0.251776,0.251776,0.31936
6984,0.05472,0.821664,2.5992,0.268192,0.26,0.255904,0.250784,0.251776,0.341888
6985,0.05456,0.574368,2.59686,0.268192,0.26,0.255904,0.251808,0.251776,0.353184
6986,0.054368,0.57328,2.58874,0.26816,0.258944,0.255872,0.251776,0.251776,0.325504
6987,0.054816,0.578208,2.86819,0.268192,0.26,0.256224,0.251488,0.251808,0.35552
6988,0.05424,0.579072,2.59107,0.27024,0.26,0.255904,0.251808,0.251776,0.364448
6989,0.055136,0.578912,2.58538,0.26816,0.259968,0.255872,0.251776,0.2528,0.31936
6990,0.054976,0.578944,2.59034,0.27568,0.263392,0.256064,0.251616,0.403328,0.599968
6991,0.054432,0.578208,2.58134,0.267136,0.259968,0.255872,0.251808,0.253856,0.358304
6992,0.054784,0.581376,2.57622,0.270208,0.259968,0.255872,0.251776,0.251776,0.3296
6993,0.054368,0.576352,2.58163,0.27024,0.26,0.255904,0.250784,0.251808,0.356256
6994,0.054784,0.875488,2.57059,0.268192,0.26,0.253856,0.251776,0.2528,0.364448
6995,0.054848,0.585088,2.57328,0.269184,0.259968,0.255872,0.251776,0.251776,0.335744
6996,0.054624,0.5832,2.57453,0.27024,0.26,0.255904,0.251808,0.251776,0.366496
6997,0.055072,0.58656,2.85107,0.27024,0.26,0.255904,0.251808,0.251776,0.367872
6998,0.054752,0.583552,2.56864,0.270208,0.259968,0.255872,0.251776,0.253824,0.338816
6999,0.054656,0.587456,2.56867,0.27024,0.26,0.255904,0.251776,0.252832,0.364416
7000,0.055392,0.589952,2.56086,0.52624,0.26,0.259296,0.251808,0.251776,0.37056
7001,0.054848,0.583808,2.55763,0.270208,0.259968,0.25792,0.251776,0.253824,0.33984
7002,0.055104,0.585664,2.56237,0.266144,0.26,0.255904,0.250784,0.251808,0.370592
7003,0.055392,0.58144,2.55926,0.270208,0.26,0.255872,0.251808,0.251808,0.375712
7004,0.056704,0.859072,2.56026,0.270208,0.261024,0.255872,0.251776,0.251776,0.341888
7005,0.055424,0.585664,2.57357,0.268192,0.26,0.25488,0.251808,0.251776,0.378784
7006,0.055648,0.588736,2.57414,0.26816,0.259968,0.255872,0.251808,0.251808,0.3808
7007,0.055936,0.585152,2.85923,0.270208,0.259968,0.25792,0.251776,0.253824,0.351488
7008,0.055744,0.593152,2.59328,0.268192,0.262048,0.255904,0.251808,0.251776,0.390048
7009,0.05616,0.587072,2.59843,0.270208,0.261024,0.255872,0.251808,0.253856,0.391072
7010,0.056544,0.585856,2.59974,0.5088,0.413568,0.261344,0.251776,0.251776,0.36032
7011,0.055776,0.587616,2.62147,0.269184,0.262016,0.255872,0.251808,0.251808,0.395168
7012,0.05568,0.587648,2.61856,0.268192,0.259968,0.255904,0.251776,0.251808,0.39312
7013,0.055424,0.580192,2.6192,0.26816,0.259968,0.255872,0.2528,0.251776,0.358272
7014,0.056128,0.86208,2.63565,0.268192,0.259968,0.255904,0.251808,0.252832,0.389024
7015,0.054816,0.58096,2.63386,0.269216,0.259968,0.255904,0.251808,0.251808,0.384928
7016,0.054656,0.575136,2.63549,0.26816,0.260992,0.255872,0.251776,0.251776,0.348032
7017,0.054688,0.575712,2.92989,0.268192,0.259968,0.255904,0.251776,0.251808,0.382112
7018,0.054304,0.574496,2.64538,0.266144,0.26,0.255904,0.249728,0.253824,0.378752
7019,0.054336,0.570624,2.6407,0.26816,0.262016,0.255872,0.2528,0.251776,0.33984
7020,0.05408,0.571776,2.64512,0.269568,0.259968,0.255904,0.251776,0.251808,0.624512
7021,0.053888,0.574272,2.63606,0.268192,0.259968,0.255904,0.251808,0.252832,0.366496
7022,0.05344,0.57504,2.64022,0.269184,0.26,0.255872,0.251776,0.251776,0.335744
7023,0.058784,0.577856,2.64448,0.268192,0.519072,0.255904,0.251808,0.251776,0.368544
7024,0.053248,0.582848,2.63837,0.26816,0.26,0.25488,0.251808,0.251808,0.37056
7025,0.053664,0.582624,2.63789,0.270208,0.259968,0.255872,0.251776,0.251776,0.335744
7026,0.053696,0.577472,2.6409,0.26816,0.259968,0.255872,0.250752,0.251808,0.364448
7027,0.053888,0.573792,2.92394,0.266144,0.26,0.255904,0.251808,0.251776,0.365824
7028,0.05312,0.573024,2.63843,0.26816,0.260992,0.255872,0.251776,0.251776,0.331648
7029,0.05216,0.572384,2.63984,0.271264,0.26,0.255904,0.251808,0.251776,0.323456
7030,0.0536,0.5728,2.90042,0.268192,0.259968,0.410496,0.25312,0.251808,0.367872
7031,0.052928,0.573696,2.62278,0.26816,0.259968,0.255872,0.249728,0.251776,0.372608
7032,0.052416,0.58288,2.63667,0.268192,0.26,0.255904,0.250784,0.251776,0.346016
7033,0.053184,0.576768,2.6256,0.268192,0.263424,0.255904,0.249728,0.509856,0.365472
7034,0.052352,0.574976,2.6247,0.269184,0.259968,0.255872,0.251776,0.251776,0.325504
7035,0.052288,0.581888,2.63178,0.266144,0.258976,0.255904,0.249728,0.251808,0.346016
7036,0.0528,0.582336,2.62602,0.268192,0.26,0.25488,0.249728,0.251808,0.35216
7037,0.052352,0.584032,2.90973,0.26816,0.259968,0.255872,0.251776,0.251776,0.322752
7038,0.05232,0.582272,2.6231,0.266144,0.26,0.255904,0.249728,0.250752,0.346016
7039,0.052064,0.58016,2.62272,0.267136,0.26,0.253856,0.24976,0.251776,0.337824
7040,0.052448,0.57792,2.89722,0.266112,0.26,0.255872,0.249728,0.251776,0.310496
7041,0.052704,0.582912,2.62336,0.266144,0.259968,0.253824,0.250752,0.251808,0.33168
7042,0.052992,0.584352,2.62509,0.266144,0.26,0.255904,0.251808,0.251808,0.328608
7043,0.052032,0.576064,2.62438,0.26816,0.267488,0.255872,0.251776,0.501632,0.305024
7044,0.051392,0.583872,2.62442,0.269216,0.259968,0.255904,0.249728,0.251808,0.294816
7045,0.052352,0.587712,2.62102,0.268192,0.26,0.255904,0.24976,0.251808,0.288672
7046,0.051872,0.581952,2.61856,0.26816,0.25792,0.253824,0.250752,0.251776,0.26816
7047,0.051872,0.584224,2.90554,0.26816,0.26,0.255872,0.24976,0.251776,0.269408
7048,0.051616,0.584288,2.6192,0.26816,0.258944,0.255872,0.251808,0.251808,0.26816
7049,0.052064,0.58272,2.62198,0.26816,0.259968,0.254848,0.251776,0.251776,0.26816
7050,0.052128,0.585568,2.62154,0.275616,0.263424,0.255872,0.24976,0.426912,0.436128
7051,0.05264,0.741952,2.62275,0.26816,0.258976,0.255872,0.249728,0.251776,0.268192
7052,0.05264,0.58032,2.62339,0.26816,0.259968,0.254848,0.249728,0.251776,0.26816
7053,0.055328,0.579168,2.61994,0.266144,0.26,0.253824,0.251808,0.251808,0.329632
7054,0.053696,0.76192,2.81635,0.268192,0.26,0.253856,0.24976,0.251808,0.333056
7055,0.051936,0.585408,2.61414,0.266112,0.259968,0.255872,0.251776,0.250752,0.30912
7056,0.051904,0.584512,2.6144,0.267168,0.26,0.253824,0.24976,0.251776,0.329632
7057,0.052448,0.58416,2.89878,0.266144,0.259968,0.253856,0.249728,0.251808,0.326912
7058,0.052064,0.580288,2.60835,0.266112,0.259968,0.253824,0.251776,0.251776,0.305024
7059,0.051904,0.584256,2.61782,0.268192,0.26,0.255904,0.250784,0.251808,0.339872
7060,0.052928,0.587712,2.61091,0.269504,0.259968,0.255904,0.251776,0.251808,0.596864
7061,0.052352,0.586528,2.60179,0.266112,0.258944,0.255872,0.251776,0.251776,0.311168
7062,0.052768,0.590592,2.60944,0.266144,0.259968,0.25488,0.249728,0.24976,0.335776
7063,0.052448,0.59264,2.59789,0.268192,0.26,0.255904,0.251808,0.251776,0.35216
7064,0.052352,0.85136,2.59597,0.26816,0.259968,0.255872,0.250752,0.251776,0.317312
7065,0.052448,0.592,2.5983,0.27024,0.26,0.255904,0.24976,0.251808,0.338816
7066,0.052352,0.592512,2.59245,0.268192,0.258944,0.255904,0.24976,0.251808,0.341888
7067,0.052416,0.590048,2.87478,0.26816,0.26,0.255872,0.249728,0.251776,0.310496
7068,0.052288,0.594592,2.5968,0.266144,0.26,0.255904,0.24976,0.251808,0.335744
7069,0.052576,0.590624,2.58224,0.266144,0.26,0.253856,0.251776,0.250784,0.333728
7070,0.052576,0.59312,2.58989,0.51904,0.259968,0.259296,0.251776,0.251776,0.30912
7071,0.052128,0.59312,2.58874,0.266112,0.26,0.255872,0.24976,0.251776,0.329568
7072,0.052,0.593152,2.58819,0.268192,0.26,0.255904,0.250784,0.251776,0.305024
7073,0.052224,0.594016,2.59002,0.26816,0.259968,0.255872,0.251776,0.251776,0.299904
7074,0.052768,0.855488,2.75446,0.266144,0.26,0.255904,0.24976,0.251808,0.349376
7075,0.05264,0.595904,2.57456,0.26816,0.26,0.255872,0.251808,0.251776,0.319392
7076,0.052256,0.595424,2.57891,0.266112,0.259968,0.255904,0.250752,0.251776,0.311168
7077,0.052576,0.59616,2.86147,0.268192,0.26,0.253824,0.24976,0.251776,0.341184
7078,0.052256,0.599072,2.56883,0.266144,0.26,0.253824,0.24976,0.251808,0.3368
7079,0.052128,0.59968,2.5647,0.26816,0.260992,0.255872,0.249728,0.251808,0.313216
7080,0.05264,0.599392,2.57008,0.26816,0.26,0.433056,0.255232,0.253856,0.33984
7081,0.052864,0.760736,2.5672,0.268192,0.26,0.253856,0.250784,0.251808,0.337824
7082,0.052032,0.600896,2.56781,0.26816,0.259968,0.255872,0.249728,0.251776,0.310144
7083,0.052288,0.59504,2.56003,0.266112,0.261024,0.255872,0.251808,0.251808,0.343936
7084,0.052576,0.598336,2.84051,0.266112,0.26,0.255872,0.24976,0.251776,0.337088
7085,0.052512,0.598848,2.55475,0.26816,0.259968,0.255872,0.250752,0.251776,0.311168
7086,0.052288,0.598688,2.56458,0.266144,0.259968,0.255904,0.249728,0.251808,0.338848
7087,0.052608,0.59744,2.83603,0.26816,0.26,0.255872,0.24976,0.251808,0.349408
7088,0.052384,0.604512,2.54995,0.26816,0.25792,0.254848,0.249728,0.251776,0.31936
7089,0.052576,0.599392,2.55792,0.268192,0.26,0.255904,0.24976,0.251808,0.338784
7090,0.051776,0.601696,2.55814,0.268192,0.265408,0.255904,0.24976,0.50064,0.313248
7091,0.052704,0.596096,2.54666,0.265088,0.259968,0.255872,0.249728,0.251776,0.335744
7092,0.052192,0.602752,2.54941,0.268192,0.259968,0.253888,0.249696,0.251808,0.343968
7093,0.052864,0.602976,2.54528,0.268192,0.26,0.255904,0.250784,0.251808,0.315296
7094,0.052576,0.599264,2.94115,0.266112,0.259968,0.255872,0.249728,0.251776,0.341248
7095,0.052832,0.597984,2.54934,0.267136,0.26,0.255872,0.251808,0.251808,0.346016
7096,0.051968,0.602592,2.54106,0.268192,0.25792,0.255904,0.251808,0.251808,0.317312
7097,0.053248,0.599936,2.53651,0.26736,0.259968,0.255872,0.251776,0.251776,0.615296
7098,0.05248,0.605504,2.53901,0.268192,0.258944,0.255904,0.249728,0.251808,0.345984
7099,0.052032,0.60432,2.5408,0.268192,0.26,0.256928,0.251808,0.251776,0.317344
7100,0.053152,0.606336,2.53536,0.26816,0.257952,0.253824,0.24992,0.251616,0.354176
7101,0.05264,0.881248,2.54717,0.266144,0.26,0.255904,0.250784,0.251808,0.360352
7102,0.052416,0.601824,2.54282,0.268192,0.25792,0.255904,0.249728,0.251808,0.3368
7103,0.053536,0.607904,2.53997,0.266112,0.258944,0.255872,0.249728,0.251776,0.364416
7104,0.053184,0.607584,2.8233,0.268192,0.259968,0.255904,0.249696,0.251808,0.369888
7105,0.05328,0.606016,2.53824,0.26816,0.25792,0.255872,0.249728,0.251808,0.332672
7106,0.053152,0.60992,2.53443,0.270208,0.26,0.255872,0.249728,0.250784,0.376704
7107,0.053824,0.61088,2.53779,0.520096,0.26,0.261312,0.251808,0.251776,0.368544
7108,0.052512,0.612384,2.53334,0.26816,0.26,0.255872,0.24976,0.251776,0.339872
7109,0.053792,0.608032,2.52966,0.26816,0.25792,0.255872,0.250752,0.251776,0.372608
7110,0.05328,0.60416,2.54163,0.266144,0.257952,0.255904,0.251776,0.251808,0.37776
7111,0.05296,0.881696,2.5392,0.268192,0.258976,0.255904,0.249728,0.251808,0.348064
7112,0.0544,0.60336,2.54083,0.26816,0.259968,0.254848,0.249728,0.251776,0.3808
7113,0.05328,0.607264,2.55984,0.266112,0.26,0.255872,0.24976,0.251808,0.386976
7114,0.05296,0.599904,2.83302,0.26816,0.25792,0.253824,0.24976,0.251776,0.343232
7115,0.053856,0.60224,2.55462,0.269184,0.259968,0.255872,0.249728,0.251776,0.382848
7116,0.053312,0.602048,2.56112,0.268192,0.258944,0.255904,0.24976,0.251808,0.376704
7117,0.052768,0.601472,2.56528,0.268192,0.26,0.498592,0.255168,0.251808,0.339872
7118,0.0536,0.763328,2.56195,0.26816,0.259968,0.255872,0.250752,0.251776,0.382848
7119,0.052928,0.594752,2.57168,0.26816,0.26,0.255872,0.24976,0.251808,0.349056
7120,0.054624,0.602432,2.56557,0.26816,0.258976,0.253824,0.24976,0.251808,0.323488
7121,0.054336,0.598112,2.86541,0.26816,0.259968,0.255872,0.249728,0.251776,0.41088
7122,0.053408,0.592384,2.59475,0.266144,0.257952,0.25488,0.24976,0.251808,0.380832
7123,0.053312,0.5928,2.58576,0.268192,0.26,0.255904,0.249728,0.251808,0.363424
7124,0.053792,0.597888,2.87043,0.266112,0.25792,0.255872,0.249728,0.251808,0.396544
7125,0.05296,0.594592,2.59258,0.269216,0.26,0.255904,0.24976,0.251808,0.368544
7126,0.05264,0.601248,2.59123,0.266144,0.259968,0.255904,0.249728,0.251808,0.339872
7127,0.054176,0.600288,2.5857,0.26816,0.262016,0.418048,0.25792,0.253824,0.376704
7128,0.053408,0.767328,2.59248,0.268192,0.26,0.255904,0.250784,0.251808,0.374688
7129,0.052576,0.598816,2.58422,0.26816,0.259968,0.257952,0.251776,0.251808,0.340864
7130,0.053248,0.59904,2.58307,0.266112,0.258944,0.253824,0.24976,0.251776,0.333696
7131,0.053856,0.605536,2.85661,0.27024,0.258976,0.255872,0.251808,0.251776,0.404704
7132,0.053088,0.599136,2.57293,0.268192,0.26,0.256928,0.24976,0.251808,0.374688
7133,0.053344,0.595232,2.57453,0.266112,0.259968,0.253824,0.249728,0.251776,0.352128
7134,0.054112,0.600416,3.04915,0.26816,0.26,0.255872,0.24976,0.251776,0.394432
7135,0.052416,0.60112,2.57459,0.268192,0.26,0.25488,0.251808,0.251776,0.325536
7136,0.053696,0.601472,2.57472,0.26816,0.26,0.255872,0.251776,0.251776,0.36032
7137,0.05328,0.602112,2.576,0.266112,0.262016,0.255872,0.501632,0.259328,0.372608
7138,0.053344,0.802464,2.57123,0.266144,0.25792,0.255904,0.24976,0.250784,0.335776
7139,0.053728,0.605248,2.57379,0.267136,0.259968,0.255872,0.251776,0.251776,0.368512
7140,0.052928,0.607872,2.5801,0.268192,0.257952,0.255904,0.251776,0.251808,0.370592
7141,0.053184,0.900832,2.57872,0.268192,0.26,0.255904,0.251776,0.250784,0.327584
7142,0.05424,0.611424,2.5816,0.269184,0.259968,0.255872,0.24976,0.251776,0.376704
7143,0.0544,0.604416,2.58339,0.26816,0.26,0.255872,0.251808,0.251776,0.380832
7144,0.053408,0.607296,2.87066,0.27024,0.259968,0.255904,0.249728,0.251808,0.34128
7145,0.055424,0.613888,2.58666,0.26816,0.259968,0.255872,0.249728,0.251776,0.378752
7146,0.053728,0.6048,2.60173,0.268192,0.26,0.255904,0.250784,0.251808,0.374688
7147,0.054144,0.608,2.5928,0.271552,0.26,0.257952,0.251808,0.253856,0.610208
7148,0.055168,0.611936,2.59286,0.26816,0.258944,0.255872,0.251776,0.251776,0.376704
7149,0.05424,0.607104,2.60272,0.269216,0.259968,0.255904,0.251776,0.251808,0.380832
7150,0.057184,0.610688,2.5967,0.27024,0.259968,0.255904,0.251776,0.251808,0.348032
7151,0.055744,0.78656,2.77856,0.270208,0.259968,0.255872,0.251776,0.251776,0.382208
7152,0.054688,0.610976,2.59763,0.268192,0.26,0.255904,0.250784,0.251808,0.378784
7153,0.05408,0.606144,2.58966,0.268192,0.26,0.253856,0.249728,0.251808,0.340896
7154,0.055424,0.609504,2.86115,0.26816,0.259968,0.255872,0.251776,0.251776,0.382208
7155,0.054688,0.606208,2.58643,0.26816,0.261024,0.255872,0.251808,0.251808,0.384896
7156,0.054432,0.61056,2.56902,0.268192,0.26,0.254848,0.24976,0.251776,0.348064
7157,0.056064,0.609376,2.56826,0.269536,0.26,0.255872,0.407424,0.255232,0.562048
7158,0.055392,0.606048,2.5696,0.26816,0.26,0.255872,0.251808,0.251808,0.387968
7159,0.055392,0.612736,2.56454,0.268192,0.26,0.255904,0.251776,0.252832,0.348064
7160,0.056416,0.609888,2.56195,0.267136,0.399232,0.255872,0.249728,0.251776,0.382848
7161,0.055424,0.614816,2.84122,0.268192,0.258976,0.255904,0.251808,0.251776,0.38624
7162,0.055072,0.616256,2.56669,0.268192,0.26,0.25488,0.251808,0.251776,0.348032
7163,0.055552,0.614144,2.56275,0.26816,0.259968,0.255872,0.251776,0.251776,0.381824
7164,0.055232,0.610368,2.8495,0.268192,0.259968,0.255904,0.249728,0.251808,0.386304
7165,0.054784,0.612896,2.56301,0.268192,0.26,0.253856,0.249728,0.252832,0.384928
7166,0.055104,0.617632,2.55725,0.269184,0.259968,0.255872,0.251776,0.251776,0.358272
7167,0.055104,0.610112,2.85354,0.268192,0.26,0.255904,0.251808,0.251776,0.384064
7168,0.054816,0.604256,2.55824,0.266112,0.259968,0.255872,0.250752,0.251808,0.3808
7169,0.054784,0.61248,2.5584,0.26816,0.26,0.255872,0.251776,0.251776,0.34496
7170,0.054304,0.601632,2.57322,0.268192,0.429984,0.255904,0.249728,0.251808,0.380832
7171,0.054528,0.599648,2.73629,0.268192,0.261024,0.255904,0.249728,0.251808,0.384256
7172,0.054208,0.6008,2.57037,0.26816,0.25792,0.256896,0.251776,0.251776,0.343936
7173,0.053984,0.599808,2.58362,0.268192,0.26,0.255904,0.251808,0.251776,0.380832
7174,0.053792,0.600448,2.86634,0.27024,0.26,0.255904,0.251808,0.251776,0.347424
7175,0.054624,0.604128,2.5767,0.26816,0.259968,0.255872,0.251776,0.2528,0.368512
7176,0.053152,0.603328,2.57869,0.269216,0.26,0.255904,0.24976,0.251808,0.38288
7177,0.054048,0.598816,2.86979,0.268192,0.26,0.255904,0.24976,0.251808,0.384288
7178,0.05344,0.608,2.57981,0.26816,0.259968,0.256896,0.251776,0.251776,0.356224
7179,0.05312,0.603392,2.5831,0.27024,0.26,0.255904,0.251808,0.251808,0.376704
7180,0.05296,0.606496,2.58602,0.268192,0.262048,0.255904,0.481728,0.2608,0.376704
7181,0.053408,0.781888,2.58272,0.270208,0.258976,0.255872,0.251776,0.251776,0.335744
7182,0.053184,0.607136,2.59888,0.267168,0.259968,0.253888,0.249664,0.251808,0.368512
7183,0.05248,0.60256,2.59766,0.266112,0.26,0.255872,0.251808,0.251808,0.368512
7184,0.052608,0.608,2.86765,0.270208,0.259968,0.255872,0.251776,0.251776,0.335104
7185,0.052288,0.603296,2.60829,0.27024,0.26,0.254848,0.251808,0.251808,0.364448
7186,0.052,0.60064,2.60973,0.268192,0.259968,0.255904,0.251776,0.251808,0.361376
7187,0.052192,0.605344,2.89526,0.266112,0.259968,0.255872,0.251776,0.251776,0.326912
7188,0.051488,0.603296,2.60979,0.267136,0.26,0.255872,0.24976,0.251776,0.356256
7189,0.051904,0.600288,2.61402,0.268192,0.26,0.255904,0.251808,0.251776,0.356256
7190,0.052416,0.606784,2.61123,0.26816,0.259968,0.255872,0.422784,0.255232,0.325504
7191,0.051872,0.764736,2.62054,0.268192,0.26,0.255904,0.250784,0.251776,0.354208
7192,0.051136,0.603136,2.6159,0.26816,0.26,0.255872,0.24976,0.251776,0.320384
7193,0.052032,0.599968,2.60621,0.26816,0.258944,0.255872,0.251776,0.251776,0.313216
7194,0.052,0.599456,2.89818,0.268192,0.258976,0.255904,0.24976,0.251808,0.3576
7195,0.05152,0.599328,2.60742,0.26816,0.26,0.25488,0.249728,0.251808,0.323488
7196,0.051936,0.601792,2.6144,0.26816,0.259968,0.255872,0.249728,0.251776,0.321408
7197,0.05104,0.597216,2.90803,0.266144,0.26,0.255904,0.251808,0.251808,0.351456
7198,0.051488,0.597856,2.60931,0.267168,0.26,0.253856,0.24976,0.251808,0.339872
7199,0.05184,0.597664,2.61408,0.26816,0.260992,0.255904,0.24976,0.251776,0.315264
7200,0.05152,0.593696,2.61334,0.268192,0.26,0.518016,0.253184,0.251808,0.333728
7201,0.051264,0.604224,2.61632,0.266144,0.26,0.255904,0.250784,0.251776,0.305056
7202,0.051616,0.598048,2.60902,0.26816,0.259968,0.253824,0.24976,0.251776,0.301952
7203,0.050848,0.595488,2.61552,0.268192,0.261024,0.255904,0.251776,0.251808,0.29888
7204,0.050848,0.600288,2.88704,0.268192,0.26,0.255904,0.251808,0.251808,0.26752
7205,0.051776,0.599328,2.61331,0.26816,0.26,0.255872,0.250752,0.251776,0.26816
7206,0.051424,0.598112,2.61344,0.266144,0.259968,0.255904,0.251776,0.251808,0.267168
7207,0.051136,0.594336,2.89907,0.26816,0.26,0.255872,0.249728,0.251808,0.267488
7208,0.051552,0.596,2.60707,0.26816,0.259968,0.256896,0.251776,0.251776,0.26816
7209,0.050976,0.59648,2.61446,0.268192,0.26,0.255904,0.24976,0.251776,0.268192
7210,0.0512,0.598688,2.61446,0.268192,0.265408,0.255904,0.249728,0.420768,0.268192
7211,0.052352,0.771872,2.61363,0.26816,0.258944,0.255872,0.251776,0.251776,0.26816
7212,0.051136,0.5952,2.61555,0.268192,0.259968,0.25488,0.249728,0.251808,0.26816
7213,0.051616,0.597824,2.61069,0.26816,0.26,0.255872,0.251808,0.251808,0.268192
7214,0.05216,0.600736,2.90163,0.268192,0.259968,0.255872,0.251776,0.251776,0.269568
7215,0.051584,0.597024,2.61731,0.268192,0.258976,0.255904,0.251776,0.251808,0.26816
7216,0.051136,0.599168,2.61206,0.266144,0.26,0.25488,0.249728,0.251808,0.268192
7217,0.05264,0.603328,2.84304,0.268192,0.25792,0.255872,0.251776,0.251776,0.281568
7218,0.0512,0.597024,2.61766,0.268192,0.26,0.255904,0.249728,0.250752,0.268192
7219,0.051552,0.60016,2.61421,0.269184,0.26,0.255872,0.24976,0.251776,0.268192
7220,0.051968,0.598688,2.60906,0.26816,0.259968,0.255872,0.251776,0.251776,0.26816
7221,0.051584,0.871488,2.61635,0.268192,0.261024,0.255904,0.249728,0.251808,0.268192
7222,0.0512,0.597024,2.61418,0.268192,0.259968,0.25488,0.249728,0.251808,0.26816
7223,0.051968,0.60192,2.61242,0.26816,0.259968,0.255872,0.251776,0.251808,0.26816
7224,0.051328,0.59536,3.06666,0.266144,0.257952,0.253856,0.24976,0.251808,0.271648
7225,0.051072,0.601024,2.61661,0.268192,0.26,0.255904,0.24976,0.252832,0.268192
7226,0.051936,0.59808,2.6127,0.269184,0.26,0.255872,0.249728,0.251776,0.26816
7227,0.051648,0.598624,2.61427,0.442272,0.417696,0.259328,0.251808,0.251776,0.268192
7228,0.051616,0.600032,2.6136,0.26816,0.26,0.25488,0.24976,0.251808,0.26816
7229,0.051968,0.59712,2.61331,0.26816,0.259968,0.255872,0.251776,0.251776,0.26816
7230,0.051552,0.600128,2.61427,0.26816,0.26,0.254016,0.2496,0.250784,0.26816
7231,0.051648,0.603936,2.8992,0.266112,0.258944,0.255872,0.251808,0.251808,0.267488
7232,0.052064,0.60064,2.612,0.26816,0.259968,0.254848,0.251776,0.251776,0.270208
7233,0.051712,0.60368,2.61603,0.26816,0.26,0.255872,0.24976,0.249728,0.269184
7234,0.051392,0.599392,2.88822,0.268192,0.259968,0.253856,0.249728,0.251808,0.26752
7235,0.052512,0.59424,2.6063,0.26816,0.259968,0.256896,0.251776,0.251776,0.26816
7236,0.051328,0.597664,2.61808,0.268192,0.259968,0.255904,0.249728,0.251808,0.268192
7237,0.051488,0.593376,2.6112,0.266144,0.263392,0.255904,0.251776,0.51088,0.266144
7238,0.052256,0.601216,2.60874,0.269184,0.259968,0.255872,0.251776,0.251776,0.26816
7239,0.051456,0.596064,2.62048,0.26816,0.257952,0.255872,0.251808,0.251808,0.26816
7240,0.051136,0.602304,2.61206,0.26816,0.26,0.253856,0.250784,0.251808,0.268192
7241,0.05248,0.599744,2.89869,0.266112,0.259968,0.255872,0.251776,0.251776,0.269568
7242,0.051264,0.59744,2.61795,0.268192,0.258976,0.255904,0.249728,0.251808,0.268192
7243,0.051008,0.595488,2.616,0.266144,0.259968,0.256928,0.251776,0.251808,0.268192
7244,0.05264,0.60032,2.87942,0.26816,0.259968,0.255872,0.392064,0.255104,0.279776
7245,0.05136,0.597088,2.61715,0.26816,0.26,0.255872,0.24976,0.251776,0.269184
7246,0.050944,0.602208,2.61011,0.268192,0.258976,0.255904,0.24976,0.251808,0.268192
7247,0.062368,0.59664,2.61098,0.266112,0.505088,0.254848,0.251808,0.251776,0.26816
7248,0.051776,0.594272,2.61546,0.268192,0.26,0.253856,0.250784,0.251808,0.268192
7249,0.051392,0.600672,2.60986,0.266144,0.259968,0.255904,0.249728,0.251808,0.267168
7250,0.052576,0.595712,2.61018,0.26816,0.258944,0.255872,0.249728,0.251776,0.26816
7251,0.05184,0.598048,2.89411,0.26816,0.257952,0.255872,0.251808,0.251808,0.267488
7252,0.051328,0.59632,2.60912,0.268192,0.26,0.253824,0.251808,0.251808,0.26816
7253,0.051744,0.599616,2.60864,0.26816,0.25792,0.253824,0.251776,0.2528,0.26816
7254,0.051872,0.598304,2.61514,0.523168,0.259968,0.261216,0.251744,0.251808,0.268192
7255,0.051424,0.600704,2.6104,0.266144,0.257952,0.255904,0.249728,0.251808,0.268192
7256,0.052288,0.604288,2.61171,0.26816,0.259968,0.255872,0.250752,0.251776,0.26816
7257,0.05168,0.593952,2.61251,0.26816,0.257952,0.255872,0.251808,0.251808,0.267136
7258,0.052224,0.606464,2.90045,0.268192,0.26,0.255904,0.251808,0.251808,0.26752
7259,0.051872,0.59792,2.60925,0.26816,0.259968,0.255872,0.250752,0.251776,0.26816
7260,0.051296,0.60064,2.61712,0.268192,0.26,0.255904,0.251808,0.251776,0.269216
7261,0.05168,0.60112,2.90282,0.266112,0.26,0.255872,0.251808,0.251808,0.267488
7262,0.052128,0.60272,2.61251,0.26816,0.259968,0.254848,0.24976,0.251776,0.26816
7263,0.051424,0.600128,2.61808,0.266144,0.26,0.253824,0.251808,0.251808,0.268192
7264,0.051584,0.596992,2.61312,0.268192,0.263392,0.255904,0.251808,0.421792,0.268192
7265,0.052576,0.76624,2.61162,0.26816,0.258944,0.255872,0.251776,0.251776,0.26816
7266,0.051232,0.597792,2.61718,0.268192,0.259968,0.25488,0.249728,0.251808,0.26816
7267,0.051136,0.598336,2.61619,0.268192,0.259968,0.255904,0.249728,0.251808,0.268192
7268,0.052064,0.59648,3.05709,0.26816,0.259968,0.255872,0.249728,0.251808,0.269568
7269,0.051392,0.596224,2.61894,0.268192,0.259968,0.255872,0.249696,0.251808,0.269216
7270,0.051136,0.595392,2.61315,0.26816,0.26,0.255872,0.24976,0.251776,0.26816
7271,0.05232,0.601792,2.89322,0.266112,0.259808,0.253824,0.251776,0.249888,0.273664
7272,0.051808,0.596544,2.61478,0.268192,0.26,0.255904,0.249728,0.250752,0.268192
7273,0.051712,0.599392,2.61139,0.269216,0.25792,0.255904,0.251808,0.251808,0.268192
7274,0.051904,0.599744,2.61056,0.26816,0.259968,0.255904,0.249728,0.251776,0.26816
7275,0.051872,0.61952,2.79824,0.268192,0.26,0.255904,0.251808,0.251808,0.269568
7276,0.051392,0.78128,2.60864,0.266144,0.259968,0.253824,0.250752,0.251808,0.268192
7277,0.052128,0.59888,2.61251,0.26816,0.259968,0.255872,0.251776,0.251776,0.269184
7278,0.052384,0.595552,2.89731,0.268192,0.259968,0.255904,0.249728,0.251808,0.269536
7279,0.05136,0.59376,2.61555,0.268192,0.26,0.255904,0.251808,0.251808,0.26816
7280,0.052064,0.595744,2.61456,0.26816,0.259968,0.255872,0.251776,0.2528,0.26816
7281,0.051648,0.594528,2.61466,0.26752,0.259968,0.253856,0.402336,0.25728,0.445312
7282,0.051488,0.6032,2.61104,0.269184,0.26,0.255872,0.251808,0.251808,0.268192
7283,0.052064,0.602368,2.61245,0.26816,0.259968,0.255872,0.251776,0.251776,0.26816
7284,0.051584,0.595968,2.61824,0.268192,0.26,0.255904,0.250784,0.251776,0.26816
7285,0.051456,0.884224,2.61264,0.26816,0.258976,0.255872,0.251808,0.251808,0.26816
7286,0.052064,0.603712,2.61146,0.26816,0.259968,0.254848,0.249728,0.251808,0.26816
7287,0.051456,0.600224,2.6143,0.268192,0.259968,0.255904,0.249728,0.251808,0.268192
7288,0.051552,0.598784,2.90358,0.268192,0.26,0.255904,0.24976,0.251808,0.267552
7289,0.052192,0.594112,2.61094,0.26816,0.259968,0.255872,0.249728,0.251776,0.267136
7290,0.05152,0.596992,2.61882,0.268192,0.258976,0.255904,0.251808,0.251776,0.268192
7291,0.051616,0.595968,2.61331,0.268192,0.26,0.39312,0.2552,0.253856,0.268192
7292,0.052224,0.855008,2.61667,0.266112,0.259968,0.255872,0.250752,0.251776,0.26816
7293,0.051712,0.603104,2.61568,0.268192,0.26,0.255904,0.24976,0.251808,0.269216
7294,0.0512,0.596576,2.60944,0.268192,0.258976,0.255904,0.251776,0.251808,0.268192
7295,0.052608,0.599552,2.8881,0.268192,0.259968,0.255872,0.251776,0.251776,0.269568
7296,0.05136,0.596128,2.6175,0.268192,0.26,0.255904,0.250784,0.251776,0.268192
7297,0.05136,0.600384,2.61053,0.268192,0.259968,0.255904,0.249728,0.251808,0.267168
7298,0.052448,0.60096,2.90029,0.26816,0.259968,0.255872,0.249728,0.251776,0.269568
7299,0.051616,0.598112,2.6168,0.268192,0.259968,0.25488,0.24976,0.251808,0.268192
7300,0.051168,0.598656,2.61338,0.266144,0.26,0.255904,0.24976,0.251808,0.268192
7301,0.052192,0.59888,2.61373,0.266112,0.521088,0.255872,0.251776,0.2528,0.26816
7302,0.05168,0.59424,2.6151,0.268192,0.26,0.256896,0.24976,0.251808,0.268192
7303,0.051264,0.598144,2.61629,0.26816,0.26,0.255872,0.24976,0.251776,0.26816
7304,0.05184,0.596224,2.60998,0.26816,0.259968,0.255872,0.249728,0.2528,0.26816
7305,0.051968,0.595648,2.99792,0.268192,0.25792,0.255904,0.24976,0.251776,0.269568
7306,0.050848,0.600256,2.61251,0.26816,0.26,0.25488,0.24976,0.251808,0.26816
7307,0.051968,0.598464,2.61187,0.26816,0.259968,0.253824,0.249728,0.251776,0.26816
7308,0.051712,0.596,2.61862,0.26752,0.259936,0.255904,0.399232,0.259328,0.442272
7309,0.051776,0.597344,2.61101,0.266112,0.26,0.253856,0.24976,0.251776,0.267136
7310,0.052064,0.600544,2.60966,0.26816,0.259968,0.255872,0.249728,0.251776,0.26816
7311,0.05472,0.596064,2.61603,0.27024,0.26,0.255904,0.250784,0.251776,0.26816
7312,0.051776,0.858816,2.79763,0.268192,0.259968,0.255904,0.251776,0.251808,0.269536
7313,0.051776,0.602208,2.61126,0.26816,0.259968,0.255872,0.249728,0.250752,0.26816
7314,0.051584,0.601088,2.61706,0.267136,0.257952,0.255872,0.24976,0.251776,0.268192
7315,0.051808,0.60256,2.89005,0.268192,0.26,0.255904,0.24976,0.251808,0.26752
7316,0.052576,0.60016,2.61584,0.26816,0.26,0.255872,0.251776,0.251776,0.26816
7317,0.051168,0.600704,2.61904,0.268192,0.26,0.255904,0.249728,0.250752,0.268192
7318,0.051584,0.596192,2.60944,0.44432,0.26608,0.257248,0.251808,0.39968,0.27024
7319,0.051936,0.603936,2.60925,0.267136,0.25792,0.253824,0.251776,0.251776,0.26816
7320,0.051392,0.600736,2.61402,0.268192,0.26,0.255904,0.251808,0.251776,0.268192
7321,0.051424,0.6,2.61395,0.266144,0.25792,0.255904,0.249728,0.250752,0.268192
7322,0.05232,0.886016,2.60838,0.266112,0.258976,0.255904,0.24976,0.251776,0.26816
7323,0.05136,0.602464,2.61638,0.268192,0.25792,0.25488,0.24976,0.251808,0.268192
7324,0.051136,0.600544,2.60909,0.26816,0.26,0.255872,0.251808,0.251808,0.26816
7325,0.052128,0.598496,2.88851,0.266112,0.25792,0.255872,0.249728,0.251808,0.269568
7326,0.051328,0.59904,2.62051,0.268192,0.26,0.254848,0.24976,0.251776,0.27024
7327,0.051072,0.600864,2.60947,0.266144,0.26,0.255904,0.24976,0.251808,0.268192
7328,0.052128,0.601472,2.61094,0.26816,0.262016,0.255872,0.418688,0.259328,0.26816
7329,0.051872,0.768288,2.61629,0.268192,0.26,0.255904,0.24976,0.250784,0.268192
7330,0.051712,0.606144,2.60739,0.269184,0.26,0.255872,0.251808,0.251808,0.268192
7331,0.05216,0.60016,2.6095,0.26816,0.259968,0.255872,0.249728,0.251776,0.26816
7332,0.052,0.597632,2.89674,0.268192,0.259968,0.255904,0.249728,0.251808,0.269472
7333,0.053568,0.59968,2.61027,0.26816,0.258944,0.255872,0.251808,0.251808,0.268192
7334,0.052032,0.604288,2.61142,0.266112,0.25792,0.254848,0.249728,0.251776,0.26816
7335,0.051776,0.59776,2.87907,0.268192,0.26,0.405408,0.255232,0.253824,0.273664
7336,0.052032,0.59776,2.80166,0.26816,0.26,0.255872,0.251808,0.251808,0.267488
7337,0.052064,0.600512,2.61094,0.266112,0.259968,0.255872,0.249728,0.251776,0.26816
7338,0.051456,0.596064,2.61469,0.268192,0.26,0.255904,0.250784,0.251776,0.268192
7339,0.051872,0.78512,2.7929,0.266144,0.257952,0.253856,0.249728,0.251808,0.26752
7340,0.052064,0.6,2.60998,0.26816,0.25792,0.255872,0.251776,0.2528,0.26816
7341,0.051456,0.598912,2.61446,0.267168,0.26,0.255904,0.24976,0.251808,0.268192
7342,0.05168,0.59808,2.9015,0.268192,0.259968,0.253856,0.249728,0.251808,0.26752
7343,0.051904,0.606432,2.61082,0.26816,0.258944,0.255872,0.249728,0.251776,0.26816
7344,0.05184,0.600064,2.61347,0.268192,0.26,0.255904,0.250784,0.251808,0.268192
7345,0.052032,0.602144,2.61056,0.267424,0.262048,0.253856,0.402336,0.25936,0.451488
7346,0.052032,0.603264,2.6129,0.266112,0.259968,0.255872,0.249728,0.251776,0.269184
7347,0.05136,0.596992,2.61734,0.266144,0.258976,0.255904,0.251776,0.251808,0.268192
7348,0.054144,0.598688,2.6145,0.268192,0.26,0.255904,0.250784,0.251776,0.268192
7349,0.052704,0.85632,2.60781,0.26816,0.25792,0.255872,0.250752,0.251776,0.26816
7350,0.051232,0.599392,2.61571,0.26816,0.26,0.255872,0.24976,0.251776,0.269184
7351,0.051264,0.596448,2.61421,0.266144,0.258976,0.255904,0.24976,0.251808,0.268192
7352,0.052384,0.601408,2.88803,0.26816,0.259968,0.255904,0.249728,0.251776,0.269536
7353,0.051456,0.595616,2.61798,0.26816,0.257952,0.255872,0.251808,0.251808,0.269184
7354,0.051872,0.600864,2.61341,0.26816,0.258944,0.255872,0.251808,0.251808,0.268192
7355,0.054656,0.6016,2.60685,0.26816,0.397184,0.427904,0.253152,0.251776,0.26816
7356,0.051808,0.5984,2.79043,0.268192,0.25792,0.255904,0.249728,0.251808,0.269472
7357,0.050688,0.601216,2.61469,0.268192,0.25792,0.255904,0.250784,0.251808,0.268192
7358,0.052032,0.600608,2.60928,0.266112,0.25792,0.255904,0.24976,0.251776,0.267136
7359,0.052,0.87024,2.61853,0.268192,0.258976,0.255904,0.251776,0.251808,0.268192
7360,0.051712,0.59744,2.61309,0.268192,0.26,0.256928,0.249728,0.251776,0.26816
7361,0.052096,0.60016,2.6097,0.26816,0.259968,0.253824,0.24976,0.251776,0.26816
7362,0.05168,0.599328,2.89936,0.268192,0.25792,0.255904,0.24976,0.251776,0.269536
7363,0.051712,0.598336,2.61478,0.267168,0.25792,0.255904,0.251776,0.251808,0.268192
7364,0.05232,0.600064,2.6103,0.266112,0.259968,0.253824,0.251776,0.251808,0.26816
7365,0.051936,0.595296,2.60819,0.268192,0.263424,0.255904,0.251808,0.420768,0.268192
7366,0.05168,0.770368,2.61734,0.268192,0.258976,0.255904,0.24976,0.251808,0.268192
7367,0.052448,0.599872,2.60886,0.26816,0.259968,0.254848,0.249728,0.251776,0.26816
7368,0.05152,0.598464,2.61581,0.26816,0.257952,0.255872,0.251808,0.251808,0.26816
7369,0.05152,0.601472,2.90122,0.26816,0.26,0.255872,0.24976,0.251776,0.26752
7370,0.051808,0.595872,2.61459,0.26816,0.258944,0.255872,0.249728,0.251776,0.26816
7371,0.051264,0.598176,2.61322,0.26816,0.26,0.25488,0.24976,0.251808,0.268192
7372,0.05168,0.598784,2.88704,0.26816,0.26,0.255872,0.24976,0.251776,0.27776
7373,0.053056,0.598944,2.59962,0.26816,0.259968,0.255872,0.250752,0.251776,0.41152
7374,0.052192,0.596128,2.60746,0.268192,0.26,0.255904,0.251808,0.251808,0.390048
7375,0.052128,0.599008,2.59997,0.268192,0.433056,0.255904,0.249728,0.250784,0.38288
7376,0.052608,0.603904,2.7641,0.26816,0.258976,0.25792,0.249728,0.251776,0.416992
7377,0.05216,0.602816,2.58739,0.26816,0.26,0.256928,0.251808,0.251808,0.39312
7378,0.051552,0.603552,2.58154,0.26816,0.26,0.255872,0.251808,0.251808,0.368512
7379,0.052512,0.605248,3.03062,0.26816,0.259968,0.255904,0.251776,0.251776,0.412896
7380,0.051616,0.604576,2.596,0.268192,0.259968,0.255904,0.251776,0.251808,0.41664
7381,0.050848,0.607072,2.5929,0.268192,0.26,0.255904,0.24976,0.2528,0.3808
7382,0.052096,0.600768,2.87069,0.26816,0.259968,0.255872,0.251776,0.251776,0.423168
7383,0.05216,0.598688,2.6103,0.268192,0.259968,0.255904,0.251776,0.251808,0.41872
7384,0.050912,0.60016,2.60752,0.27024,0.258976,0.255904,0.251776,0.251808,0.3808
7385,0.05216,0.600896,2.60502,0.51392,0.259968,0.263392,0.253824,0.251776,0.419712
7386,0.052032,0.599264,2.61798,0.268192,0.259968,0.255904,0.251776,0.251808,0.417696
7387,0.05168,0.603392,2.61091,0.268192,0.26,0.256896,0.24976,0.251808,0.380832
7388,0.052736,0.612544,2.61146,0.26816,0.26,0.255872,0.251776,0.251776,0.41152
7389,0.052448,0.893856,2.60989,0.268192,0.259968,0.255904,0.251776,0.252832,0.4136
7390,0.05184,0.60992,2.6,0.269216,0.259968,0.255904,0.251776,0.251808,0.407456
7391,0.05152,0.614176,2.59542,0.26816,0.260992,0.255872,0.251776,0.251776,0.384896
7392,0.051648,0.613344,2.88061,0.27024,0.26,0.255904,0.251808,0.251776,0.406784
7393,0.051328,0.614016,2.59654,0.268192,0.258976,0.255904,0.251808,0.253824,0.40336
7394,0.050656,0.612384,2.58739,0.270208,0.259968,0.256896,0.251776,0.253824,0.358272
7395,0.050176,0.609664,2.74179,0.268192,0.26,0.25792,0.4064,0.2552,0.40752
7396,0.0504,0.610304,2.57885,0.268192,0.259968,0.255904,0.251776,0.251808,0.396192
7397,0.050336,0.612704,2.57194,0.270208,0.259968,0.25792,0.251776,0.2528,0.364416
7398,0.05072,0.609792,2.57069,0.269216,0.433056,0.257952,0.251808,0.253824,0.39312
7399,0.049824,0.612224,2.73306,0.26816,0.261024,0.255872,0.251808,0.251808,0.394464
7400,0.049792,0.609472,2.56227,0.270208,0.259968,0.256896,0.251776,0.253824,0.36032
7401,0.049984,0.606176,2.56602,0.268192,0.26,0.255904,0.251808,0.251776,0.392064
7402,0.050112,0.6048,2.99658,0.268192,0.26,0.257952,0.251808,0.251776,0.39248
7403,0.049536,0.608096,2.54525,0.26816,0.259968,0.255872,0.251776,0.251776,0.359296
7404,0.050048,0.595616,2.5312,0.270208,0.258944,0.255872,0.251808,0.251808,0.397216
7405,0.049888,0.594912,2.79715,0.268192,0.26,0.255904,0.251808,0.251776,0.392384
7406,0.04912,0.591968,2.51888,0.270208,0.259968,0.255872,0.2528,0.251776,0.36032
7407,0.049696,0.588064,2.51811,0.26816,0.259968,0.255904,0.251808,0.253856,0.394112
7408,0.052288,0.587168,2.50656,0.268192,0.431008,0.255904,0.251808,0.251776,0.395168
7409,0.049152,0.58592,2.68019,0.270208,0.26,0.25792,0.251776,0.251776,0.367872
7410,0.04976,0.588544,2.51424,0.27024,0.26,0.255904,0.250784,0.251808,0.401312
7411,0.049536,0.592032,2.51235,0.26816,0.26,0.255872,0.251808,0.251808,0.400256
7412,0.049952,0.58896,2.79075,0.270208,0.259968,0.255872,0.251776,0.251776,0.371968
7413,0.050688,0.585408,2.51837,0.27024,0.26,0.255904,0.251808,0.251808,0.411552
7414,0.04992,0.581504,2.51357,0.268192,0.26,0.255904,0.252832,0.251808,0.376736
7415,0.0504,0.588736,2.51754,0.271584,0.263392,0.25792,0.251776,0.408448,0.531328
7416,0.053248,0.58848,2.53328,0.27024,0.262048,0.255904,0.251776,0.251808,0.476064
7417,0.05168,0.587488,2.53082,0.268192,0.261024,0.255904,0.251776,0.251808,0.468896
7418,0.3192,0.593248,2.52739,0.269184,0.259968,0.257952,0.251776,0.251776,0.46272
7419,0.053408,0.592896,2.54368,0.268192,0.26,0.256896,0.251808,0.251808,0.489344
7420,0.053792,0.594208,2.54182,0.27024,0.26,0.257952,0.251808,0.251776,0.404384
7421,0.052736,0.597888,2.53622,0.26816,0.259968,0.255904,0.251776,0.2528,0.393088
7422,0.054112,0.594208,2.83059,0.27024,0.26,0.255904,0.251808,0.251776,0.431328
7423,0.054816,0.601824,2.55658,0.27024,0.260992,0.255872,0.251808,0.253856,0.442272
7424,0.05536,0.60272,2.55558,0.269184,0.259968,0.25792,0.251776,0.253824,0.407424
7425,0.055232,0.593248,2.82541,0.268192,0.262048,0.407424,0.255232,0.253856,0.437504
7426,0.055904,0.59344,2.54883,0.27024,0.262048,0.257952,0.251808,0.251776,0.438176
7427,0.055808,0.596064,2.55238,0.270208,0.259968,0.255872,0.252832,0.253824,0.405376
7428,0.055968,0.587168,2.54026,0.268192,0.265472,0.255904,0.251776,0.514976,0.435104
7429,0.054976,0.582848,2.51011,0.269184,0.259968,0.255872,0.251808,0.253856,0.432032
7430,0.054592,0.582144,2.50822,0.270208,0.259968,0.25792,0.251776,0.251808,0.397184
7431,0.056544,0.582624,2.51258,0.27024,0.262048,0.255904,0.252832,0.251776,0.391008
7432,0.055072,0.577728,2.76042,0.27024,0.262048,0.257952,0.251776,0.253824,0.449792
7433,0.054432,0.580224,2.50707,0.26816,0.26,0.25792,0.251776,0.2528,0.448384
7434,0.053792,0.57792,2.51478,0.271264,0.25984,0.257888,0.251808,0.251968,0.440192
7435,0.055296,0.574304,2.83491,0.268192,0.26,0.257952,0.251808,0.253824,0.464128
7436,0.054304,0.579072,2.55594,0.26816,0.259968,0.25792,0.2528,0.253824,0.376704
7437,0.05488,0.582272,2.57309,0.26816,0.262016,0.25792,0.251808,0.251808,0.385952
7438,0.055328,0.592224,2.56154,0.268192,0.26544,0.257952,0.251808,0.42176,0.40336
7439,0.054816,0.764288,2.5535,0.26816,0.260992,0.255872,0.251776,0.253824,0.37056
7440,0.054592,0.594912,2.55222,0.271264,0.262016,0.255904,0.251776,0.251808,0.40336
7441,0.054624,0.59568,2.53338,0.27024,0.259968,0.255904,0.251776,0.253824,0.40336
7442,0.054496,0.596512,2.81258,0.26816,0.259968,0.25792,0.251776,0.251776,0.371968
7443,0.053504,0.596096,2.50733,0.268192,0.262016,0.255904,0.251808,0.252832,0.397216
7444,0.05312,0.582592,2.49555,0.269216,0.262048,0.255904,0.251808,0.253824,0.393088
7445,0.052864,0.58848,2.78982,0.270208,0.259968,0.39616,0.255168,0.253824,0.36992
7446,0.051936,0.578752,2.49184,0.27024,0.262016,0.255872,0.251776,0.251808,0.394112
7447,0.051072,0.57728,2.49942,0.27024,0.26,0.257952,0.251808,0.252832,0.39104
7448,0.053888,0.580576,2.49949,0.269184,0.435072,0.255872,0.251776,0.253824,0.36032
7449,0.0504,0.576416,2.68672,0.268192,0.26,0.257952,0.251808,0.253856,0.38832
7450,0.050016,0.572512,2.49571,0.270208,0.26,0.25792,0.252832,0.253824,0.378784
7451,0.049376,0.577088,2.49827,0.270208,0.259968,0.255872,0.251776,0.253824,0.349056
7452,0.04928,0.56912,2.78349,0.27024,0.259968,0.255968,0.251712,0.251808,0.371936
7453,0.048928,0.56352,2.49558,0.270208,0.262016,0.255872,0.251808,0.251776,0.364448
7454,0.048736,0.570144,2.49718,0.272256,0.262016,0.25792,0.251776,0.2528,0.337792
7455,0.051232,0.561696,2.50326,0.269152,0.411552,0.42896,0.255168,0.253856,0.356256
7456,0.048416,0.563264,2.5015,0.26816,0.26,0.257952,0.252832,0.251808,0.35216
7457,0.048416,0.555424,2.49846,0.26816,0.259968,0.255872,0.251776,0.253824,0.347008
7458,0.048064,0.550976,2.50538,0.272288,0.260992,0.257952,0.251808,0.251776,0.323488
7459,0.048128,0.55456,2.78317,0.268192,0.26,0.255904,0.251808,0.253824,0.343296
7460,0.047552,0.553792,2.50442,0.270208,0.262016,0.25792,0.251776,0.2528,0.307072
7461,0.047552,0.552864,2.50902,0.27024,0.259968,0.256928,0.251776,0.251808,0.30096
7462,0.04768,0.553024,2.77773,0.268192,0.259968,0.255904,0.251776,0.251776,0.308448
7463,0.047104,0.552096,2.50467,0.272256,0.260992,0.25792,0.251776,0.251776,0.276352
7464,0.047168,0.550816,2.50771,0.27024,0.26,0.256896,0.251808,0.251808,0.276352
7465,0.047264,0.554144,2.50384,0.27024,0.26,0.257952,0.251808,0.253824,0.275328
7466,0.047392,0.83408,2.50669,0.270208,0.260992,0.25792,0.251776,0.251776,0.2784
7467,0.047008,0.550688,2.5049,0.27024,0.259968,0.25792,0.250752,0.251808,0.278432
7468,0.047488,0.550176,2.50358,0.269216,0.26,0.255904,0.251808,0.253824,0.2784
7469,0.047776,0.552416,2.76886,0.26816,0.259968,0.409472,0.255136,0.253824,0.283904
7470,0.047072,0.55552,2.50982,0.27024,0.26,0.257952,0.251808,0.253856,0.279456
7471,0.047648,0.552,2.50077,0.27024,0.261024,0.255904,0.251776,0.253856,0.280448
7472,0.0472,0.550624,2.5023,0.26816,0.262016,0.25792,0.2528,0.251776,0.280448
7473,0.047264,0.812928,2.51098,0.27024,0.262048,0.257952,0.251776,0.2528,0.284576
7474,0.047424,0.551232,2.50618,0.269216,0.259968,0.257888,0.251808,0.251808,0.28048
7475,0.047328,0.55184,2.5064,0.26816,0.262016,0.257952,0.253824,0.251776,0.282496
7476,0.047424,0.551008,2.7872,0.268192,0.259968,0.255904,0.251776,0.251808,0.28384
7477,0.047328,0.55584,2.50141,0.27024,0.26,0.256928,0.251808,0.251776,0.284544
7478,0.047648,0.55504,2.50675,0.26816,0.259968,0.255872,0.251776,0.253824,0.28352
7479,0.331872,0.55104,2.51018,0.270208,0.261024,0.25792,0.251808,0.253856,0.284576
7480,0.047424,0.558528,2.50278,0.270208,0.259968,0.257952,0.250784,0.253824,0.284576
7481,0.047584,0.553792,2.50339,0.269184,0.259968,0.25792,0.251776,0.251776,0.286592
7482,0.047232,0.557184,2.50758,0.27024,0.26,0.257952,0.251808,0.251808,0.284544
7483,0.047456,0.552736,2.77715,0.268192,0.259968,0.255904,0.251808,0.251808,0.289952
7484,0.047424,0.55488,2.50026,0.269184,0.259968,0.255872,0.251776,0.253824,0.28864
7485,0.047104,0.55584,2.50755,0.27024,0.26,0.25792,0.251808,0.251808,0.28864
7486,0.047552,0.554368,2.50208,0.268192,0.523136,0.257952,0.251808,0.252832,0.288672
7487,0.047136,0.552992,2.5009,0.26816,0.262016,0.256896,0.251776,0.251776,0.286592
7488,0.04736,0.550848,2.5072,0.270208,0.259936,0.25792,0.251808,0.253856,0.289696
7489,0.047104,0.55632,2.5001,0.268192,0.258976,0.255904,0.251808,0.251776,0.288672
7490,0.047584,0.557152,2.93955,0.26816,0.259968,0.25792,0.251776,0.251776,0.294144
7491,0.04736,0.552448,2.50928,0.268192,0.26,0.257952,0.251808,0.252832,0.292768
7492,0.047552,0.552416,2.49738,0.268192,0.259968,0.258976,0.251776,0.253856,0.29072
7493,0.047488,0.555872,2.50131,0.270208,0.262016,0.255872,0.514944,0.25728,0.29376
7494,0.0472,0.55472,2.50688,0.27024,0.25984,0.257952,0.251776,0.251904,0.29168
7495,0.047648,0.55568,2.50122,0.26816,0.259968,0.257952,0.251776,0.251808,0.290688
7496,0.047104,0.556576,2.50534,0.270208,0.259968,0.25792,0.251776,0.2528,0.290688
7497,0.047328,0.550112,2.78278,0.27024,0.26,0.25792,0.251808,0.251776,0.294112
7498,0.047552,0.555136,2.49968,0.27024,0.26,0.257952,0.251808,0.253856,0.292768
7499,0.047776,0.556096,2.50182,0.270208,0.260992,0.25792,0.251776,0.251776,0.290688
7500,0.047296,0.555584,2.50192,0.27024,0.262016,0.42384,0.257312,0.253856,0.292736
7501,0.047424,0.719872,2.50368,0.268192,0.262016,0.255904,0.251776,0.252832,0.292768
7502,0.047552,0.555296,2.50384,0.269184,0.259968,0.25792,0.251776,0.253824,0.294784
7503,0.047104,0.553312,2.50384,0.26816,0.259968,0.25792,0.251808,0.253856,0.294816
7504,0.04784,0.556256,2.78493,0.268192,0.259968,0.255904,0.251808,0.253856,0.294112
7505,0.04768,0.557728,2.50432,0.270208,0.259968,0.25792,0.251776,0.253824,0.296832
7506,0.046368,0.559808,2.50694,0.268192,0.26,0.257952,0.252832,0.251808,0.294784
7507,0.047328,0.555968,2.50054,0.437152,0.26752,0.261376,0.251808,0.40336,0.296864
7508,0.047776,0.55488,2.50438,0.270208,0.259968,0.256896,0.251776,0.253824,0.29888
7509,0.046848,0.55664,2.50691,0.27024,0.26,0.255904,0.251808,0.251776,0.29584
7510,0.047264,0.5568,2.50266,0.268192,0.260992,0.25792,0.251808,0.251808,0.294816
7511,0.047648,0.556864,2.91142,0.26816,0.259968,0.255872,0.251776,0.253824,0.29824
7512,0.04704,0.555424,2.51037,0.27024,0.26,0.257952,0.251776,0.253856,0.297824
7513,0.047744,0.55728,2.49968,0.268192,0.262048,0.255904,0.251808,0.251776,0.296864
7514,0.047808,0.559328,2.78035,0.26816,0.259968,0.25792,0.251776,0.251776,0.30848
7515,0.047232,0.553696,2.50397,0.27024,0.26,0.25792,0.251776,0.252832,0.296832
7516,0.047296,0.55856,2.49942,0.268192,0.259968,0.256928,0.251776,0.251808,0.296864
7517,0.047424,0.558592,2.49923,0.270208,0.259968,0.25792,0.251776,0.251776,0.297856
7518,0.047456,0.844896,2.50816,0.27024,0.260992,0.25792,0.251808,0.251776,0.298912
7519,0.047104,0.560672,2.49862,0.268192,0.262016,0.258944,0.251808,0.251776,0.298912
7520,0.047168,0.556672,2.50122,0.270208,0.262016,0.25792,0.251776,0.251776,0.299904
7521,0.04768,0.557216,2.77866,0.268192,0.262048,0.255904,0.251808,0.251776,0.300256
7522,0.047616,0.556672,2.49661,0.270208,0.26,0.255872,0.250752,0.253856,0.30096
7523,0.04768,0.558048,2.49872,0.269184,0.259968,0.25792,0.251776,0.253824,0.300928
7524,0.049984,0.554848,2.5017,0.26816,0.26,0.255872,0.251808,0.251808,0.300928
7525,0.047872,0.73616,2.67878,0.26816,0.259968,0.257952,0.251776,0.251808,0.302304
7526,0.04768,0.558976,2.5009,0.26816,0.260992,0.25792,0.251776,0.251776,0.302976
7527,0.047488,0.558976,2.50515,0.270208,0.26,0.258944,0.251808,0.253856,0.303008
7528,0.047712,0.556224,2.77696,0.268192,0.26,0.257952,0.251808,0.253856,0.302176
7529,0.047744,0.557024,2.50054,0.26816,0.262016,0.256896,0.251776,0.253824,0.302976
7530,0.047296,0.557088,2.50397,0.268192,0.262048,0.257952,0.251776,0.251808,0.302976
7531,0.047552,0.556896,2.49408,0.27024,0.26752,0.25792,0.251808,0.512896,0.30096
7532,0.047584,0.557376,2.49712,0.270208,0.259968,0.256896,0.251776,0.251776,0.300928
7533,0.047296,0.555712,2.50256,0.27024,0.26,0.257952,0.253856,0.253856,0.301984
7534,0.047232,0.559104,2.4951,0.27024,0.261024,0.255904,0.251776,0.253856,0.29888
7535,0.047872,0.559392,2.93741,0.26816,0.259968,0.255872,0.251776,0.251776,0.30016
7536,0.047328,0.559424,2.50022,0.268192,0.259968,0.257952,0.251776,0.252832,0.302976
7537,0.04752,0.55632,2.49114,0.269216,0.259968,0.257952,0.251808,0.251808,0.303008
7538,0.048,0.559072,2.49331,0.26816,0.259968,0.255872,0.424832,0.255232,0.302976
7539,0.047232,0.724864,2.4984,0.27024,0.26,0.257952,0.251808,0.252832,0.311168
7540,0.047648,0.556224,2.68176,0.27024,0.259968,0.255904,0.251776,0.253856,0.308448
7541,0.047648,0.5608,2.49312,0.270208,0.259904,0.25792,0.251776,0.25184,0.311168
7542,0.047648,0.559296,2.78128,0.26816,0.259968,0.255904,0.251776,0.251808,0.310496
7543,0.04768,0.559488,2.49251,0.268192,0.26,0.255904,0.251808,0.253856,0.313248
7544,0.048,0.557088,2.49485,0.270208,0.262016,0.255872,0.251776,0.2528,0.313216
7545,0.048,0.558368,2.49309,0.271584,0.26,0.25792,0.251808,0.251808,0.589728
7546,0.048256,0.560864,2.49178,0.26816,0.261024,0.255872,0.251808,0.253856,0.315264
7547,0.048096,0.559328,2.49286,0.270208,0.259968,0.25792,0.2528,0.253824,0.315264
7548,0.047616,0.561248,2.49606,0.270208,0.262048,0.255872,0.251808,0.251808,0.314272
7549,0.047904,0.56032,2.75792,0.268192,0.26,0.257952,0.251808,0.253824,0.314656
7550,0.048576,0.560384,2.4952,0.270208,0.259968,0.25792,0.2528,0.253824,0.315264
7551,0.047296,0.561984,2.49251,0.267168,0.259968,0.255904,0.251776,0.253856,0.315264
7552,0.048032,0.559008,2.77168,0.268192,0.259968,0.25792,0.251808,0.253856,0.322816
7553,0.047904,0.559392,2.48896,0.266112,0.259968,0.255872,0.251776,0.2528,0.313216
7554,0.047808,0.5576,2.48355,0.268192,0.259968,0.256928,0.251776,0.253856,0.313248
7555,0.047904,0.557664,2.48304,0.266144,0.259968,0.255904,0.251776,0.251808,0.312224
7556,0.048672,0.821248,2.66448,0.270208,0.262016,0.25792,0.251776,0.251776,0.31872
7557,0.047904,0.557728,2.49011,0.268128,0.262048,0.255872,0.251808,0.251808,0.317344
7558,0.048064,0.55696,2.4872,0.268192,0.262016,0.257952,0.251808,0.252832,0.323488
7559,0.04848,0.560608,2.77203,0.26816,0.259968,0.255872,0.251776,0.251776,0.326912
7560,0.048224,0.556896,2.49005,0.268192,0.26,0.256928,0.251776,0.253856,0.327552
7561,0.048032,0.561408,2.48333,0.268192,0.262016,0.255904,0.251776,0.251808,0.336768
7562,0.0504,0.552448,2.4896,0.270208,0.429952,0.255872,0.251776,0.253824,0.33984
7563,0.047872,0.551744,2.66643,0.270208,0.262016,0.257952,0.251808,0.251808,0.335072
7564,0.048288,0.552864,2.48438,0.268192,0.259968,0.255872,0.251808,0.252832,0.34192
7565,0.048032,0.549376,2.49123,0.269184,0.26,0.255872,0.251776,0.251776,0.337792
7566,0.047648,0.553504,2.76944,0.270208,0.26,0.255872,0.251808,0.251808,0.328928
7567,0.047712,0.541952,2.50096,0.26816,0.26,0.255872,0.251808,0.251808,0.37568
7568,0.047744,0.542688,2.50339,0.26816,0.260992,0.255872,0.249728,0.253824,0.374656
7569,0.047712,0.54592,2.50512,0.27024,0.26,0.42384,0.255232,0.253824,0.374688
7570,0.04704,0.705856,2.50019,0.268192,0.26,0.255904,0.252832,0.251808,0.374688
7571,0.047424,0.53856,2.50883,0.269184,0.259968,0.255872,0.251776,0.253824,0.356224
7572,0.046752,0.537184,2.51571,0.270208,0.26,0.255872,0.251808,0.251808,0.354208
7573,0.047328,0.539232,2.79558,0.268192,0.26,0.255904,0.251808,0.251776,0.365824
7574,0.04736,0.537312,2.51306,0.270208,0.261024,0.255872,0.251776,0.251776,0.356224
7575,0.04656,0.534976,2.52755,0.27024,0.26,0.256864,0.251808,0.251808,0.36032
7576,0.04688,0.52944,2.52563,0.269536,0.262048,0.255872,0.407456,0.255264,0.553888
7577,0.04704,0.528,2.52406,0.26816,0.259968,0.255872,0.251776,0.251776,0.363392
7578,0.046272,0.525248,2.53414,0.27024,0.260992,0.255872,0.251808,0.251776,0.374688
7579,0.04624,0.52384,2.53302,0.27024,0.26,0.255904,0.250784,0.251776,0.378752
7580,0.046944,0.79024,2.71219,0.26816,0.259968,0.255904,0.251808,0.251776,0.365824
7581,0.046592,0.52032,2.54346,0.26816,0.258944,0.255872,0.251808,0.251808,0.376736
7582,0.046432,0.518272,2.53226,0.266144,0.26,0.255904,0.250784,0.251776,0.376736
7583,0.0464,0.516832,2.82083,0.270208,0.259968,0.255872,0.249728,0.251776,0.363776
7584,0.04576,0.514208,2.52646,0.269216,0.26,0.255904,0.251808,0.251808,0.378784
7585,0.04608,0.515616,2.50579,0.26816,0.26,0.255872,0.249728,0.251808,0.376704
7586,0.0456,0.512352,2.51242,0.270208,0.262016,0.25792,0.424832,0.25728,0.364416
7587,0.04592,0.68576,2.51149,0.27024,0.258976,0.255904,0.251808,0.251776,0.376736
7588,0.045856,0.52112,2.49709,0.26816,0.26,0.256928,0.251808,0.251808,0.372608
7589,0.045728,0.519744,2.49814,0.26816,0.259968,0.255872,0.251776,0.251776,0.359296
7590,0.046464,0.517056,2.77446,0.268192,0.259968,0.255904,0.24976,0.251808,0.376032
7591,0.046496,0.524384,2.47578,0.268192,0.259968,0.255904,0.251776,0.251808,0.376736
7592,0.046048,0.527168,2.47718,0.26816,0.259968,0.255872,0.251776,0.250752,0.366464
7593,0.04656,0.525664,2.45754,0.27024,0.26,0.517024,0.253088,0.253856,0.378752
7594,0.045856,0.52736,2.45254,0.26816,0.26,0.255904,0.251808,0.251776,0.363424
7595,0.04672,0.529632,2.44006,0.26816,0.258944,0.255872,0.251776,0.251776,0.362368
7596,0.046944,0.534208,2.43485,0.268192,0.26,0.255904,0.250784,0.251808,0.37264
7597,0.046688,0.528992,2.71341,0.27024,0.26,0.255904,0.251808,0.251776,0.363776
7598,0.046208,0.5304,2.4344,0.26816,0.259968,0.255872,0.251776,0.251776,0.358272
7599,0.048192,0.544256,2.41446,0.27024,0.26,0.255904,0.250784,0.251776,0.397152
7600,0.048416,0.542656,2.40746,0.438144,0.420768,0.259328,0.251776,0.253824,0.397216
7601,0.04768,0.541024,2.40742,0.270208,0.259968,0.256896,0.251776,0.251776,0.393088
7602,0.047456,0.548384,2.40736,0.268192,0.26,0.255904,0.251808,0.251808,0.396192
7603,0.047616,0.545568,2.39856,0.268192,0.26,0.255904,0.251808,0.251776,0.333728
7604,0.04752,0.545216,2.84451,0.26816,0.259968,0.255872,0.249728,0.251776,0.345344
7605,0.046944,0.54784,2.40778,0.267168,0.26,0.255904,0.251808,0.251808,0.34192
7606,0.047264,0.553664,2.40912,0.268192,0.259968,0.257952,0.251776,0.251808,0.345984
7607,0.047808,0.553536,2.41722,0.269536,0.261248,0.255872,0.251776,0.41152,0.528256
7608,0.04752,0.552576,2.4249,0.267168,0.26,0.255904,0.251808,0.251776,0.34192
7609,0.047232,0.551776,2.41616,0.26816,0.26,0.255872,0.251808,0.251808,0.341888
7610,0.047776,0.551232,2.42352,0.26816,0.260992,0.255872,0.251776,0.251776,0.345984
7611,0.047584,0.551968,2.80381,0.268192,0.26,0.255904,0.251808,0.251776,0.341216
7612,0.047648,0.55328,2.41792,0.268192,0.26,0.255904,0.251808,0.251776,0.340864
7613,0.047584,0.554272,2.42192,0.26816,0.259968,0.255872,0.251776,0.251776,0.343936
7614,0.047488,0.552576,2.43082,0.269568,0.262048,0.255936,0.40128,0.259328,0.516992
7615,0.047616,0.551904,2.42125,0.267168,0.26,0.255904,0.251808,0.251808,0.33984
7616,0.047296,0.554976,2.42573,0.26816,0.259968,0.255872,0.251776,0.251776,0.33984
7617,0.047648,0.550624,2.43088,0.270208,0.26,0.255872,0.251808,0.2528,0.339872
7618,0.047776,0.557568,2.70288,0.27024,0.26,0.255904,0.251808,0.251776,0.3392
7619,0.047072,0.554464,2.4239,0.26816,0.259968,0.255872,0.251776,0.2528,0.337792
7620,0.047712,0.554016,2.43498,0.269216,0.26,0.255904,0.251808,0.251776,0.335744
7621,0.048096,0.550464,2.58141,0.268192,0.259968,0.255904,0.40848,0.255264,0.354624
7622,0.047616,0.554784,2.42707,0.270208,0.259968,0.255872,0.251776,0.251776,0.342912
7623,0.047744,0.55216,2.43101,0.26816,0.259904,0.255872,0.251808,0.251904,0.341888
7624,0.048192,0.550048,2.42826,0.268192,0.26,0.255904,0.251808,0.250784,0.346016
7625,0.047648,0.831328,2.428,0.26816,0.258944,0.255872,0.251776,0.251776,0.337792
7626,0.0472,0.551808,2.42602,0.268192,0.26,0.257952,0.252832,0.251808,0.339872
7627,0.048096,0.555616,2.42202,0.267168,0.259968,0.255904,0.251776,0.251808,0.343936
7628,0.04768,0.552864,2.58342,0.26816,0.262016,0.506752,0.255008,0.251776,0.343296
7629,0.047456,0.550336,2.44163,0.268192,0.26,0.255904,0.251808,0.251776,0.351136
7630,0.047648,0.556832,2.44272,0.26816,0.261024,0.255872,0.251808,0.251808,0.343968
7631,0.047456,0.551808,2.44554,0.26816,0.259968,0.255872,0.2528,0.251776,0.348032
7632,0.047712,0.831008,2.4544,0.27024,0.26,0.255968,0.251712,0.252832,0.362368
7633,0.047456,0.55072,2.45318,0.270208,0.26,0.256928,0.251808,0.251808,0.35216
7634,0.047584,0.549984,2.45206,0.270208,0.259968,0.255872,0.251776,0.251776,0.363392
7635,0.047904,0.547808,2.6617,0.419744,0.26,0.259328,0.251808,0.251808,0.365824
7636,0.047936,0.554016,2.46003,0.270208,0.26,0.255872,0.251808,0.251808,0.356256
7637,0.047776,0.548256,2.46266,0.270208,0.259968,0.255872,0.251776,0.2528,0.35008
7638,0.055552,0.549504,2.46512,0.269184,0.513952,0.255872,0.24976,0.251776,0.364448
7639,0.048672,0.552864,2.45997,0.27024,0.259968,0.255904,0.250784,0.251776,0.3808
7640,0.048096,0.552704,2.45853,0.26816,0.259968,0.255904,0.251808,0.251776,0.37568
7641,0.048064,0.551872,2.47174,0.27024,0.258976,0.25792,0.251776,0.251808,0.372608
7642,0.048864,0.553664,2.74851,0.268192,0.26,0.255904,0.251808,0.253824,0.380192
7643,0.048416,0.554112,2.45843,0.272256,0.259968,0.25792,0.251776,0.253824,0.36544
7644,0.047936,0.554784,2.46416,0.27024,0.26,0.255968,0.251712,0.251776,0.360352
7645,0.048416,0.552896,2.45648,0.270208,0.259968,0.257952,0.419712,0.25728,0.366496
7646,0.049024,0.723936,2.4567,0.270208,0.260992,0.255872,0.251776,0.253824,0.364416
7647,0.048032,0.555968,2.46182,0.270208,0.26,0.256928,0.251808,0.251808,0.356256
7648,0.048448,0.556544,2.4553,0.27024,0.26,0.255904,0.251776,0.253824,0.369536
7649,0.048832,0.554688,2.89955,0.270208,0.26,0.255872,0.251776,0.251776,0.36992
7650,0.047968,0.555712,2.45549,0.268192,0.26,0.255008,0.251648,0.251808,0.354208
7651,0.047936,0.559264,2.45069,0.27024,0.26,0.255872,0.251808,0.251776,0.359328
7652,0.04912,0.557024,2.4472,0.273632,0.259968,0.25792,0.251776,0.251776,0.623488
7653,0.047968,0.558848,2.45638,0.268192,0.26,0.255904,0.251808,0.253856,0.350112
7654,0.048128,0.555456,2.44346,0.270208,0.259968,0.255872,0.250752,0.251808,0.35216
7655,0.048512,0.558368,2.44906,0.269184,0.259968,0.255872,0.251776,0.251808,0.364416
7656,0.047744,0.556768,2.73197,0.27024,0.26,0.255872,0.251808,0.251808,0.351456
7657,0.048288,0.558112,2.4448,0.27024,0.26,0.25792,0.251808,0.252832,0.354208
7658,0.048064,0.555808,2.44922,0.269184,0.259968,0.255872,0.251776,0.251776,0.352128
7659,0.048608,0.55504,2.44822,0.271648,0.262048,0.255904,0.407424,0.2552,0.529312
7660,0.048,0.558656,2.44362,0.269216,0.26,0.255904,0.251776,0.253856,0.348064
7661,0.04816,0.562464,2.4456,0.26816,0.259968,0.25792,0.251776,0.251776,0.348032
7662,0.047904,0.558656,2.45418,0.268192,0.26,0.255904,0.251776,0.2528,0.35008
7663,0.048096,0.842528,2.44912,0.270208,0.258944,0.255872,0.251808,0.251808,0.348064
7664,0.048096,0.560224,2.45091,0.26816,0.259968,0.255872,0.250752,0.251776,0.348032
7665,0.047648,0.558208,2.44765,0.268192,0.259968,0.255904,0.251776,0.251808,0.351136
7666,0.04864,0.559488,2.72602,0.27024,0.26,0.255904,0.251808,0.251808,0.353568
7667,0.048192,0.562016,2.44499,0.26816,0.259968,0.255872,0.250752,0.251776,0.348032
7668,0.047936,0.56032,2.44525,0.269184,0.262016,0.255872,0.251808,0.251808,0.348064
7669,0.050432,0.559584,2.4472,0.268192,0.26,0.255904,0.251808,0.251776,0.348064
7670,0.048768,0.821184,2.56115,0.270208,0.259968,0.255872,0.251776,0.253824,0.349408
7671,0.047456,0.561184,2.44925,0.27024,0.258976,0.255872,0.251808,0.251776,0.348064
7672,0.04816,0.565088,2.45142,0.268192,0.26,0.256928,0.251776,0.253856,0.348064
7673,0.048576,0.56288,2.73706,0.26816,0.259968,0.255872,0.251776,0.251776,0.351488
7674,0.04768,0.56144,2.45011,0.269184,0.26,0.255872,0.251808,0.251808,0.348064
7675,0.048256,0.558816,2.44848,0.270208,0.26,0.255872,0.251808,0.253856,0.35216
7676,0.048608,0.56496,2.44547,0.270208,0.267488,0.25792,0.251776,0.50368,0.35008
7677,0.047936,0.561312,2.45389,0.27024,0.26,0.256928,0.251808,0.251776,0.352128
7678,0.04864,0.56304,2.45152,0.26816,0.259968,0.257952,0.251776,0.251776,0.351104
7679,0.048608,0.566752,2.44714,0.270208,0.260992,0.255872,0.249728,0.251808,0.35008
7680,0.047904,0.562464,2.732,0.27024,0.262048,0.255904,0.251776,0.251808,0.35136
7681,0.048032,0.56096,2.44278,0.268192,0.26,0.25792,0.24976,0.251776,0.351136
7682,0.04816,0.562496,2.44166,0.270208,0.260992,0.25792,0.251776,0.253824,0.352128
7683,0.04816,0.564896,2.4432,0.27024,0.262048,0.255904,0.507808,0.257248,0.35216
7684,0.048128,0.564032,2.43859,0.26816,0.26,0.255904,0.251776,0.253824,0.353184
7685,0.048512,0.56176,2.43216,0.26816,0.259968,0.255904,0.251808,0.251776,0.35008
7686,0.048576,0.563648,2.4328,0.27024,0.259968,0.255904,0.251808,0.252832,0.350112
7687,0.048064,0.561632,2.70669,0.268192,0.26,0.255904,0.251808,0.251776,0.351488
7688,0.048512,0.5632,2.42038,0.270208,0.259968,0.25792,0.251776,0.251776,0.35008
7689,0.048288,0.562688,2.42365,0.27024,0.259968,0.257952,0.251776,0.252832,0.35216
7690,0.048352,0.563072,2.41565,0.26816,0.262016,0.512928,0.2552,0.253856,0.35216
7691,0.049088,0.563648,2.41587,0.270208,0.261952,0.25792,0.251776,0.25184,0.351104
7692,0.048,0.564384,2.41555,0.270208,0.261024,0.255904,0.251776,0.251808,0.35216
7693,0.048608,0.56224,2.41309,0.270208,0.26,0.257952,0.252832,0.253856,0.35216
7694,0.04896,0.560064,2.85661,0.270208,0.259968,0.255872,0.251776,0.253824,0.35344
7695,0.048288,0.562784,2.40541,0.268192,0.262048,0.256928,0.251808,0.251808,0.35216
7696,0.048576,0.562688,2.40202,0.268192,0.259968,0.255904,0.251808,0.253856,0.353152
7697,0.051232,0.561152,2.39558,0.270208,0.41152,0.432,0.25312,0.253824,0.356224
7698,0.048352,0.560448,2.39792,0.270208,0.262048,0.25792,0.252832,0.251776,0.354208
7699,0.048576,0.56096,2.38688,0.269216,0.26,0.257952,0.253856,0.253856,0.35216
7700,0.049024,0.56288,2.38781,0.270208,0.262048,0.25792,0.251776,0.251776,0.35008
7701,0.048864,0.561728,2.67667,0.26816,0.261824,0.25792,0.251808,0.251968,0.349344
7702,0.048864,0.560832,2.38326,0.27024,0.259968,0.255904,0.251776,0.253824,0.350112
7703,0.04928,0.563232,2.38192,0.270208,0.262016,0.25792,0.251776,0.2528,0.352128
7704,0.051104,0.56128,2.38077,0.26816,0.413568,0.42688,0.255232,0.253856,0.35008
7705,0.048896,0.562016,2.37728,0.27024,0.259968,0.257952,0.252832,0.253856,0.35008
7706,0.049824,0.563008,2.37005,0.269184,0.259936,0.255872,0.251776,0.253824,0.35008
7707,0.048928,0.560512,2.37939,0.27024,0.262048,0.257952,0.251808,0.253824,0.35216
7708,0.049472,0.559744,2.65597,0.268192,0.259968,0.255904,0.251776,0.253856,0.353536
7709,0.050144,0.563232,2.37424,0.270208,0.259968,0.25792,0.251776,0.253824,0.354176
7710,0.0496,0.567168,2.38045,0.27024,0.262048,0.25792,0.251808,0.2528,0.356256
7711,0.051776,0.561856,2.37421,0.43056,0.41872,0.262848,0.253824,0.253824,0.354176
7712,0.050944,0.56048,2.37254,0.270208,0.262016,0.25792,0.2528,0.253824,0.354176
7713,0.049888,0.56224,2.37747,0.271264,0.261952,0.257888,0.251808,0.251904,0.356224
7714,0.049984,0.562336,2.37315,0.270208,0.262048,0.257952,0.253824,0.253856,0.354208
7715,0.051424,0.568224,2.65747,0.26816,0.262016,0.25792,0.251776,0.253824,0.355584
7716,0.050624,0.562592,2.38186,0.270208,0.262048,0.25792,0.253824,0.253856,0.354208
7717,0.050592,0.56432,2.38048,0.27024,0.262016,0.257952,0.253856,0.252832,0.354176
7718,0.059424,0.56432,2.38531,0.270208,0.523136,0.402304,0.2552,0.255872,0.354176
7719,0.05088,0.566784,2.39219,0.27024,0.262048,0.257952,0.252832,0.253856,0.354176
7720,0.050496,0.567968,2.3863,0.271264,0.262048,0.257952,0.253856,0.253856,0.356256
7721,0.051584,0.567424,2.3912,0.270208,0.262048,0.25792,0.253824,0.253824,0.356224
7722,0.051136,0.566784,2.67914,0.26816,0.262016,0.257952,0.253856,0.253856,0.3576
7723,0.051488,0.564448,2.40218,0.26816,0.261024,0.257952,0.253824,0.253856,0.356224
7724,0.051968,0.567328,2.40163,0.270208,0.262016,0.25792,0.2528,0.253824,0.358272
7725,0.052,0.566496,2.4113,0.525216,0.262048,0.261376,0.253824,0.255872,0.359296
7726,0.052128,0.567328,2.41178,0.27024,0.262048,0.25792,0.253856,0.253856,0.358304
7727,0.052384,0.572512,2.41312,0.270208,0.262016,0.25792,0.253824,0.2528,0.358272
7728,0.051744,0.570048,2.41734,0.269216,0.262016,0.257952,0.253856,0.253856,0.358272
7729,0.052288,0.573696,2.7039,0.27024,0.262016,0.257952,0.253856,0.253856,0.35968
7730,0.052896,0.57088,2.42102,0.270208,0.262016,0.25792,0.253824,0.254848,0.358272
7731,0.052064,0.568032,2.42678,0.27024,0.262048,0.258976,0.253856,0.253824,0.360352
7732,0.052928,0.571232,2.424,0.271616,0.264064,0.257952,0.408448,0.257312,0.533376
7733,0.05296,0.574912,2.43136,0.270208,0.262016,0.259968,0.253824,0.253824,0.357248
7734,0.052288,0.571488,2.43277,0.270208,0.262048,0.25792,0.253824,0.253856,0.358304
7735,0.052768,0.577472,2.43098,0.272288,0.264096,0.257952,0.2528,0.255872,0.356256
7736,0.053504,0.848576,2.43376,0.272256,0.26304,0.25792,0.253824,0.253824,0.364416
7737,0.052352,0.574912,2.44058,0.272288,0.262048,0.25808,0.252704,0.255904,0.360352
7738,0.053088,0.574048,2.43542,0.270208,0.262048,0.257952,0.253824,0.253856,0.361376
7739,0.054176,0.57952,2.70554,0.422784,0.262016,0.261376,0.253856,0.255872,0.35968
7740,0.052736,0.581088,2.44822,0.27024,0.262048,0.257952,0.253856,0.253856,0.36032
7741,0.052864,0.581216,2.4392,0.27024,0.262048,0.257952,0.253856,0.25488,0.36032
7742,0.053664,0.585408,2.44835,0.271232,0.43712,0.25792,0.253824,0.255872,0.364416
7743,0.053088,0.584352,2.632,0.272288,0.261984,0.257952,0.253856,0.255904,0.365792
7744,0.05344,0.585536,2.45331,0.27024,0.264096,0.25792,0.252832,0.253824,0.366496
7745,0.053856,0.589248,2.4664,0.270208,0.264064,0.25792,0.253824,0.253824,0.36544
7746,0.053376,0.59408,2.76547,0.272288,0.264096,0.25792,0.253856,0.253856,0.369888
7747,0.053408,0.591616,2.47744,0.272288,0.264064,0.26,0.253856,0.253824,0.368544
7748,0.054112,0.598848,2.67699,0.272256,0.262016,0.259968,0.253824,0.253824,0.36992
7749,0.05552,0.594816,2.50074,0.27024,0.417696,0.433024,0.255232,0.255872,0.368544
7750,0.053568,0.598048,2.50307,0.27024,0.262016,0.258976,0.251776,0.253856,0.370592
7751,0.05424,0.60048,2.50979,0.270208,0.262048,0.259968,0.253824,0.253824,0.371584
7752,0.053024,0.59888,2.51709,0.270208,0.264064,0.257952,0.251808,0.25488,0.372608
7753,0.05376,0.892224,2.52678,0.27024,0.264096,0.257952,0.253856,0.25488,0.374656
7754,0.05408,0.608672,2.53027,0.27328,0.262016,0.25792,0.253824,0.253824,0.376704
7755,0.053344,0.611008,2.54384,0.272256,0.263072,0.25792,0.253824,0.253856,0.37264
7756,0.054464,0.607712,2.82726,0.27024,0.264064,0.257952,0.253856,0.253856,0.374016
7757,0.054976,0.610976,2.55149,0.270208,0.264064,0.259968,0.253824,0.253824,0.376704
7758,0.054016,0.611968,2.57066,0.272288,0.26192,0.257888,0.252832,0.253952,0.376736
7759,0.054368,0.610304,2.56826,0.273664,0.26544,0.259968,0.253824,0.395168,0.56
7760,0.055552,0.786272,2.57203,0.272256,0.262016,0.25792,0.253824,0.254848,0.378752
7761,0.053664,0.618016,2.58819,0.271264,0.262048,0.259968,0.253824,0.253856,0.380832
7762,0.056448,0.61152,2.58854,0.270208,0.438176,0.257952,0.253824,0.255872,0.38288
7763,0.055328,0.620384,2.76224,0.270208,0.26304,0.259968,0.251776,0.253824,0.384256
7764,0.05376,0.618816,2.59094,0.27024,0.262048,0.258976,0.253824,0.253824,0.38288
7765,0.054272,0.618336,2.58704,0.270208,0.262048,0.257952,0.253824,0.253856,0.384928
7766,0.054816,0.620768,2.86704,0.270208,0.262016,0.25792,0.253824,0.255872,0.382208
7767,0.054048,0.618112,2.58112,0.27024,0.262016,0.257952,0.2528,0.255872,0.38288
7768,0.05408,0.620448,2.5744,0.27024,0.262048,0.257952,0.251776,0.253856,0.38592
7769,0.05472,0.622176,2.85357,0.272256,0.264064,0.25792,0.253824,0.253824,0.386304
7770,0.053664,0.62144,2.56646,0.271264,0.262048,0.257952,0.251808,0.253824,0.386976
7771,0.053824,0.624384,2.55277,0.27024,0.264064,0.25792,0.251808,0.253856,0.386976
7772,0.054624,0.619232,2.54902,0.270208,0.264064,0.25792,0.420736,0.261344,0.382848
7773,0.05424,0.794656,2.54493,0.27024,0.262048,0.258016,0.25376,0.254848,0.389024
7774,0.053536,0.621024,2.53616,0.271264,0.262016,0.25792,0.251776,0.253856,0.384896
7775,0.054272,0.624,2.52896,0.272256,0.263072,0.259968,0.253824,0.253824,0.386944
7776,0.053632,0.627168,2.78877,0.27024,0.26304,0.257952,0.251808,0.253824,0.38624
7777,0.053504,0.62352,2.51146,0.270208,0.262048,0.258976,0.251776,0.253856,0.386976
7778,0.053984,0.624608,2.50035,0.270208,0.262016,0.25792,0.251776,0.253824,0.38592
7779,0.05328,0.621472,2.78122,0.27024,0.264064,0.257952,0.251808,0.253856,0.384224
7780,0.053312,0.624736,2.48243,0.269216,0.262048,0.257952,0.253856,0.253856,0.38288
7781,0.053792,0.618112,2.47382,0.270208,0.262016,0.25792,0.253824,0.253824,0.382848
7782,0.05328,0.620256,2.47165,0.272256,0.262016,0.25792,0.397216,0.257248,0.38288
7783,0.05328,0.892608,2.46461,0.272256,0.262016,0.257952,0.253824,0.25488,0.386976
7784,0.05344,0.619936,2.45859,0.271232,0.262016,0.259968,0.253824,0.253824,0.386944
7785,0.053088,0.618848,2.45677,0.27024,0.262016,0.257952,0.253856,0.253856,0.384928
7786,0.05376,0.620512,2.72534,0.270208,0.262048,0.257952,0.251776,0.253856,0.384256
7787,0.053728,0.616864,2.45366,0.272256,0.264064,0.25792,0.251776,0.254848,0.386944
7788,0.052832,0.618944,2.45923,0.271264,0.264064,0.26,0.253824,0.253824,0.384928
7789,0.053248,0.619392,2.74099,0.270208,0.262048,0.257952,0.251776,0.253856,0.38832
7790,0.053664,0.61936,2.4607,0.272256,0.262016,0.25792,0.2528,0.253824,0.384896
7791,0.053152,0.61424,2.4727,0.272288,0.262048,0.25792,0.253856,0.253824,0.387968
7792,0.0624,0.619712,2.47398,0.27024,0.431008,0.257952,0.253856,0.253824,0.386944
7793,0.054432,0.614656,2.65888,0.270208,0.262016,0.25792,0.253824,0.253824,0.3904
7794,0.05344,0.613344,2.49834,0.27024,0.262048,0.25792,0.252832,0.253824,0.391072
7795,0.053568,0.615072,2.50435,0.272288,0.262016,0.26,0.253856,0.253856,0.394112
7796,0.0544,0.615776,2.79552,0.270208,0.262016,0.25792,0.251776,0.253824,0.392384
7797,0.053888,0.613472,2.52912,0.272288,0.263072,0.25792,0.253856,0.253856,0.395136
7798,0.053984,0.613408,2.52787,0.272288,0.262048,0.258976,0.253856,0.255904,0.395168
7799,0.054496,0.612384,2.76349,0.270208,0.262016,0.25792,0.253824,0.253824,0.404384
7800,0.053856,0.606176,2.53654,0.272256,0.262016,0.257952,0.253824,0.25488,0.391072
7801,0.053696,0.60992,2.53392,0.27024,0.262016,0.259968,0.251776,0.253856,0.392096
7802,0.061024,0.613248,2.5335,0.270208,0.443264,0.25792,0.253824,0.255872,0.388992
7803,0.05392,0.606336,2.7945,0.272256,0.262048,0.26,0.253824,0.253824,0.3904
7804,0.053984,0.609504,2.54042,0.270208,0.262048,0.257952,0.252832,0.253856,0.384928
7805,0.054592,0.604288,2.54246,0.272256,0.262016,0.25792,0.253824,0.253824,0.38592
7806,0.054304,0.600832,2.82989,0.27024,0.262016,0.25792,0.253856,0.253856,0.386272
7807,0.054208,0.607456,2.54877,0.270208,0.26304,0.257952,0.253824,0.253824,0.38288
7808,0.054816,0.600256,2.55258,0.269184,0.262016,0.25792,0.253824,0.253824,0.3808
7809,0.054144,0.60304,2.84125,0.27024,0.262048,0.257952,0.253856,0.253824,0.382144
7810,0.054592,0.603744,2.56387,0.27024,0.262048,0.256928,0.253824,0.253824,0.378784
7811,0.054464,0.60176,2.55878,0.270208,0.262016,0.25792,0.253824,0.253824,0.37568
7812,0.054048,0.60016,2.56477,0.27024,0.267456,0.257952,0.253856,0.506784,0.374688
7813,0.053728,0.5968,2.55802,0.271264,0.262016,0.257952,0.253856,0.253856,0.376736
7814,0.0544,0.597856,2.55837,0.270208,0.262016,0.257952,0.251776,0.253824,0.374656
7815,0.053184,0.596,2.5648,0.272256,0.262048,0.257952,0.252832,0.253856,0.374688
7816,0.054016,0.596288,2.83475,0.270208,0.262048,0.255872,0.253856,0.253856,0.371936
7817,0.05408,0.598944,2.55334,0.270208,0.262016,0.25792,0.253824,0.254848,0.368512
7818,0.053504,0.597728,2.55834,0.271264,0.262048,0.257952,0.251776,0.253824,0.370592
7819,0.053888,0.59344,2.83773,0.270208,0.262048,0.257952,0.251808,0.253856,0.369952
7820,0.054016,0.589312,2.55386,0.270208,0.262016,0.25792,0.2528,0.253824,0.366464
7821,0.053856,0.5912,2.56278,0.270208,0.264096,0.25792,0.253824,0.253856,0.365472
7822,0.053728,0.592192,2.556,0.27024,0.50368,0.257952,0.251776,0.253856,0.366464
7823,0.0552,0.590656,2.72518,0.270208,0.262016,0.25792,0.251808,0.253824,0.365824
7824,0.053696,0.59296,2.55482,0.27024,0.262048,0.258976,0.251776,0.253856,0.3624
7825,0.053248,0.59248,2.54723,0.27024,0.262048,0.257952,0.253856,0.253856,0.357248
7826,0.054144,0.591648,2.82246,0.270208,0.262016,0.255904,0.251808,0.253824,0.3576
7827,0.053504,0.591744,2.54086,0.272256,0.263072,0.257952,0.251808,0.253856,0.360352
7828,0.053472,0.592288,2.53331,0.270208,0.262048,0.256928,0.251808,0.253824,0.356256
7829,0.054208,0.591616,2.80614,0.270208,0.259968,0.255872,0.251776,0.253824,0.35968
7830,0.053376,0.594848,2.52794,0.27024,0.262016,0.257952,0.253856,0.2528,0.352128
7831,0.053312,0.588672,2.51635,0.269184,0.262048,0.257952,0.253824,0.253856,0.348064
7832,0.056576,0.589824,2.51194,0.270208,0.262048,0.25792,0.251776,0.253824,0.35008
7833,0.053888,0.845696,2.51792,0.27024,0.262048,0.257952,0.252832,0.253856,0.35008
7834,0.05312,0.589696,2.51101,0.270208,0.262048,0.25792,0.253824,0.253856,0.34704
7835,0.053888,0.590752,2.50342,0.270208,0.260992,0.25792,0.251776,0.253824,0.345984
7836,0.0536,0.590432,2.77248,0.27024,0.262048,0.257952,0.253856,0.251744,0.345344
7837,0.053696,0.59152,2.49677,0.27024,0.262048,0.25792,0.253856,0.253856,0.342944
7838,0.053728,0.59504,2.49424,0.270208,0.26304,0.25792,0.253824,0.253824,0.343936
7839,0.05376,0.593632,2.49309,0.268192,0.262048,0.52624,0.257248,0.255872,0.339872
7840,0.053024,0.596,2.48912,0.27024,0.262048,0.255904,0.251808,0.253856,0.338848
7841,0.0536,0.58928,2.48675,0.270208,0.261024,0.25792,0.251776,0.253824,0.33984
7842,0.053728,0.592864,2.48781,0.270208,0.262048,0.256928,0.251808,0.253856,0.333728
7843,0.05376,0.591808,2.95014,0.27024,0.262048,0.257952,0.253856,0.253824,0.33712
7844,0.053632,0.59376,2.48144,0.269184,0.262016,0.25792,0.251776,0.253824,0.333696
7845,0.053184,0.5936,2.49037,0.27024,0.262048,0.257952,0.251808,0.253824,0.337792
7846,0.053568,0.591648,2.76323,0.270208,0.262048,0.257952,0.253824,0.253824,0.341248
7847,0.053824,0.592576,2.48787,0.270208,0.262016,0.25792,0.253824,0.254848,0.335744
7848,0.053632,0.596416,2.49642,0.269216,0.262048,0.257952,0.251808,0.253856,0.335744
7849,0.054432,0.597664,2.49165,0.270208,0.262048,0.257952,0.253824,0.253824,0.33168
7850,0.053792,0.879392,2.48637,0.270208,0.261888,0.25792,0.253824,0.252928,0.3296
7851,0.053088,0.594624,2.49402,0.271232,0.262048,0.257952,0.253824,0.253824,0.33168
7852,0.053216,0.59472,2.49139,0.27024,0.262048,0.257952,0.253856,0.253824,0.3296
7853,0.0536,0.5952,2.76733,0.270208,0.262016,0.25792,0.251776,0.253824,0.32896
7854,0.053376,0.593024,2.4895,0.270208,0.262048,0.257952,0.251808,0.253824,0.330688
7855,0.052896,0.592736,2.49101,0.268192,0.262048,0.25792,0.253856,0.253856,0.327584
7856,0.053792,0.598144,2.48563,0.270208,0.264064,0.25792,0.423808,0.261376,0.327552
7857,0.053312,0.763136,2.48995,0.270208,0.261024,0.257952,0.251808,0.253856,0.325536
7858,0.053088,0.592864,2.48979,0.27024,0.262016,0.256896,0.251808,0.253856,0.327552
7859,0.053568,0.595712,2.48163,0.270208,0.262048,0.25792,0.251776,0.253824,0.323456
7860,0.053824,0.594688,2.76531,0.27024,0.262016,0.257952,0.253856,0.253856,0.3248
7861,0.052832,0.592384,2.48448,0.268192,0.262048,0.257952,0.253856,0.253824,0.323488
7862,0.053248,0.596256,2.48144,0.270208,0.262016,0.25792,0.2528,0.253824,0.325504
7863,0.053536,0.59632,2.48685,0.273632,0.26336,0.25792,0.253856,0.340896,0.599936
7864,0.053184,0.592864,2.48086,0.269184,0.262048,0.257952,0.253824,0.253824,0.323488
7865,0.053312,0.59504,2.48195,0.270208,0.262016,0.25792,0.253824,0.253824,0.323456
7866,0.05312,0.59504,2.48499,0.27024,0.261952,0.257888,0.251808,0.252896,0.32144
7867,0.053504,0.873792,2.4833,0.27024,0.260992,0.257952,0.253856,0.253824,0.321408
7868,0.053696,0.599296,2.47725,0.272256,0.262016,0.258944,0.251776,0.253856,0.31936
7869,0.052672,0.594752,2.48541,0.270208,0.262016,0.257952,0.251776,0.251808,0.322464
7870,0.053696,0.593344,2.76026,0.268192,0.262048,0.257952,0.251776,0.253856,0.318688
7871,0.053408,0.596928,2.48067,0.270208,0.262016,0.256896,0.253824,0.253824,0.321408
7872,0.052896,0.596672,2.48646,0.27024,0.262016,0.25792,0.251808,0.253856,0.320416
7873,0.053056,0.595712,2.48256,0.27024,0.523168,0.257952,0.253856,0.253824,0.32144
7874,0.0536,0.595104,2.47744,0.270208,0.262016,0.256896,0.253824,0.253824,0.317312
7875,0.052672,0.592928,2.48554,0.27024,0.262016,0.257888,0.253856,0.253856,0.31632
7876,0.0528,0.595136,2.48509,0.26816,0.261024,0.257952,0.253824,0.253856,0.317344
7877,0.05392,0.592448,2.75888,0.270208,0.262016,0.25792,0.251808,0.253824,0.31872
7878,0.052768,0.595712,2.48688,0.27024,0.262048,0.257952,0.251808,0.253856,0.318368
7879,0.053152,0.593408,2.48189,0.27024,0.260992,0.257952,0.251776,0.253824,0.315264
7880,0.0544,0.594976,2.48301,0.270208,0.262016,0.258944,0.429952,0.255168,0.315264
7881,0.053344,0.759008,2.48445,0.27024,0.262048,0.25792,0.251808,0.254848,0.315296
7882,0.053184,0.59728,2.47741,0.271232,0.262048,0.257952,0.253824,0.253824,0.315296
7883,0.0536,0.595776,2.47968,0.270208,0.262016,0.25792,0.251776,0.253824,0.315264
7884,0.0536,0.59696,2.76,0.268192,0.262048,0.257952,0.251776,0.253824,0.314592
7885,0.053248,0.59792,2.47894,0.268192,0.261024,0.25792,0.253856,0.253856,0.313248
7886,0.0536,0.59744,2.47696,0.270208,0.262016,0.258944,0.253824,0.253824,0.315264
7887,0.053376,0.59504,2.48141,0.271616,0.264096,0.25792,0.40336,0.259328,0.571296
7888,0.053024,0.597312,2.48035,0.269216,0.262048,0.257952,0.251776,0.253824,0.313248
7889,0.053472,0.599008,2.47837,0.270208,0.262016,0.25792,0.251776,0.253824,0.313216
7890,0.053664,0.596992,2.48342,0.268192,0.262048,0.25792,0.252832,0.253824,0.313248
7891,0.053504,0.87504,2.47946,0.268192,0.260992,0.257952,0.251776,0.253824,0.313248
7892,0.053568,0.597376,2.47626,0.26816,0.262016,0.256896,0.251776,0.253824,0.315264
7893,0.053056,0.598464,2.48,0.270208,0.262048,0.257952,0.253824,0.253824,0.314272
7894,0.05328,0.598208,2.75898,0.268192,0.262048,0.257952,0.251776,0.253824,0.312608
7895,0.053536,0.598016,2.47622,0.270208,0.262016,0.256896,0.251776,0.253824,0.315264
7896,0.052864,0.59504,2.4817,0.27024,0.262048,0.257952,0.253856,0.253856,0.312192
7897,0.055104,0.596768,2.47885,0.26816,0.436128,0.25792,0.251808,0.253856,0.313248
7898,0.053888,0.596096,2.65354,0.26816,0.262016,0.25792,0.253824,0.253824,0.312608
7899,0.052704,0.59616,2.47907,0.27024,0.262048,0.25792,0.251808,0.2528,0.3112
7900,0.052896,0.596064,2.48064,0.269216,0.262048,0.257952,0.251808,0.253856,0.311168
7901,0.054016,0.599904,2.75642,0.270208,0.262016,0.25792,0.253824,0.253824,0.312608
7902,0.053408,0.598368,2.48557,0.27024,0.262016,0.25792,0.251808,0.253856,0.312224
7903,0.052672,0.598944,2.48022,0.268192,0.261024,0.257952,0.251776,0.253856,0.30912
7904,0.053888,0.5992,2.47949,0.26816,0.262016,0.258944,0.418688,0.255168,0.30912
7905,0.052896,0.760224,2.48515,0.272288,0.262048,0.257952,0.253856,0.25488,0.311168
7906,0.052864,0.600832,2.48006,0.267136,0.262048,0.257952,0.251808,0.253856,0.30912
7907,0.053504,0.599104,2.48486,0.270208,0.262016,0.25792,0.253824,0.253824,0.30912
7908,0.053088,0.597696,2.76637,0.270208,0.262016,0.25792,0.251808,0.253856,0.310528
7909,0.052832,0.595456,2.48461,0.27024,0.263072,0.26,0.253856,0.253856,0.309152
7910,0.053248,0.593696,2.47894,0.270208,0.262016,0.256896,0.251776,0.253856,0.30912
7911,0.053632,0.595936,2.48698,0.271648,0.264096,0.257952,0.501632,0.261344,0.45248
7912,0.052448,0.598368,2.48288,0.269184,0.262016,0.25792,0.251808,0.253856,0.307104
7913,0.053216,0.59584,2.48035,0.270208,0.262016,0.25792,0.251776,0.253824,0.307072
7914,0.052992,0.597568,2.48454,0.27024,0.262048,0.257952,0.251776,0.252832,0.305024
7915,0.052704,0.886304,2.48909,0.268192,0.263072,0.255904,0.251808,0.253856,0.305056
7916,0.05376,0.59536,2.48381,0.26816,0.262016,0.256896,0.253856,0.253824,0.305024
7917,0.052832,0.598464,2.48442,0.268192,0.262048,0.257952,0.251808,0.253824,0.30608
7918,0.053056,0.597376,2.77238,0.26816,0.259968,0.257952,0.251808,0.253856,0.304384
7919,0.053664,0.596768,2.48394,0.26816,0.262016,0.256896,0.251776,0.253824,0.305024
7920,0.053088,0.593696,2.48707,0.27024,0.262048,0.257952,0.253856,0.253824,0.30608
7921,0.0528,0.598688,2.48077,0.27024,0.514944,0.257952,0.253856,0.253824,0.302976
7922,0.054016,0.596704,2.48698,0.26816,0.262016,0.256896,0.251776,0.253856,0.302976
7923,0.053024,0.5968,2.488,0.27024,0.262048,0.256,0.253728,0.253856,0.301984
7924,0.052896,0.598592,2.48058,0.268192,0.261024,0.257952,0.253856,0.251776,0.30096
7925,0.053632,0.597568,2.77181,0.26816,0.262016,0.25792,0.251776,0.253824,0.302304
7926,0.05264,0.59968,2.4911,0.268192,0.262016,0.25792,0.253856,0.253856,0.301984
7927,0.052768,0.596384,2.4881,0.268192,0.259968,0.25792,0.253856,0.253856,0.298912
7928,0.053888,0.597216,2.49072,0.270208,0.262016,0.509984,0.26016,0.25792,0.300928
7929,0.052832,0.60032,2.48835,0.27024,0.262048,0.257952,0.253856,0.253824,0.301952
7930,0.053024,0.595584,2.48451,0.270208,0.260992,0.257952,0.253824,0.253824,0.298912
7931,0.05344,0.595104,2.48707,0.270208,0.262016,0.259968,0.2528,0.253824,0.300928
7932,0.052896,0.595776,2.94592,0.268192,0.262048,0.255904,0.251776,0.253824,0.298208
7933,0.052928,0.597536,2.4872,0.269216,0.262048,0.257952,0.253856,0.253824,0.298912
7934,0.053568,0.5968,2.48429,0.26816,0.262016,0.25792,0.253824,0.253824,0.296832
7935,0.052864,0.597984,2.7327,0.27024,0.262016,0.257952,0.253856,0.253856,0.313152
7936,0.052672,0.598976,2.48509,0.268192,0.263072,0.257952,0.251776,0.253824,0.296864
7937,0.0536,0.597184,2.48346,0.270208,0.262016,0.258944,0.253824,0.253824,0.29888
7938,0.053568,0.595104,2.49786,0.272256,0.262048,0.25792,0.253824,0.253856,0.297888
7939,0.053024,0.875104,2.49459,0.27024,0.263072,0.257952,0.253856,0.253856,0.296864
7940,0.05504,0.593248,2.48915,0.270208,0.262016,0.256896,0.253824,0.253824,0.29888
7941,0.0528,0.59584,2.4936,0.27024,0.262016,0.257888,0.251808,0.253856,0.29584
7942,0.053024,0.594144,2.77462,0.26816,0.262048,0.25792,0.253824,0.253856,0.296224
7943,0.054048,0.595456,2.49133,0.270208,0.262016,0.25792,0.2528,0.253856,0.296832
7944,0.0528,0.598432,2.49645,0.270208,0.264096,0.257952,0.251808,0.253856,0.29584
7945,0.052864,0.5984,2.4895,0.27024,0.262048,0.257952,0.253856,0.253824,0.294784
7946,0.053856,0.858368,2.49456,0.26816,0.262016,0.25792,0.254848,0.253824,0.296832
7947,0.052608,0.596448,2.49658,0.271264,0.262016,0.25792,0.251808,0.253856,0.294784
7948,0.052576,0.596512,2.4919,0.268192,0.262016,0.257952,0.253856,0.253856,0.294816
7949,0.054176,0.5992,2.78013,0.270208,0.262016,0.25792,0.251776,0.253824,0.294144
7950,0.05312,0.593248,2.49763,0.269184,0.262048,0.257952,0.251808,0.253856,0.294816
7951,0.053248,0.595776,2.49011,0.268192,0.262016,0.257952,0.251808,0.253824,0.292768
7952,0.054208,0.594976,2.68301,0.270208,0.265376,0.25792,0.253824,0.448384,0.294144
7953,0.053376,0.838464,2.49584,0.27024,0.261024,0.257952,0.251776,0.253824,0.294784
7954,0.052768,0.593088,2.49296,0.27024,0.262048,0.25792,0.252832,0.253824,0.292768
7955,0.053536,0.596928,2.49024,0.26816,0.262016,0.25792,0.251776,0.253824,0.291712
7956,0.05328,0.597088,2.78362,0.270208,0.262016,0.26,0.253824,0.253856,0.292064
7957,0.053216,0.597952,2.4921,0.268192,0.261024,0.255904,0.251808,0.253856,0.292736
7958,0.054272,0.595072,2.49958,0.270208,0.262016,0.256896,0.253824,0.253824,0.290688
7959,0.05312,0.596736,2.49379,0.273632,0.263392,0.257952,0.251808,0.40848,0.479136
7960,0.052832,0.592128,2.49034,0.269216,0.262048,0.257952,0.251808,0.253824,0.29072
7961,0.053728,0.59248,2.48915,0.26816,0.262016,0.255872,0.253824,0.253824,0.290688
7962,0.052768,0.591584,2.49837,0.27024,0.262016,0.256,0.25168,0.25488,0.290688
7963,0.053568,0.869632,2.49149,0.26816,0.261024,0.25792,0.251808,0.253856,0.288672
7964,0.053792,0.59488,2.49302,0.272256,0.262016,0.25792,0.2528,0.253856,0.290688
7965,0.053184,0.594336,2.49446,0.272256,0.262048,0.257952,0.251776,0.253856,0.289696
7966,0.053376,0.595584,2.76451,0.270208,0.262048,0.257952,0.253824,0.253856,0.288032
7967,0.053408,0.59504,2.48966,0.270208,0.262016,0.25792,0.2528,0.253824,0.28864
7968,0.053024,0.595232,2.49587,0.270208,0.262048,0.257952,0.253824,0.253856,0.287648
7969,0.053088,0.592352,2.49379,0.27024,0.260992,0.257952,0.251808,0.253824,0.288672
7970,0.053824,0.592288,2.6735,0.270208,0.262016,0.25792,0.251776,0.253824,0.288
7971,0.053024,0.595328,2.49597,0.27024,0.262048,0.257952,0.253856,0.252832,0.288672
7972,0.052992,0.590592,2.49002,0.27024,0.262016,0.256896,0.253856,0.253856,0.286592
7973,0.053984,0.595648,2.89613,0.26816,0.262016,0.25792,0.251776,0.253824,0.29168
7974,0.05296,0.594208,2.492,0.27024,0.263072,0.258176,0.2536,0.253856,0.286624
7975,0.053056,0.593248,2.48928,0.268192,0.262016,0.258944,0.251808,0.253856,0.286624
7976,0.054496,0.59616,2.48458,0.270208,0.264064,0.25792,0.509824,0.25728,0.287616
7977,0.052928,0.594528,2.49446,0.271264,0.262048,0.257952,0.251808,0.253824,0.286624
7978,0.053024,0.593632,2.49021,0.27024,0.26,0.257952,0.253856,0.253824,0.286592
7979,0.054272,0.595168,2.48874,0.272256,0.262016,0.25792,0.2528,0.253824,0.286592
7980,0.053472,0.591456,2.77306,0.27024,0.262016,0.25792,0.251808,0.253856,0.288
7981,0.052864,0.59136,2.49248,0.27024,0.262048,0.257952,0.251808,0.253856,0.286624
7982,0.053632,0.593376,2.48848,0.270208,0.262016,0.25792,0.2528,0.253824,0.284544
7983,0.053248,0.59248,2.49427,0.446368,0.419712,0.261376,0.253856,0.253856,0.286592
7984,0.053056,0.594816,2.48832,0.27024,0.262048,0.256928,0.251776,0.253856,0.284576
7985,0.054016,0.592736,2.48806,0.270208,0.262016,0.25792,0.253824,0.253824,0.285568
7986,0.053248,0.589792,2.49808,0.27024,0.261024,0.25792,0.251808,0.253856,0.284576
7987,0.053536,0.591008,2.76566,0.27024,0.262048,0.25792,0.253856,0.253824,0.285952
7988,0.053824,0.59312,2.48976,0.270208,0.262048,0.25792,0.251776,0.2528,0.284544
7989,0.053184,0.593344,2.49578,0.271264,0.262016,0.25792,0.253856,0.253856,0.284576
7990,0.054464,0.589536,2.7593,0.272288,0.262048,0.257952,0.253856,0.253856,0.29824
7991,0.05488,0.594816,2.49053,0.26816,0.262016,0.25792,0.251776,0.2528,0.284544
7992,0.053312,0.594912,2.49478,0.270208,0.262048,0.256928,0.251808,0.253824,0.284576
7993,0.053792,0.591136,2.49178,0.270208,0.262048,0.257952,0.251808,0.253856,0.283552
7994,0.054144,0.8656,2.61034,0.270208,0.259968,0.25792,0.253824,0.253824,0.285952
7995,0.053504,0.592896,2.49427,0.27024,0.262048,0.257952,0.251776,0.253824,0.284544
7996,0.053696,0.591712,2.49338,0.27024,0.262016,0.257952,0.251776,0.25488,0.284544
7997,0.054176,0.593856,2.7695,0.270208,0.262016,0.25792,0.251776,0.253824,0.28592
7998,0.053344,0.593696,2.49248,0.272288,0.262016,0.256896,0.251808,0.253856,0.284544
7999,0.053504,0.594784,2.49171,0.27024,0.259968,0.25792,0.251808,0.253856,0.283552
8000,0.056832,0.594784,2.49235,0.272256,0.432,0.25792,0.251776,0.253824,0.284544
8001,0.0536,0.593824,2.66358,0.27024,0.26,0.257952,0.251808,0.253824,0.285856
8002,0.053824,0.589952,2.4911,0.27024,0.262048,0.25792,0.251808,0.252832,0.284576
8003,0.054272,0.596,2.49574,0.269184,0.262016,0.255872,0.251776,0.253824,0.284544
8004,0.054016,0.591296,2.77408,0.27024,0.262048,0.257952,0.253856,0.251744,0.283808
8005,0.053568,0.591872,2.49226,0.26816,0.262048,0.257952,0.251808,0.253856,0.28352
8006,0.0544,0.593216,2.4919,0.272256,0.260992,0.25792,0.251776,0.253824,0.284544
8007,0.05376,0.59232,2.49581,0.272288,0.262016,0.508832,0.257312,0.255904,0.284576
8008,0.0536,0.594592,2.49286,0.27024,0.262048,0.257952,0.251808,0.253856,0.283552
8009,0.054336,0.595712,2.49331,0.270208,0.260992,0.25792,0.251776,0.253824,0.282496
8010,0.053728,0.594336,2.5023,0.27024,0.262016,0.257952,0.252832,0.253856,0.282496
8011,0.0536,0.59744,2.77018,0.270208,0.262048,0.257952,0.251776,0.253856,0.283936
8012,0.054496,0.594176,2.49302,0.270208,0.262016,0.25792,0.253824,0.253824,0.282496
8013,0.053568,0.590816,2.49827,0.27024,0.262016,0.257952,0.252832,0.253856,0.282464
8014,0.053856,0.591776,2.49274,0.447392,0.41872,0.261344,0.251808,0.253856,0.284576
8015,0.054176,0.593056,2.49571,0.26816,0.262016,0.256896,0.251776,0.253824,0.282496
8016,0.053856,0.590272,2.49408,0.27024,0.262048,0.257952,0.251808,0.253824,0.283552
8017,0.053248,0.589632,2.49312,0.270208,0.261024,0.257952,0.251808,0.253856,0.282528
8018,0.054624,0.593984,2.9359,0.270208,0.262016,0.25792,0.253824,0.253824,0.281856
8019,0.053472,0.591232,2.49469,0.272288,0.262048,0.257952,0.253856,0.253824,0.283552
8020,0.054144,0.591072,2.4968,0.27024,0.260992,0.257952,0.251776,0.253824,0.282496
8021,0.054688,0.594272,2.76698,0.270208,0.259968,0.25792,0.251776,0.253824,0.285952
8022,0.053504,0.588512,2.4937,0.268192,0.262048,0.257952,0.251776,0.252832,0.282496
8023,0.053504,0.593856,2.4927,0.269216,0.262048,0.255904,0.251776,0.253856,0.282528
8024,0.05456,0.590656,2.49248,0.270208,0.262016,0.25792,0.253824,0.253824,0.280448
8025,0.054528,0.870592,2.49613,0.26816,0.261024,0.25792,0.251808,0.251808,0.282528
8026,0.053376,0.593792,2.49347,0.27024,0.262016,0.256896,0.251776,0.253856,0.28048
8027,0.055104,0.59152,2.49037,0.270208,0.262016,0.255872,0.251776,0.253824,0.281472
8028,0.054272,0.589312,2.78064,0.27024,0.262016,0.25792,0.251808,0.253856,0.281824
8029,0.05392,0.5936,2.49024,0.27024,0.26,0.258976,0.251808,0.253824,0.28048
8030,0.0544,0.59136,2.48714,0.270208,0.262016,0.25792,0.253824,0.253824,0.280448
8031,0.0544,0.59024,2.49677,0.27024,0.437152,0.257952,0.251776,0.253856,0.282496
8032,0.054176,0.592192,2.67248,0.27024,0.262048,0.257952,0.251776,0.253856,0.27984
8033,0.055264,0.592192,2.48995,0.270208,0.262016,0.25792,0.251776,0.2528,0.280448
8034,0.054112,0.592096,2.49907,0.269184,0.262016,0.256032,0.25168,0.253856,0.28048
8035,0.054112,0.590592,2.76966,0.27024,0.262048,0.255904,0.251808,0.253824,0.27984
8036,0.054496,0.593376,2.4919,0.270208,0.262016,0.25792,0.251776,0.253824,0.281472
8037,0.053696,0.58944,2.49546,0.272288,0.261024,0.256032,0.253664,0.253856,0.28048
8038,0.054336,0.594208,2.48973,0.26816,0.262016,0.5088,0.257248,0.253824,0.28048
8039,0.054944,0.694848,2.49322,0.270208,0.262016,0.25792,0.251776,0.2528,0.2784
8040,0.05408,0.593856,2.49936,0.273312,0.26,0.257952,0.253856,0.253856,0.28048
8041,0.05376,0.589056,2.49181,0.27024,0.259968,0.25792,0.253856,0.253856,0.28048
8042,0.05456,0.590208,2.77459,0.26816,0.262016,0.25792,0.253824,0.253824,0.27984
8043,0.053568,0.590752,2.4961,0.27024,0.262048,0.257952,0.251808,0.253856,0.28048
8044,0.054144,0.589888,2.4975,0.27024,0.262016,0.257952,0.250784,0.253856,0.280448
8045,0.054944,0.590208,2.4912,0.445312,0.26544,0.259328,0.253824,0.410496,0.282496
8046,0.05392,0.593504,2.4911,0.27024,0.259936,0.256896,0.251808,0.253856,0.278432
8047,0.053632,0.587712,2.49315,0.27024,0.26,0.255904,0.251808,0.253824,0.278432
8048,0.054496,0.593472,2.48922,0.26816,0.260992,0.25792,0.251776,0.253824,0.2784
8049,0.053824,0.591008,2.76752,0.27024,0.262048,0.257952,0.251776,0.253824,0.279776
8050,0.054112,0.589696,2.49341,0.27024,0.259968,0.257952,0.251808,0.252832,0.2784
8051,0.054944,0.59472,2.49126,0.269184,0.262016,0.257952,0.251776,0.253824,0.335744
8052,0.054912,0.596576,2.77702,0.27024,0.259968,0.257952,0.251776,0.251808,0.353472
8053,0.053856,0.588736,2.49229,0.272288,0.262048,0.257952,0.251808,0.25488,0.321408
8054,0.055808,0.592864,2.49075,0.269184,0.259968,0.25792,0.251776,0.253824,0.382848
8055,0.05456,0.588704,2.49584,0.27024,0.262016,0.25792,0.251808,0.253856,0.380832
8056,0.054304,0.584832,2.67606,0.268192,0.259968,0.257952,0.251808,0.253856,0.355584
8057,0.05584,0.589728,2.49264,0.26816,0.262016,0.25792,0.251776,0.2528,0.378752
8058,0.055072,0.588768,2.50211,0.269216,0.262048,0.257952,0.251808,0.253824,0.374688
8059,0.054592,0.585632,2.7873,0.270208,0.26,0.257952,0.253824,0.253824,0.3392
8060,0.055552,0.593664,2.50154,0.26816,0.262016,0.25792,0.251776,0.251776,0.369536
8061,0.055296,0.588096,2.50957,0.27024,0.262048,0.25792,0.251808,0.252832,0.376736
8062,0.057664,0.585312,2.50765,0.454528,0.484256,0.263456,0.253856,0.253856,0.33984
8063,0.05616,0.591552,2.50346,0.270208,0.259968,0.256896,0.251776,0.253824,0.366464
8064,0.055232,0.58944,2.50947,0.270208,0.262048,0.257952,0.251776,0.253856,0.373664
8065,0.055104,0.582208,2.50928,0.27024,0.260992,0.257952,0.253856,0.253824,0.335744
8066,0.056448,0.87216,2.5119,0.270208,0.260992,0.25792,0.251776,0.253824,0.368512
8067,0.055648,0.589824,2.51238,0.27024,0.262048,0.256928,0.251776,0.253824,0.37264
8068,0.055264,0.583392,2.50758,0.26816,0.262016,0.25792,0.251776,0.253856,0.332704
8069,0.056288,0.592192,2.79478,0.270208,0.262016,0.25792,0.251776,0.253824,0.36992
8070,0.054944,0.583392,2.5176,0.270208,0.262048,0.256928,0.251808,0.253856,0.333728
8071,0.055424,0.58976,2.51469,0.272288,0.262048,0.257952,0.251776,0.253856,0.315296
8072,0.057056,0.59392,2.52432,0.26816,0.26544,0.25792,0.253824,0.422784,0.384896
8073,0.055776,0.755456,2.53088,0.27024,0.26304,0.257952,0.251744,0.253856,0.354176
8074,0.055744,0.590752,2.52214,0.270208,0.262016,0.256928,0.253856,0.253856,0.376736
8075,0.055648,0.5912,2.5144,0.272256,0.262016,0.25792,0.251776,0.253824,0.39104
8076,0.054528,0.585024,2.79773,0.270208,0.262016,0.25792,0.251808,0.253856,0.33712
8077,0.054592,0.58816,2.51882,0.27024,0.263072,0.257952,0.251808,0.253856,0.370592
8078,0.054624,0.58384,2.51024,0.270208,0.262016,0.256896,0.253824,0.253824,0.366464
8079,0.05408,0.584416,2.79606,0.27024,0.262016,0.25792,0.251808,0.253856,0.33504
8080,0.053888,0.585568,2.50832,0.27024,0.262016,0.257952,0.253856,0.252832,0.364416
8081,0.053856,0.584032,2.49747,0.269184,0.259968,0.25792,0.253824,0.253824,0.358272
8082,0.0536,0.581344,2.4983,0.270208,0.262048,0.257952,0.251808,0.253856,0.325536
8083,0.053824,0.857152,2.66861,0.268192,0.262048,0.257952,0.251776,0.253824,0.351488
8084,0.053536,0.581536,2.48966,0.272256,0.260992,0.25792,0.251776,0.253824,0.337792
8085,0.052736,0.57984,2.49891,0.27024,0.262048,0.258976,0.253824,0.253856,0.311168
8086,0.053888,0.580352,2.77712,0.27024,0.262048,0.257952,0.251808,0.253856,0.324896
8087,0.05312,0.5824,2.48922,0.270208,0.262016,0.25792,0.251776,0.253824,0.326528
8088,0.0528,0.57968,2.49216,0.270208,0.262048,0.257952,0.251776,0.253856,0.30096
8089,0.05328,0.573856,2.49165,0.27024,0.262016,0.257952,0.419744,0.25936,0.296832
8090,0.053824,0.751072,2.49142,0.26816,0.260992,0.257952,0.251776,0.253824,0.327552
8091,0.053088,0.578688,2.49776,0.268192,0.262048,0.256896,0.253824,0.253856,0.303008
8092,0.052768,0.581984,2.4871,0.27024,0.262016,0.25792,0.251776,0.253856,0.322464
8093,0.053408,0.576448,2.76512,0.270208,0.262016,0.257952,0.251776,0.253824,0.306432
8094,0.052928,0.574784,2.49238,0.27024,0.262048,0.257952,0.251776,0.253824,0.294784
8095,0.052992,0.576768,2.46058,0.26816,0.255872,0.253856,0.248736,0.249728,0.333696
8096,0.054112,0.855104,2.43622,0.26816,0.256896,0.253824,0.24768,0.249728,0.39104
8097,0.052544,0.580288,2.43827,0.268192,0.255904,0.253824,0.248704,0.24976,0.37264
8098,0.053024,0.57648,2.43578,0.268192,0.255872,0.253856,0.24976,0.24976,0.365472
8099,0.053824,0.875072,2.60282,0.26816,0.25792,0.255872,0.249728,0.249728,0.353504
8100,0.05296,0.585664,2.43469,0.266144,0.25792,0.253824,0.247712,0.24976,0.329632
8101,0.05312,0.583648,2.4208,0.268192,0.257952,0.253824,0.250752,0.24976,0.34192
8102,0.053728,0.575584,2.70419,0.266112,0.25792,0.253824,0.249728,0.249728,0.31872
8103,0.052896,0.580224,2.42474,0.266144,0.257952,0.252832,0.249728,0.24976,0.348064
8104,0.053056,0.57632,2.41658,0.268192,0.257952,0.253856,0.249728,0.24976,0.351136
8105,0.061728,0.57392,2.41603,0.26816,0.425856,0.253824,0.249728,0.249728,0.323456
8106,0.05264,0.573856,2.60019,0.266144,0.255872,0.253856,0.247712,0.249728,0.347328
8107,0.052672,0.57264,2.41773,0.266144,0.257952,0.253824,0.247712,0.248736,0.346016
8108,0.053248,0.566304,2.41453,0.26816,0.25792,0.254848,0.24768,0.249728,0.321408
8109,0.052704,0.569824,2.69952,0.26816,0.257952,0.253856,0.248736,0.249728,0.349376
8110,0.053056,0.569408,2.41565,0.269184,0.25792,0.253824,0.24976,0.24976,0.32144
8111,0.053152,0.566624,2.42899,0.26816,0.259968,0.255872,0.251776,0.251776,0.343936
8112,0.052576,0.56576,2.43488,0.27024,0.26752,0.255904,0.24976,0.420736,0.327552
8113,0.053088,0.736576,2.43949,0.27024,0.26,0.255904,0.24976,0.251808,0.311168
8114,0.053728,0.570688,2.43456,0.26816,0.259968,0.255872,0.250752,0.251776,0.368512
8115,0.053376,0.569984,2.44509,0.269216,0.26,0.253856,0.24976,0.251808,0.368544
8116,0.053664,0.564512,2.72125,0.26816,0.26,0.25792,0.24976,0.251776,0.353504
8117,0.053824,0.568736,2.45152,0.270208,0.259968,0.255872,0.251776,0.251776,0.379776
8118,0.052928,0.568608,2.44938,0.270208,0.258944,0.255872,0.251808,0.251808,0.360352
8119,0.053408,0.56528,2.44326,0.27024,0.26,0.502688,0.257216,0.253856,0.33168
8120,0.053472,0.568704,2.43491,0.270208,0.259968,0.255872,0.249728,0.251776,0.359296
8121,0.053472,0.565216,2.44682,0.270208,0.258976,0.255872,0.251808,0.251808,0.333728
8122,0.053952,0.570432,2.44211,0.268192,0.257952,0.255904,0.250784,0.251808,0.35216
8123,0.053952,0.574496,2.88202,0.270208,0.259968,0.255872,0.249728,0.251776,0.367872
8124,0.05216,0.565376,2.43696,0.270208,0.259968,0.25488,0.251776,0.251808,0.33984
8125,0.053536,0.575168,2.43194,0.268192,0.257952,0.255904,0.249728,0.251808,0.363424
8126,0.054112,0.575904,2.42944,0.44224,0.414592,0.257216,0.251776,0.251776,0.374656
8127,0.053792,0.571072,2.43206,0.27024,0.26,0.256928,0.24976,0.251808,0.346016
8128,0.053856,0.572608,2.42602,0.268192,0.26,0.255904,0.24976,0.251808,0.371616
8129,0.054528,0.572288,2.42074,0.270208,0.258944,0.255872,0.249728,0.249728,0.376704
8130,0.05472,0.56944,2.70835,0.26816,0.259968,0.255872,0.251808,0.251808,0.34528
8131,0.05408,0.573184,2.40918,0.27024,0.259968,0.255904,0.24976,0.250784,0.37264
8132,0.055136,0.577568,2.39949,0.269184,0.25792,0.253824,0.24976,0.251776,0.376704
8133,0.054688,0.57248,2.40211,0.269536,0.259904,0.255904,0.24976,0.249824,0.61328
8134,0.054752,0.57792,2.39686,0.268192,0.258944,0.255904,0.24976,0.251808,0.374656
8135,0.055328,0.578592,2.38563,0.26816,0.26,0.254848,0.249728,0.251776,0.376704
8136,0.054656,0.571776,2.38669,0.27024,0.25792,0.255904,0.251776,0.251808,0.34704
8137,0.055168,0.855808,2.37843,0.27024,0.25792,0.255904,0.249728,0.251808,0.378784
8138,0.055872,0.577504,2.37885,0.270208,0.25792,0.255872,0.250752,0.251776,0.35008
8139,0.057888,0.57568,2.37155,0.269216,0.257952,0.255904,0.251808,0.251808,0.364448
8140,0.055168,0.581152,2.59251,0.27024,0.257952,0.255904,0.24976,0.251808,0.385248
8141,0.055808,0.57504,2.35299,0.272256,0.258944,0.255872,0.249728,0.251776,0.348032
8142,0.055264,0.574176,2.34102,0.27024,0.257952,0.253952,0.250656,0.251776,0.368544
8143,0.054944,0.573376,2.33261,0.269216,0.25792,0.255904,0.249728,0.251808,0.358272
8144,0.055872,0.57312,2.7295,0.270208,0.25792,0.253824,0.249728,0.251776,0.331008
8145,0.055072,0.576096,2.33523,0.269184,0.26,0.255872,0.24976,0.251808,0.356256
8146,0.055776,0.572096,2.3336,0.268192,0.259968,0.253856,0.249728,0.251808,0.325536
8147,0.05568,0.578208,2.32048,0.271584,0.26336,0.255872,0.249728,0.410496,0.514944
8148,0.0552,0.575808,2.32208,0.26816,0.257952,0.25488,0.24976,0.251808,0.341888
8149,0.055712,0.568224,2.31421,0.26816,0.257952,0.255872,0.24976,0.251808,0.318336
8150,0.055424,0.571616,2.3167,0.26816,0.25792,0.255872,0.249728,0.251776,0.323456
8151,0.055392,0.57152,2.60966,0.27024,0.25792,0.253824,0.24976,0.251808,0.32688
8152,0.054912,0.569248,2.31955,0.270208,0.25792,0.253824,0.24976,0.251776,0.305056
8153,0.05568,0.56896,2.3185,0.26816,0.258944,0.255872,0.249728,0.251776,0.300928
8154,0.055776,0.570464,2.52368,0.270208,0.26336,0.255872,0.251808,0.42896,0.29616
8155,0.055392,0.743936,2.31702,0.26816,0.25792,0.255904,0.24976,0.251776,0.272288
8156,0.055776,0.569152,2.3215,0.26816,0.259968,0.255872,0.249728,0.250752,0.270208
8157,0.055328,0.570656,2.31939,0.26816,0.257792,0.25488,0.249728,0.249888,0.26816
8158,0.055296,0.567232,2.60291,0.266112,0.25792,0.255904,0.24976,0.251808,0.2696
8159,0.05632,0.570816,2.31702,0.267136,0.25792,0.253856,0.251776,0.251776,0.270208
8160,0.055552,0.570464,2.32218,0.268192,0.257952,0.253856,0.251808,0.251808,0.26816
8161,0.055168,0.57056,2.3201,0.268192,0.25792,0.253856,0.251808,0.251808,0.268192
8162,0.056192,0.747648,2.50134,0.26816,0.25792,0.253856,0.251776,0.251776,0.269568
8163,0.055072,0.570272,2.32451,0.268192,0.257856,0.253856,0.249728,0.249824,0.27024
8164,0.055776,0.57184,2.31789,0.268192,0.258944,0.255904,0.24976,0.251808,0.26816
8165,0.056192,0.56848,2.50486,0.26816,0.259968,0.253824,0.40128,0.253184,0.27776
8166,0.05568,0.568864,2.32045,0.267168,0.26,0.253856,0.249728,0.24976,0.268192
8167,0.055712,0.570304,2.31869,0.268192,0.257952,0.253824,0.24976,0.251808,0.268192
8168,0.056032,0.569728,2.31274,0.26816,0.25792,0.253824,0.249728,0.251776,0.270208
8169,0.055776,0.5704,2.78099,0.26816,0.257952,0.255872,0.24976,0.251776,0.269536
8170,0.055232,0.573824,2.32,0.26816,0.257952,0.25488,0.24976,0.251808,0.27024
8171,0.056032,0.569536,2.31891,0.26816,0.25792,0.255872,0.251776,0.251776,0.269184
8172,0.055648,0.568864,2.31962,0.27024,0.257952,0.431008,0.253184,0.251808,0.27024
8173,0.055584,0.571776,2.3215,0.266144,0.25792,0.253824,0.249728,0.250784,0.268192
8174,0.056384,0.575904,2.31322,0.26816,0.25792,0.254848,0.249728,0.251776,0.26816
8175,0.055616,0.568416,2.32083,0.267168,0.257952,0.255904,0.24976,0.251808,0.268192
8176,0.055808,0.571552,2.59962,0.268192,0.257952,0.253856,0.249728,0.251808,0.269504
8177,0.055904,0.57136,2.32016,0.267136,0.257888,0.255872,0.249728,0.251776,0.270208
8178,0.055456,0.569536,2.3192,0.268192,0.25792,0.255904,0.24976,0.251808,0.27024
8179,0.055584,0.569824,2.31709,0.268192,0.258976,0.255904,0.249728,0.251808,0.27024
8180,0.056608,0.571136,2.31523,0.26816,0.257952,0.255872,0.249728,0.250752,0.26816
8181,0.055872,0.56992,2.32336,0.26816,0.257952,0.25488,0.24976,0.251808,0.27024
8182,0.05616,0.56928,2.31619,0.267168,0.25792,0.255904,0.24976,0.249728,0.268192
8183,0.05632,0.569312,2.59184,0.26816,0.257888,0.253824,0.249728,0.251808,0.281856
8184,0.055488,0.570528,2.31965,0.266144,0.258976,0.253856,0.249728,0.251808,0.26816
8185,0.05536,0.567232,2.3167,0.26816,0.25792,0.253824,0.24976,0.250784,0.26816
8186,0.056096,0.57232,2.31965,0.26816,0.25792,0.254848,0.249728,0.251776,0.26816
8187,0.055808,0.567328,2.60573,0.26816,0.257952,0.255872,0.24976,0.251776,0.269472
8188,0.055744,0.570848,2.31725,0.268192,0.259968,0.253824,0.249728,0.251808,0.268192
8189,0.056288,0.572896,2.31946,0.26816,0.258944,0.253824,0.251776,0.251776,0.26816
8190,0.055968,0.568512,2.32298,0.268192,0.26,0.25392,0.425792,0.252992,0.26816
8191,0.05584,0.738912,2.31875,0.268192,0.258976,0.253856,0.249728,0.251808,0.268192
8192,0.056256,0.570432,2.31462,0.26816,0.259968,0.253824,0.24976,0.250752,0.270208
8193,0.055488,0.571168,2.32243,0.268192,0.257952,0.254848,0.251808,0.251808,0.268192
8194,0.055616,0.569568,2.59094,0.26752,0.257952,0.253824,0.249728,0.24976,0.423136
8195,0.056256,0.570304,2.31939,0.26816,0.25792,0.253824,0.249728,0.24976,0.26816
8196,0.05536,0.569376,2.32118,0.268192,0.25792,0.253856,0.24976,0.250784,0.268192
8197,0.05536,0.569792,2.31725,0.268192,0.25792,0.253824,0.250784,0.251808,0.268192
8198,0.056416,0.822048,2.31334,0.266112,0.258944,0.253824,0.249728,0.251776,0.26816
8199,0.055456,0.573184,2.32253,0.266144,0.257952,0.254016,0.250624,0.251776,0.268192
8200,0.05568,0.568,2.31955,0.267168,0.25792,0.253856,0.249728,0.251808,0.268192
8201,0.056608,0.572992,2.3185,0.267488,0.25792,0.253824,0.249728,0.251776,0.533376
8202,0.056064,0.571072,2.32445,0.268192,0.26,0.255904,0.24976,0.249728,0.26816
8203,0.05584,0.568352,2.3215,0.268192,0.25792,0.255904,0.24976,0.250752,0.27024
8204,0.055904,0.57056,2.3167,0.26816,0.25792,0.255872,0.250752,0.251776,0.26816
8205,0.055616,0.571008,2.61062,0.266144,0.257952,0.253856,0.249728,0.24976,0.269568
8206,0.056064,0.569536,2.31923,0.266112,0.25792,0.253824,0.24976,0.251776,0.26816
8207,0.056064,0.570208,2.31354,0.26816,0.25792,0.253824,0.24976,0.251776,0.26816
8208,0.055616,0.568384,2.32826,0.268192,0.26336,0.253856,0.249728,0.508832,0.268192
8209,0.055456,0.56736,2.31987,0.268192,0.25792,0.25488,0.24976,0.251808,0.268192
8210,0.05648,0.57424,2.31782,0.267136,0.259968,0.253824,0.249728,0.251776,0.26816
8211,0.055296,0.568832,2.32195,0.268192,0.257952,0.253856,0.249728,0.251808,0.268192
8212,0.055648,0.571232,2.59571,0.268192,0.259968,0.253856,0.249728,0.24976,0.26752
8213,0.056256,0.571776,2.32045,0.268192,0.257888,0.255872,0.249728,0.250752,0.26816
8214,0.055712,0.568992,2.3265,0.268192,0.257952,0.254848,0.24976,0.251776,0.268192
8215,0.055776,0.569696,2.31616,0.268192,0.257952,0.255904,0.249728,0.251808,0.267168
8216,0.056352,0.572256,2.77133,0.26816,0.25792,0.253824,0.24976,0.251776,0.269536
8217,0.055552,0.568384,2.3207,0.269216,0.259904,0.254016,0.249568,0.249824,0.27024
8218,0.055808,0.572,2.31734,0.26816,0.25792,0.253856,0.24976,0.24976,0.267168
8219,0.057024,0.57056,2.31584,0.438144,0.41152,0.261344,0.251808,0.251776,0.26816
8220,0.05616,0.570688,2.31885,0.26816,0.25792,0.255872,0.248704,0.251808,0.26816
8221,0.055712,0.571552,2.31549,0.268192,0.25792,0.254848,0.24976,0.251776,0.266144
8222,0.056352,0.570848,2.31622,0.26816,0.25792,0.253824,0.249728,0.249728,0.269184
8223,0.055488,0.56864,2.60586,0.268192,0.257952,0.253856,0.24976,0.251808,0.267488
8224,0.055168,0.570496,2.31699,0.26816,0.25792,0.253856,0.24976,0.24976,0.269184
8225,0.056032,0.572704,2.31603,0.26816,0.25792,0.253824,0.24976,0.251776,0.266112
8226,0.061088,0.566272,2.32112,0.268192,0.517024,0.253856,0.249728,0.251808,0.268192
8227,0.055136,0.569824,2.3191,0.266144,0.25792,0.253824,0.251808,0.250784,0.266144
8228,0.056672,0.569376,2.31453,0.26816,0.25792,0.254848,0.249728,0.249728,0.266112
8229,0.05536,0.56736,2.31773,0.268192,0.257952,0.255904,0.24976,0.251808,0.269216
8230,0.056192,0.568192,2.60323,0.266112,0.25792,0.253856,0.24976,0.251776,0.27568
8231,0.056448,0.569312,2.31581,0.266112,0.258944,0.255872,0.249728,0.251776,0.266112
8232,0.056096,0.567008,2.32672,0.26816,0.26,0.255872,0.248736,0.251808,0.268192
8233,0.055872,0.568128,2.31699,0.266144,0.26,0.25488,0.249728,0.24976,0.266144
8234,0.056192,0.570112,2.59171,0.266112,0.25792,0.253824,0.24976,0.251776,0.26752
8235,0.05536,0.571968,2.32086,0.268192,0.26,0.255904,0.249728,0.24976,0.268192
8236,0.055488,0.570368,2.32054,0.268192,0.25792,0.255904,0.24976,0.250784,0.268192
8237,0.056864,0.571648,2.31824,0.26816,0.259968,0.253824,0.422784,0.255232,0.266112
8238,0.055808,0.7416,2.32445,0.268192,0.258944,0.255904,0.24976,0.24976,0.27024
8239,0.055616,0.572256,2.3193,0.266144,0.257952,0.253824,0.24976,0.250784,0.268192
8240,0.055648,0.569408,2.31603,0.26816,0.259968,0.254848,0.249728,0.251776,0.266112
8241,0.055776,0.570528,2.59587,0.267488,0.257952,0.253856,0.24976,0.251808,0.422112
8242,0.055552,0.569248,2.32048,0.268192,0.257952,0.255904,0.249728,0.251808,0.266144
8243,0.056416,0.5712,2.32112,0.266112,0.25792,0.253824,0.249728,0.250752,0.266112
8244,0.058848,0.568096,2.32342,0.26816,0.257952,0.255904,0.250752,0.24976,0.26608
8245,0.056,0.837056,2.32032,0.26816,0.258976,0.253856,0.24976,0.24976,0.266112
8246,0.056128,0.576544,2.31693,0.26816,0.25792,0.253824,0.250752,0.251776,0.26816
8247,0.055808,0.57408,2.32397,0.269184,0.25792,0.253824,0.24976,0.251808,0.266112
8248,0.05552,0.568832,2.31942,0.267488,0.259968,0.253856,0.402336,0.257312,0.4392
8249,0.055808,0.576,2.31949,0.267136,0.25792,0.253824,0.249728,0.251776,0.3296
8250,0.0552,0.575776,2.33475,0.268192,0.257952,0.255904,0.249728,0.24976,0.349056
8251,0.05552,0.56896,2.3248,0.26816,0.258944,0.255872,0.249728,0.251808,0.327552
8252,0.05584,0.57584,2.62448,0.26816,0.259968,0.253824,0.249728,0.251776,0.361728
8253,0.055648,0.570528,2.34512,0.27024,0.258944,0.255872,0.24976,0.251808,0.343936
8254,0.055264,0.572896,2.34173,0.268192,0.25792,0.253824,0.248736,0.251808,0.321408
8255,0.056096,0.58016,2.3529,0.439168,0.263424,0.25728,0.249728,0.402304,0.409472
8256,0.054848,0.573664,2.3665,0.268192,0.257888,0.254848,0.24976,0.251808,0.391072
8257,0.053952,0.572512,2.34682,0.266112,0.257952,0.253856,0.24976,0.24976,0.410496
8258,0.05408,0.572576,2.33661,0.26816,0.256928,0.253824,0.24976,0.251776,0.425856
8259,0.053184,0.57168,2.63066,0.27024,0.257952,0.255872,0.24976,0.24976,0.382176
8260,0.053152,0.569376,2.33162,0.266144,0.258976,0.253856,0.249728,0.24976,0.409472
8261,0.052608,0.57552,2.30608,0.26816,0.25792,0.253824,0.250752,0.249728,0.41152
8262,0.052864,0.572512,2.3065,0.441248,0.267552,0.257216,0.249728,0.401312,0.386976
8263,0.051872,0.574144,2.31315,0.268192,0.25792,0.254848,0.24768,0.24976,0.415648
8264,0.052352,0.569472,2.31334,0.266112,0.25792,0.253824,0.249728,0.249728,0.394112
8265,0.05104,0.571232,2.31504,0.266112,0.25792,0.253824,0.24976,0.24976,0.407456
8266,0.050816,0.562368,2.75014,0.266112,0.257952,0.253856,0.24976,0.24976,0.427264
8267,0.050496,0.562944,2.28643,0.26816,0.255872,0.254848,0.249728,0.249728,0.403328
8268,0.051264,0.566944,2.29571,0.268192,0.257952,0.253856,0.249728,0.251808,0.431008
8269,0.05168,0.578912,2.32234,0.53136,0.257952,0.257312,0.249728,0.24976,0.436096
8270,0.051712,0.57584,2.31974,0.26816,0.25792,0.255872,0.249728,0.251776,0.403328
8271,0.051488,0.582208,2.33974,0.266112,0.257952,0.253856,0.24976,0.250784,0.432
8272,0.051328,0.580864,2.33552,0.267136,0.257952,0.253856,0.24976,0.24976,0.43408
8273,0.051968,0.578144,2.60928,0.26816,0.25792,0.253824,0.249728,0.251776,0.39856
8274,0.050848,0.582848,2.3409,0.266112,0.256928,0.253824,0.24976,0.249728,0.427936
8275,0.050912,0.57696,2.33629,0.27024,0.257952,0.254848,0.24976,0.249728,0.40336
8276,0.05152,0.585664,2.3576,0.269536,0.261344,0.255872,0.249728,0.409504,0.587648
8277,0.050208,0.573056,2.36362,0.267168,0.257952,0.253856,0.249728,0.24976,0.419744
8278,0.050528,0.571008,2.35862,0.268192,0.257952,0.253856,0.249728,0.24976,0.39312
8279,0.050336,0.561344,2.35462,0.266112,0.256896,0.253824,0.249728,0.251776,0.41152
8280,0.05008,0.551264,2.65872,0.268192,0.25792,0.255904,0.24976,0.251808,0.406752
8281,0.0496,0.55088,2.35994,0.26816,0.25792,0.253824,0.251808,0.250784,0.368512
8282,0.049888,0.55104,2.36291,0.266112,0.25792,0.254848,0.249728,0.251776,0.39104
8283,0.050112,0.550688,2.36832,0.271616,0.26,0.255904,0.24976,0.251808,0.658336
8284,0.050176,0.550528,2.36323,0.26816,0.26,0.255872,0.24976,0.251808,0.354176
8285,0.050432,0.557632,2.36314,0.26816,0.259968,0.255904,0.251776,0.2528,0.374656
8286,0.050496,0.55488,2.36957,0.26816,0.26,0.254848,0.251808,0.251808,0.34192
8287,0.051168,0.55408,2.82528,0.268192,0.259968,0.255904,0.249728,0.251808,0.318752
8288,0.051136,0.560448,2.38298,0.269184,0.259968,0.255872,0.251776,0.251776,0.364416
8289,0.051136,0.557792,2.38282,0.268192,0.259968,0.255904,0.251776,0.251808,0.337824
8290,0.050816,0.561984,2.38445,0.27568,0.26336,0.255872,0.251808,0.406432,0.517024
8291,0.050848,0.560992,2.37194,0.266112,0.259968,0.254848,0.251776,0.251776,0.3296
8292,0.05136,0.559808,2.38253,0.26816,0.26,0.255872,0.251808,0.251808,0.29376
8293,0.051008,0.560832,2.37933,0.266144,0.259968,0.255904,0.251776,0.251808,0.292768
8294,0.05136,0.557984,2.6536,0.266112,0.259968,0.255872,0.249728,0.251776,0.265472
8295,0.050752,0.55824,2.38211,0.268192,0.259968,0.255904,0.251776,0.251808,0.266144
8296,0.05088,0.55552,2.37882,0.266112,0.257952,0.255872,0.251808,0.250784,0.266112
8297,0.051168,0.56032,2.37072,0.26816,0.260064,0.417728,0.256192,0.253824,0.266112
8298,0.051168,0.728256,2.38256,0.266112,0.259936,0.253824,0.251808,0.252832,0.266144
8299,0.051264,0.563424,2.38211,0.268192,0.26,0.254848,0.251808,0.251808,0.266144
8300,0.051232,0.5624,2.3705,0.269184,0.259968,0.255872,0.249728,0.251776,0.266112
8301,0.05088,0.557536,2.66688,0.266144,0.26,0.255904,0.251808,0.251776,0.265472
8302,0.050752,0.555136,2.38051,0.267168,0.259968,0.255904,0.251776,0.251808,0.266144
8303,0.050976,0.561792,2.3767,0.26816,0.259968,0.255872,0.251776,0.251776,0.266112
8304,0.058144,0.558432,2.37891,0.268192,0.429984,0.255904,0.251776,0.251808,0.266144
8305,0.05136,0.55696,2.56115,0.26816,0.26,0.255872,0.251808,0.251808,0.265472
8306,0.051552,0.558016,2.38784,0.26816,0.260992,0.255872,0.251776,0.251776,0.266112
8307,0.050816,0.55552,2.37786,0.268192,0.26,0.255904,0.250784,0.251776,0.264064
8308,0.051264,0.561216,2.66355,0.266144,0.26,0.255904,0.24976,0.251776,0.267488
8309,0.051296,0.554464,2.37827,0.266112,0.259968,0.253824,0.251776,0.2528,0.264064
8310,0.051136,0.563136,2.38237,0.26816,0.259968,0.25488,0.251776,0.251808,0.26608
8311,0.051072,0.559808,2.37942,0.268192,0.262048,0.255904,0.251776,0.251808,0.26512
8312,0.051456,0.829664,2.55885,0.26816,0.259968,0.255872,0.251776,0.253824,0.26752
8313,0.051104,0.55568,2.3776,0.266112,0.26,0.255872,0.251808,0.251808,0.267168
8314,0.051616,0.561024,2.38131,0.266112,0.259968,0.255904,0.251776,0.253856,0.266144
8315,0.051424,0.562016,2.37542,0.269536,0.259968,0.255872,0.251776,0.253824,0.52416
8316,0.051136,0.560544,2.38288,0.26816,0.26,0.255872,0.251808,0.251808,0.266112
8317,0.051296,0.55856,2.38026,0.26816,0.26,0.255872,0.251808,0.252832,0.264064
8318,0.051392,0.559712,2.37674,0.266112,0.259968,0.256896,0.251776,0.251808,0.266112
8319,0.051232,0.556992,2.67162,0.268192,0.262048,0.255904,0.251808,0.253824,0.265472
8320,0.051264,0.563904,2.38653,0.268192,0.262016,0.255904,0.251808,0.251776,0.266112
8321,0.050944,0.561952,2.37866,0.26816,0.259968,0.255872,0.251776,0.2528,0.266112
8322,0.051168,0.55936,2.38246,0.26816,0.262048,0.42688,0.257248,0.253824,0.266112
8323,0.051392,0.72832,2.3872,0.268192,0.262048,0.255904,0.251776,0.2528,0.266144
8324,0.05104,0.5616,2.37942,0.266112,0.260192,0.254848,0.251776,0.251776,0.26816
8325,0.050848,0.561536,2.38611,0.268192,0.262048,0.257952,0.251744,0.253824,0.267168
8326,0.051264,0.560032,2.65968,0.26816,0.262016,0.255872,0.251808,0.251808,0.265472
8327,0.051072,0.556096,2.37677,0.269184,0.262016,0.25792,0.253824,0.253824,0.264064
8328,0.051072,0.55808,2.38259,0.268192,0.26,0.255904,0.251808,0.251776,0.266144
8329,0.051392,0.561792,2.37459,0.268192,0.434048,0.255904,0.251808,0.253824,0.266144
8330,0.05136,0.560896,2.56602,0.26816,0.259968,0.255872,0.251776,0.253824,0.265504
8331,0.050368,0.560448,2.37978,0.268192,0.260992,0.257952,0.251808,0.253824,0.266112
8332,0.051456,0.557536,2.37645,0.268192,0.259968,0.255904,0.252832,0.253856,0.266144
8333,0.051168,0.55792,2.65885,0.26816,0.259968,0.255872,0.251776,0.253824,0.265504
8334,0.050624,0.557728,2.38275,0.268192,0.262048,0.255904,0.2528,0.253856,0.266144
8335,0.050784,0.562016,2.38003,0.267136,0.262016,0.255872,0.251808,0.253856,0.266144
8336,0.051424,0.559264,2.37805,0.266112,0.262016,0.25792,0.251776,0.253824,0.265088
8337,0.05088,0.834912,2.56294,0.268192,0.262048,0.255904,0.251776,0.251808,0.265472
8338,0.051136,0.55888,2.37856,0.268192,0.262048,0.255904,0.251776,0.253824,0.26512
8339,0.051296,0.557152,2.37894,0.26816,0.262016,0.255872,0.251776,0.253824,0.266112
8340,0.051008,0.561632,2.63363,0.268192,0.262048,0.257952,0.253856,0.253856,0.278912
8341,0.050944,0.560672,2.37642,0.268192,0.260992,0.255904,0.251808,0.253824,0.266144
8342,0.051328,0.563584,2.37766,0.26816,0.262016,0.25792,0.251776,0.252832,0.266112
8343,0.051104,0.557152,2.38035,0.268192,0.262048,0.256928,0.251776,0.253856,0.266112
8344,0.051424,0.560288,2.66403,0.26816,0.259968,0.255872,0.253856,0.253856,0.265472
8345,0.051232,0.5576,2.3719,0.26816,0.262016,0.255872,0.251776,0.253824,0.266112
8346,0.050912,0.560032,2.38045,0.268192,0.262048,0.255872,0.251808,0.25488,0.266112
8347,0.050912,0.559808,2.38614,0.268192,0.262048,0.427936,0.257248,0.253856,0.266144
8348,0.051232,0.560736,2.37907,0.26816,0.262016,0.25792,0.253824,0.2528,0.266112
8349,0.051072,0.561632,2.37958,0.268192,0.262048,0.256928,0.251808,0.253856,0.266144
8350,0.0512,0.558624,2.37674,0.266112,0.262048,0.257952,0.251808,0.253856,0.265088
8351,0.051072,0.559712,2.6625,0.26816,0.262016,0.25792,0.251776,0.253824,0.26752
8352,0.051072,0.565152,2.38288,0.268192,0.262048,0.255904,0.253824,0.253856,0.265088
8353,0.051488,0.559968,2.37418,0.268192,0.262048,0.255904,0.253856,0.253824,0.266144
8354,0.051456,0.562368,2.3775,0.26816,0.435072,0.25792,0.251776,0.254848,0.266112
8355,0.051104,0.55888,2.56544,0.268192,0.262016,0.257952,0.251808,0.253856,0.267456
8356,0.05136,0.55872,2.38141,0.268192,0.262048,0.255904,0.251808,0.25488,0.266112
8357,0.051008,0.561824,2.38115,0.26816,0.262016,0.255872,0.252832,0.253824,0.266112
8358,0.05056,0.562496,2.65168,0.268192,0.262048,0.255904,0.251776,0.253856,0.265408
8359,0.051328,0.56224,2.37584,0.268192,0.262016,0.257952,0.252832,0.253856,0.266112
8360,0.051072,0.560256,2.37635,0.267136,0.262016,0.25792,0.251776,0.253856,0.266112
8361,0.050784,0.563392,2.37946,0.268192,0.262048,0.25792,0.253824,0.253824,0.266112
8362,0.051584,0.818176,2.57242,0.26816,0.262048,0.257952,0.251776,0.253856,0.265472
8363,0.05104,0.562656,2.3751,0.26816,0.262016,0.25792,0.253824,0.253824,0.266112
8364,0.05072,0.55792,2.38115,0.268192,0.26304,0.257952,0.251776,0.253824,0.264096
8365,0.051392,0.559808,2.56941,0.268192,0.262048,0.255904,0.405376,0.2552,0.275712
8366,0.051232,0.561696,2.37398,0.269184,0.262016,0.25792,0.253824,0.253824,0.266112
8367,0.050848,0.557984,2.38122,0.26816,0.262048,0.257952,0.251744,0.253856,0.266112
8368,0.051104,0.55968,2.37725,0.266144,0.260992,0.257952,0.251808,0.253824,0.266144
8369,0.051968,0.561664,2.87523,0.26816,0.262016,0.255872,0.251776,0.253824,0.265408
8370,0.050688,0.565728,2.37968,0.266144,0.262048,0.257952,0.251776,0.253824,0.26512
8371,0.05136,0.560224,2.37824,0.26816,0.262016,0.255872,0.251808,0.253856,0.266112
8372,0.053312,0.562912,2.3769,0.26816,0.415616,0.430976,0.2552,0.253824,0.272256
8373,0.051168,0.560448,2.38531,0.268192,0.262048,0.255904,0.253824,0.252832,0.266112
8374,0.05088,0.562368,2.37325,0.268192,0.26,0.256928,0.251808,0.253856,0.264064
8375,0.051424,0.562304,2.3729,0.26816,0.262016,0.255872,0.253824,0.253824,0.265088
8376,0.051424,0.558752,2.6735,0.268192,0.262048,0.255872,0.253824,0.253856,0.265408
8377,0.051296,0.557952,2.37603,0.268192,0.262048,0.255904,0.251776,0.253856,0.264096
8378,0.051424,0.560512,2.37542,0.26816,0.260992,0.25792,0.251776,0.253824,0.266112
8379,0.0512,0.560928,2.37882,0.266112,0.264064,0.257952,0.511872,0.257248,0.266112
8380,0.05104,0.558848,2.37981,0.267136,0.262016,0.25792,0.251808,0.253856,0.266144
8381,0.051072,0.557216,2.38157,0.26816,0.262016,0.25792,0.251776,0.253824,0.266112
8382,0.05072,0.558464,2.37805,0.268192,0.260992,0.255904,0.251808,0.253856,0.264096
8383,0.051104,0.55936,2.64694,0.269568,0.262048,0.257952,0.253856,0.253824,0.42112
8384,0.051072,0.55872,2.37894,0.26816,0.262016,0.255872,0.251776,0.253856,0.266112
8385,0.051008,0.56128,2.38173,0.268192,0.262016,0.255904,0.251808,0.25488,0.266112
8386,0.05616,0.560064,2.38259,0.266144,0.430976,0.256928,0.251776,0.253824,0.264064
8387,0.051392,0.561952,2.5528,0.26816,0.262016,0.257952,0.253824,0.253824,0.26752
8388,0.051392,0.56096,2.38179,0.268192,0.26304,0.257952,0.251776,0.253824,0.266144
8389,0.051072,0.563328,2.37754,0.26816,0.262048,0.257952,0.252832,0.253856,0.264064
8390,0.051232,0.562816,2.65334,0.26816,0.262016,0.25792,0.251776,0.253824,0.265472
8391,0.05088,0.55808,2.37933,0.268192,0.262048,0.25792,0.2528,0.253824,0.266144
8392,0.051328,0.56256,2.37722,0.268192,0.262016,0.256896,0.251808,0.253856,0.264096
8393,0.050976,0.560544,2.37622,0.26816,0.262016,0.25792,0.253824,0.253824,0.265088
8394,0.051168,0.844256,2.38346,0.26816,0.262016,0.25792,0.251808,0.253856,0.266144
8395,0.051328,0.562848,2.38176,0.26816,0.262048,0.257952,0.253824,0.252832,0.266112
8396,0.051104,0.56368,2.37469,0.26816,0.262048,0.256896,0.253824,0.253824,0.266112
8397,0.05152,0.558752,2.38291,0.2736,0.265504,0.26,0.253856,0.409504,0.44432
8398,0.050752,0.557024,2.37952,0.268192,0.262016,0.256896,0.251808,0.253856,0.266144
8399,0.051392,0.563552,2.38045,0.26816,0.262016,0.255872,0.253824,0.253824,0.265088
8400,0.05104,0.561504,2.37907,0.268192,0.262048,0.255904,0.253856,0.253824,0.264096
8401,0.05104,0.56112,2.6632,0.268192,0.262048,0.257952,0.253856,0.253824,0.265472
8402,0.051232,0.56128,2.37696,0.26816,0.262048,0.26,0.253824,0.253824,0.266112
8403,0.050688,0.557792,2.38054,0.26816,0.262016,0.257952,0.253792,0.25488,0.266112
8404,0.05088,0.558304,2.37789,0.268192,0.262016,0.421152,0.258944,0.255904,0.266144
8405,0.051584,0.730688,2.38323,0.270208,0.262016,0.25792,0.253824,0.254848,0.266112
8406,0.050816,0.564768,2.38211,0.26816,0.262048,0.256896,0.253856,0.253856,0.266112
8407,0.050944,0.558944,2.37894,0.26816,0.262048,0.257952,0.251808,0.253856,0.265088
8408,0.05136,0.558048,2.83606,0.26816,0.262048,0.25792,0.253824,0.253824,0.26752
8409,0.050816,0.55872,2.38538,0.26816,0.262048,0.257952,0.253824,0.252832,0.266112
8410,0.05152,0.558944,2.38118,0.268192,0.262048,0.256928,0.253856,0.253824,0.266144
8411,0.05168,0.560256,2.37917,0.26816,0.265216,0.25792,0.251776,0.428064,0.265088
8412,0.051296,0.730912,2.38662,0.268192,0.262048,0.255968,0.253696,0.253856,0.266112
8413,0.050816,0.564896,2.37738,0.268192,0.262048,0.257952,0.253856,0.25488,0.266112
8414,0.051008,0.560384,2.37501,0.26816,0.262016,0.256896,0.253824,0.253824,0.266112
8415,0.051168,0.558176,2.66653,0.268192,0.262048,0.257952,0.251744,0.253856,0.265248
8416,0.050944,0.560992,2.38435,0.26816,0.262048,0.256928,0.251808,0.253824,0.266144
8417,0.051456,0.560256,2.3769,0.270208,0.262016,0.25792,0.253856,0.253824,0.265088
8418,0.051424,0.558464,2.38442,0.26816,0.262048,0.25792,0.253824,0.253856,0.264096
8419,0.05136,0.823328,2.37821,0.268192,0.262048,0.257952,0.251776,0.254848,0.264096
8420,0.051264,0.563744,2.3729,0.26816,0.262016,0.256896,0.253824,0.253824,0.266112
8421,0.050528,0.558496,2.3831,0.268192,0.262048,0.257952,0.251808,0.253856,0.26512
8422,0.051872,0.560448,2.65923,0.268192,0.262048,0.257952,0.253856,0.253856,0.275744
8423,0.05136,0.564576,2.37594,0.26816,0.26304,0.25792,0.253824,0.253824,0.266112
8424,0.050976,0.558432,2.37917,0.268192,0.262048,0.25792,0.2528,0.253856,0.264096
8425,0.051168,0.55952,2.37955,0.267168,0.262016,0.25792,0.251808,0.253856,0.266144
8426,0.05152,0.561504,2.65971,0.26816,0.262016,0.25792,0.253824,0.253824,0.26752
8427,0.051008,0.557888,2.38032,0.268192,0.261024,0.255904,0.251776,0.253856,0.266144
8428,0.050944,0.55824,2.37786,0.268192,0.262016,0.257952,0.252832,0.253856,0.264064
8429,0.054048,0.561312,2.37562,0.26816,0.414592,0.428928,0.255136,0.255872,0.264064
8430,0.051072,0.56304,2.37645,0.268192,0.262016,0.257952,0.252832,0.253856,0.266112
8431,0.050848,0.558912,2.37434,0.268192,0.262016,0.256896,0.251808,0.253856,0.264096
8432,0.051136,0.561728,2.37549,0.270208,0.262048,0.25792,0.253824,0.253824,0.265088
8433,0.050112,0.558912,2.83434,0.26816,0.262016,0.25792,0.251808,0.253856,0.265472
8434,0.050944,0.564832,2.38026,0.268192,0.262048,0.257952,0.253856,0.254848,0.266144
8435,0.051328,0.560768,2.37002,0.26816,0.262016,0.256896,0.253824,0.255872,0.266112
8436,0.051072,0.557664,2.38627,0.268192,0.264096,0.257952,0.422816,0.259104,0.26512
8437,0.051872,0.73552,2.37686,0.268192,0.26304,0.257952,0.253856,0.253824,0.264064
8438,0.051424,0.560768,2.37322,0.26816,0.262016,0.25792,0.2528,0.253824,0.266112
8439,0.051168,0.557792,2.38624,0.270208,0.261984,0.257056,0.253728,0.255904,0.266144
8440,0.051296,0.557856,2.65094,0.268192,0.262048,0.25792,0.253856,0.253856,0.265536
8441,0.051136,0.561248,2.37382,0.26816,0.262048,0.256896,0.253824,0.253824,0.266112
8442,0.051008,0.560736,2.38486,0.268192,0.262016,0.25792,0.251808,0.253856,0.267168
8443,0.05376,0.558848,2.37987,0.27024,0.262048,0.257952,0.253856,0.253856,0.264064
8444,0.051104,0.565312,2.37818,0.26816,0.262016,0.25792,0.253824,0.254848,0.266112
8445,0.050784,0.559712,2.38246,0.268192,0.262048,0.258976,0.253824,0.253824,0.266144
8446,0.051232,0.559168,2.37619,0.268192,0.262016,0.25792,0.253856,0.253856,0.26512
8447,0.051328,0.559744,2.57126,0.26816,0.264064,0.409472,0.257216,0.255904,0.273664
8448,0.051168,0.559776,2.38112,0.26816,0.262048,0.25792,0.253824,0.253856,0.26512
8449,0.050912,0.560352,2.38,0.26816,0.262048,0.25792,0.253824,0.253856,0.266144
8450,0.050784,0.565088,2.37891,0.268192,0.262016,0.25792,0.251776,0.254848,0.266112
8451,0.05104,0.56576,2.66387,0.268192,0.262016,0.257952,0.253856,0.253856,0.265472
8452,0.050944,0.561152,2.3817,0.268192,0.263072,0.25792,0.253856,0.253856,0.266144
8453,0.051296,0.559648,2.37578,0.26816,0.262016,0.25792,0.2528,0.255872,0.266112
8454,0.051264,0.558304,2.38563,0.441248,0.26752,0.261344,0.253856,0.406432,0.272256
8455,0.05104,0.559392,2.37302,0.268192,0.264096,0.256928,0.253824,0.255872,0.266144
8456,0.051008,0.564032,2.37501,0.269184,0.264064,0.25792,0.253824,0.253824,0.266112
8457,0.050848,0.561088,2.37776,0.268192,0.262048,0.257952,0.253856,0.253824,0.266144
8458,0.051392,0.56336,2.83466,0.268192,0.262048,0.257952,0.253856,0.253856,0.265504
8459,0.05152,0.558304,2.37427,0.266112,0.262016,0.256896,0.253824,0.253824,0.266112
8460,0.050944,0.55856,2.38483,0.269216,0.262016,0.25792,0.253856,0.253856,0.266112
8461,0.051648,0.56224,2.38013,0.26816,0.262048,0.423808,0.25728,0.255904,0.266144
8462,0.051744,0.730848,2.37642,0.26816,0.262016,0.25792,0.253824,0.254848,0.266112
8463,0.050848,0.559872,2.3792,0.268192,0.262016,0.257056,0.251648,0.253856,0.266144
8464,0.050912,0.560512,2.37658,0.268192,0.262048,0.257952,0.253856,0.253824,0.265088
8465,0.051136,0.561376,2.65965,0.26816,0.262048,0.25792,0.251776,0.253824,0.265472
8466,0.050656,0.559904,2.37578,0.269216,0.262016,0.25792,0.253856,0.253856,0.264064
8467,0.05072,0.559904,2.37261,0.268192,0.262016,0.255904,0.253856,0.253856,0.264096
8468,0.054336,0.558816,2.37354,0.26816,0.43712,0.259968,0.253824,0.253824,0.266112
8469,0.050816,0.563232,2.55834,0.268192,0.262016,0.25792,0.251808,0.253856,0.26544
8470,0.050976,0.559456,2.38157,0.268192,0.263072,0.257952,0.253856,0.253856,0.266144
8471,0.051168,0.56016,2.37936,0.26816,0.262016,0.25792,0.2528,0.255872,0.266112
8472,0.051232,0.55856,2.67088,0.26816,0.264096,0.257952,0.253824,0.253856,0.265408
8473,0.050848,0.560096,2.37926,0.268192,0.262048,0.257952,0.2528,0.253856,0.266144
8474,0.051392,0.561184,2.37619,0.267136,0.262016,0.25792,0.253824,0.255872,0.266112
8475,0.050656,0.561344,2.38128,0.268192,0.262016,0.25792,0.253856,0.253856,0.26512
8476,0.051168,0.845632,2.37974,0.268192,0.262048,0.257952,0.253856,0.255904,0.266144
8477,0.05136,0.562784,2.37485,0.26816,0.262016,0.25792,0.253824,0.254848,0.264064
8478,0.051136,0.561024,2.38058,0.268192,0.262048,0.256928,0.253856,0.253824,0.266144
8479,0.05104,0.558048,2.37702,0.271616,0.265408,0.26,0.253856,0.40848,0.440224
8480,0.05088,0.559712,2.37478,0.26816,0.262016,0.256896,0.253824,0.255872,0.266112
8481,0.051072,0.559904,2.38605,0.268192,0.262016,0.257952,0.253856,0.255904,0.26512
8482,0.051008,0.558912,2.37942,0.268192,0.264096,0.257952,0.253856,0.255904,0.266144
8483,0.05184,0.56048,2.83232,0.26816,0.262016,0.25792,0.253824,0.255872,0.265472
8484,0.05056,0.557504,2.38176,0.269216,0.262016,0.25792,0.253856,0.253856,0.264096
8485,0.05104,0.555968,2.37805,0.268192,0.262048,0.259968,0.253824,0.255872,0.26512
8486,0.051648,0.56208,2.37629,0.270208,0.264064,0.516992,0.257184,0.255872,0.266112
8487,0.051232,0.557248,2.37699,0.268192,0.264096,0.257952,0.253856,0.255904,0.267168
8488,0.051168,0.560576,2.38035,0.268192,0.262048,0.25792,0.253856,0.253856,0.264096
8489,0.051488,0.559808,2.37402,0.270208,0.262016,0.25792,0.253824,0.254848,0.266112
8490,0.050464,0.55984,2.66106,0.268192,0.264096,0.257952,0.253856,0.253824,0.265408
8491,0.051104,0.565312,2.37898,0.268192,0.262016,0.257952,0.253856,0.253856,0.26512
8492,0.05104,0.56096,2.37542,0.26816,0.262016,0.25792,0.253824,0.255872,0.264064
8493,0.050912,0.55856,2.37859,0.268192,0.26544,0.257952,0.253856,0.427904,0.264096
8494,0.051392,0.72704,2.38173,0.268192,0.264096,0.257952,0.253856,0.255904,0.264096
8495,0.051296,0.559392,2.38093,0.270208,0.264064,0.25792,0.253824,0.256896,0.266112
8496,0.05088,0.557472,2.37613,0.27024,0.262016,0.258944,0.253856,0.253856,0.266144
8497,0.05136,0.561792,2.66723,0.268192,0.264096,0.257952,0.253856,0.255904,0.267552
8498,0.0512,0.55936,2.3712,0.270208,0.262016,0.258944,0.253824,0.253824,0.266112
8499,0.05088,0.560512,2.38534,0.26816,0.262048,0.25792,0.253824,0.255872,0.267168
8500,0.05344,0.55744,2.37683,0.268192,0.262016,0.257952,0.253856,0.253856,0.266144
8501,0.051584,0.822208,2.37504,0.26816,0.262016,0.25792,0.253824,0.254848,0.266112
8502,0.05088,0.562464,2.3831,0.268192,0.262048,0.257024,0.253728,0.253824,0.266144
8503,0.050848,0.56,2.37766,0.269216,0.262048,0.25792,0.253856,0.255904,0.264096
8504,0.051424,0.56016,2.6464,0.26816,0.264064,0.25792,0.253824,0.255872,0.27776
8505,0.050816,0.558624,2.38413,0.27024,0.26304,0.25792,0.253856,0.255904,0.266112
8506,0.051104,0.559104,2.37843,0.26816,0.262016,0.257952,0.252832,0.253856,0.266112
8507,0.051328,0.563968,2.37891,0.269184,0.264064,0.25792,0.253824,0.253824,0.266112
8508,0.051136,0.561504,2.84064,0.26816,0.262048,0.25792,0.253824,0.253856,0.265408
8509,0.0512,0.560992,2.37837,0.269184,0.262048,0.257952,0.253824,0.255872,0.266144
8510,0.051168,0.56288,2.37542,0.26816,0.262048,0.25792,0.253824,0.253824,0.266112
8511,0.051488,0.560992,2.38166,0.441248,0.265472,0.261344,0.253824,0.410528,0.27024
8512,0.051552,0.56112,2.37718,0.27024,0.262016,0.256928,0.253856,0.255904,0.266144
8513,0.050944,0.559552,2.38134,0.26816,0.264064,0.25792,0.253824,0.255872,0.265088
8514,0.051008,0.561152,2.38394,0.26816,0.262048,0.257952,0.253856,0.253824,0.266112
8515,0.051264,0.560448,2.66026,0.268192,0.262016,0.257952,0.255904,0.255904,0.265504
8516,0.051552,0.564128,2.38646,0.270208,0.264064,0.25792,0.253856,0.255872,0.323456
8517,0.051008,0.559936,2.41549,0.27024,0.262048,0.26,0.253824,0.254848,0.341888
8518,0.0512,0.558368,2.40998,0.27024,0.264096,0.428928,0.257184,0.255872,0.327584
8519,0.052032,0.566048,2.40042,0.270208,0.264064,0.259968,0.254848,0.255872,0.356224
8520,0.050656,0.560448,2.41126,0.273312,0.262048,0.259968,0.253856,0.255904,0.335776
8521,0.051936,0.563328,2.41216,0.27024,0.262048,0.259968,0.253824,0.255872,0.3624
8522,0.053376,0.565344,2.70448,0.270208,0.264064,0.25792,0.253856,0.255872,0.388352
8523,0.052352,0.563488,2.43011,0.272256,0.263072,0.257952,0.255904,0.255904,0.370592
8524,0.053312,0.570496,2.44982,0.268192,0.264096,0.257952,0.252832,0.255904,0.407456
8525,0.054688,0.570208,2.45651,0.271616,0.265472,0.259968,0.253824,0.410496,0.601984
8526,0.053312,0.567232,2.46256,0.271232,0.264096,0.26,0.253856,0.253824,0.407456
8527,0.054272,0.571264,2.47542,0.27024,0.262048,0.25792,0.253856,0.255904,0.438176
8528,0.054176,0.57056,2.48768,0.270208,0.264064,0.25792,0.2528,0.255872,0.444288
8529,0.053952,0.853824,2.49616,0.26816,0.264096,0.25792,0.253856,0.254848,0.421792
8530,0.053792,0.570848,2.4969,0.269216,0.262016,0.26,0.253856,0.253856,0.446368
8531,0.054688,0.567648,2.48861,0.270208,0.264064,0.25792,0.253824,0.255872,0.448384
8532,0.054016,0.567584,2.94602,0.268192,0.264096,0.257952,0.253856,0.255904,0.410848
8533,0.054528,0.568224,2.49955,0.268192,0.264064,0.26,0.25488,0.255904,0.438176
8534,0.054944,0.574528,2.50701,0.270208,0.264064,0.259968,0.255872,0.255872,0.428928
8535,0.054816,0.56848,2.51363,0.275616,0.265472,0.26,0.253856,0.412544,0.569248
8536,0.054848,0.570464,2.53072,0.269216,0.262016,0.257952,0.253856,0.255904,0.419744
8537,0.055328,0.569344,2.53334,0.270208,0.26304,0.25792,0.253824,0.255904,0.403328
8538,0.054368,0.56784,2.53866,0.27024,0.264096,0.257952,0.25488,0.255904,0.36032
8539,0.054304,0.848032,2.54835,0.27024,0.264064,0.259968,0.253824,0.25488,0.391072
8540,0.054208,0.569664,2.54243,0.271232,0.264064,0.25792,0.253824,0.255872,0.372608
8541,0.053824,0.566976,2.55258,0.270208,0.264096,0.257952,0.253824,0.255872,0.33168
8542,0.053952,0.570016,2.84704,0.27024,0.264064,0.257952,0.253856,0.253856,0.351488
8543,0.054272,0.568864,2.55181,0.270208,0.264064,0.259968,0.253824,0.255872,0.342912
8544,0.05296,0.567168,2.55456,0.272256,0.263072,0.26,0.253824,0.255904,0.315296
8545,0.221696,0.57248,2.55334,0.270208,0.264096,0.432,0.257184,0.255872,0.307104
8546,0.05536,0.576288,2.54941,0.270208,0.264064,0.259968,0.254848,0.255872,0.29888
8547,0.053504,0.571104,2.55264,0.268192,0.262016,0.257952,0.253856,0.255904,0.267136
8548,0.05344,0.57168,2.55056,0.26816,0.262016,0.257952,0.253824,0.253824,0.26816
8549,0.054496,0.570304,2.83632,0.26816,0.262016,0.25792,0.253824,0.253824,0.26752
8550,0.053632,0.571712,2.55565,0.268192,0.264096,0.25792,0.253856,0.254848,0.268192
8551,0.05328,0.567936,2.54678,0.269216,0.262016,0.257952,0.253856,0.253856,0.26816
8552,0.054528,0.57184,2.8167,0.27024,0.264064,0.25792,0.253824,0.255872,0.27776
8553,0.053472,0.569856,2.55734,0.27024,0.264096,0.257952,0.253856,0.254848,0.268192
8554,0.053632,0.571616,2.55158,0.271264,0.262016,0.26,0.253856,0.253856,0.268192
8555,0.054336,0.572608,2.55533,0.270208,0.262016,0.25792,0.253824,0.255872,0.26816
8556,0.053696,0.835584,2.74118,0.26816,0.264096,0.257952,0.253824,0.253824,0.269504
8557,0.05328,0.571104,2.55734,0.27024,0.262016,0.25792,0.253856,0.253856,0.268192
8558,0.054144,0.570336,2.54762,0.270208,0.262016,0.25792,0.2528,0.253824,0.26816
8559,0.053504,0.572672,2.83005,0.268192,0.262016,0.257952,0.251776,0.253856,0.269536
8560,0.053728,0.56896,2.556,0.267168,0.262048,0.257952,0.253856,0.253856,0.26816
8561,0.054784,0.572448,2.55123,0.270208,0.262016,0.255872,0.253824,0.253824,0.26816
8562,0.05408,0.568768,2.55651,0.27024,0.265472,0.257952,0.253856,0.43408,0.268192
8563,0.053856,0.743776,2.55325,0.27024,0.263072,0.257952,0.253856,0.253856,0.26816
8564,0.054848,0.57312,2.55344,0.26816,0.262016,0.258944,0.253824,0.255872,0.26816
8565,0.05408,0.572288,2.5561,0.27024,0.262048,0.257952,0.253824,0.253856,0.269216
8566,0.05424,0.570912,2.83754,0.268192,0.262048,0.257952,0.251808,0.253856,0.267488
8567,0.054848,0.573056,2.55395,0.270208,0.262016,0.25792,0.253824,0.253824,0.26816
8568,0.05344,0.57168,2.55574,0.26816,0.262048,0.257952,0.252832,0.253856,0.26816
8569,0.054496,0.57072,2.55661,0.53136,0.262016,0.259328,0.253856,0.253856,0.27024
8570,0.054592,0.573792,2.548,0.26816,0.262016,0.25792,0.251776,0.253824,0.26816
8571,0.05376,0.570464,2.55731,0.27024,0.262016,0.257952,0.252832,0.253856,0.26816
8572,0.053728,0.56944,2.55357,0.269216,0.262048,0.255904,0.251808,0.253824,0.268192
8573,0.05456,0.571264,2.83421,0.270208,0.262016,0.25792,0.253824,0.253824,0.269568
8574,0.053376,0.571616,2.55261,0.27024,0.262016,0.257952,0.251808,0.252832,0.26816
8575,0.053664,0.569408,2.55443,0.269216,0.262048,0.257952,0.251808,0.253824,0.268192
8576,0.054528,0.571808,2.82544,0.270208,0.262016,0.39616,0.255136,0.253856,0.273664
8577,0.054048,0.570688,2.55747,0.27024,0.26,0.257952,0.251776,0.253856,0.269216
8578,0.053824,0.56992,2.55766,0.26816,0.261024,0.257952,0.251776,0.253856,0.26816
8579,0.057376,0.571168,2.55226,0.270208,0.262016,0.256896,0.251776,0.253824,0.26816
8580,0.05392,0.83248,2.74358,0.26816,0.262016,0.25792,0.251808,0.251808,0.269536
8581,0.054368,0.569664,2.55453,0.268192,0.260992,0.257952,0.251808,0.253824,0.268192
8582,0.055136,0.574048,2.54982,0.26816,0.262016,0.256896,0.251776,0.253824,0.26816
8583,0.053472,0.571392,2.84259,0.268192,0.262048,0.257952,0.251776,0.253856,0.269504
8584,0.053792,0.570976,2.552,0.268192,0.262048,0.256928,0.251776,0.253856,0.268192
8585,0.054528,0.5712,2.54464,0.27024,0.262016,0.25792,0.251776,0.251776,0.26816
8586,0.053568,0.567296,2.55418,0.270208,0.262016,0.256032,0.429824,0.2552,0.268192
8587,0.054112,0.741344,2.55322,0.26816,0.26,0.25792,0.251776,0.2528,0.268192
8588,0.054528,0.570592,2.5495,0.269184,0.259968,0.255872,0.251776,0.253824,0.26816
8589,0.053536,0.570464,2.5577,0.268192,0.262048,0.257952,0.251808,0.251808,0.268192
8590,0.054016,0.571328,2.83869,0.26816,0.26,0.255872,0.251808,0.251808,0.267488
8591,0.054336,0.573344,2.55027,0.26816,0.262016,0.255872,0.251776,0.251776,0.26816
8592,0.053888,0.570752,2.55344,0.27024,0.262016,0.255904,0.250784,0.253856,0.268192
8593,0.05408,0.572608,2.5545,0.271584,0.263424,0.257952,0.251808,0.409504,0.448416
8594,0.05488,0.570752,2.55078,0.269184,0.262016,0.255872,0.251776,0.251776,0.26816
8595,0.0536,0.565312,2.55626,0.27024,0.262048,0.255904,0.251808,0.253824,0.268192
8596,0.054304,0.570624,2.55376,0.27024,0.262048,0.255904,0.251776,0.252832,0.26816
8597,0.054432,0.839808,2.73155,0.26816,0.259968,0.255872,0.251776,0.253824,0.26752
8598,0.054304,0.56992,2.55827,0.268192,0.26,0.255904,0.251776,0.253856,0.268192
8599,0.053952,0.572768,2.5489,0.268192,0.262016,0.257952,0.251808,0.252832,0.268192
8600,0.054592,0.570304,2.83418,0.26816,0.259968,0.255872,0.251776,0.251776,0.269568
8601,0.053536,0.567712,2.55712,0.268192,0.26,0.256928,0.251776,0.253856,0.26816
8602,0.053568,0.57104,2.55261,0.270208,0.262016,0.255872,0.251808,0.253856,0.269216
8603,0.056,0.57184,2.54765,0.270208,0.429952,0.25792,0.251776,0.253824,0.26816
8604,0.053984,0.570784,2.73744,0.27024,0.261856,0.255904,0.251808,0.251968,0.269536
8605,0.053952,0.5728,2.55114,0.268192,0.262048,0.255904,0.250784,0.251808,0.268192
8606,0.0544,0.569056,2.54973,0.269184,0.262016,0.255872,0.251776,0.253824,0.26816
8607,0.054368,0.570336,2.8407,0.268192,0.259968,0.255904,0.251776,0.251808,0.269536
8608,0.053824,0.571808,2.55606,0.27024,0.259968,0.255904,0.251808,0.253856,0.26816
8609,0.0544,0.568864,2.55101,0.26816,0.260992,0.255904,0.251808,0.253824,0.26816
8610,0.054432,0.569056,2.55606,0.27024,0.262048,0.425888,0.257312,0.253792,0.268192
8611,0.054016,0.738144,2.55475,0.26816,0.26,0.255872,0.2528,0.253824,0.268192
8612,0.054176,0.571744,2.55062,0.269184,0.259968,0.25792,0.251776,0.251776,0.26816
8613,0.053632,0.573856,2.55818,0.26816,0.26,0.255872,0.251808,0.251808,0.268192
8614,0.053664,0.571808,2.83389,0.26816,0.26,0.255872,0.251808,0.251808,0.26752
8615,0.054848,0.570048,2.54403,0.26816,0.260992,0.255872,0.249728,0.251776,0.26816
8616,0.053376,0.56816,2.55494,0.26816,0.26,0.256928,0.251808,0.251776,0.26816
8617,0.054048,0.57104,2.55222,0.269568,0.262048,0.255904,0.396192,0.258304,0.444288
8618,0.05488,0.571136,2.55146,0.269184,0.259968,0.255872,0.251776,0.251776,0.26816
8619,0.0536,0.569568,2.55581,0.268192,0.26,0.255904,0.251808,0.251776,0.268192
8620,0.053408,0.570496,2.55629,0.26816,0.26,0.255872,0.251808,0.252832,0.26816
8621,0.054624,0.842688,2.73763,0.26816,0.259968,0.255872,0.251776,0.251776,0.26752
8622,0.053472,0.570176,2.55523,0.26816,0.26,0.255872,0.251808,0.251808,0.26816
8623,0.05424,0.570848,2.55494,0.268192,0.26,0.255904,0.249728,0.252832,0.268192
8624,0.055072,0.571424,2.83059,0.26816,0.259968,0.255872,0.249728,0.251776,0.269568
8625,0.053856,0.569632,2.55286,0.268192,0.26,0.256928,0.24976,0.251808,0.26816
8626,0.053952,0.570176,2.55194,0.27024,0.26,0.255904,0.249728,0.251808,0.26816
8627,0.054848,0.57216,2.55149,0.26816,0.266624,0.255872,0.249728,0.411264,0.26816
8628,0.05392,0.572128,2.7327,0.27024,0.26,0.255872,0.251808,0.251776,0.269536
8629,0.053344,0.568928,2.55453,0.26816,0.259968,0.255872,0.250752,0.251808,0.26816
8630,0.054976,0.57152,2.55155,0.26816,0.259968,0.255872,0.251776,0.251776,0.267136
8631,0.053664,0.569216,2.84214,0.266144,0.26,0.255904,0.249728,0.251776,0.312544
8632,0.05392,0.568928,2.55504,0.27024,0.259968,0.257952,0.251776,0.251808,0.292736
8633,0.054048,0.570272,2.54304,0.26816,0.26,0.253824,0.251776,0.250752,0.290688
8634,0.055456,0.568864,2.55453,0.269216,0.4136,0.426912,0.253184,0.251776,0.321408
8635,0.053664,0.56752,2.55258,0.268192,0.26,0.255904,0.250784,0.251808,0.333728
8636,0.054304,0.574368,2.56458,0.26816,0.259968,0.255872,0.251776,0.251776,0.36544
8637,0.052896,0.566336,2.57069,0.266144,0.259872,0.255904,0.251808,0.250912,0.38288
8638,0.053632,0.572192,2.85782,0.270208,0.260992,0.255872,0.249728,0.251776,0.35968
8639,0.054112,0.569888,2.55542,0.26816,0.259968,0.254848,0.249728,0.251808,0.40128
8640,0.052224,0.56784,2.55533,0.266112,0.26,0.255872,0.24976,0.251808,0.410528
8641,0.05264,0.564416,2.84077,0.268192,0.259968,0.255904,0.249728,0.251808,0.378112
8642,0.053312,0.566016,2.53734,0.267136,0.259968,0.255872,0.251776,0.251776,0.417664
8643,0.05184,0.561952,2.54266,0.266144,0.26,0.255904,0.249728,0.251808,0.419744
8644,0.05216,0.5664,2.53693,0.26816,0.262048,0.257952,0.390048,0.255232,0.382848
8645,0.052288,0.851872,2.53667,0.26816,0.259968,0.253824,0.251776,0.2528,0.423808
8646,0.0512,0.565152,2.54205,0.269216,0.26,0.255872,0.251808,0.251776,0.425888
8647,0.051456,0.564928,2.53712,0.26816,0.26,0.253824,0.24976,0.251776,0.39104
8648,0.051776,0.56432,2.8327,0.266112,0.259968,0.255872,0.251776,0.251776,0.425248
8649,0.050688,0.557152,2.58352,0.266112,0.259968,0.25488,0.249728,0.251808,0.419712
8650,0.050208,0.553728,2.57843,0.26816,0.26,0.255872,0.251808,0.251808,0.381824
8651,0.053312,0.558016,2.89197,0.266112,0.259968,0.253824,0.249728,0.251776,0.42112
8652,0.051232,0.555968,2.62966,0.269216,0.26,0.255872,0.251808,0.251744,0.413568
8653,0.050784,0.558592,2.62973,0.268192,0.258944,0.253824,0.24976,0.251776,0.376704
8654,0.051424,0.554624,2.63434,0.26816,0.259968,0.509824,0.257248,0.253824,0.409472
8655,0.0504,0.552736,2.63357,0.27024,0.26,0.255872,0.24976,0.251776,0.400288
8656,0.0504,0.548416,2.63066,0.266112,0.259968,0.253856,0.251808,0.252832,0.364416
8657,0.050176,0.551808,2.62765,0.267136,0.259968,0.255872,0.251776,0.251776,0.393088
8658,0.050016,0.54848,2.8991,0.266112,0.258944,0.255872,0.251808,0.251808,0.378016
8659,0.049952,0.537408,2.62803,0.266144,0.26,0.25488,0.251808,0.251808,0.341888
8660,0.049824,0.538624,2.6199,0.26816,0.259968,0.255872,0.249728,0.251776,0.366464
8661,0.04944,0.532096,2.91053,0.266144,0.26,0.255904,0.251776,0.251776,0.359584
8662,0.048608,0.5304,2.62573,0.269216,0.26,0.255904,0.24976,0.251808,0.33168
8663,0.049248,0.530208,2.61546,0.26816,0.259968,0.255872,0.251776,0.251776,0.356224
8664,0.048416,0.52544,2.62045,0.268192,0.262016,0.255904,0.39312,0.2552,0.346016
8665,0.048544,0.805056,2.6193,0.268192,0.26,0.255904,0.24976,0.250752,0.315296
8666,0.048576,0.526944,2.61757,0.267136,0.25792,0.253824,0.251776,0.251776,0.337792
8667,0.047712,0.525248,2.6248,0.26816,0.26,0.255872,0.24976,0.251776,0.323488
8668,0.048096,0.529088,2.9041,0.268192,0.259968,0.255904,0.251776,0.251808,0.304416
8669,0.048544,0.530848,2.61914,0.26816,0.259968,0.255872,0.249728,0.250752,0.300928
8670,0.048128,0.528032,2.62368,0.269216,0.257952,0.255904,0.251808,0.251776,0.29072
8671,0.047744,0.528864,2.92128,0.268192,0.257952,0.255904,0.24976,0.251808,0.2696
8672,0.048192,0.52736,2.61766,0.26816,0.25792,0.255872,0.249728,0.252832,0.264064
8673,0.047648,0.527808,2.62422,0.269216,0.257952,0.253824,0.249728,0.251808,0.264064
8674,0.048096,0.52928,2.6192,0.268192,0.257952,0.253856,0.251776,0.251808,0.264096
8675,0.04912,0.806944,2.61894,0.266112,0.25792,0.255904,0.249728,0.250752,0.266112
8676,0.047616,0.527872,2.62058,0.268192,0.259968,0.25488,0.249728,0.251808,0.264064
8677,0.04832,0.526912,2.62032,0.268192,0.25792,0.255904,0.249728,0.251808,0.264096
8678,0.048576,0.530336,2.90954,0.266112,0.25792,0.255872,0.251776,0.251776,0.265472
8679,0.04768,0.531296,2.62237,0.267136,0.257952,0.253824,0.24976,0.251776,0.264096
8680,0.047776,0.52816,2.62221,0.268192,0.257952,0.253824,0.24976,0.251776,0.264064
8681,0.048608,0.529024,2.61798,0.26816,0.263392,0.255872,0.249728,0.418688,0.264064
8682,0.048096,0.699008,2.62822,0.26816,0.256928,0.253856,0.249728,0.24976,0.266144
8683,0.048352,0.527392,2.6199,0.266144,0.259968,0.25488,0.249728,0.24976,0.264096
8684,0.048256,0.527712,2.6129,0.266144,0.25792,0.253824,0.249728,0.251776,0.265088
8685,0.04832,0.529088,3.07069,0.266144,0.257952,0.253856,0.24976,0.249728,0.265408
8686,0.048032,0.527808,2.61891,0.268192,0.257952,0.254848,0.24976,0.249728,0.266144
8687,0.048512,0.528256,2.61994,0.26816,0.25792,0.253824,0.249728,0.249728,0.264064
8688,0.048416,0.52672,2.62355,0.275712,0.261376,0.255872,0.24976,0.406432,0.441248
8689,0.047904,0.527616,2.61872,0.267136,0.257952,0.253824,0.24976,0.251776,0.264096
8690,0.048384,0.52864,2.62157,0.26816,0.25792,0.253824,0.24768,0.249728,0.266112
8691,0.047872,0.528928,2.62349,0.266112,0.257952,0.255872,0.24976,0.250784,0.264096
8692,0.048256,0.533248,2.88854,0.266144,0.256896,0.253856,0.249728,0.24976,0.265472
8693,0.048096,0.52672,2.6199,0.26816,0.25792,0.253824,0.250752,0.251776,0.266112
8694,0.048032,0.528928,2.62326,0.268192,0.25792,0.253824,0.247712,0.24976,0.26512
8695,0.048416,0.53024,2.91114,0.266112,0.257952,0.253856,0.24976,0.24976,0.263424
8696,0.048512,0.528032,2.62102,0.266112,0.25792,0.253824,0.248736,0.249728,0.266112
8697,0.047808,0.527872,2.61818,0.268192,0.257952,0.255904,0.24976,0.249728,0.265088
8698,0.049216,0.527168,2.62144,0.266112,0.257952,0.253856,0.24976,0.24976,0.264064
8699,0.048576,0.706112,2.80525,0.26816,0.25792,0.253824,0.249728,0.251776,0.265472
8700,0.047904,0.52704,2.62483,0.268192,0.257952,0.253856,0.249728,0.250752,0.264096
8701,0.048224,0.528992,2.62032,0.268192,0.257952,0.254848,0.24976,0.249728,0.264096
8702,0.04864,0.52688,2.90285,0.266112,0.25792,0.253824,0.24768,0.249728,0.26544
8703,0.047776,0.53104,2.62819,0.268192,0.257952,0.253856,0.24976,0.24976,0.26512
8704,0.048064,0.528736,2.62138,0.268192,0.257952,0.253856,0.24976,0.249728,0.264096
8705,0.048608,0.528672,2.61904,0.266112,0.259968,0.255872,0.422784,0.253152,0.264064
8706,0.048384,0.690592,2.62438,0.26816,0.257952,0.253856,0.24768,0.250752,0.264096
8707,0.047808,0.531456,2.61955,0.267168,0.25792,0.253824,0.24976,0.249728,0.264096
8708,0.048544,0.529568,2.61853,0.26816,0.25792,0.253824,0.249728,0.249728,0.264064
8709,0.048512,0.52608,3.07334,0.26816,0.257792,0.253856,0.24976,0.249888,0.265408
8710,0.04832,0.528384,2.61837,0.267168,0.257952,0.253856,0.24976,0.24976,0.264064
8711,0.048416,0.528512,2.61702,0.26816,0.25792,0.253824,0.249728,0.249728,0.264064
8712,0.04864,0.5264,2.9025,0.268192,0.25792,0.253824,0.247712,0.24976,0.277696
8713,0.048384,0.531136,2.61786,0.268192,0.257952,0.253856,0.24976,0.250784,0.264096
8714,0.048288,0.52704,2.61805,0.26816,0.25792,0.254848,0.24768,0.249728,0.266112
8715,0.048384,0.52848,2.62669,0.268192,0.257952,0.253856,0.249728,0.24976,0.264096
8716,0.048736,0.537344,2.90224,0.268192,0.25792,0.253856,0.247712,0.249728,0.265312
8717,0.048224,0.531552,2.62006,0.266112,0.25792,0.253824,0.248736,0.249728,0.266112
8718,0.048032,0.530272,2.62387,0.266144,0.257952,0.253856,0.249728,0.24976,0.26512
8719,0.0488,0.528864,2.90208,0.266112,0.257952,0.253856,0.24768,0.251808,0.26544
8720,0.048576,0.52944,2.62045,0.266112,0.25792,0.255872,0.248704,0.249728,0.264064
8721,0.048064,0.529504,2.61994,0.268192,0.257952,0.253856,0.247712,0.24976,0.26512
8722,0.05104,0.527264,2.61939,0.26816,0.427936,0.253856,0.24976,0.24976,0.264064
8723,0.048864,0.529824,2.792,0.26816,0.25792,0.253824,0.249728,0.249728,0.265472
8724,0.048064,0.527808,2.624,0.268192,0.25792,0.253856,0.248736,0.24976,0.264096
8725,0.048288,0.528096,2.61907,0.267168,0.257952,0.253856,0.249728,0.24976,0.264096
8726,0.048512,0.528576,2.90438,0.266112,0.25792,0.253824,0.249728,0.249728,0.265472
8727,0.047968,0.526496,2.62368,0.266144,0.257952,0.253856,0.249728,0.251808,0.264096
8728,0.04784,0.528032,2.62426,0.266144,0.256896,0.253856,0.249728,0.24976,0.264096
8729,0.048544,0.530464,2.6151,0.266112,0.25792,0.418688,0.255168,0.251808,0.264064
8730,0.048224,0.703584,2.74064,0.266144,0.257952,0.253856,0.249728,0.24976,0.265408
8731,0.048192,0.528896,2.62109,0.266144,0.257952,0.253856,0.247712,0.250784,0.264096
8732,0.048448,0.527936,2.61898,0.26816,0.25792,0.254848,0.249728,0.249728,0.264064
8733,0.048576,0.527648,2.9105,0.266112,0.25792,0.253856,0.24976,0.251808,0.265344
8734,0.048384,0.527616,2.62454,0.268192,0.257952,0.253856,0.24976,0.248704,0.266144
8735,0.048672,0.529568,2.61555,0.267136,0.25792,0.253856,0.249728,0.249728,0.264064
8736,0.048128,0.527488,2.85949,0.268192,0.25792,0.253824,0.24976,0.249728,0.279136
8737,0.048224,0.526176,2.62275,0.268192,0.256896,0.253856,0.24976,0.251808,0.264096
8738,0.048768,0.530848,2.61846,0.26816,0.25792,0.2528,0.249728,0.249728,0.266112
8739,0.048736,0.52848,2.62419,0.266112,0.257952,0.253856,0.24976,0.24976,0.263008
8740,0.048544,0.810848,2.63104,0.266144,0.256896,0.253856,0.24976,0.249728,0.264096
8741,0.048864,0.527072,2.62176,0.26816,0.25792,0.254848,0.249728,0.249728,0.264064
8742,0.0472,0.5312,2.62416,0.268192,0.25792,0.253824,0.24976,0.249728,0.265088
8743,0.048768,0.530112,2.91274,0.266144,0.257952,0.253856,0.247712,0.249728,0.265504
8744,0.04848,0.526944,2.62362,0.26816,0.25792,0.254848,0.24768,0.249728,0.266112
8745,0.04864,0.530048,2.62227,0.268192,0.257952,0.253856,0.247712,0.24976,0.264096
8746,0.048096,0.52752,2.62186,0.266144,0.263392,0.255904,0.24976,0.415616,0.264096
8747,0.048928,0.528672,2.79203,0.26816,0.256896,0.253824,0.249728,0.249728,0.265472
8748,0.04784,0.526912,2.62387,0.268192,0.257952,0.253792,0.248704,0.24976,0.264064
8749,0.04848,0.527872,2.61965,0.268192,0.257952,0.253856,0.24976,0.249728,0.26512
8750,0.048768,0.529312,2.89526,0.26816,0.25792,0.253824,0.249728,0.249728,0.265504
8751,0.048224,0.52848,2.62189,0.26816,0.25792,0.253856,0.24976,0.24976,0.264032
8752,0.048128,0.52912,2.62349,0.26816,0.257952,0.253824,0.24976,0.248704,0.264064
8753,0.316352,0.529088,2.61587,0.26816,0.25792,0.392064,0.251104,0.251776,0.264064
8754,0.048608,0.529696,2.62624,0.268192,0.257952,0.253824,0.250752,0.24976,0.264096
8755,0.048032,0.529824,2.62102,0.26816,0.257952,0.253856,0.24768,0.24976,0.26512
8756,0.048608,0.527328,2.61696,0.26816,0.25792,0.253824,0.249728,0.249728,0.264064
8757,0.048224,0.530912,2.91306,0.26816,0.25792,0.253888,0.249696,0.24976,0.265376
8758,0.048384,0.530496,2.6225,0.268192,0.257952,0.253824,0.24976,0.248736,0.264064
8759,0.048608,0.528896,2.62042,0.267136,0.257952,0.253824,0.249728,0.249728,0.264064
8760,0.049056,0.527136,2.91024,0.266144,0.257952,0.253856,0.24976,0.249728,0.269536
8761,0.048096,0.530624,2.63018,0.266144,0.25792,0.253856,0.24976,0.250752,0.264096
8762,0.049184,0.528128,2.62064,0.267136,0.25792,0.253824,0.24768,0.251776,0.264064
8763,0.048,0.527552,2.62048,0.266144,0.257952,0.253856,0.24976,0.24976,0.264096
8764,0.048608,0.81136,2.62381,0.26816,0.257952,0.253856,0.24976,0.250784,0.264096
8765,0.048448,0.5272,2.62141,0.26816,0.25792,0.2528,0.24976,0.249728,0.264064
8766,0.048288,0.529344,2.6232,0.268192,0.257952,0.253824,0.24976,0.249728,0.264096
8767,0.048672,0.525696,2.91238,0.268192,0.257952,0.253856,0.249728,0.24976,0.265472
8768,0.048736,0.527968,2.61846,0.266112,0.25792,0.2528,0.249728,0.249728,0.264064
8769,0.04864,0.528608,2.61952,0.268192,0.257952,0.253856,0.249728,0.24976,0.264096
8770,0.048896,0.528256,2.61965,0.268192,0.263392,0.253856,0.247712,0.422816,0.264096
8771,0.0488,0.524992,2.62109,0.266112,0.256896,0.253824,0.249728,0.249728,0.264064
8772,0.048352,0.5296,2.62166,0.266112,0.257952,0.253856,0.248736,0.249728,0.264064
8773,0.047968,0.527968,2.62067,0.266112,0.25792,0.253856,0.24976,0.251776,0.265088
8774,0.048672,0.529344,3.07632,0.266112,0.25792,0.253824,0.249728,0.249728,0.265472
8775,0.048032,0.527648,2.62541,0.268192,0.25792,0.25488,0.24976,0.24976,0.266144
8776,0.04864,0.528896,2.61683,0.268192,0.257952,0.253856,0.24976,0.249728,0.263072
8777,0.049024,0.527104,2.62218,0.439168,0.26528,0.2552,0.249728,0.401312,0.270208
8778,0.048256,0.5304,2.6239,0.268192,0.257952,0.252832,0.24768,0.24976,0.264096
8779,0.048256,0.532064,2.62214,0.26816,0.25792,0.253856,0.24976,0.24976,0.264064
8780,0.048608,0.529248,2.6185,0.266112,0.25792,0.253824,0.249728,0.250752,0.264064
8781,0.048448,0.529952,2.91219,0.26816,0.25792,0.253888,0.249696,0.24976,0.265408
8782,0.04832,0.528416,2.61974,0.268192,0.25792,0.253856,0.248736,0.249728,0.264096
8783,0.048896,0.530624,2.62246,0.267136,0.257952,0.253824,0.24768,0.249728,0.266112
8784,0.048384,0.52608,2.90854,0.26816,0.257952,0.253856,0.24768,0.24976,0.26544
8785,0.048384,0.530528,2.80371,0.266144,0.257952,0.253824,0.24976,0.249728,0.265472
8786,0.048288,0.529344,2.61459,0.26816,0.25792,0.253824,0.24768,0.251776,0.264064
8787,0.048096,0.525248,2.62176,0.268192,0.257952,0.253824,0.24976,0.250784,0.264064
8788,0.048256,0.812704,2.6217,0.268192,0.25792,0.253856,0.249728,0.248736,0.264096
8789,0.048544,0.523584,2.61683,0.26816,0.25792,0.254848,0.249728,0.251776,0.31936
8790,0.048512,0.518176,2.62368,0.27024,0.257952,0.255904,0.24976,0.249728,0.302944
8791,0.048192,0.52512,2.90435,0.266144,0.257952,0.253856,0.24976,0.24976,0.316704
8792,0.048448,0.524,2.61597,0.26816,0.25792,0.253824,0.249728,0.251776,0.29888
8793,0.048064,0.525024,2.61936,0.268192,0.256928,0.253824,0.24976,0.249728,0.286592
8794,0.047936,0.527776,2.6152,0.268192,0.257952,0.435072,0.253184,0.251808,0.286624
8795,0.048416,0.529984,2.61802,0.26816,0.25792,0.253824,0.250752,0.249728,0.266112
8796,0.048128,0.526048,2.61974,0.268192,0.257952,0.253824,0.24976,0.249728,0.26512
8797,0.047904,0.525632,2.62048,0.268192,0.257952,0.253856,0.249728,0.24976,0.264096
8798,0.047968,0.527424,2.89664,0.26816,0.25792,0.253824,0.24768,0.251808,0.265504
8799,0.048096,0.525792,2.62506,0.266144,0.257952,0.253856,0.249696,0.250752,0.264096
8800,0.047744,0.521056,2.61786,0.267168,0.257952,0.253856,0.24768,0.24976,0.305056
8801,0.048064,0.52272,2.77942,0.266112,0.259968,0.253824,0.404384,0.253152,0.32816
8802,0.047712,0.51808,2.62669,0.266112,0.25792,0.253824,0.24976,0.24976,0.299936
8803,0.04768,0.522752,2.62346,0.266112,0.258976,0.253856,0.24976,0.24976,0.325504
8804,0.050944,0.521216,2.6287,0.26816,0.25792,0.254848,0.249728,0.249728,0.341888
8805,0.048,0.68992,2.8217,0.268192,0.257952,0.253856,0.249728,0.24976,0.322784
8806,0.048064,0.520352,2.65005,0.26816,0.257952,0.253824,0.251808,0.250784,0.358272
8807,0.048384,0.517568,2.68886,0.267136,0.25792,0.255872,0.249728,0.249728,0.384896
8808,0.047904,0.512,2.97107,0.268192,0.26,0.253856,0.24976,0.24976,0.353504
8809,0.04768,0.505952,2.70797,0.266112,0.257952,0.253824,0.24976,0.251776,0.397216
8810,0.04672,0.505632,2.69232,0.266112,0.25792,0.254848,0.24976,0.251776,0.413568
8811,0.047072,0.50512,2.69798,0.267552,0.26,0.253984,0.404256,0.253216,0.555936
8812,0.047008,0.497792,2.70512,0.27024,0.25792,0.255904,0.24976,0.251776,0.431008
8813,0.047968,0.493152,2.67661,0.26816,0.259968,0.255872,0.249728,0.250752,0.44224
8814,0.048,0.498144,2.68256,0.26816,0.432032,0.253856,0.251808,0.251776,0.414624
8815,0.049248,0.487296,2.91366,0.268192,0.259968,0.255904,0.249728,0.251808,0.439552
8816,0.05072,0.496288,2.61821,0.26816,0.258944,0.255872,0.249728,0.251808,0.450432
8817,0.050368,0.496736,2.62224,0.27024,0.26,0.254848,0.24976,0.251776,0.419744
8818,0.052352,0.502528,2.88576,0.268192,0.26,0.255904,0.251808,0.251808,0.459968
8819,0.052832,0.508128,2.5951,0.270208,0.25792,0.255872,0.250752,0.251776,0.468864
8820,0.052448,0.505056,2.6008,0.26816,0.257952,0.255872,0.24976,0.251776,0.433024
8821,0.052928,0.505312,2.8512,0.268192,0.25792,0.255904,0.24976,0.251776,0.470272
8822,0.053152,0.503008,2.55514,0.26816,0.259968,0.254848,0.251808,0.251776,0.475008
8823,0.052352,0.500128,2.55395,0.268192,0.259648,0.255904,0.249728,0.250048,0.443296
8824,0.05328,0.505184,2.55702,0.27024,0.263424,0.255904,0.251808,0.514944,0.487328
8825,0.054016,0.49808,2.524,0.269184,0.259968,0.255872,0.249728,0.251776,0.495488
8826,0.052128,0.500224,2.52931,0.268192,0.26,0.255904,0.24976,0.251808,0.4648
8827,0.053248,0.493312,2.49331,0.268192,0.26,0.253856,0.250784,0.251776,0.487328
8828,0.053536,0.494304,2.71882,0.26816,0.25792,0.253824,0.249728,0.251776,0.480512
8829,0.051168,0.490752,2.45402,0.27024,0.258944,0.253856,0.24976,0.251808,0.456608
8830,0.051936,0.486848,2.45888,0.266112,0.257952,0.253824,0.248736,0.251808,0.462752
8831,0.051808,0.481312,2.48541,0.27152,0.261376,0.253824,0.249728,0.405376,0.620416
8832,0.050112,0.475456,2.49184,0.269216,0.257952,0.253824,0.24976,0.251808,0.411552
8833,0.050976,0.492032,2.51901,0.266144,0.25792,0.255904,0.24976,0.251808,0.417696
8834,0.05136,0.50112,2.52518,0.266112,0.25792,0.255872,0.249728,0.250752,0.409472
8835,0.050816,0.505344,2.8039,0.266144,0.258976,0.253824,0.24976,0.249728,0.376064
8836,0.051296,0.511424,2.5423,0.266144,0.257952,0.25488,0.251776,0.251776,0.395168
8837,0.051616,0.509376,2.5689,0.26816,0.259968,0.253824,0.249728,0.251776,0.38592
8838,0.051488,0.509536,2.8352,0.420768,0.26,0.25728,0.251808,0.251776,0.361728
8839,0.051424,0.508544,2.58387,0.266144,0.26,0.255904,0.24976,0.251808,0.378784
8840,0.051584,0.508832,2.58221,0.26816,0.259968,0.255872,0.250752,0.251776,0.35008
8841,0.051776,0.512512,2.61706,0.268192,0.263392,0.255904,0.251808,0.42384,0.351136
8842,0.051328,0.693664,2.63488,0.268192,0.26,0.255904,0.249728,0.250752,0.364448
8843,0.05168,0.522624,2.63325,0.267136,0.259968,0.255872,0.249728,0.251776,0.33984
8844,0.05152,0.52576,2.65242,0.268192,0.259968,0.255904,0.251776,0.251808,0.356256
8845,0.051488,0.528768,2.93462,0.26816,0.26,0.255872,0.249728,0.251808,0.353472
8846,0.051232,0.531456,2.65222,0.270208,0.259968,0.255872,0.251776,0.2528,0.327552
8847,0.051392,0.52384,2.67571,0.269184,0.26,0.255872,0.24976,0.251776,0.343968
8848,0.051264,0.528096,2.96048,0.26816,0.26,0.255872,0.251808,0.251808,0.341216
8849,0.050944,0.529728,2.66138,0.26816,0.259968,0.25488,0.249728,0.251776,0.307072
8850,0.050752,0.52768,2.67226,0.268192,0.26,0.255904,0.24976,0.251808,0.326528
8851,0.050688,0.52464,2.67168,0.27024,0.431008,0.255904,0.249728,0.250752,0.298912
8852,0.051264,0.523872,2.8384,0.26816,0.258944,0.255872,0.251776,0.251776,0.283872
8853,0.05056,0.52432,2.67341,0.268192,0.26,0.255008,0.251648,0.251776,0.286624
8854,0.050816,0.525536,2.67635,0.268192,0.259968,0.255904,0.249728,0.251808,0.267168
8855,0.05168,0.52656,2.95098,0.26816,0.26,0.255872,0.249728,0.251776,0.271616
8856,0.05104,0.527232,2.67085,0.27024,0.26,0.255904,0.251808,0.251776,0.268192
8857,0.051168,0.5256,2.6727,0.268192,0.26,0.255904,0.250784,0.251776,0.27024
8858,0.051488,0.525792,2.67338,0.269472,0.262016,0.255872,0.407424,0.25728,0.443264
8859,0.051232,0.524992,2.67376,0.268192,0.259968,0.255904,0.249728,0.251808,0.271264
8860,0.051296,0.526048,2.67014,0.268192,0.258944,0.255904,0.249728,0.251776,0.268192
8861,0.051744,0.526464,2.66646,0.270208,0.259968,0.256896,0.249728,0.251776,0.272256
8862,0.051872,0.796,2.85558,0.27024,0.26,0.255904,0.251808,0.251776,0.267488
8863,0.051488,0.524864,2.66634,0.26816,0.258976,0.255872,0.24976,0.251776,0.27024
8864,0.051584,0.524032,2.67222,0.26816,0.259968,0.254848,0.251776,0.251776,0.26816
8865,0.051616,0.523968,2.95987,0.268192,0.26,0.255904,0.24976,0.251808,0.271488
8866,0.051872,0.525632,2.67942,0.268192,0.259968,0.255904,0.249728,0.251808,0.267168
8867,0.051136,0.525216,2.66976,0.26816,0.258944,0.255872,0.251776,0.251776,0.272256
8868,0.05168,0.52128,2.67005,0.26816,0.26,0.42496,0.253088,0.253856,0.26608
8869,0.0512,0.52432,2.6656,0.26816,0.259968,0.255872,0.250752,0.251808,0.270208
8870,0.051552,0.524256,2.6665,0.26816,0.259968,0.255872,0.251776,0.251776,0.267136
8871,0.051616,0.524352,2.67763,0.268192,0.258976,0.255904,0.249728,0.251808,0.27024
8872,0.05168,0.530592,2.94867,0.268192,0.259968,0.255904,0.251776,0.251808,0.2696
8873,0.051808,0.530336,2.66899,0.26816,0.25792,0.255872,0.249728,0.250752,0.270208
8874,0.051456,0.53104,2.67168,0.269216,0.26,0.255904,0.251808,0.251776,0.270208
8875,0.051776,0.52832,2.94317,0.268192,0.26,0.255904,0.24976,0.251776,0.273696
8876,0.051584,0.531776,2.6687,0.270208,0.26,0.255872,0.250752,0.251776,0.270208
8877,0.051712,0.5304,2.67107,0.270208,0.26,0.255872,0.24976,0.251776,0.269216
8878,0.051488,0.52816,2.6673,0.268192,0.433056,0.257952,0.251776,0.253824,0.26816
8879,0.052032,0.528416,2.84698,0.270208,0.260992,0.255872,0.249728,0.251776,0.27152
8880,0.051584,0.52976,2.67571,0.268192,0.26,0.255904,0.250784,0.251808,0.270208
8881,0.051296,0.528864,2.66813,0.27024,0.26,0.253856,0.24976,0.251808,0.269184
8882,0.051968,0.530528,2.94867,0.270208,0.259968,0.253824,0.249728,0.251776,0.271616
8883,0.051328,0.529888,2.67792,0.268192,0.26,0.255904,0.24976,0.251808,0.27024
8884,0.051584,0.5264,2.66746,0.27024,0.26,0.255904,0.250784,0.251808,0.27024
8885,0.05216,0.530272,2.67046,0.273504,0.263392,0.255872,0.24976,0.5088,0.413568
8886,0.051328,0.528576,2.67533,0.269216,0.26,0.255904,0.251808,0.251776,0.27024
8887,0.051296,0.527616,2.66598,0.27024,0.259968,0.255904,0.249728,0.251808,0.27024
8888,0.05168,0.530752,2.66506,0.270208,0.259968,0.255872,0.250784,0.251776,0.270208
8889,0.051808,0.806304,2.67498,0.268192,0.259872,0.255904,0.249728,0.25088,0.27024
8890,0.05152,0.531296,2.66714,0.269216,0.26,0.255904,0.251808,0.251776,0.27024
8891,0.051904,0.528768,2.66861,0.270208,0.259968,0.255872,0.249728,0.251776,0.270208
8892,0.051904,0.530112,2.9609,0.26816,0.26,0.255872,0.251776,0.251808,0.271584
8893,0.051296,0.529568,2.6672,0.27024,0.25792,0.255904,0.24976,0.251808,0.269216
8894,0.051712,0.53072,2.67104,0.26816,0.258944,0.255872,0.249728,0.251776,0.270208
8895,0.051616,0.52816,2.67117,0.26816,0.262048,0.256928,0.421792,0.255232,0.270208
8896,0.051552,0.698976,2.66381,0.268192,0.259968,0.255904,0.251808,0.252832,0.27024
8897,0.05152,0.529888,2.67139,0.269184,0.259968,0.255872,0.249728,0.251776,0.270208
8898,0.052064,0.528736,2.67338,0.27024,0.259968,0.255904,0.249728,0.251808,0.27024
8899,0.051808,0.52912,3.05629,0.268192,0.26,0.255904,0.251808,0.251808,0.2696
8900,0.05168,0.528416,2.66778,0.26816,0.259968,0.255872,0.249728,0.251776,0.271232
8901,0.051552,0.52768,2.67443,0.268192,0.258976,0.255904,0.251776,0.251808,0.27024
8902,0.051552,0.530144,2.95235,0.268192,0.26,0.255904,0.249728,0.251808,0.271648
8903,0.051744,0.529184,2.66688,0.270208,0.259968,0.254848,0.249728,0.251776,0.270208
8904,0.051808,0.529312,2.67642,0.268192,0.26,0.255904,0.24976,0.251808,0.271232
8905,0.053344,0.529216,2.67309,0.27024,0.503712,0.255904,0.24976,0.251808,0.270208
8906,0.052064,0.530528,2.84528,0.26816,0.259968,0.255872,0.251776,0.251776,0.271616
8907,0.051424,0.528704,2.67152,0.268192,0.26,0.255904,0.250784,0.251776,0.270208
8908,0.051136,0.5288,2.66643,0.26816,0.26,0.255872,0.24976,0.251776,0.269184
8909,0.052256,0.531776,2.95283,0.26816,0.259968,0.255872,0.249728,0.251776,0.271616
8910,0.051328,0.52752,2.67418,0.26816,0.26,0.255872,0.24976,0.251776,0.270208
8911,0.051552,0.529216,2.67277,0.268192,0.26,0.255904,0.250784,0.251808,0.268192
8912,0.05216,0.530208,2.67027,0.269472,0.259968,0.255872,0.405376,0.25728,0.449408
8913,0.051872,0.529152,2.67747,0.26816,0.26,0.255872,0.24976,0.251776,0.271232
8914,0.051424,0.5304,2.67171,0.26816,0.257952,0.255872,0.249728,0.251776,0.270208
8915,0.052512,0.5304,2.67344,0.26816,0.257984,0.255872,0.250752,0.251776,0.270208
8916,0.051584,0.822656,2.67226,0.268192,0.26,0.255904,0.251808,0.250784,0.27024
8917,0.051424,0.531104,2.66525,0.269184,0.26,0.255872,0.24976,0.251776,0.27024
8918,0.051712,0.529536,2.67021,0.26816,0.259968,0.253824,0.249728,0.251776,0.270208
8919,0.051872,0.527904,2.9664,0.268192,0.26,0.254016,0.2496,0.251808,0.271584
8920,0.051584,0.528416,2.67011,0.269184,0.26,0.255872,0.249728,0.251776,0.27024
8921,0.051584,0.530592,2.67168,0.26816,0.259968,0.255872,0.251776,0.251776,0.270208
8922,0.051712,0.53008,2.67002,0.26816,0.26,0.255872,0.421792,0.255232,0.27024
8923,0.051776,0.702208,2.66848,0.27024,0.25792,0.255904,0.251808,0.252832,0.27024
8924,0.051648,0.530496,2.66659,0.269184,0.259968,0.255872,0.249728,0.251776,0.270208
8925,0.05152,0.528896,2.67571,0.26816,0.26,0.255872,0.251808,0.251808,0.27024
8926,0.051808,0.528384,2.95293,0.268192,0.26,0.255904,0.24976,0.251808,0.269568
8927,0.051616,0.531392,2.66794,0.26816,0.259968,0.255872,0.249728,0.250752,0.270208
8928,0.051712,0.528928,2.67408,0.269184,0.257952,0.255872,0.251808,0.251808,0.27024
8929,0.052032,0.529856,2.93898,0.268192,0.26,0.408448,0.253024,0.251808,0.271616
8930,0.051744,0.527648,2.66605,0.27024,0.25792,0.255872,0.249728,0.251776,0.270208
8931,0.051584,0.528064,2.68048,0.268192,0.26,0.255904,0.249728,0.250784,0.27024
8932,0.051936,0.530304,2.66845,0.269184,0.268032,0.255872,0.249728,0.412,0.27024
8933,0.052224,0.528,2.83344,0.270208,0.258944,0.255872,0.249728,0.251776,0.271616
8934,0.051424,0.533376,2.67754,0.27024,0.259968,0.25488,0.249728,0.251808,0.270208
8935,0.05152,0.530432,2.6807,0.268192,0.26,0.255904,0.24976,0.251808,0.269216
8936,0.051936,0.52752,2.94358,0.26816,0.259968,0.255904,0.249728,0.251776,0.271616
8937,0.051872,0.529952,2.67187,0.26816,0.258976,0.255872,0.251808,0.251808,0.270208
8938,0.051584,0.529632,2.66448,0.268192,0.26,0.253856,0.250784,0.251808,0.268192
8939,0.052096,0.528352,2.6687,0.269504,0.263424,0.255872,0.251776,0.408448,0.450432
8940,0.051648,0.528128,2.67382,0.269216,0.26,0.255904,0.249728,0.251776,0.27024
8941,0.051488,0.52976,2.66384,0.26816,0.257952,0.255872,0.251808,0.251808,0.270208
8942,0.051616,0.530368,2.66966,0.26816,0.25792,0.253824,0.250752,0.251776,0.270208
8943,0.05184,0.814144,2.6712,0.268192,0.258976,0.255904,0.249728,0.251808,0.27024
8944,0.051488,0.528224,2.66627,0.268192,0.257952,0.254848,0.24976,0.251808,0.27024
8945,0.052224,0.529728,2.6641,0.26816,0.259968,0.255872,0.249728,0.251776,0.270208
8946,0.051808,0.528576,2.9559,0.268192,0.257952,0.255904,0.249728,0.251808,0.269536
8947,0.051584,0.52848,2.66602,0.269216,0.259968,0.255904,0.249728,0.251808,0.26816
8948,0.051744,0.53024,2.66342,0.270208,0.26,0.255872,0.249728,0.251776,0.270208
8949,0.051744,0.529632,2.67914,0.268192,0.26,0.255904,0.421792,0.255136,0.27024
8950,0.051424,0.7032,2.67162,0.268192,0.259968,0.253856,0.24976,0.250784,0.27024
8951,0.052288,0.531584,2.66701,0.269184,0.259968,0.255872,0.251776,0.251776,0.270208
8952,0.052288,0.530784,2.6751,0.26816,0.257952,0.255904,0.249728,0.251776,0.27024
8953,0.051552,0.527392,3.10688,0.268192,0.257952,0.255904,0.24976,0.251808,0.269536
8954,0.051584,0.529504,2.67312,0.26816,0.259968,0.255904,0.249728,0.251776,0.271232
8955,0.051264,0.526208,2.67242,0.268192,0.258976,0.255904,0.24976,0.251808,0.27024
8956,0.052288,0.528224,2.95168,0.268192,0.26,0.255904,0.251808,0.251808,0.269568
8957,0.051776,0.531392,2.66637,0.26816,0.25792,0.25488,0.251744,0.251776,0.270208
8958,0.051776,0.529248,2.67613,0.268192,0.259968,0.255904,0.249728,0.251808,0.271264
8959,0.051328,0.529632,2.66579,0.27024,0.521088,0.255904,0.24976,0.253856,0.270208
8960,0.051808,0.527008,2.66195,0.26816,0.259968,0.254848,0.251776,0.251776,0.270208
8961,0.051264,0.529824,2.67274,0.270208,0.26,0.255872,0.251808,0.251808,0.27024
8962,0.05168,0.528832,2.66726,0.27024,0.259968,0.255904,0.251808,0.252832,0.27024
8963,0.051872,0.528896,2.96058,0.26816,0.259968,0.255904,0.251808,0.251776,0.271616
8964,0.051264,0.5296,2.6704,0.27024,0.257952,0.255904,0.24976,0.251808,0.270208
8965,0.05136,0.526112,2.66768,0.268192,0.26,0.255904,0.251776,0.250752,0.27024
8966,0.052256,0.528384,2.6665,0.439168,0.417664,0.259328,0.251776,0.251776,0.274304
8967,0.051456,0.525664,2.67405,0.27024,0.26,0.254848,0.24976,0.251808,0.27024
8968,0.05168,0.527232,2.67296,0.268192,0.259968,0.253856,0.249728,0.251808,0.268192
8969,0.051936,0.528672,2.6687,0.26816,0.259968,0.255872,0.251776,0.250752,0.270208
8970,0.05168,0.807968,2.67494,0.26816,0.258976,0.255872,0.24976,0.251776,0.27024
8971,0.05184,0.530976,2.70026,0.267168,0.26,0.255904,0.24976,0.251808,0.368544
8972,0.051552,0.527808,2.69171,0.270208,0.259968,0.255872,0.249728,0.251776,0.356224
8973,0.0512,0.523552,3.17238,0.26816,0.26,0.255872,0.251808,0.251808,0.386176
8974,0.049888,0.512544,2.71318,0.268192,0.26,0.255904,0.250784,0.251808,0.407424
8975,0.04992,0.510784,2.71014,0.270208,0.259968,0.255872,0.251776,0.251776,0.38592
8976,0.050496,0.510624,2.72157,0.269536,0.26,0.255904,0.24976,0.251776,0.681888
8977,0.049472,0.508352,2.712,0.270208,0.26,0.255872,0.251808,0.2528,0.415648
8978,0.049216,0.50288,2.71648,0.26816,0.25792,0.255872,0.251776,0.251776,0.392064
8979,0.049504,0.505888,2.71731,0.270208,0.429984,0.255872,0.24976,0.251808,0.38288
8980,0.050496,0.500032,2.85322,0.266144,0.261024,0.253856,0.251808,0.251808,0.449664
8981,0.049568,0.498336,2.67494,0.269184,0.259968,0.255872,0.249728,0.251776,0.432
8982,0.050528,0.50528,2.66426,0.268192,0.259968,0.255904,0.251776,0.251808,0.450464
8983,0.051232,0.517056,2.91344,0.266144,0.259968,0.255904,0.249728,0.251808,0.468224
8984,0.051072,0.516704,2.62986,0.26816,0.25792,0.255872,0.250752,0.251776,0.399232
8985,0.052448,0.524608,2.62266,0.26816,0.26,0.255872,0.251808,0.251808,0.420704
8986,0.05376,0.532448,2.87149,0.268192,0.259968,0.255904,0.249728,0.251808,0.427296
8987,0.0544,0.53632,2.75418,0.266112,0.259968,0.253824,0.24976,0.251776,0.427264
8988,0.053056,0.531904,2.56909,0.266144,0.257952,0.255904,0.251776,0.251808,0.427936
8989,0.055616,0.539232,2.53629,0.266144,0.436128,0.253824,0.251808,0.2528,0.432032
8990,0.055296,0.539904,2.70848,0.266112,0.258944,0.253824,0.251776,0.251776,0.439488
8991,0.05376,0.538496,2.53197,0.26816,0.26,0.25488,0.24976,0.251808,0.417664
8992,0.054304,0.540736,2.52682,0.266144,0.26,0.253824,0.24976,0.251808,0.437152
8993,0.054944,0.54208,2.96272,0.266112,0.259968,0.253824,0.251776,0.251776,0.439552
8994,0.053888,0.537952,2.51245,0.268192,0.259968,0.255904,0.249728,0.251808,0.410528
8995,0.054592,0.54,2.4977,0.268192,0.258944,0.255904,0.24976,0.251808,0.429952
8996,0.0552,0.537312,2.75629,0.26816,0.259968,0.253824,0.24976,0.251776,0.42112
8997,0.054272,0.536448,2.48067,0.268192,0.26,0.255904,0.250784,0.251776,0.38288
8998,0.05472,0.53424,2.46707,0.266112,0.26,0.255872,0.24976,0.251808,0.404384
8999,0.061728,0.530752,2.45878,0.26816,0.42688,0.255872,0.249728,0.251776,0.39104
9000,0.054144,0.530048,2.64438,0.26816,0.26,0.255872,0.24976,0.251808,0.353504
9001,0.053888,0.530944,2.46224,0.268192,0.25792,0.255904,0.251776,0.250752,0.346016
9002,0.054272,0.533408,2.46467,0.266112,0.259968,0.254848,0.249728,0.251776,0.31936
9003,0.054304,0.527136,2.74781,0.266144,0.25792,0.255904,0.249728,0.251808,0.351456
9004,0.053728,0.528736,2.45837,0.267168,0.26,0.253856,0.24976,0.251808,0.35008
9005,0.053472,0.523904,2.45264,0.266112,0.25792,0.255872,0.249728,0.251776,0.323456
9006,0.062816,0.534272,2.45997,0.266112,0.421056,0.255872,0.251808,0.251808,0.315264
9007,0.053792,0.526944,2.63642,0.266112,0.26,0.253856,0.24976,0.251808,0.28592
9008,0.054304,0.527008,2.45501,0.26816,0.258944,0.255872,0.251776,0.251776,0.270208
9009,0.053536,0.527808,2.45952,0.26816,0.257952,0.253984,0.250592,0.251808,0.26816
9010,0.053568,0.52736,2.74022,0.266112,0.26,0.253856,0.251808,0.251776,0.26736
9011,0.053792,0.530752,2.4609,0.266112,0.259968,0.254848,0.249728,0.251776,0.26816
9012,0.053504,0.5264,2.46198,0.268192,0.259968,0.253984,0.251616,0.251808,0.267168
9013,0.057024,0.529536,2.45731,0.26816,0.26,0.253824,0.24976,0.251776,0.26816
9014,0.05488,0.814432,2.45686,0.266112,0.258944,0.255872,0.249728,0.251776,0.26816
9015,0.0536,0.526688,2.45994,0.268192,0.26,0.255904,0.250784,0.251776,0.268192
9016,0.053696,0.528576,2.46128,0.267168,0.26,0.255904,0.251808,0.251776,0.268192
9017,0.054112,0.527872,2.72669,0.266112,0.259968,0.41152,0.253152,0.251776,0.269568
9018,0.053632,0.526496,2.46195,0.268192,0.257952,0.255904,0.249728,0.251808,0.269216
9019,0.054048,0.52752,2.45923,0.26816,0.26,0.255872,0.24976,0.251776,0.26816
9020,0.054176,0.526752,2.45933,0.26816,0.259968,0.255872,0.250752,0.251776,0.26816
9021,0.054048,0.810944,2.46342,0.268192,0.258976,0.255904,0.24976,0.251808,0.268192
9022,0.053888,0.525504,2.45786,0.268192,0.26,0.253856,0.250784,0.251776,0.268192
9023,0.05408,0.527776,2.45171,0.267136,0.259968,0.255872,0.249728,0.251776,0.26816
9024,0.053824,0.526304,2.74938,0.26816,0.26,0.253824,0.24976,0.251776,0.273536
9025,0.054112,0.529696,2.45792,0.26816,0.259968,0.255872,0.24976,0.250784,0.26816
9026,0.054688,0.528864,2.4536,0.266112,0.25792,0.254848,0.249728,0.251808,0.26816
9027,0.053664,0.530048,2.45747,0.268192,0.259968,0.255904,0.251776,0.251808,0.269216
9028,0.054272,0.531744,2.74003,0.266112,0.26,0.253856,0.24976,0.251808,0.26752
9029,0.054816,0.528512,2.45565,0.26816,0.259968,0.255872,0.249728,0.250752,0.26816
9030,0.053664,0.527552,2.46109,0.266144,0.26,0.254848,0.24976,0.251776,0.268192
9031,0.054528,0.526048,2.45763,0.273568,0.26,0.255872,0.251808,0.251808,0.525216
9032,0.054432,0.528512,2.45603,0.266112,0.26,0.253824,0.249728,0.251776,0.270208
9033,0.054016,0.527296,2.4616,0.268192,0.257952,0.255904,0.251808,0.250784,0.268192
9034,0.054112,0.526656,2.4592,0.268192,0.259968,0.25488,0.249728,0.251808,0.268192
9035,0.054816,0.527488,2.7368,0.266112,0.259968,0.253824,0.251776,0.251776,0.2696
9036,0.054176,0.5312,2.46298,0.26816,0.257952,0.255872,0.24976,0.251776,0.27024
9037,0.053888,0.528256,2.45578,0.268192,0.259968,0.255904,0.24976,0.250784,0.26816
9038,0.227328,0.527744,2.46003,0.26816,0.259968,0.425856,0.2552,0.251776,0.26816
9039,0.054208,0.532768,2.63366,0.266144,0.259968,0.255904,0.249728,0.251808,0.269376
9040,0.054368,0.528512,2.45997,0.268192,0.261024,0.253856,0.249728,0.251808,0.268192
9041,0.053952,0.526656,2.45818,0.26816,0.25792,0.255872,0.250752,0.251776,0.26816
9042,0.054304,0.52832,2.83958,0.268192,0.26,0.253856,0.24976,0.251808,0.269536
9043,0.053696,0.527072,2.45856,0.268192,0.26,0.255904,0.250784,0.251776,0.268192
9044,0.054176,0.528576,2.45955,0.267136,0.259968,0.255872,0.249728,0.251776,0.26816
9045,0.054112,0.529536,2.46106,0.266144,0.26,0.511904,0.253184,0.251808,0.268192
9046,0.053792,0.526624,2.45542,0.268192,0.259968,0.255904,0.249728,0.251808,0.267168
9047,0.054144,0.529376,2.45526,0.266112,0.259968,0.253824,0.249728,0.251776,0.26816
9048,0.053856,0.5264,2.46234,0.268192,0.259968,0.253888,0.249696,0.250784,0.268192
9049,0.054368,0.530016,2.74096,0.266144,0.257952,0.253856,0.249728,0.251808,0.26752
9050,0.05424,0.526592,2.45616,0.26816,0.259968,0.255872,0.251776,0.251776,0.269184
9051,0.05344,0.526944,2.45997,0.268192,0.26,0.253856,0.24976,0.251808,0.268192
9052,0.054112,0.529888,2.45267,0.268192,0.261312,0.255904,0.251808,0.422816,0.268192
9053,0.054752,0.698464,2.45773,0.266112,0.259968,0.255872,0.249728,0.251776,0.26816
9054,0.053888,0.5256,2.46019,0.268192,0.26,0.255904,0.251776,0.250752,0.268192
9055,0.05456,0.527232,2.45987,0.266112,0.25792,0.25488,0.24976,0.251808,0.26816
9056,0.05472,0.52768,2.73933,0.266112,0.259968,0.255872,0.249728,0.251808,0.269568
9057,0.05472,0.528576,2.46093,0.267168,0.259968,0.255904,0.249728,0.251808,0.26816
9058,0.054176,0.528544,2.45872,0.266144,0.26,0.255904,0.251808,0.251808,0.268192
9059,0.054592,0.529312,2.46083,0.26816,0.435072,0.255872,0.249728,0.251776,0.26816
9060,0.054368,0.527744,2.63942,0.268192,0.26,0.255904,0.24976,0.251808,0.269536
9061,0.053792,0.527808,2.45472,0.268192,0.26,0.253856,0.24976,0.250784,0.268192
9062,0.054848,0.52816,2.45907,0.266112,0.259968,0.254848,0.251776,0.251776,0.26816
9063,0.054208,0.528064,2.73648,0.2736,0.26,0.255872,0.24976,0.251776,0.422112
9064,0.054336,0.527488,2.45379,0.268192,0.25792,0.253856,0.249728,0.251808,0.268192
9065,0.054176,0.528576,2.45507,0.266112,0.25792,0.253824,0.249728,0.2528,0.26816
9066,0.322656,0.527424,2.4623,0.268192,0.259968,0.25488,0.249728,0.251808,0.268192
9067,0.054016,0.535968,2.45862,0.268192,0.257952,0.255904,0.24976,0.252832,0.268192
9068,0.054464,0.529024,2.4543,0.267136,0.25792,0.255872,0.249728,0.249728,0.26816
9069,0.05376,0.527072,2.46326,0.26816,0.257952,0.255872,0.24976,0.251808,0.26816
9070,0.054144,0.529152,2.73414,0.266144,0.26,0.253824,0.24976,0.251808,0.267488
9071,0.054784,0.532544,2.45613,0.26816,0.259968,0.255872,0.250752,0.251776,0.270208
9072,0.053632,0.528832,2.4561,0.267168,0.25792,0.255904,0.24976,0.251808,0.268192
9073,0.054272,0.527168,2.45677,0.26816,0.25792,0.255872,0.24976,0.251776,0.26816
9074,0.055104,0.805152,2.4703,0.26816,0.258944,0.253824,0.251776,0.249728,0.26816
9075,0.053728,0.527712,2.46083,0.26816,0.26,0.255872,0.250784,0.251808,0.26816
9076,0.05424,0.532736,2.46102,0.269184,0.257952,0.255872,0.24976,0.251808,0.268192
9077,0.054752,0.526816,2.73037,0.26816,0.259968,0.253824,0.249728,0.251776,0.27968
9078,0.054048,0.529504,2.4656,0.268192,0.258944,0.255904,0.24976,0.251808,0.268192
9079,0.053984,0.528288,2.45267,0.268192,0.26,0.255904,0.250784,0.251776,0.268192
9080,0.05408,0.529536,2.45706,0.269184,0.259968,0.255872,0.249728,0.251776,0.26816
9081,0.054208,0.530752,2.75379,0.26816,0.26,0.255872,0.249728,0.251776,0.269536
9082,0.054336,0.526816,2.45712,0.266112,0.258944,0.255904,0.24976,0.251808,0.268192
9083,0.053952,0.526336,2.45418,0.266112,0.25792,0.253824,0.250752,0.251776,0.26816
9084,0.05424,0.531648,2.46435,0.275744,0.263392,0.255904,0.251808,0.412576,0.441248
9085,0.05424,0.698432,2.46096,0.266144,0.257952,0.253824,0.24976,0.251776,0.268192
9086,0.05408,0.53088,2.45901,0.26816,0.259968,0.255872,0.251776,0.250752,0.26816
9087,0.05392,0.52576,2.46394,0.267168,0.257952,0.255904,0.24976,0.251808,0.268192
9088,0.054496,0.527072,2.74131,0.27024,0.26,0.255904,0.251808,0.251776,0.267552
9089,0.249728,0.26816,0.255872,0.0,0.0,0.0,0.0,0.0,0.0
9090,0.249728,0.26816,0.25488,0.0,0.0,0.0,0.0,0.0,0.0
9091,0.251808,0.532384,0.257312,0.0,0.0,0.0,0.0,0.0,0.0
9092,0.065728,0.522208,2.45907,0.0,0.0,0.0,0.0,0.0,0.0
9093,0.064576,0.52832,2.46246,0.0,0.0,0.0,0.0,0.0,0.0
9094,0.065472,0.523136,2.44349,0.0,0.0,0.0,0.0,0.0,0.0
9095,0.065248,0.791264,2.43789,0.0,0.0,0.0,0.0,0.0,0.0
9096,0.065312,0.514912,2.44202,0.0,0.0,0.0,0.0,0.0,0.0
9097,0.065504,0.520256,2.43565,0.0,0.0,0.0,0.0,0.0,0.0
9098,0.065728,0.518432,2.43459,0.0,0.0,0.0,0.0,0.0,0.0
9099,0.065152,0.520352,2.43782,0.0,0.0,0.0,0.0,0.0,0.0
9100,0.064928,0.518592,2.82058,0.0,0.0,0.0,0.0,0.0,0.0
9101,0.065728,0.5176,2.44314,0.0,0.0,0.0,0.0,0.0,0.0
9102,0.06464,0.517952,2.44352,0.0,0.0,0.0,0.0,0.0,0.0
9103,0.065056,0.519264,2.43866,0.0,0.0,0.0,0.0,0.0,0.0
9104,0.0656,0.516352,2.43754,0.0,0.0,0.0,0.0,0.0,0.0
9105,0.06464,0.517472,2.63574,0.0,0.0,0.0,0.0,0.0,0.0
9106,0.064864,0.521184,2.59946,0.0,0.0,0.0,0.0,0.0,0.0
9107,0.065568,0.518112,2.4367,0.0,0.0,0.0,0.0,0.0,0.0
9108,0.064576,0.516352,2.44365,0.0,0.0,0.0,0.0,0.0,0.0
9109,0.064864,0.518272,2.43968,0.0,0.0,0.0,0.0,0.0,0.0
9110,0.06528,0.518176,2.43638,0.0,0.0,0.0,0.0,0.0,0.0
9111,0.064864,0.521856,2.70525,0.0,0.0,0.0,0.0,0.0,0.0
9112,0.065664,0.517504,2.43485,0.0,0.0,0.0,0.0,0.0,0.0
9113,0.066496,0.520416,2.43526,0.0,0.0,0.0,0.0,0.0,0.0
9114,0.064384,0.51872,2.43971,0.0,0.0,0.0,0.0,0.0,0.0
9115,0.064736,0.516096,2.43677,0.0,0.0,0.0,0.0,0.0,0.0
9116,0.0648,0.517792,2.88451,0.0,0.0,0.0,0.0,0.0,0.0
9117,0.066368,0.519456,2.44288,0.0,0.0,0.0,0.0,0.0,0.0
9118,0.0648,0.518496,2.43856,0.0,0.0,0.0,0.0,0.0,0.0
9119,0.06656,0.520224,2.43968,0.0,0.0,0.0,0.0,0.0,0.0
9120,0.064416,0.51664,2.44051,0.0,0.0,0.0,0.0,0.0,0.0
9121,0.064896,0.515264,2.71494,0.0,0.0,0.0,0.0,0.0,0.0
9122,0.065536,0.520896,2.43699,0.0,0.0,0.0,0.0,0.0,0.0
9123,0.0648,0.51888,2.44288,0.0,0.0,0.0,0.0,0.0,0.0
9124,0.06464,0.520928,2.44086,0.0,0.0,0.0,0.0,0.0,0.0
9125,0.065024,0.517536,2.44317,0.0,0.0,0.0,0.0,0.0,0.0
9126,0.064768,0.517504,2.44157,0.0,0.0,0.0,0.0,0.0,0.0
9127,0.065408,0.51664,2.7169,0.0,0.0,0.0,0.0,0.0,0.0
9128,0.066144,0.5176,2.4343,0.0,0.0,0.0,0.0,0.0,0.0
9129,0.064288,0.5152,2.44198,0.0,0.0,0.0,0.0,0.0,0.0
9130,0.065824,0.517504,2.43821,0.0,0.0,0.0,0.0,0.0,0.0
9131,0.0648,0.517632,2.43766,0.0,0.0,0.0,0.0,0.0,0.0
9132,0.065088,0.51744,2.72317,0.0,0.0,0.0,0.0,0.0,0.0
9133,0.065696,0.518176,2.43994,0.0,0.0,0.0,0.0,0.0,0.0
9134,0.065504,0.522368,2.43552,0.0,0.0,0.0,0.0,0.0,0.0
9135,0.065984,0.5176,2.44115,0.0,0.0,0.0,0.0,0.0,0.0
9136,0.065568,0.516896,2.44442,0.0,0.0,0.0,0.0,0.0,0.0
9137,0.065056,0.51728,2.43565,0.0,0.0,0.0,0.0,0.0,0.0
9138,0.065024,0.691424,2.62547,0.0,0.0,0.0,0.0,0.0,0.0
9139,0.065472,0.518944,2.4336,0.0,0.0,0.0,0.0,0.0,0.0
9140,0.064896,0.518912,2.44035,0.0,0.0,0.0,0.0,0.0,0.0
9141,0.064832,0.518688,2.44378,0.0,0.0,0.0,0.0,0.0,0.0
9142,0.064896,0.515712,2.44163,0.0,0.0,0.0,0.0,0.0,0.0
9143,0.065824,0.520576,2.80768,0.0,0.0,0.0,0.0,0.0,0.0
9144,0.064608,0.517248,2.44352,0.0,0.0,0.0,0.0,0.0,0.0
9145,0.064832,0.516416,2.43869,0.0,0.0,0.0,0.0,0.0,0.0
9146,0.06576,0.517504,2.43456,0.0,0.0,0.0,0.0,0.0,0.0
9147,0.06496,0.51696,2.43891,0.0,0.0,0.0,0.0,0.0,0.0
9148,0.065216,0.516352,2.6399,0.0,0.0,0.0,0.0,0.0,0.0
9149,0.065216,0.665184,2.44237,0.0,0.0,0.0,0.0,0.0,0.0
9150,0.06432,0.516704,2.44666,0.0,0.0,0.0,0.0,0.0,0.0
9151,0.06544,0.52096,2.43846,0.0,0.0,0.0,0.0,0.0,0.0
9152,0.06512,0.51728,2.43331,0.0,0.0,0.0,0.0,0.0,0.0
9153,0.064352,0.517184,2.43674,0.0,0.0,0.0,0.0,0.0,0.0
9154,0.06528,0.766912,2.62845,0.0,0.0,0.0,0.0,0.0,0.0
9155,0.065216,0.51632,2.43386,0.0,0.0,0.0,0.0,0.0,0.0
9156,0.06544,0.517728,2.44147,0.0,0.0,0.0,0.0,0.0,0.0
9157,0.065088,0.522592,2.43766,0.0,0.0,0.0,0.0,0.0,0.0
9158,0.06528,0.518912,2.4343,0.0,0.0,0.0,0.0,0.0,0.0
9159,0.065792,0.51744,2.71706,0.0,0.0,0.0,0.0,0.0,0.0
9160,0.064704,0.517472,2.43642,0.0,0.0,0.0,0.0,0.0,0.0
9161,0.066368,0.518112,2.43878,0.0,0.0,0.0,0.0,0.0,0.0
9162,0.064608,0.515872,2.4424,0.0,0.0,0.0,0.0,0.0,0.0
9163,0.065888,0.51792,2.43974,0.0,0.0,0.0,0.0,0.0,0.0
9164,0.065376,0.519584,2.71478,0.0,0.0,0.0,0.0,0.0,0.0
9165,0.065472,0.517888,2.44157,0.0,0.0,0.0,0.0,0.0,0.0
9166,0.064928,0.522176,2.43792,0.0,0.0,0.0,0.0,0.0,0.0
9167,0.064992,0.517216,2.44198,0.0,0.0,0.0,0.0,0.0,0.0
9168,0.064704,0.51904,2.45158,0.0,0.0,0.0,0.0,0.0,0.0
9169,0.065088,0.52016,2.43533,0.0,0.0,0.0,0.0,0.0,0.0
9170,0.064928,0.789088,2.44582,0.0,0.0,0.0,0.0,0.0,0.0
9171,0.065248,0.726272,2.43798,0.0,0.0,0.0,0.0,0.0,0.0
9172,0.065632,0.516736,2.44682,0.0,0.0,0.0,0.0,0.0,0.0
9173,0.06512,0.517504,2.4383,0.0,0.0,0.0,0.0,0.0,0.0
9174,0.065536,0.516992,2.44246,0.0,0.0,0.0,0.0,0.0,0.0
9175,0.065728,0.518816,2.92672,0.0,0.0,0.0,0.0,0.0,0.0
9176,0.065056,0.518112,2.43597,0.0,0.0,0.0,0.0,0.0,0.0
9177,0.064704,0.515232,2.44486,0.0,0.0,0.0,0.0,0.0,0.0
9178,0.06544,0.519168,2.43949,0.0,0.0,0.0,0.0,0.0,0.0
9179,0.065312,0.52112,2.43616,0.0,0.0,0.0,0.0,0.0,0.0
9180,0.068608,0.520224,2.94157,0.0,0.0,0.0,0.0,0.0,0.0
9181,0.065408,0.681984,2.44442,0.0,0.0,0.0,0.0,0.0,0.0
9182,0.066016,0.51648,2.44253,0.0,0.0,0.0,0.0,0.0,0.0
9183,0.06528,0.516704,2.4632,0.0,0.0,0.0,0.0,0.0,0.0
9184,0.064736,0.520768,2.46464,0.0,0.0,0.0,0.0,0.0,0.0
9185,0.065888,0.52112,2.68909,0.0,0.0,0.0,0.0,0.0,0.0
9186,0.064864,0.789248,2.65094,0.0,0.0,0.0,0.0,0.0,0.0
9187,0.065792,0.52,2.45747,0.0,0.0,0.0,0.0,0.0,0.0
9188,0.0656,0.518688,2.4625,0.0,0.0,0.0,0.0,0.0,0.0
9189,0.065312,0.522752,2.46349,0.0,0.0,0.0,0.0,0.0,0.0
9190,0.066752,0.5208,2.69552,0.0,0.0,0.0,0.0,0.0,0.0
9191,0.065856,0.522112,2.7345,0.0,0.0,0.0,0.0,0.0,0.0
9192,0.0648,0.520544,2.46218,0.0,0.0,0.0,0.0,0.0,0.0
9193,0.066336,0.51984,2.45667,0.0,0.0,0.0,0.0,0.0,0.0
9194,0.0656,0.52048,2.45616,0.0,0.0,0.0,0.0,0.0,0.0
9195,0.065152,0.519712,2.4705,0.0,0.0,0.0,0.0,0.0,0.0
9196,0.065952,0.520288,2.94768,0.0,0.0,0.0,0.0,0.0,0.0
9197,0.065376,0.518016,2.45651,0.0,0.0,0.0,0.0,0.0,0.0
9198,0.064864,0.521952,2.46157,0.0,0.0,0.0,0.0,0.0,0.0
9199,0.065856,0.519872,2.45715,0.0,0.0,0.0,0.0,0.0,0.0
9200,0.064992,0.520352,2.4583,0.0,0.0,0.0,0.0,0.0,0.0
9201,0.064608,0.517664,2.83501,0.0,0.0,0.0,0.0,0.0,0.0
9202,0.06624,0.52288,2.4561,0.0,0.0,0.0,0.0,0.0,0.0
9203,0.065216,0.519808,2.45613,0.0,0.0,0.0,0.0,0.0,0.0
9204,0.0648,0.519936,2.45757,0.0,0.0,0.0,0.0,0.0,0.0
9205,0.064704,0.520768,2.46266,0.0,0.0,0.0,0.0,0.0,0.0
9206,0.067424,0.519904,2.7408,0.0,0.0,0.0,0.0,0.0,0.0
9207,0.064672,0.524032,2.46192,0.0,0.0,0.0,0.0,0.0,0.0
9208,0.06464,0.52016,2.46272,0.0,0.0,0.0,0.0,0.0,0.0
9209,0.064864,0.522752,2.45539,0.0,0.0,0.0,0.0,0.0,0.0
9210,0.06496,0.520928,2.4625,0.0,0.0,0.0,0.0,0.0,0.0
9211,0.064992,0.520512,2.45306,0.0,0.0,0.0,0.0,0.0,0.0
9212,0.065344,0.527456,2.74733,0.0,0.0,0.0,0.0,0.0,0.0
9213,0.065184,0.522688,2.46426,0.0,0.0,0.0,0.0,0.0,0.0
9214,0.064416,0.520512,2.45987,0.0,0.0,0.0,0.0,0.0,0.0
9215,0.064992,0.520704,2.46358,0.0,0.0,0.0,0.0,0.0,0.0
9216,0.064864,0.52032,2.4633,0.0,0.0,0.0,0.0,0.0,0.0
9217,0.065184,0.522592,2.85456,0.0,0.0,0.0,0.0,0.0,0.0
9218,0.0656,0.520192,2.45773,0.0,0.0,0.0,0.0,0.0,0.0
9219,0.064672,0.521024,2.46096,0.0,0.0,0.0,0.0,0.0,0.0
9220,0.065152,0.522112,2.45773,0.0,0.0,0.0,0.0,0.0,0.0
9221,0.065632,0.52048,2.46218,0.0,0.0,0.0,0.0,0.0,0.0
9222,0.065856,0.520928,2.74307,0.0,0.0,0.0,0.0,0.0,0.0
9223,0.064896,0.517888,2.45926,0.0,0.0,0.0,0.0,0.0,0.0
9224,0.066368,0.52112,2.45786,0.0,0.0,0.0,0.0,0.0,0.0
9225,0.064928,0.521536,2.45907,0.0,0.0,0.0,0.0,0.0,0.0
9226,0.06512,0.522176,2.46496,0.0,0.0,0.0,0.0,0.0,0.0
9227,0.06576,0.524608,2.47341,0.0,0.0,0.0,0.0,0.0,0.0
9228,0.064544,0.798528,2.46662,0.0,0.0,0.0,0.0,0.0,0.0
9229,0.065248,0.52256,2.46403,0.0,0.0,0.0,0.0,0.0,0.0
9230,0.06544,0.52288,2.4695,0.0,0.0,0.0,0.0,0.0,0.0
9231,0.064864,0.521024,2.45987,0.0,0.0,0.0,0.0,0.0,0.0
9232,0.065664,0.521664,2.45334,0.0,0.0,0.0,0.0,0.0,0.0
9233,0.065504,0.518976,2.73597,0.0,0.0,0.0,0.0,0.0,0.0
9234,0.065376,0.520736,2.46189,0.0,0.0,0.0,0.0,0.0,0.0
9235,0.06592,0.51968,2.46051,0.0,0.0,0.0,0.0,0.0,0.0
9236,0.064768,0.520928,2.4657,0.0,0.0,0.0,0.0,0.0,0.0
9237,0.06448,0.519584,2.45853,0.0,0.0,0.0,0.0,0.0,0.0
9238,0.065344,0.520384,2.74595,0.0,0.0,0.0,0.0,0.0,0.0
9239,0.066528,0.518976,2.45536,0.0,0.0,0.0,0.0,0.0,0.0
9240,0.064608,0.519008,2.46224,0.0,0.0,0.0,0.0,0.0,0.0
9241,0.065408,0.520384,2.45587,0.0,0.0,0.0,0.0,0.0,0.0
9242,0.064832,0.518624,2.46355,0.0,0.0,0.0,0.0,0.0,0.0
9243,0.06464,0.518944,2.46102,0.0,0.0,0.0,0.0,0.0,0.0
9244,0.065184,0.805056,2.45981,0.0,0.0,0.0,0.0,0.0,0.0
9245,0.065024,0.524,2.45536,0.0,0.0,0.0,0.0,0.0,0.0
9246,0.064768,0.518432,2.4703,0.0,0.0,0.0,0.0,0.0,0.0
9247,0.064896,0.52256,2.45318,0.0,0.0,0.0,0.0,0.0,0.0
9248,0.065472,0.519712,2.45853,0.0,0.0,0.0,0.0,0.0,0.0
9249,0.064928,0.520384,2.83773,0.0,0.0,0.0,0.0,0.0,0.0
9250,0.06592,0.51904,2.8104,0.0,0.0,0.0,0.0,0.0,0.0
9251,0.065408,0.518784,2.45706,0.0,0.0,0.0,0.0,0.0,0.0
9252,0.064288,0.520736,2.46166,0.0,0.0,0.0,0.0,0.0,0.0
9253,0.064832,0.520768,2.4577,0.0,0.0,0.0,0.0,0.0,0.0
9254,0.065216,0.523808,2.74272,0.0,0.0,0.0,0.0,0.0,0.0
9255,0.064768,0.518688,2.46342,0.0,0.0,0.0,0.0,0.0,0.0
9256,0.066848,0.52032,2.45651,0.0,0.0,0.0,0.0,0.0,0.0
9257,0.065952,0.520096,2.45747,0.0,0.0,0.0,0.0,0.0,0.0
9258,0.064256,0.51856,2.46304,0.0,0.0,0.0,0.0,0.0,0.0
9259,0.069184,0.521088,2.7463,0.0,0.0,0.0,0.0,0.0,0.0
9260,0.065088,0.523008,2.45757,0.0,0.0,0.0,0.0,0.0,0.0
9261,0.064992,0.522496,2.46234,0.0,0.0,0.0,0.0,0.0,0.0
9262,0.06528,0.5224,2.45744,0.0,0.0,0.0,0.0,0.0,0.0
9263,0.06528,0.521056,2.45914,0.0,0.0,0.0,0.0,0.0,0.0
9264,0.065088,0.520384,2.45955,0.0,0.0,0.0,0.0,0.0,0.0
9265,0.066208,0.521632,2.75923,0.0,0.0,0.0,0.0,0.0,0.0
9266,0.065472,0.521056,2.4568,0.0,0.0,0.0,0.0,0.0,0.0
9267,0.064928,0.518208,2.46397,0.0,0.0,0.0,0.0,0.0,0.0
9268,0.064704,0.52272,2.46128,0.0,0.0,0.0,0.0,0.0,0.0
9269,0.06512,0.520544,2.45418,0.0,0.0,0.0,0.0,0.0,0.0
9270,0.064608,0.521408,2.73958,0.0,0.0,0.0,0.0,0.0,0.0
9271,0.064768,0.521312,2.45635,0.0,0.0,0.0,0.0,0.0,0.0
9272,0.065888,0.52016,2.46045,0.0,0.0,0.0,0.0,0.0,0.0
9273,0.064928,0.522464,2.46381,0.0,0.0,0.0,0.0,0.0,0.0
9274,0.065056,0.519136,2.45677,0.0,0.0,0.0,0.0,0.0,0.0
9275,0.069088,0.51888,2.7401,0.0,0.0,0.0,0.0,0.0,0.0
9276,0.065248,0.52592,2.45862,0.0,0.0,0.0,0.0,0.0,0.0
9277,0.064864,0.52016,2.45846,0.0,0.0,0.0,0.0,0.0,0.0
9278,0.064992,0.521152,2.4713,0.0,0.0,0.0,0.0,0.0,0.0
9279,0.065056,0.521216,2.4616,0.0,0.0,0.0,0.0,0.0,0.0
9280,0.065024,0.518048,2.46384,0.0,0.0,0.0,0.0,0.0,0.0
9281,0.06544,0.519872,2.90368,0.0,0.0,0.0,0.0,0.0,0.0
9282,0.06416,0.5232,2.45933,0.0,0.0,0.0,0.0,0.0,0.0
9283,0.066112,0.519904,2.45514,0.0,0.0,0.0,0.0,0.0,0.0
9284,0.065056,0.521088,2.45658,0.0,0.0,0.0,0.0,0.0,0.0
9285,0.064576,0.521184,2.45898,0.0,0.0,0.0,0.0,0.0,0.0
9286,0.065152,0.519872,2.74346,0.0,0.0,0.0,0.0,0.0,0.0
9287,0.064864,0.518784,2.45578,0.0,0.0,0.0,0.0,0.0,0.0
9288,0.06512,0.520416,2.46784,0.0,0.0,0.0,0.0,0.0,0.0
9289,0.06496,0.523168,2.45978,0.0,0.0,0.0,0.0,0.0,0.0
9290,0.065216,0.521664,2.45402,0.0,0.0,0.0,0.0,0.0,0.0
9291,0.064512,0.52016,2.74608,0.0,0.0,0.0,0.0,0.0,0.0
9292,0.065856,0.522784,2.45802,0.0,0.0,0.0,0.0,0.0,0.0
9293,0.065472,0.52272,2.45507,0.0,0.0,0.0,0.0,0.0,0.0
9294,0.0656,0.517248,2.46275,0.0,0.0,0.0,0.0,0.0,0.0
9295,0.067328,0.522048,2.46022,0.0,0.0,0.0,0.0,0.0,0.0
9296,0.065536,0.519776,2.45744,0.0,0.0,0.0,0.0,0.0,0.0
9297,0.0656,0.798816,2.4689,0.0,0.0,0.0,0.0,0.0,0.0
9298,0.065472,0.520832,2.45824,0.0,0.0,0.0,0.0,0.0,0.0
9299,0.064768,0.520512,2.45779,0.0,0.0,0.0,0.0,0.0,0.0
9300,0.065408,0.520032,2.46016,0.0,0.0,0.0,0.0,0.0,0.0
9301,0.064928,0.52176,2.46262,0.0,0.0,0.0,0.0,0.0,0.0
9302,0.065728,0.522368,2.73933,0.0,0.0,0.0,0.0,0.0,0.0
9303,0.065024,0.520768,2.4593,0.0,0.0,0.0,0.0,0.0,0.0
9304,0.066016,0.520256,2.4599,0.0,0.0,0.0,0.0,0.0,0.0
9305,0.06512,0.5224,2.45622,0.0,0.0,0.0,0.0,0.0,0.0
9306,0.064128,0.518848,2.46102,0.0,0.0,0.0,0.0,0.0,0.0
9307,0.064736,0.521312,2.74982,0.0,0.0,0.0,0.0,0.0,0.0
9308,0.065536,0.521888,2.45702,0.0,0.0,0.0,0.0,0.0,0.0
9309,0.064768,0.52176,2.45856,0.0,0.0,0.0,0.0,0.0,0.0
9310,0.065824,0.521792,2.46256,0.0,0.0,0.0,0.0,0.0,0.0
9311,0.065312,0.521664,2.45626,0.0,0.0,0.0,0.0,0.0,0.0
9312,0.064832,0.521152,2.4648,0.0,0.0,0.0,0.0,0.0,0.0
9313,0.066208,0.521344,2.89846,0.0,0.0,0.0,0.0,0.0,0.0
9314,0.06576,0.521632,2.45411,0.0,0.0,0.0,0.0,0.0,0.0
9315,0.06496,0.520192,2.46301,0.0,0.0,0.0,0.0,0.0,0.0
9316,0.065632,0.519264,2.45968,0.0,0.0,0.0,0.0,0.0,0.0
9317,0.064832,0.52304,2.45997,0.0,0.0,0.0,0.0,0.0,0.0
9318,0.064992,0.519808,2.74774,0.0,0.0,0.0,0.0,0.0,0.0
9319,0.065696,0.521376,2.456,0.0,0.0,0.0,0.0,0.0,0.0
9320,0.066304,0.518816,2.45418,0.0,0.0,0.0,0.0,0.0,0.0
9321,0.064576,0.51968,2.46586,0.0,0.0,0.0,0.0,0.0,0.0
9322,0.065152,0.519648,2.45856,0.0,0.0,0.0,0.0,0.0,0.0
9323,0.066784,0.518176,2.75043,0.0,0.0,0.0,0.0,0.0,0.0
9324,0.065056,0.519808,2.46326,0.0,0.0,0.0,0.0,0.0,0.0
9325,0.064864,0.519008,2.45856,0.0,0.0,0.0,0.0,0.0,0.0
9326,0.066016,0.520416,2.45952,0.0,0.0,0.0,0.0,0.0,0.0
9327,0.064384,0.520896,2.46093,0.0,0.0,0.0,0.0,0.0,0.0
9328,0.065088,0.522144,2.45629,0.0,0.0,0.0,0.0,0.0,0.0
9329,0.065216,0.806464,2.46048,0.0,0.0,0.0,0.0,0.0,0.0
9330,0.064768,0.520832,2.4591,0.0,0.0,0.0,0.0,0.0,0.0
9331,0.064864,0.51936,2.46195,0.0,0.0,0.0,0.0,0.0,0.0
9332,0.065504,0.52336,2.46042,0.0,0.0,0.0,0.0,0.0,0.0
9333,0.064128,0.52048,2.46646,0.0,0.0,0.0,0.0,0.0,0.0
9334,0.0,0.521664,2.74912,0.0,0.0,0.0,0.0,0.0,0.06496
9335,0.0,0.520192,2.45718,0.0,0.0,0.0,0.0,0.0,0.065248
9336,0.0,0.519488,2.46176,0.0,0.0,0.0,0.0,0.0,0.06416
9337,0.0544,0.52208,2.7433,0.27024,0.25792,0.253824,0.249728,0.251808,0.2696
9338,0.05408,0.528672,2.45603,0.269184,0.257888,0.253824,0.24976,0.251776,0.270208
9339,0.053728,0.527328,2.46029,0.266144,0.25792,0.253824,0.247712,0.247712,0.268192
9340,0.053984,0.526976,2.43776,0.264064,0.426912,0.253856,0.24768,0.249728,0.266144
9341,0.054496,0.52592,2.77648,0.264064,0.255872,0.253824,0.24768,0.24976,0.26752
9342,0.053728,0.525184,2.4456,0.266144,0.257952,0.253856,0.24768,0.24976,0.269184
9343,0.054112,0.52656,2.44406,0.268192,0.259968,0.253824,0.249728,0.249728,0.26816
9344,0.054656,0.5272,2.73773,0.26816,0.25792,0.255872,0.249728,0.249728,0.269568
9345,0.053856,0.52928,2.46166,0.26816,0.25792,0.254848,0.249728,0.251808,0.26816
9346,0.053856,0.52672,2.45469,0.26816,0.26,0.255904,0.249728,0.249728,0.267168
9347,0.054816,0.528416,2.45418,0.26816,0.26,0.253824,0.24976,0.24976,0.26816
9348,0.053824,0.702112,2.63085,0.268192,0.25792,0.255904,0.249728,0.249728,0.269568
9349,0.05408,0.526432,2.46198,0.266112,0.26,0.255872,0.249728,0.251776,0.26816
9350,0.055008,0.529376,2.46109,0.268192,0.26,0.255872,0.25072,0.249728,0.26816
9351,0.05456,0.528064,2.74394,0.26816,0.25792,0.253856,0.24976,0.251808,0.269568
9352,0.054464,0.52592,2.45677,0.266112,0.259968,0.255872,0.250752,0.251776,0.268192
9353,0.054208,0.526464,2.45229,0.269184,0.257888,0.253824,0.24976,0.251776,0.26816
9354,0.05376,0.530336,2.46403,0.26816,0.25792,0.253856,0.249728,0.251776,0.26816
9355,0.054464,0.816512,2.45606,0.27024,0.258944,0.253824,0.249728,0.251776,0.268192
9356,0.054528,0.526944,2.45613,0.268128,0.257952,0.255872,0.250752,0.249728,0.270208
9357,0.053888,0.526592,2.46061,0.269184,0.26,0.255872,0.24976,0.249728,0.268192
9358,0.05392,0.526688,2.7272,0.266112,0.25792,0.253824,0.251808,0.251776,0.271616
9359,0.054112,0.528512,2.45235,0.266112,0.26,0.255904,0.249696,0.25072,0.26816
9360,0.053024,0.531296,2.45994,0.266112,0.25792,0.25488,0.249728,0.251808,0.268192
9361,0.053952,0.52976,2.45091,0.268192,0.25792,0.255904,0.249728,0.251808,0.267168
9362,0.054592,0.5304,2.74307,0.268192,0.259968,0.253824,0.24976,0.251808,0.269568
9363,0.053536,0.528608,2.46131,0.268192,0.258976,0.253824,0.249728,0.251808,0.268192
9364,0.054112,0.5264,2.45539,0.266112,0.259968,0.253824,0.248704,0.251776,0.268192
9365,0.053984,0.530016,2.45709,0.27776,0.26544,0.25792,0.249696,0.504736,0.407424
9366,0.053792,0.52448,2.45971,0.268192,0.26,0.25488,0.24976,0.251808,0.268192
9367,0.053728,0.527904,2.45334,0.268192,0.25792,0.255904,0.249728,0.251776,0.269184
9368,0.054592,0.528448,2.45635,0.26816,0.26,0.253824,0.251808,0.249728,0.26816
9369,0.05392,0.528512,2.74035,0.266112,0.25792,0.255872,0.249728,0.251776,0.26752
9370,0.053952,0.52784,2.45459,0.26816,0.258944,0.253824,0.249728,0.251776,0.26816
9371,0.054784,0.528896,2.45437,0.266112,0.259936,0.255904,0.250752,0.251808,0.268192
9372,0.054208,0.528416,2.45811,0.52112,0.26,0.25936,0.251808,0.251808,0.268192
9373,0.054208,0.525664,2.45325,0.26816,0.259968,0.255904,0.249728,0.251776,0.26816
9374,0.05424,0.527424,2.45402,0.26816,0.258944,0.255904,0.249696,0.251776,0.26816
9375,0.0536,0.526752,2.46048,0.268192,0.26,0.255904,0.250784,0.251776,0.27024
9376,0.054496,0.527584,2.7359,0.266112,0.25792,0.253824,0.249728,0.251776,0.26752
9377,0.054144,0.529504,2.45622,0.26816,0.259968,0.255872,0.251776,0.251776,0.26816
9378,0.053536,0.530592,2.46448,0.26816,0.258944,0.255872,0.249728,0.251808,0.26816
9379,0.05472,0.528,2.45568,0.266112,0.259968,0.253824,0.505728,0.255232,0.268192
9380,0.0544,0.526496,2.45523,0.267104,0.259968,0.255872,0.251808,0.251776,0.26816
9381,0.053504,0.526816,2.46096,0.266112,0.25792,0.253824,0.249728,0.251808,0.26816
9382,0.053632,0.527968,2.45213,0.266112,0.258944,0.253824,0.249728,0.251808,0.26816
9383,0.05488,0.528384,2.75158,0.26816,0.257888,0.253824,0.249728,0.251808,0.269504
9384,0.054336,0.528672,2.46374,0.269184,0.25792,0.255872,0.249728,0.251776,0.268192
9385,0.054624,0.729728,2.46211,0.268192,0.259968,0.253824,0.249728,0.250752,0.26816
9386,0.054688,0.526912,2.45789,0.26816,0.26,0.254816,0.443296,0.253024,0.26816
9387,0.053888,0.77968,2.64691,0.266112,0.26,0.253824,0.249728,0.251776,0.26752
9388,0.054208,0.529792,2.4561,0.26816,0.25792,0.255872,0.249728,0.251808,0.26816
9389,0.054688,0.527744,2.4536,0.266144,0.257952,0.253856,0.251776,0.250752,0.26816
9390,0.053696,0.526976,2.96144,0.266112,0.25792,0.255872,0.249728,0.249728,0.2696
9391,0.053952,0.527936,2.45072,0.268192,0.259968,0.253824,0.250752,0.251776,0.26816
9392,0.054048,0.529344,2.45635,0.267104,0.257952,0.253856,0.249728,0.251776,0.26816
9393,0.054368,0.527072,2.45958,0.268192,0.26,0.44432,0.257248,0.253856,0.268192
9394,0.054208,0.785312,2.46138,0.266112,0.25792,0.255872,0.249728,0.250752,0.26816
9395,0.0544,0.529536,2.45142,0.26816,0.257952,0.254848,0.249728,0.251776,0.26816
9396,0.053856,0.52656,2.45824,0.266144,0.25792,0.253824,0.249728,0.251808,0.269216
9397,0.054496,0.529024,2.94496,0.266112,0.26,0.255904,0.249728,0.251808,0.267488
9398,0.054592,0.527616,2.45507,0.26816,0.26,0.255872,0.250752,0.251808,0.26816
9399,0.054112,0.527392,2.46019,0.267168,0.26,0.253824,0.249728,0.249728,0.268192
9400,0.054432,0.528256,2.45229,0.266112,0.259968,0.448416,0.255168,0.251776,0.26816
9401,0.054688,0.784512,2.4624,0.266144,0.26,0.253824,0.24976,0.250784,0.268192
9402,0.053792,0.528416,2.45632,0.266112,0.259968,0.25488,0.249728,0.251808,0.268192
9403,0.053728,0.52848,2.45715,0.26816,0.25792,0.253824,0.249728,0.251776,0.267136
9404,0.054464,0.528544,2.94906,0.268192,0.25792,0.253792,0.251808,0.251776,0.269536
9405,0.053792,0.529248,2.45728,0.268192,0.25792,0.255904,0.250784,0.249728,0.26816
9406,0.054208,0.526432,2.45734,0.267136,0.25792,0.253824,0.249728,0.251776,0.26816
9407,0.054752,0.526496,2.45965,0.26816,0.261376,0.255904,0.24976,0.422784,0.26816
9408,0.054144,0.704544,2.46147,0.26816,0.258944,0.253824,0.24976,0.251808,0.268192
9409,0.054016,0.528576,2.46061,0.268192,0.25792,0.255904,0.250784,0.249728,0.268192
9410,0.054528,0.52944,2.4559,0.267136,0.259968,0.253824,0.24976,0.251808,0.26816
9411,0.054272,0.530272,2.90822,0.266112,0.26,0.253952,0.2496,0.24976,0.271648
9412,0.054176,0.52816,2.45501,0.26816,0.258944,0.253824,0.249728,0.251776,0.26816
9413,0.054752,0.528416,2.45686,0.26816,0.25792,0.255872,0.250752,0.251808,0.270208
9414,0.054592,0.5248,2.45792,0.267136,0.433056,0.253824,0.24976,0.251808,0.268192
9415,0.05472,0.528896,2.6305,0.268192,0.259968,0.255872,0.249728,0.251776,0.269568
9416,0.054176,0.528352,2.45622,0.26816,0.257888,0.255872,0.24976,0.252832,0.268128
9417,0.0536,0.529856,2.45754,0.268192,0.259808,0.25488,0.24976,0.249952,0.268192
9418,0.054112,0.528704,2.73888,0.26816,0.25792,0.253824,0.249728,0.251776,0.269504
9419,0.054272,0.52944,2.46026,0.268192,0.25792,0.254848,0.249728,0.251808,0.270208
9420,0.053792,0.530112,2.47168,0.268192,0.259968,0.253824,0.249728,0.249728,0.269216
9421,0.060768,0.52656,2.45594,0.26816,0.428928,0.255904,0.249728,0.251808,0.26816
9422,0.05472,0.528736,2.62867,0.26816,0.26,0.255904,0.24976,0.251808,0.269504
9423,0.053792,0.528544,2.46534,0.266112,0.258976,0.255904,0.24976,0.251808,0.268192
9424,0.053632,0.528896,2.45638,0.26816,0.259968,0.255904,0.250752,0.251808,0.268192
9425,0.054688,0.526944,2.7383,0.268192,0.259968,0.253856,0.249728,0.251808,0.269568
9426,0.0544,0.52752,2.46557,0.268192,0.25792,0.254848,0.251808,0.251776,0.26816
9427,0.053888,0.52816,2.47702,0.266112,0.26,0.253824,0.249728,0.251776,0.269184
9428,0.054016,0.526496,2.45226,0.26816,0.259968,0.253824,0.251808,0.251776,0.26816
9429,0.054048,0.808992,2.46022,0.268192,0.258944,0.253856,0.249728,0.249728,0.268192
9430,0.054432,0.526208,2.45894,0.266112,0.25792,0.253824,0.250752,0.251808,0.268192
9431,0.054496,0.527904,2.46115,0.267168,0.26,0.255904,0.249728,0.251808,0.268192
9432,0.054208,0.528832,2.74483,0.26816,0.26,0.255872,0.24976,0.251808,0.271584
9433,0.053888,0.528,2.45581,0.26816,0.259968,0.255872,0.249728,0.250752,0.26816
9434,0.053952,0.529792,2.45619,0.266144,0.259968,0.25488,0.249696,0.251808,0.26816
9435,0.05392,0.528192,2.45699,0.268192,0.25792,0.253824,0.24976,0.251808,0.269216
9436,0.054144,0.789536,2.63414,0.268192,0.25792,0.255904,0.249728,0.251808,0.269568
9437,0.053824,0.528224,2.45411,0.26816,0.26,0.255904,0.24976,0.251808,0.26816
9438,0.053792,0.527936,2.46531,0.266144,0.258976,0.253856,0.249728,0.24976,0.268192
9439,0.05424,0.526208,2.45558,0.267424,0.259968,0.255872,0.403328,0.257216,0.443264
9440,0.054304,0.527872,2.45226,0.269216,0.259968,0.253824,0.249728,0.251808,0.268128
9441,0.05376,0.52848,2.45786,0.266112,0.26,0.253824,0.24976,0.251776,0.26816
9442,0.05392,0.528736,2.45386,0.266112,0.258944,0.255872,0.249728,0.249728,0.26816
9443,0.054272,0.528288,2.73962,0.26816,0.26,0.255904,0.24976,0.251776,0.269568
9444,0.053664,0.529216,2.4609,0.268192,0.26,0.255904,0.249728,0.250784,0.268192
9445,0.053696,0.526496,2.45722,0.266112,0.25792,0.254848,0.249728,0.251776,0.26816
9446,0.054336,0.529376,2.45885,0.273632,0.257952,0.255872,0.24976,0.251776,0.5344
9447,0.053728,0.525248,2.46576,0.268192,0.25792,0.255904,0.249728,0.251808,0.268192
9448,0.0544,0.52928,2.45677,0.268192,0.259968,0.253824,0.249728,0.250752,0.268192
9449,0.054208,0.528608,2.46058,0.266112,0.25792,0.25488,0.249696,0.251808,0.26816
9450,0.054304,0.530528,2.73914,0.268192,0.26,0.255904,0.24976,0.251808,0.269536
9451,0.053888,0.529696,2.45635,0.26816,0.259968,0.255904,0.249728,0.251808,0.268192
9452,0.0544,0.529472,2.45923,0.266112,0.26,0.253856,0.24976,0.250784,0.268128
9453,0.054208,0.527456,2.45952,0.267168,0.26,0.422784,0.255232,0.251776,0.268192
9454,0.054336,0.691072,2.46205,0.26816,0.25792,0.253824,0.249728,0.252832,0.26816
9455,0.054688,0.528768,2.46029,0.268192,0.26,0.25488,0.249728,0.249728,0.26816
9456,0.053984,0.526304,2.45814,0.268192,0.259968,0.255904,0.249728,0.251808,0.269216
9457,0.054016,0.528256,2.74371,0.266112,0.25792,0.253824,0.249728,0.251808,0.269568
9458,0.054624,0.527008,2.45197,0.268192,0.259968,0.255872,0.24976,0.251808,0.269184
9459,0.054048,0.527296,2.4623,0.268192,0.26,0.253824,0.249728,0.249728,0.26816
9460,0.054144,0.525824,2.45862,0.26816,0.262016,0.255872,0.382912,0.26032,0.26816
9461,0.054688,0.80496,2.4577,0.26816,0.258976,0.255904,0.249728,0.251808,0.268192
9462,0.053856,0.530112,2.46314,0.268192,0.25984,0.255904,0.250784,0.249888,0.268192
9463,0.054496,0.524512,2.45693,0.267136,0.257952,0.255872,0.249728,0.251808,0.313248
9464,0.054048,0.527648,2.73654,0.26816,0.26,0.255904,0.249728,0.251808,0.29824
9465,0.053984,0.524448,2.45878,0.266112,0.25792,0.255904,0.249728,0.251808,0.3368
9466,0.054144,0.524896,2.45962,0.268192,0.25792,0.255904,0.251808,0.251776,0.319392
9467,0.054048,0.524192,2.44966,0.26816,0.26,0.253856,0.42384,0.25712,0.354176
9468,0.053248,0.692384,2.45395,0.266144,0.258944,0.253824,0.249728,0.251808,0.368544
9469,0.053472,0.51408,2.44925,0.26816,0.25792,0.255872,0.250752,0.251808,0.34192
9470,0.053728,0.509344,2.45008,0.266112,0.259968,0.255904,0.249728,0.251808,0.37568
9471,0.05312,0.507968,2.73811,0.266144,0.259968,0.253856,0.249728,0.24976,0.378048
9472,0.052992,0.503104,2.44624,0.26816,0.25792,0.253824,0.251776,0.251808,0.34496
9473,0.053312,0.50288,2.43565,0.266112,0.258944,0.253824,0.24976,0.251808,0.376704
9474,0.053024,0.497952,2.42832,0.264064,0.259968,0.253856,0.416672,0.257312,0.376736
9475,0.053376,0.665952,2.428,0.26816,0.258944,0.253824,0.249728,0.251776,0.35008
9476,0.05328,0.491232,2.40659,0.264096,0.25792,0.253856,0.248736,0.249728,0.376704
9477,0.052448,0.490816,2.41088,0.267168,0.26,0.255904,0.249728,0.24976,0.345984
9478,0.052992,0.4888,2.65898,0.266112,0.25792,0.253824,0.249728,0.249728,0.3576
9479,0.052864,0.485184,2.35843,0.267104,0.257952,0.255872,0.24976,0.249728,0.376704
9480,0.052544,0.480032,2.3631,0.268192,0.25792,0.253824,0.24976,0.249728,0.344992
9481,0.059744,0.483904,2.33786,0.266144,0.442272,0.253824,0.249728,0.249728,0.37264
9482,0.052448,0.481088,2.56381,0.266144,0.257952,0.253824,0.249728,0.24976,0.371904
9483,0.052032,0.48224,2.31146,0.266112,0.25792,0.253824,0.251808,0.249728,0.341888
9484,0.052832,0.478752,2.3009,0.264064,0.25792,0.253824,0.249728,0.250752,0.366496
9485,0.053056,0.477792,2.58688,0.26608,0.257952,0.253824,0.24976,0.251776,0.337152
9486,0.052256,0.474368,2.30128,0.266144,0.258944,0.253856,0.249728,0.249728,0.343968
9487,0.05216,0.473184,2.2951,0.264064,0.25792,0.253824,0.250784,0.249728,0.356224
9488,0.052896,0.475008,2.29293,0.266112,0.257952,0.252832,0.24976,0.24976,0.3296
9489,0.052448,0.47312,2.58797,0.266144,0.257952,0.253856,0.249728,0.249728,0.353536
9490,0.052224,0.475872,2.49261,0.264064,0.26,0.253824,0.249728,0.249728,0.34736
9491,0.054944,0.470336,2.3127,0.266112,0.25792,0.253824,0.24976,0.251808,0.31424
9492,0.052544,0.472832,2.31616,0.266112,0.265408,0.253824,0.249728,0.42384,0.34192
9493,0.052064,0.47008,2.47997,0.266112,0.25792,0.253824,0.249728,0.249728,0.312544
9494,0.052192,0.47216,2.31952,0.266112,0.256928,0.253824,0.24976,0.251776,0.325504
9495,0.05168,0.469344,2.32518,0.266144,0.25792,0.253856,0.24976,0.250784,0.33168
9496,0.051552,0.47008,2.59971,0.266144,0.26,0.253824,0.249728,0.249728,0.306432
9497,0.05184,0.473312,2.32026,0.26608,0.25792,0.253824,0.248736,0.24976,0.321408
9498,0.051456,0.469792,2.32774,0.266112,0.25792,0.25488,0.249728,0.24976,0.305024
9499,0.051552,0.469728,2.32826,0.264064,0.25792,0.253824,0.249728,0.251808,0.320384
9500,0.051936,0.4744,2.61491,0.264064,0.257952,0.253856,0.24976,0.249728,0.322784
9501,0.050976,0.473056,2.32931,0.266112,0.25792,0.253824,0.24976,0.249728,0.307104
9502,0.05104,0.470624,2.33258,0.264064,0.25792,0.253824,0.249728,0.250752,0.32144
9503,0.051424,0.4744,2.336,0.268192,0.25792,0.254848,0.387968,0.253216,0.311168
9504,0.051072,0.728928,2.33632,0.266112,0.258976,0.253856,0.249728,0.249728,0.317344
9505,0.051072,0.472544,2.32954,0.264064,0.25792,0.253824,0.248704,0.249728,0.31936
9506,0.050656,0.47248,2.33174,0.266112,0.257952,0.2528,0.247712,0.24976,0.30912
9507,0.051104,0.472544,2.60925,0.264064,0.257952,0.253824,0.249728,0.24976,0.31664
9508,0.051136,0.470304,2.33568,0.266112,0.25792,0.25488,0.249728,0.251808,0.315264
9509,0.051424,0.472928,2.33718,0.267136,0.25792,0.253856,0.24976,0.251808,0.30912
9510,0.050432,0.471328,2.34038,0.266144,0.257952,0.253824,0.24976,0.249728,0.32144
9511,0.05088,0.743808,2.33648,0.268192,0.25792,0.253824,0.249728,0.249728,0.313248
9512,0.051488,0.472352,2.33517,0.266144,0.25792,0.253856,0.24976,0.250784,0.317344
9513,0.050496,0.468768,2.34118,0.266144,0.25792,0.253856,0.248704,0.24976,0.323488
9514,0.050752,0.47136,2.33926,0.434048,0.414592,0.257216,0.249728,0.249728,0.313248
9515,0.051104,0.469568,2.34573,0.264096,0.25792,0.253824,0.248704,0.24976,0.323456
9516,0.050144,0.468992,2.33715,0.266112,0.257952,0.25488,0.24976,0.24976,0.315264
9517,0.050464,0.468544,2.33827,0.264064,0.25792,0.253824,0.249728,0.249728,0.322464
9518,0.051232,0.467648,2.61264,0.266112,0.257888,0.253824,0.249728,0.251808,0.326912
9519,0.05056,0.469536,2.34512,0.267136,0.25792,0.253856,0.24976,0.24976,0.319392
9520,0.050528,0.467488,2.34522,0.264064,0.25792,0.253824,0.249728,0.249728,0.32448
9521,0.249696,0.266112,0.253856,0.0,0.0,0.0,0.0,0.0,0.0
9522,0.249728,0.266144,0.253824,0.0,0.0,0.0,0.0,0.0,0.0
9523,0.249728,0.266112,0.253824,0.0,0.0,0.0,0.0,0.0,0.0
9524,0.061696,0.470816,2.79139,0.0,0.0,0.0,0.0,0.0,0.0
9525,0.060384,0.461536,2.35424,0.0,0.0,0.0,0.0,0.0,0.0
9526,0.062528,0.45872,2.34624,0.0,0.0,0.0,0.0,0.0,0.0
9527,0.060864,0.460352,2.32589,0.0,0.0,0.0,0.0,0.0,0.0
9528,0.06064,0.458976,2.32541,0.0,0.0,0.0,0.0,0.0,0.0
9529,0.063072,0.456832,2.32512,0.0,0.0,0.0,0.0,0.0,0.0
9530,0.061632,0.749376,2.32163,0.0,0.0,0.0,0.0,0.0,0.0
9531,0.059552,0.45824,2.33056,0.0,0.0,0.0,0.0,0.0,0.0
9532,0.061568,0.46128,2.33293,0.0,0.0,0.0,0.0,0.0,0.0
9533,0.061728,0.460512,2.35232,0.0,0.0,0.0,0.0,0.0,0.0
9534,0.059552,0.463296,2.34656,0.0,0.0,0.0,0.0,0.0,0.0
9535,0.06144,0.461632,2.62528,0.0,0.0,0.0,0.0,0.0,0.0
9536,0.062144,0.4632,2.3407,0.0,0.0,0.0,0.0,0.0,0.0
9537,0.059872,0.46256,2.35526,0.0,0.0,0.0,0.0,0.0,0.0
9538,0.06128,0.464,2.34714,0.0,0.0,0.0,0.0,0.0,0.0
9539,0.061312,0.46128,2.34432,0.0,0.0,0.0,0.0,0.0,0.0
9540,0.060032,0.460448,2.35222,0.0,0.0,0.0,0.0,0.0,0.0
9541,0.0608,0.46272,2.62861,0.0,0.0,0.0,0.0,0.0,0.0
9542,0.061504,0.461056,2.34608,0.0,0.0,0.0,0.0,0.0,0.0
9543,0.059232,0.461472,2.34768,0.0,0.0,0.0,0.0,0.0,0.0
9544,0.061536,0.465184,2.35373,0.0,0.0,0.0,0.0,0.0,0.0
9545,0.061664,0.463392,2.35616,0.0,0.0,0.0,0.0,0.0,0.0
9546,0.321728,0.462848,2.35354,0.0,0.0,0.0,0.0,0.0,0.0
9547,0.060832,0.474976,2.35456,0.0,0.0,0.0,0.0,0.0,0.0
9548,0.061568,0.46528,2.34678,0.0,0.0,0.0,0.0,0.0,0.0
9549,0.059648,0.46192,2.35274,0.0,0.0,0.0,0.0,0.0,0.0
9550,0.061024,0.464896,2.35446,0.0,0.0,0.0,0.0,0.0,0.0
9551,0.061376,0.467296,2.3561,0.0,0.0,0.0,0.0,0.0,0.0
9552,0.060416,0.464928,2.64342,0.0,0.0,0.0,0.0,0.0,0.0
9553,0.060608,0.465984,2.3551,0.0,0.0,0.0,0.0,0.0,0.0
9554,0.061504,0.465504,2.35203,0.0,0.0,0.0,0.0,0.0,0.0
9555,0.060096,0.466528,2.35738,0.0,0.0,0.0,0.0,0.0,0.0
9556,0.061056,0.467616,2.36246,0.0,0.0,0.0,0.0,0.0,0.0
9557,0.059936,0.466912,2.35366,0.0,0.0,0.0,0.0,0.0,0.0
9558,0.059744,0.46816,2.80253,0.0,0.0,0.0,0.0,0.0,0.0
9559,0.06032,0.470688,2.35555,0.0,0.0,0.0,0.0,0.0,0.0
9560,0.06096,0.46784,2.34995,0.0,0.0,0.0,0.0,0.0,0.0
9561,0.059488,0.47056,2.35782,0.0,0.0,0.0,0.0,0.0,0.0
9562,0.060736,0.471168,2.36019,0.0,0.0,0.0,0.0,0.0,0.0
9563,0.06064,0.466368,2.64083,0.0,0.0,0.0,0.0,0.0,0.0
9564,0.06016,0.472608,2.35658,0.0,0.0,0.0,0.0,0.0,0.0
9565,0.061632,0.468416,2.35552,0.0,0.0,0.0,0.0,0.0,0.0
9566,0.060576,0.463328,2.35786,0.0,0.0,0.0,0.0,0.0,0.0
9567,0.058944,0.466656,2.364,0.0,0.0,0.0,0.0,0.0,0.0
9568,0.060192,0.466976,2.36461,0.0,0.0,0.0,0.0,0.0,0.0
9569,0.061408,0.465984,2.64454,0.0,0.0,0.0,0.0,0.0,0.0
9570,0.059712,0.466592,2.36035,0.0,0.0,0.0,0.0,0.0,0.0
9571,0.060768,0.466144,2.36544,0.0,0.0,0.0,0.0,0.0,0.0
9572,0.061696,0.464672,2.36288,0.0,0.0,0.0,0.0,0.0,0.0
9573,0.059936,0.468,2.36794,0.0,0.0,0.0,0.0,0.0,0.0
9574,0.062656,0.466976,2.37258,0.0,0.0,0.0,0.0,0.0,0.0
9575,0.061408,0.744832,2.3624,0.0,0.0,0.0,0.0,0.0,0.0
9576,0.05936,0.463488,2.37258,0.0,0.0,0.0,0.0,0.0,0.0
9577,0.060064,0.464768,2.3704,0.0,0.0,0.0,0.0,0.0,0.0
9578,0.060672,0.463488,2.37024,0.0,0.0,0.0,0.0,0.0,0.0
9579,0.059392,0.4624,2.3761,0.0,0.0,0.0,0.0,0.0,0.0
9580,0.060736,0.465248,2.65859,0.0,0.0,0.0,0.0,0.0,0.0
9581,0.060928,0.464672,2.37242,0.0,0.0,0.0,0.0,0.0,0.0
9582,0.059648,0.463968,2.37731,0.0,0.0,0.0,0.0,0.0,0.0
9583,0.059744,0.463168,2.37674,0.0,0.0,0.0,0.0,0.0,0.0
9584,0.060384,0.461248,2.37712,0.0,0.0,0.0,0.0,0.0,0.0
9585,0.05888,0.462112,2.38474,0.0,0.0,0.0,0.0,0.0,0.0
9586,0.06,0.466752,2.65754,0.0,0.0,0.0,0.0,0.0,0.0
9587,0.060352,0.463936,2.38102,0.0,0.0,0.0,0.0,0.0,0.0
9588,0.059552,0.461408,2.38538,0.0,0.0,0.0,0.0,0.0,0.0
9589,0.059936,0.458464,2.38509,0.0,0.0,0.0,0.0,0.0,0.0
9590,0.059424,0.458432,2.39178,0.0,0.0,0.0,0.0,0.0,0.0
9591,0.06,0.4592,2.67181,0.0,0.0,0.0,0.0,0.0,0.0
9592,0.059872,0.623776,2.39366,0.0,0.0,0.0,0.0,0.0,0.0
9593,0.059456,0.457952,2.39171,0.0,0.0,0.0,0.0,0.0,0.0
9594,0.058784,0.455616,2.40006,0.0,0.0,0.0,0.0,0.0,0.0
9595,0.060064,0.457344,2.39808,0.0,0.0,0.0,0.0,0.0,0.0
9596,0.059584,0.455712,2.39792,0.0,0.0,0.0,0.0,0.0,0.0
9597,0.058688,0.455264,2.77565,0.0,0.0,0.0,0.0,0.0,0.0
9598,0.058432,0.457216,2.4025,0.0,0.0,0.0,0.0,0.0,0.0
9599,0.059136,0.65824,2.40698,0.0,0.0,0.0,0.0,0.0,0.0
9600,0.058272,0.457184,2.41376,0.0,0.0,0.0,0.0,0.0,0.0
9601,0.059072,0.457632,2.41139,0.0,0.0,0.0,0.0,0.0,0.0
9602,0.059136,0.454464,2.63744,0.0,0.0,0.0,0.0,0.0,0.0
9603,0.059136,0.457024,2.41213,0.0,0.0,0.0,0.0,0.0,0.0
9604,0.05808,0.454912,2.41405,0.0,0.0,0.0,0.0,0.0,0.0
9605,0.0592,0.453472,2.41984,0.0,0.0,0.0,0.0,0.0,0.0
9606,0.056672,0.45104,2.42218,0.0,0.0,0.0,0.0,0.0,0.0
9607,0.057472,0.451936,2.42458,0.0,0.0,0.0,0.0,0.0,0.0
9608,0.058592,0.659872,2.7048,0.0,0.0,0.0,0.0,0.0,0.0
9609,0.057056,0.45104,2.4319,0.0,0.0,0.0,0.0,0.0,0.0
9610,0.058752,0.449216,2.43187,0.0,0.0,0.0,0.0,0.0,0.0
9611,0.058464,0.448064,2.43296,0.0,0.0,0.0,0.0,0.0,0.0
9612,0.056224,0.449696,2.43834,0.0,0.0,0.0,0.0,0.0,0.0
9613,0.062144,0.448672,2.98141,0.0,0.0,0.0,0.0,0.0,0.0
9614,0.059008,0.455328,2.59757,0.0,0.0,0.0,0.0,0.0,0.0
9615,0.0576,0.450336,2.44067,0.0,0.0,0.0,0.0,0.0,0.0
9616,0.057856,0.44624,2.43955,0.0,0.0,0.0,0.0,0.0,0.0
9617,0.057696,0.450272,2.43859,0.0,0.0,0.0,0.0,0.0,0.0
9618,0.057664,0.445632,2.63571,0.0,0.0,0.0,0.0,0.0,0.0
9619,0.05664,0.446848,2.73354,0.0,0.0,0.0,0.0,0.0,0.0
9620,0.057248,0.444704,2.44858,0.0,0.0,0.0,0.0,0.0,0.0
9621,0.055872,0.445664,2.45018,0.0,0.0,0.0,0.0,0.0,0.0
9622,0.056992,0.442656,2.44502,0.0,0.0,0.0,0.0,0.0,0.0
9623,0.056032,0.442368,2.44326,0.0,0.0,0.0,0.0,0.0,0.0
9624,0.05568,0.442048,2.92166,0.0,0.0,0.0,0.0,0.0,0.0
9625,0.05648,0.44624,2.44781,0.0,0.0,0.0,0.0,0.0,0.0
9626,0.056576,0.44128,2.44851,0.0,0.0,0.0,0.0,0.0,0.0
9627,0.055712,0.44496,2.45072,0.0,0.0,0.0,0.0,0.0,0.0
9628,0.055872,0.444064,2.44486,0.0,0.0,0.0,0.0,0.0,0.0
9629,0.06064,0.442592,2.72992,0.0,0.0,0.0,0.0,0.0,0.0
9630,0.054752,0.443712,2.45277,0.0,0.0,0.0,0.0,0.0,0.0
9631,0.055968,0.439776,2.44269,0.0,0.0,0.0,0.0,0.0,0.0
9632,0.056064,0.439648,2.44323,0.0,0.0,0.0,0.0,0.0,0.0
9633,0.053984,0.439904,2.45085,0.0,0.0,0.0,0.0,0.0,0.0
9634,0.054976,0.442336,2.44317,0.0,0.0,0.0,0.0,0.0,0.0
9635,0.05552,0.439872,2.71878,0.0,0.0,0.0,0.0,0.0,0.0
9636,0.055584,0.438272,2.44813,0.0,0.0,0.0,0.0,0.0,0.0
9637,0.05424,0.44064,2.44224,0.0,0.0,0.0,0.0,0.0,0.0
9638,0.054976,0.437088,2.43981,0.0,0.0,0.0,0.0,0.0,0.0
9639,0.0544,0.438336,2.44256,0.0,0.0,0.0,0.0,0.0,0.0
9640,0.060224,0.441408,2.73178,0.0,0.0,0.0,0.0,0.0,0.0
9641,0.055008,0.440576,2.43814,0.0,0.0,0.0,0.0,0.0,0.0
9642,0.054304,0.437984,2.43952,0.0,0.0,0.0,0.0,0.0,0.0
9643,0.054912,0.436896,2.436,0.0,0.0,0.0,0.0,0.0,0.0
9644,0.05504,0.437344,2.43181,0.0,0.0,0.0,0.0,0.0,0.0
9645,0.053792,0.435808,2.43389,0.0,0.0,0.0,0.0,0.0,0.0
9646,0.054784,0.437216,2.71501,0.0,0.0,0.0,0.0,0.0,0.0
9647,0.05552,0.43648,2.42851,0.0,0.0,0.0,0.0,0.0,0.0
9648,0.053696,0.43536,2.43731,0.0,0.0,0.0,0.0,0.0,0.0
9649,0.054208,0.434784,2.43661,0.0,0.0,0.0,0.0,0.0,0.0
9650,0.054496,0.43696,2.43491,0.0,0.0,0.0,0.0,0.0,0.0
9651,0.31776,0.436768,2.44202,0.0,0.0,0.0,0.0,0.0,0.0
9652,0.054112,0.448032,2.43917,0.0,0.0,0.0,0.0,0.0,0.0
9653,0.054432,0.434656,2.44538,0.0,0.0,0.0,0.0,0.0,0.0
9654,0.053504,0.435424,2.44349,0.0,0.0,0.0,0.0,0.0,0.0
9655,0.054272,0.434912,2.44365,0.0,0.0,0.0,0.0,0.0,0.0
9656,0.05392,0.432192,2.4409,0.0,0.0,0.0,0.0,0.0,0.0
9657,0.0536,0.433472,2.88701,0.0,0.0,0.0,0.0,0.0,0.0
9658,0.054496,0.431808,2.44522,0.0,0.0,0.0,0.0,0.0,0.0
9659,0.053632,0.42864,2.4465,0.0,0.0,0.0,0.0,0.0,0.0
9660,0.053632,0.430048,2.45312,0.0,0.0,0.0,0.0,0.0,0.0
9661,0.054752,0.431136,2.44682,0.0,0.0,0.0,0.0,0.0,0.0
9662,0.0536,0.426592,2.44698,0.0,0.0,0.0,0.0,0.0,0.0
9663,0.053536,0.602304,2.63584,0.0,0.0,0.0,0.0,0.0,0.0
9664,0.054464,0.430976,2.4592,0.0,0.0,0.0,0.0,0.0,0.0
9665,0.054368,0.426336,2.46563,0.0,0.0,0.0,0.0,0.0,0.0
9666,0.05472,0.429952,2.4696,0.0,0.0,0.0,0.0,0.0,0.0
9667,0.054368,0.42992,2.46858,0.0,0.0,0.0,0.0,0.0,0.0
9668,0.054592,0.426656,2.7543,0.0,0.0,0.0,0.0,0.0,0.0
9669,0.052032,0.428992,2.48278,0.0,0.0,0.0,0.0,0.0,0.0
9670,0.05472,0.42768,2.48525,0.0,0.0,0.0,0.0,0.0,0.0
9671,0.054784,0.428224,2.48704,0.0,0.0,0.0,0.0,0.0,0.0
9672,0.054048,0.428992,2.49962,0.0,0.0,0.0,0.0,0.0,0.0
9673,0.058688,0.429312,2.77754,0.0,0.0,0.0,0.0,0.0,0.0
9674,0.055328,0.436384,2.50144,0.0,0.0,0.0,0.0,0.0,0.0
9675,0.054432,0.428384,2.51139,0.0,0.0,0.0,0.0,0.0,0.0
9676,0.054528,0.439904,2.51568,0.0,0.0,0.0,0.0,0.0,0.0
9677,0.055232,0.439584,2.51824,0.0,0.0,0.0,0.0,0.0,0.0
9678,0.054624,0.443296,2.5289,0.0,0.0,0.0,0.0,0.0,0.0
9679,0.055744,0.445216,2.89882,0.0,0.0,0.0,0.0,0.0,0.0
9680,0.05456,0.444896,2.5255,0.0,0.0,0.0,0.0,0.0,0.0
9681,0.055104,0.448736,2.54358,0.0,0.0,0.0,0.0,0.0,0.0
9682,0.055392,0.448608,2.54029,0.0,0.0,0.0,0.0,0.0,0.0
9683,0.055872,0.452416,2.55978,0.0,0.0,0.0,0.0,0.0,0.0
9684,0.055104,0.455584,2.84554,0.0,0.0,0.0,0.0,0.0,0.0
9685,0.055712,0.452128,2.5575,0.0,0.0,0.0,0.0,0.0,0.0
9686,0.05696,0.456448,2.56973,0.0,0.0,0.0,0.0,0.0,0.0
9687,0.055072,0.457664,2.57453,0.0,0.0,0.0,0.0,0.0,0.0
9688,0.057056,0.462272,2.5968,0.0,0.0,0.0,0.0,0.0,0.0
9689,0.0568,0.464032,2.86483,0.0,0.0,0.0,0.0,0.0,0.0
9690,0.057152,0.46464,2.61405,0.0,0.0,0.0,0.0,0.0,0.0
9691,0.058304,0.46912,2.61814,0.0,0.0,0.0,0.0,0.0,0.0
9692,0.0592,0.46832,2.62106,0.0,0.0,0.0,0.0,0.0,0.0
9693,0.057728,0.472032,2.63731,0.0,0.0,0.0,0.0,0.0,0.0
9694,0.059168,0.472448,2.63773,0.0,0.0,0.0,0.0,0.0,0.0
9695,0.060192,0.633792,3.0976,0.0,0.0,0.0,0.0,0.0,0.0
9696,0.05936,0.475104,2.65661,0.0,0.0,0.0,0.0,0.0,0.0
9697,0.06,0.483904,2.66954,0.0,0.0,0.0,0.0,0.0,0.0
9698,0.059552,0.482464,2.65994,0.0,0.0,0.0,0.0,0.0,0.0
9699,0.059168,0.481312,2.66637,0.0,0.0,0.0,0.0,0.0,0.0
9700,0.059936,0.491072,2.84586,0.0,0.0,0.0,0.0,0.0,0.0
9701,0.060576,0.488544,2.66755,0.0,0.0,0.0,0.0,0.0,0.0
9702,0.060288,0.491616,2.67574,0.0,0.0,0.0,0.0,0.0,0.0
9703,0.05904,0.490688,2.67258,0.0,0.0,0.0,0.0,0.0,0.0
9704,0.059552,0.491648,2.67498,0.0,0.0,0.0,0.0,0.0,0.0
9705,0.059904,0.6632,2.86182,0.0,0.0,0.0,0.0,0.0,0.0
9706,0.059648,0.495328,2.67331,0.0,0.0,0.0,0.0,0.0,0.0
9707,0.059424,0.493408,2.67085,0.0,0.0,0.0,0.0,0.0,0.0
9708,0.05904,0.493664,2.67792,0.0,0.0,0.0,0.0,0.0,0.0
9709,0.059968,0.494048,2.66909,0.0,0.0,0.0,0.0,0.0,0.0
9710,0.059648,0.669056,2.84038,0.0,0.0,0.0,0.0,0.0,0.0
9711,0.05904,0.499104,2.66579,0.0,0.0,0.0,0.0,0.0,0.0
9712,0.058592,0.50032,2.66502,0.0,0.0,0.0,0.0,0.0,0.0
9713,0.05968,0.498528,2.66208,0.0,0.0,0.0,0.0,0.0,0.0
9714,0.061024,0.499616,2.66698,0.0,0.0,0.0,0.0,0.0,0.0
9715,0.059616,0.7856,2.66198,0.0,0.0,0.0,0.0,0.0,0.0
9716,0.05872,0.499904,2.66138,0.0,0.0,0.0,0.0,0.0,0.0
9717,0.058848,0.502144,2.66333,0.0,0.0,0.0,0.0,0.0,0.0
9718,0.05904,0.505312,2.6601,0.0,0.0,0.0,0.0,0.0,0.0
9719,0.05856,0.502336,2.65597,0.0,0.0,0.0,0.0,0.0,0.0
9720,0.058176,0.781088,2.66099,0.0,0.0,0.0,0.0,0.0,0.0
9721,0.059232,0.504288,2.66042,0.0,0.0,0.0,0.0,0.0,0.0
9722,0.058496,0.502368,2.65674,0.0,0.0,0.0,0.0,0.0,0.0
9723,0.057632,0.501984,2.65526,0.0,0.0,0.0,0.0,0.0,0.0
9724,0.0592,0.49856,2.64877,0.0,0.0,0.0,0.0,0.0,0.0
9725,0.058624,0.765376,2.83078,0.0,0.0,0.0,0.0,0.0,0.0
9726,0.058048,0.504512,2.65296,0.0,0.0,0.0,0.0,0.0,0.0
9727,0.058432,0.506816,2.64429,0.0,0.0,0.0,0.0,0.0,0.0
9728,0.057856,0.506016,2.64464,0.0,0.0,0.0,0.0,0.0,0.0
9729,0.057344,0.505984,2.64806,0.0,0.0,0.0,0.0,0.0,0.0
9730,0.058464,0.505312,2.9257,0.0,0.0,0.0,0.0,0.0,0.0
9731,0.058944,0.5048,2.6407,0.0,0.0,0.0,0.0,0.0,0.0
9732,0.05808,0.502784,2.64214,0.0,0.0,0.0,0.0,0.0,0.0
9733,0.057216,0.506368,2.63565,0.0,0.0,0.0,0.0,0.0,0.0
9734,0.058112,0.504192,2.6359,0.0,0.0,0.0,0.0,0.0,0.0
9735,0.058432,0.509216,2.91741,0.0,0.0,0.0,0.0,0.0,0.0
9736,0.05776,0.505056,2.63424,0.0,0.0,0.0,0.0,0.0,0.0
9737,0.05728,0.502688,2.63277,0.0,0.0,0.0,0.0,0.0,0.0
9738,0.057312,0.504256,2.63078,0.0,0.0,0.0,0.0,0.0,0.0
9739,0.057408,0.50496,2.6231,0.0,0.0,0.0,0.0,0.0,0.0
9740,0.058336,0.5032,2.90912,0.0,0.0,0.0,0.0,0.0,0.0
9741,0.057728,0.501856,2.62563,0.0,0.0,0.0,0.0,0.0,0.0
9742,0.057024,0.505696,2.61805,0.0,0.0,0.0,0.0,0.0,0.0
9743,0.057536,0.505312,2.6137,0.0,0.0,0.0,0.0,0.0,0.0
9744,0.057152,0.504192,2.61706,0.0,0.0,0.0,0.0,0.0,0.0
9745,0.05664,0.5016,2.8895,0.0,0.0,0.0,0.0,0.0,0.0
9746,0.05744,0.503136,2.60726,0.0,0.0,0.0,0.0,0.0,0.0
9747,0.056736,0.502592,2.60515,0.0,0.0,0.0,0.0,0.0,0.0
9748,0.058112,0.503872,2.6033,0.0,0.0,0.0,0.0,0.0,0.0
9749,0.057312,0.500096,2.60218,0.0,0.0,0.0,0.0,0.0,0.0
9750,0.05728,0.501408,2.87926,0.0,0.0,0.0,0.0,0.0,0.0
9751,0.056416,0.501056,2.59571,0.0,0.0,0.0,0.0,0.0,0.0
9752,0.057216,0.500704,2.59226,0.0,0.0,0.0,0.0,0.0,0.0
9753,0.055744,0.504544,2.59539,0.0,0.0,0.0,0.0,0.0,0.0
9754,0.056864,0.504,2.58912,0.0,0.0,0.0,0.0,0.0,0.0
9755,0.057344,0.499904,3.0336,0.0,0.0,0.0,0.0,0.0,0.0
9756,0.0568,0.50208,2.58858,0.0,0.0,0.0,0.0,0.0,0.0
9757,0.056576,0.499296,2.58003,0.0,0.0,0.0,0.0,0.0,0.0
9758,0.055968,0.500128,2.57843,0.0,0.0,0.0,0.0,0.0,0.0
9759,0.056544,0.504,2.58022,0.0,0.0,0.0,0.0,0.0,0.0
9760,0.055808,0.499616,2.85216,0.0,0.0,0.0,0.0,0.0,0.0
9761,0.055584,0.4976,2.57213,0.0,0.0,0.0,0.0,0.0,0.0
9762,0.05632,0.498624,2.57792,0.0,0.0,0.0,0.0,0.0,0.0
9763,0.056064,0.506016,2.57274,0.0,0.0,0.0,0.0,0.0,0.0
9764,0.055712,0.499456,2.5664,0.0,0.0,0.0,0.0,0.0,0.0
9765,0.060096,0.496768,2.84067,0.0,0.0,0.0,0.0,0.0,0.0
9766,0.055232,0.502112,2.56163,0.0,0.0,0.0,0.0,0.0,0.0
9767,0.055616,0.499104,2.56166,0.0,0.0,0.0,0.0,0.0,0.0
9768,0.055104,0.499104,2.5639,0.0,0.0,0.0,0.0,0.0,0.0
9769,0.05568,0.501152,2.5592,0.0,0.0,0.0,0.0,0.0,0.0
9770,0.0552,0.496928,2.55526,0.0,0.0,0.0,0.0,0.0,0.0
9771,0.055584,0.766848,2.56582,0.0,0.0,0.0,0.0,0.0,0.0
9772,0.054688,0.4968,2.55219,0.0,0.0,0.0,0.0,0.0,0.0
9773,0.055456,0.499392,2.55539,0.0,0.0,0.0,0.0,0.0,0.0
9774,0.054976,0.499264,2.56138,0.0,0.0,0.0,0.0,0.0,0.0
9775,0.055744,0.500288,2.54816,0.0,0.0,0.0,0.0,0.0,0.0
9776,0.054688,0.4952,2.82086,0.0,0.0,0.0,0.0,0.0,0.0
9777,0.0552,0.494912,2.55181,0.0,0.0,0.0,0.0,0.0,0.0
9778,0.055296,0.495296,2.54662,0.0,0.0,0.0,0.0,0.0,0.0
9779,0.055456,0.495968,2.54378,0.0,0.0,0.0,0.0,0.0,0.0
9780,0.054336,0.496704,2.55702,0.0,0.0,0.0,0.0,0.0,0.0
9781,0.054656,0.498272,2.81878,0.0,0.0,0.0,0.0,0.0,0.0
9782,0.054976,0.49952,2.53904,0.0,0.0,0.0,0.0,0.0,0.0
9783,0.05504,0.497088,2.54454,0.0,0.0,0.0,0.0,0.0,0.0
9784,0.054592,0.498688,2.53981,0.0,0.0,0.0,0.0,0.0,0.0
9785,0.055296,0.49504,2.53613,0.0,0.0,0.0,0.0,0.0,0.0
9786,0.054976,0.493696,2.83306,0.0,0.0,0.0,0.0,0.0,0.0
9787,0.055104,0.500384,2.69661,0.0,0.0,0.0,0.0,0.0,0.0
9788,0.055232,0.499936,2.53235,0.0,0.0,0.0,0.0,0.0,0.0
9789,0.05456,0.496448,2.53971,0.0,0.0,0.0,0.0,0.0,0.0
9790,0.054848,0.494624,2.53277,0.0,0.0,0.0,0.0,0.0,0.0
9791,0.05472,0.49488,2.53101,0.0,0.0,0.0,0.0,0.0,0.0
9792,0.05488,0.781696,2.53456,0.0,0.0,0.0,0.0,0.0,0.0
9793,0.054176,0.497344,2.72115,0.0,0.0,0.0,0.0,0.0,0.0
9794,0.054016,0.49312,2.52362,0.0,0.0,0.0,0.0,0.0,0.0
9795,0.054112,0.495968,2.52934,0.0,0.0,0.0,0.0,0.0,0.0
9796,0.053952,0.493568,2.52048,0.0,0.0,0.0,0.0,0.0,0.0
9797,0.054208,0.491808,2.81363,0.0,0.0,0.0,0.0,0.0,0.0
9798,0.053728,0.491584,2.52122,0.0,0.0,0.0,0.0,0.0,0.0
9799,0.053472,0.49552,2.51437,0.0,0.0,0.0,0.0,0.0,0.0
9800,0.053696,0.495776,2.51501,0.0,0.0,0.0,0.0,0.0,0.0
9801,0.05376,0.493312,2.51638,0.0,0.0,0.0,0.0,0.0,0.0
9802,0.053344,0.49296,2.7913,0.0,0.0,0.0,0.0,0.0,0.0
9803,0.053664,0.492768,2.50266,0.0,0.0,0.0,0.0,0.0,0.0
9804,0.053216,0.493792,2.50618,0.0,0.0,0.0,0.0,0.0,0.0
9805,0.053472,0.494944,2.50157,0.0,0.0,0.0,0.0,0.0,0.0
9806,0.05344,0.491264,2.50419,0.0,0.0,0.0,0.0,0.0,0.0
9807,0.057568,0.493024,2.7871,0.0,0.0,0.0,0.0,0.0,0.0
9808,0.053856,0.498048,2.50029,0.0,0.0,0.0,0.0,0.0,0.0
9809,0.053984,0.494304,2.50016,0.0,0.0,0.0,0.0,0.0,0.0
9810,0.053632,0.49088,2.50454,0.0,0.0,0.0,0.0,0.0,0.0
9811,0.052928,0.490432,2.49958,0.0,0.0,0.0,0.0,0.0,0.0
9812,0.053504,0.493472,2.49843,0.0,0.0,0.0,0.0,0.0,0.0
9813,0.053632,0.493728,2.78662,0.0,0.0,0.0,0.0,0.0,0.0
9814,0.052768,0.4912,2.49546,0.0,0.0,0.0,0.0,0.0,0.0
9815,0.053088,0.492352,2.49718,0.0,0.0,0.0,0.0,0.0,0.0
9816,0.053088,0.493408,2.50026,0.0,0.0,0.0,0.0,0.0,0.0
9817,0.052928,0.492544,2.49616,0.0,0.0,0.0,0.0,0.0,0.0
9818,0.053152,0.49408,2.94058,0.0,0.0,0.0,0.0,0.0,0.0
9819,0.053472,0.491584,2.50051,0.0,0.0,0.0,0.0,0.0,0.0
9820,0.053024,0.490592,2.49408,0.0,0.0,0.0,0.0,0.0,0.0
9821,0.0536,0.491264,2.49245,0.0,0.0,0.0,0.0,0.0,0.0
9822,0.053632,0.48752,2.4991,0.0,0.0,0.0,0.0,0.0,0.0
9823,0.05248,0.491936,2.76976,0.0,0.0,0.0,0.0,0.0,0.0
9824,0.053472,0.489728,2.49091,0.0,0.0,0.0,0.0,0.0,0.0
9825,0.052544,0.490144,2.49658,0.0,0.0,0.0,0.0,0.0,0.0
9826,0.05312,0.488992,2.49293,0.0,0.0,0.0,0.0,0.0,0.0
9827,0.053248,0.49184,2.48845,0.0,0.0,0.0,0.0,0.0,0.0
9828,0.052768,0.490848,2.49459,0.0,0.0,0.0,0.0,0.0,0.0
9829,0.052992,0.49264,2.76586,0.0,0.0,0.0,0.0,0.0,0.0
9830,0.053376,0.489472,2.4856,0.0,0.0,0.0,0.0,0.0,0.0
9831,0.052608,0.488448,2.49014,0.0,0.0,0.0,0.0,0.0,0.0
9832,0.053056,0.490048,2.48579,0.0,0.0,0.0,0.0,0.0,0.0
9833,0.053408,0.48848,2.4841,0.0,0.0,0.0,0.0,0.0,0.0
9834,0.052672,0.487392,2.77558,0.0,0.0,0.0,0.0,0.0,0.0
9835,0.052448,0.491648,2.48413,0.0,0.0,0.0,0.0,0.0,0.0
9836,0.052416,0.4872,2.48262,0.0,0.0,0.0,0.0,0.0,0.0
9837,0.05264,0.486432,2.49085,0.0,0.0,0.0,0.0,0.0,0.0
9838,0.052672,0.490016,2.4856,0.0,0.0,0.0,0.0,0.0,0.0
9839,0.057024,0.492096,2.76544,0.0,0.0,0.0,0.0,0.0,0.0
9840,0.053408,0.490528,2.49146,0.0,0.0,0.0,0.0,0.0,0.0
9841,0.052768,0.490112,2.48192,0.0,0.0,0.0,0.0,0.0,0.0
9842,0.053408,0.4912,2.48077,0.0,0.0,0.0,0.0,0.0,0.0
9843,0.052448,0.490368,2.48778,0.0,0.0,0.0,0.0,0.0,0.0
9844,0.052416,0.49424,2.47978,0.0,0.0,0.0,0.0,0.0,0.0
9845,0.053088,0.488512,2.76317,0.0,0.0,0.0,0.0,0.0,0.0
9846,0.052128,0.491552,2.48928,0.0,0.0,0.0,0.0,0.0,0.0
9847,0.052672,0.48976,2.48371,0.0,0.0,0.0,0.0,0.0,0.0
9848,0.05312,0.488192,2.48221,0.0,0.0,0.0,0.0,0.0,0.0
9849,0.052416,0.488512,2.49002,0.0,0.0,0.0,0.0,0.0,0.0
9850,0.052576,0.49136,2.92106,0.0,0.0,0.0,0.0,0.0,0.0
9851,0.053216,0.494848,2.48368,0.0,0.0,0.0,0.0,0.0,0.0
9852,0.05312,0.488992,2.48566,0.0,0.0,0.0,0.0,0.0,0.0
9853,0.051808,0.486848,2.48659,0.0,0.0,0.0,0.0,0.0,0.0
9854,0.052992,0.488288,2.48144,0.0,0.0,0.0,0.0,0.0,0.0
9855,0.056928,0.487936,2.76797,0.0,0.0,0.0,0.0,0.0,0.0
9856,0.052064,0.486848,2.47731,0.0,0.0,0.0,0.0,0.0,0.0
9857,0.052384,0.483968,2.47744,0.0,0.0,0.0,0.0,0.0,0.0
9858,0.05312,0.486016,2.48819,0.0,0.0,0.0,0.0,0.0,0.0
9859,0.052352,0.488992,2.47926,0.0,0.0,0.0,0.0,0.0,0.0
9860,0.052512,0.486784,2.48141,0.0,0.0,0.0,0.0,0.0,0.0
9861,0.052352,0.489984,2.77046,0.0,0.0,0.0,0.0,0.0,0.0
9862,0.0528,0.489632,2.48141,0.0,0.0,0.0,0.0,0.0,0.0
9863,0.052736,0.486304,2.48205,0.0,0.0,0.0,0.0,0.0,0.0
9864,0.052704,0.483744,2.492,0.0,0.0,0.0,0.0,0.0,0.0
9865,0.051936,0.485504,2.48067,0.0,0.0,0.0,0.0,0.0,0.0
9866,0.052416,0.484032,2.76176,0.0,0.0,0.0,0.0,0.0,0.0
9867,0.052384,0.48416,2.48656,0.0,0.0,0.0,0.0,0.0,0.0
9868,0.051904,0.485216,2.48368,0.0,0.0,0.0,0.0,0.0,0.0
9869,0.05264,0.488864,2.47974,0.0,0.0,0.0,0.0,0.0,0.0
9870,0.052448,0.483392,2.48902,0.0,0.0,0.0,0.0,0.0,0.0
9871,0.054336,0.485888,2.48394,0.0,0.0,0.0,0.0,0.0,0.0
9872,0.053024,0.756608,2.48928,0.0,0.0,0.0,0.0,0.0,0.0
9873,0.05248,0.48384,2.48326,0.0,0.0,0.0,0.0,0.0,0.0
9874,0.052832,0.487488,2.48378,0.0,0.0,0.0,0.0,0.0,0.0
9875,0.052288,0.484032,2.4833,0.0,0.0,0.0,0.0,0.0,0.0
9876,0.051616,0.48368,2.4855,0.0,0.0,0.0,0.0,0.0,0.0
9877,0.052224,0.48496,2.76592,0.0,0.0,0.0,0.0,0.0,0.0
9878,0.052352,0.48624,2.47741,0.0,0.0,0.0,0.0,0.0,0.0
9879,0.051936,0.481792,2.48771,0.0,0.0,0.0,0.0,0.0,0.0
9880,0.052416,0.487392,2.48061,0.0,0.0,0.0,0.0,0.0,0.0
9881,0.052,0.482752,2.47923,0.0,0.0,0.0,0.0,0.0,0.0
9882,0.052064,0.484448,2.77786,0.0,0.0,0.0,0.0,0.0,0.0
9883,0.052128,0.655232,2.48365,0.0,0.0,0.0,0.0,0.0,0.0
9884,0.053344,0.488416,2.48163,0.0,0.0,0.0,0.0,0.0,0.0
9885,0.051552,0.486368,2.48387,0.0,0.0,0.0,0.0,0.0,0.0
9886,0.052064,0.491968,2.47894,0.0,0.0,0.0,0.0,0.0,0.0
9887,0.052448,0.48496,2.47619,0.0,0.0,0.0,0.0,0.0,0.0
9888,0.052672,0.770624,2.4848,0.0,0.0,0.0,0.0,0.0,0.0
9889,0.051712,0.48992,2.48797,0.0,0.0,0.0,0.0,0.0,0.0
9890,0.052032,0.483904,2.48362,0.0,0.0,0.0,0.0,0.0,0.0
9891,0.052416,0.485216,2.48544,0.0,0.0,0.0,0.0,0.0,0.0
9892,0.05264,0.48928,2.48384,0.0,0.0,0.0,0.0,0.0,0.0
9893,0.05232,0.485824,2.75939,0.0,0.0,0.0,0.0,0.0,0.0
9894,0.052352,0.48576,2.48534,0.0,0.0,0.0,0.0,0.0,0.0
9895,0.051904,0.484064,2.48413,0.0,0.0,0.0,0.0,0.0,0.0
9896,0.05248,0.484832,2.48074,0.0,0.0,0.0,0.0,0.0,0.0
9897,0.051872,0.483392,2.48842,0.0,0.0,0.0,0.0,0.0,0.0
9898,0.051616,0.482688,2.75731,0.0,0.0,0.0,0.0,0.0,0.0
9899,0.0,0.489088,2.48474,0.0,0.0,0.0,0.0,0.0,0.05264
9900,0.0,0.487168,2.48742,0.0,0.0,0.0,0.0,0.0,0.051904
9901,0.0,0.487296,2.47907,0.0,0.0,0.0,0.0,0.0,0.05168
9902,0.049568,0.7672,2.47894,0.266112,0.25792,0.253856,0.249728,0.248704,0.343936
9903,0.048032,0.492896,2.46272,0.265088,0.25792,0.253856,0.249728,0.249728,0.317312
9904,0.048032,0.491264,2.45718,0.264064,0.25792,0.253824,0.249728,0.249728,0.306048
9905,0.04832,0.489696,2.74691,0.266112,0.25792,0.253824,0.24768,0.249728,0.271584
9906,0.047552,0.490272,2.46653,0.266112,0.25792,0.253824,0.249728,0.250752,0.274336
9907,0.047264,0.488448,2.45763,0.266112,0.25792,0.2528,0.249728,0.249728,0.274304
9908,0.047648,0.489728,2.46166,0.266112,0.25792,0.253824,0.249728,0.249728,0.275328
9909,0.047552,0.493056,2.89878,0.266112,0.25792,0.253824,0.249728,0.249728,0.27568
9910,0.047136,0.488512,2.45827,0.26608,0.25792,0.253824,0.249728,0.24976,0.27328
9911,0.047072,0.487744,2.45251,0.266112,0.25792,0.253824,0.249728,0.249728,0.274304
9912,0.046944,0.489696,2.46336,0.265472,0.25792,0.253824,0.249728,0.249728,0.535424
9913,0.04672,0.489856,2.45843,0.266112,0.25792,0.255904,0.249728,0.249728,0.274304
9914,0.047232,0.485536,2.45498,0.26816,0.25792,0.253824,0.249728,0.250752,0.274304
9915,0.04656,0.486912,2.46099,0.266112,0.257952,0.25488,0.24976,0.249728,0.274304
9916,0.04752,0.491136,2.73568,0.266112,0.25792,0.253824,0.249728,0.249728,0.273536
9917,0.047136,0.49168,2.45837,0.266112,0.25792,0.253824,0.249728,0.249728,0.272256
9918,0.046848,0.484576,2.46042,0.266112,0.25792,0.253824,0.249728,0.248704,0.272256
9919,0.046912,0.487008,2.46314,0.268192,0.259968,0.511872,0.255232,0.253824,0.272256
9920,0.046816,0.49312,2.48224,0.26816,0.259968,0.255872,0.251776,0.251776,0.27328
9921,0.046752,0.490816,2.48518,0.26816,0.259968,0.255872,0.251776,0.251776,0.272256
9922,0.046784,0.490144,2.47789,0.26816,0.26,0.255872,0.251776,0.2528,0.272256
9923,0.047232,0.490176,2.75635,0.26816,0.259968,0.253824,0.251776,0.251776,0.2736
9924,0.046272,0.491232,2.48518,0.267136,0.259968,0.255904,0.251808,0.251776,0.272256
9925,0.046752,0.490912,2.47683,0.26816,0.259968,0.25792,0.251776,0.251776,0.270208
9926,0.048384,0.495904,2.4793,0.26816,0.435072,0.255872,0.249728,0.251776,0.272256
9927,0.046752,0.489536,2.66774,0.26816,0.259968,0.255872,0.251776,0.251776,0.2736
9928,0.046752,0.490272,2.48304,0.26816,0.258944,0.255872,0.251776,0.251776,0.272256
9929,0.04688,0.49472,2.47536,0.26816,0.259968,0.255904,0.250784,0.251776,0.270208
9930,0.047424,0.491904,2.76221,0.271616,0.259968,0.255872,0.251776,0.251776,0.358624
9931,0.046848,0.493632,2.48032,0.26816,0.259968,0.255872,0.249792,0.251712,0.272256
9932,0.047008,0.490464,2.4785,0.270208,0.259968,0.255872,0.251776,0.2528,0.270208
9933,0.046912,0.492448,2.48653,0.26816,0.259968,0.256928,0.251776,0.251776,0.272256
9934,0.046528,0.741952,2.48195,0.26816,0.259968,0.255872,0.251776,0.2528,0.270208
9935,0.046688,0.49008,2.48016,0.270208,0.259968,0.254848,0.251776,0.251776,0.270208
9936,0.04672,0.492224,2.4824,0.26816,0.259968,0.257952,0.249728,0.251776,0.271232
9937,0.0472,0.494496,2.76003,0.26816,0.259968,0.255872,0.249728,0.251776,0.267456
9938,0.047296,0.491808,2.47974,0.26816,0.259968,0.255872,0.251808,0.2528,0.26816
9939,0.047008,0.486112,2.48381,0.26816,0.259968,0.254848,0.251776,0.251776,0.26816
9940,0.046656,0.489248,2.48554,0.26816,0.259968,0.255872,0.249728,0.251776,0.269184
9941,0.047264,0.768224,2.48342,0.26816,0.259968,0.255872,0.251776,0.251776,0.270208
9942,0.04656,0.491776,2.48554,0.26816,0.26,0.255872,0.251776,0.250752,0.26816
9943,0.046752,0.490432,2.47859,0.26816,0.259968,0.256896,0.251776,0.251776,0.26816
9944,0.047168,0.489312,2.47888,0.275712,0.263424,0.25792,0.251776,0.403328,0.441216
9945,0.04704,0.486592,2.48304,0.26816,0.259968,0.256896,0.251776,0.251776,0.26816
9946,0.046976,0.487936,2.47453,0.26816,0.259968,0.255904,0.251808,0.251776,0.267136
9947,0.046752,0.49056,2.47843,0.270208,0.259968,0.255872,0.251808,0.251776,0.270208
9948,0.047552,0.487776,2.87078,0.26816,0.259968,0.255872,0.251776,0.251776,0.267456
9949,0.046784,0.489952,2.48029,0.26816,0.259936,0.256896,0.251776,0.251776,0.266112
9950,0.047264,0.697152,2.47757,0.26816,0.259968,0.255872,0.251776,0.250752,0.266112
9951,0.047424,0.4872,2.48659,0.26736,0.262048,0.25792,0.501632,0.25728,0.465792
9952,0.046976,0.489152,2.48006,0.269184,0.259968,0.255872,0.251776,0.251776,0.26816
9953,0.047264,0.488096,2.48166,0.26816,0.26,0.25792,0.251776,0.251776,0.267136
9954,0.046592,0.488704,2.48243,0.26816,0.258944,0.255872,0.251776,0.251776,0.266112
9955,0.047328,0.4928,3.12752,0.26816,0.259968,0.255872,0.249824,0.25168,0.267232
9956,0.047424,0.488288,2.4792,0.26816,0.259968,0.255872,0.249728,0.2528,0.26816
9957,0.04736,0.488512,2.48739,0.26816,0.259968,0.256896,0.251776,0.251776,0.266112
9958,0.047296,0.49344,2.47869,0.267392,0.262016,0.255872,0.501632,0.259296,0.463744
9959,0.046848,0.490816,2.47341,0.267136,0.259968,0.255872,0.251776,0.251776,0.266112
9960,0.046496,0.488512,2.48294,0.26816,0.259968,0.255872,0.251776,0.251776,0.26816
9961,0.047072,0.490752,2.4807,0.26816,0.258944,0.255872,0.249696,0.251776,0.264064
9962,0.047776,0.489184,2.97619,0.26816,0.259968,0.255872,0.251776,0.251776,0.2672
9963,0.047104,0.488864,2.48454,0.269184,0.25792,0.255872,0.251776,0.251776,0.264064
9964,0.047648,0.489536,2.47789,0.26832,0.259968,0.255744,0.251776,0.251776,0.266112
9965,0.047488,0.495488,2.47888,0.27568,0.263392,0.25792,0.251776,0.510848,0.460672
9966,0.046944,0.488384,2.48675,0.26816,0.259968,0.256928,0.251776,0.251776,0.266112
9967,0.047392,0.488096,2.47853,0.26816,0.259968,0.255872,0.249856,0.251648,0.26304
9968,0.047232,0.4912,2.4735,0.26816,0.259968,0.255872,0.251776,0.251776,0.266112
9969,0.047488,0.487168,2.97178,0.26816,0.259968,0.255872,0.249728,0.251808,0.26528
9970,0.047488,0.492,2.47821,0.267136,0.259968,0.255872,0.249728,0.251776,0.307104
9971,0.047104,0.491552,2.4753,0.26816,0.259968,0.255872,0.251776,0.251776,0.282496
9972,0.049568,0.487456,2.48195,0.26816,0.4136,0.424832,0.253184,0.251776,0.31936
9973,0.047008,0.494976,2.47094,0.266112,0.258048,0.255872,0.250752,0.251776,0.325504
9974,0.04752,0.495104,2.47059,0.267136,0.259968,0.255872,0.249728,0.251808,0.300928
9975,0.047072,0.491552,2.47718,0.26816,0.259968,0.255872,0.249728,0.251808,0.335744
9976,0.047616,0.49392,2.85526,0.26816,0.259968,0.255872,0.249728,0.251776,0.3392
9977,0.04768,0.493472,2.46138,0.26816,0.259968,0.255872,0.250752,0.251776,0.30912
9978,0.046528,0.49936,2.46291,0.269184,0.259968,0.255872,0.251776,0.249728,0.33984
9979,0.049824,0.493952,2.45981,0.26816,0.414592,0.427904,0.253184,0.251776,0.30912
9980,0.047968,0.494432,2.4543,0.26816,0.25792,0.255872,0.250752,0.251776,0.33984
9981,0.047552,0.49424,2.46515,0.267136,0.259968,0.255872,0.251776,0.251776,0.356224
9982,0.047648,0.491776,2.45498,0.26816,0.259968,0.255872,0.249728,0.251776,0.323456
9983,0.048288,0.495584,2.73238,0.26816,0.259968,0.255872,0.251776,0.251776,0.31872
9984,0.048416,0.50128,2.47082,0.270208,0.259968,0.255872,0.249728,0.251808,0.41152
9985,0.048288,0.499552,2.46816,0.266112,0.259968,0.255872,0.251776,0.2528,0.388992
9986,0.05024,0.50208,2.47274,0.434048,0.413568,0.261376,0.253856,0.251776,0.417664
9987,0.047648,0.502816,2.47734,0.26816,0.259968,0.255872,0.250752,0.251776,0.405376
9988,0.047552,0.50864,2.47981,0.26816,0.259968,0.255872,0.249728,0.251776,0.377728
9989,0.048128,0.515168,2.47597,0.26816,0.259968,0.255872,0.251776,0.251776,0.40128
9990,0.047616,0.509504,2.85885,0.266112,0.259968,0.255872,0.251776,0.251776,0.367872
9991,0.04832,0.517888,2.47462,0.267136,0.259968,0.255872,0.251776,0.251776,0.405376
9992,0.049216,0.52032,2.47875,0.266112,0.26,0.253824,0.251776,0.251776,0.407424
9993,0.04832,0.516928,2.48707,0.269568,0.259968,0.255872,0.4064,0.255168,0.545664
9994,0.049152,0.521888,2.5016,0.266112,0.259968,0.255872,0.251776,0.251808,0.4064
9995,0.049856,0.522048,2.52435,0.26816,0.260992,0.255872,0.251776,0.251776,0.405376
9996,0.048864,0.518816,2.52701,0.26816,0.259968,0.255872,0.250752,0.251776,0.364416
9997,0.04928,0.804512,2.54806,0.26816,0.259936,0.255872,0.251776,0.2528,0.40128
9998,0.049696,0.516896,2.56797,0.269184,0.262016,0.255872,0.251776,0.253824,0.393088
9999,0.048864,0.512416,2.57107,0.26816,0.259968,0.255872,0.251776,0.251776,0.348032
10000,0.049952,0.518528,3.00842,0.26816,0.26,0.255872,0.251776,0.251776,0.384224
10001,0.050112,0.520448,2.58784,0.26816,0.262016,0.255872,0.251776,0.252832,0.376704
10002,0.048992,0.514752,2.5935,0.269184,0.26,0.255872,0.251776,0.251776,0.335744
10003,0.051424,0.519872,2.5945,0.268192,0.414592,0.424832,0.253184,0.253824,0.362368
10004,0.05008,0.522368,2.59955,0.266112,0.259968,0.254848,0.251808,0.251776,0.362368
10005,0.049408,0.519328,2.60538,0.26816,0.259968,0.255872,0.251776,0.253824,0.316288
10006,0.04992,0.523776,2.60298,0.26816,0.258912,0.255872,0.251776,0.253824,0.35008
10007,0.04992,0.522784,2.88285,0.26816,0.259968,0.255872,0.251776,0.251776,0.314624
10008,0.049888,0.526176,2.61405,0.26816,0.259968,0.255872,0.250752,0.251808,0.337792
10009,0.049408,0.530112,2.60954,0.270208,0.259968,0.25584,0.251776,0.253824,0.338816
10010,0.0496,0.524416,2.88973,0.26816,0.259968,0.255872,0.251776,0.251776,0.300256
10011,0.048832,0.529216,2.61245,0.270208,0.26,0.256896,0.251776,0.251776,0.296832
10012,0.049696,0.527008,2.61162,0.26816,0.259936,0.255872,0.251776,0.251776,0.287616
10013,0.317632,0.523232,2.61322,0.26816,0.260992,0.255904,0.251808,0.251776,0.266112
10014,0.049248,0.527136,2.61539,0.26816,0.259968,0.25792,0.250752,0.253824,0.266112
10015,0.0496,0.526048,2.60963,0.26816,0.259968,0.255872,0.251776,0.251776,0.265088
10016,0.04976,0.525312,2.60701,0.26816,0.259968,0.25792,0.251776,0.251776,0.264064
10017,0.049088,0.525088,2.8953,0.26816,0.259968,0.255872,0.251808,0.251776,0.267488
10018,0.049664,0.522496,2.60976,0.269184,0.259968,0.25792,0.251808,0.253824,0.266112
10019,0.049568,0.5264,2.60598,0.26816,0.259968,0.255872,0.251776,0.251776,0.266112
10020,0.049856,0.523584,2.6151,0.270208,0.262016,0.25792,0.427904,0.257248,0.264064
10021,0.049824,0.71072,2.7177,0.26816,0.262016,0.255872,0.251776,0.253824,0.26544
10022,0.050048,0.522496,2.60954,0.270208,0.262016,0.255872,0.251776,0.2528,0.266112
10023,0.049728,0.526016,2.61334,0.269184,0.259968,0.257952,0.251776,0.251776,0.266112
10024,0.0504,0.527872,2.89232,0.26816,0.259936,0.255872,0.251776,0.251776,0.26544
10025,0.05056,0.526176,2.61344,0.26816,0.260992,0.25792,0.251776,0.251776,0.266112
10026,0.049472,0.523008,2.61578,0.26816,0.259968,0.256928,0.251776,0.251776,0.266112
10027,0.050304,0.526144,2.8831,0.26816,0.259968,0.25792,0.251776,0.251776,0.279808
10028,0.05008,0.529248,2.60736,0.270208,0.260992,0.255872,0.251776,0.251776,0.266112
10029,0.0496,0.526528,2.61859,0.26816,0.259968,0.256896,0.251776,0.251776,0.266112
10030,0.05008,0.522912,2.60758,0.26816,0.259968,0.25792,0.251776,0.251776,0.264064
10031,0.051008,0.529632,2.87651,0.26816,0.260992,0.255872,0.251776,0.251776,0.265472
10032,0.050208,0.526144,2.61066,0.270208,0.26,0.255872,0.2528,0.251776,0.266112
10033,0.050432,0.526016,2.60922,0.270208,0.259968,0.255872,0.251808,0.251776,0.26304
10034,0.05024,0.525408,2.88246,0.26816,0.259968,0.25792,0.251776,0.251776,0.26752
10035,0.05024,0.522048,2.61328,0.270208,0.259968,0.255872,0.250784,0.251776,0.264064
10036,0.04976,0.529344,2.61203,0.267136,0.259968,0.255872,0.251776,0.253824,0.262016
10037,0.05632,0.523872,2.60883,0.26816,0.427904,0.255872,0.251776,0.251776,0.264064
10038,0.050048,0.52352,2.7937,0.26816,0.259968,0.25792,0.251776,0.251776,0.26544
10039,0.05008,0.524448,2.79626,0.270208,0.262016,0.255872,0.251776,0.251776,0.26336
10040,0.050208,0.5264,2.60755,0.26816,0.259968,0.25792,0.251776,0.253824,0.264064
10041,0.050208,0.529888,3.06454,0.26816,0.259968,0.255872,0.251776,0.251776,0.267552
10042,0.05008,0.528832,2.60618,0.26816,0.259968,0.25792,0.251776,0.252832,0.264064
10043,0.050528,0.529472,2.60544,0.270208,0.26,0.256896,0.251776,0.251776,0.264064
10044,0.050208,0.524064,2.61347,0.44736,0.415648,0.261344,0.251776,0.251776,0.266112
10045,0.049952,0.527968,2.60573,0.268192,0.259968,0.256896,0.251776,0.251776,0.264064
10046,0.050496,0.524064,2.6104,0.26816,0.262016,0.257952,0.251776,0.251776,0.26304
10047,0.049696,0.524288,2.61571,0.26816,0.260992,0.255872,0.251776,0.251776,0.264064
10048,0.050368,0.523488,2.89587,0.270208,0.259968,0.255872,0.251776,0.253824,0.265472
10049,0.050496,0.527552,2.60582,0.270208,0.262016,0.255872,0.2528,0.251776,0.266112
10050,0.05008,0.525408,2.61299,0.26816,0.26,0.257952,0.251776,0.251776,0.26304
10051,0.050208,0.52816,2.8839,0.26816,0.259968,0.255872,0.251776,0.251776,0.263392
10052,0.050592,0.526656,2.60573,0.26816,0.259968,0.255872,0.2528,0.253824,0.262016
10053,0.050112,0.525344,2.61114,0.269184,0.259968,0.255872,0.251776,0.251776,0.262016
10054,0.053024,0.526496,2.61178,0.26816,0.259968,0.255904,0.251808,0.251776,0.262016
10055,0.050368,0.787968,2.60886,0.26816,0.259968,0.255872,0.251776,0.2528,0.264064
10056,0.04992,0.526336,2.61254,0.269184,0.259968,0.25792,0.251776,0.251776,0.264064
10057,0.050496,0.526912,2.61344,0.26816,0.259968,0.25584,0.251776,0.251776,0.264064
10058,0.050592,0.527744,2.89197,0.26816,0.259968,0.255872,0.251776,0.253824,0.265408
10059,0.049632,0.526336,2.61824,0.269184,0.259968,0.257952,0.251776,0.251776,0.264064
10060,0.049952,0.523936,2.6095,0.27024,0.259968,0.255872,0.251776,0.251776,0.264064
10061,0.051008,0.52496,2.6049,0.270208,0.26544,0.25792,0.251776,0.422784,0.262016
10062,0.050272,0.703968,2.61514,0.270208,0.260992,0.255872,0.251776,0.251776,0.264064
10063,0.050336,0.527072,2.60995,0.270208,0.262016,0.256896,0.251776,0.251776,0.264064
10064,0.05072,0.526112,2.60675,0.270208,0.259968,0.255872,0.251776,0.253824,0.260992
10065,0.0504,0.527552,3.05674,0.26816,0.259968,0.25792,0.251776,0.251776,0.26544
10066,0.050528,0.524224,2.60653,0.270208,0.259968,0.256896,0.251776,0.253824,0.264064
10067,0.050528,0.52576,2.61037,0.26816,0.259968,0.25792,0.251776,0.251776,0.260992
10068,0.050656,0.526464,2.61517,0.275616,0.259968,0.25792,0.251776,0.251776,0.527232
10069,0.050048,0.522944,2.60973,0.26816,0.259968,0.25792,0.251776,0.251776,0.262016
10070,0.050592,0.526816,2.60672,0.26816,0.259968,0.255904,0.250784,0.251808,0.262016
10071,0.050336,0.530656,2.61437,0.26816,0.259968,0.257952,0.251776,0.251776,0.26304
10072,0.050496,0.526144,2.87837,0.26816,0.258944,0.255872,0.251776,0.251776,0.26336
10073,0.0512,0.52464,2.61136,0.270208,0.259968,0.25792,0.2528,0.251776,0.264064
10074,0.05008,0.524928,2.61414,0.26816,0.259968,0.255904,0.251776,0.251776,0.26304
10075,0.050496,0.527712,2.89216,0.268192,0.259968,0.257888,0.251776,0.253856,0.26336
10076,0.050112,0.525408,2.60502,0.270208,0.259968,0.255872,0.250752,0.253824,0.262016
10077,0.049984,0.525248,2.61222,0.269184,0.26,0.255872,0.251776,0.251808,0.262016
10078,0.052832,0.524288,2.60883,0.270208,0.262016,0.255872,0.251776,0.251776,0.264064
10079,0.051136,0.700608,2.79123,0.270208,0.262048,0.255872,0.251776,0.251776,0.263424
10080,0.051904,0.526432,2.61459,0.270208,0.260992,0.255872,0.251776,0.251776,0.264064
10081,0.049952,0.528512,2.60909,0.270208,0.259968,0.256896,0.251776,0.253824,0.262016
10082,0.05072,0.522432,2.89542,0.270208,0.259968,0.255872,0.251776,0.251776,0.263424
10083,0.049856,0.526048,2.61274,0.269184,0.259968,0.255872,0.251776,0.251776,0.262016
10084,0.050272,0.527232,2.61114,0.270208,0.259968,0.255872,0.251776,0.251776,0.262016
10085,0.050816,0.52304,2.61286,0.26816,0.263392,0.255872,0.251776,0.423808,0.262016
10086,0.050272,0.693088,2.61296,0.26816,0.260992,0.255872,0.251808,0.251776,0.264064
10087,0.050432,0.527264,2.60794,0.26816,0.26,0.256896,0.251776,0.251744,0.262016
10088,0.050592,0.524736,2.60723,0.270208,0.259968,0.25792,0.251776,0.251776,0.260992
10089,0.050016,0.527136,3.05293,0.26816,0.26,0.255872,0.251808,0.251776,0.263392
10090,0.0504,0.52592,2.60966,0.269184,0.259968,0.255872,0.251776,0.251776,0.262016
10091,0.050944,0.526848,2.6105,0.270208,0.259968,0.25792,0.251776,0.251776,0.262016
10092,0.050208,0.52592,2.61331,0.26752,0.259968,0.255872,0.251776,0.251776,0.52928
10093,0.05024,0.529536,2.6056,0.26816,0.260992,0.255872,0.251776,0.251776,0.259968
10094,0.050592,0.525184,2.60672,0.26816,0.259968,0.256896,0.251776,0.251776,0.259968
10095,0.050336,0.525632,2.61357,0.26816,0.259968,0.257952,0.251776,0.251776,0.26304
10096,0.05024,0.800192,2.61296,0.270208,0.260992,0.25792,0.251776,0.251776,0.262016
10097,0.050624,0.5256,2.60726,0.270208,0.259968,0.256896,0.251776,0.251776,0.262016
10098,0.050176,0.526016,2.61914,0.26816,0.259968,0.25792,0.251776,0.251776,0.260992
10099,0.050464,0.522688,2.88314,0.268192,0.259936,0.25792,0.251776,0.251776,0.263392
10100,0.050304,0.527392,2.60515,0.26816,0.259968,0.25792,0.250752,0.251776,0.259968
10101,0.050912,0.524768,2.61411,0.269184,0.259968,0.255872,0.251776,0.251776,0.262016
10102,0.050304,0.525216,2.6064,0.270208,0.262016,0.25792,0.251776,0.251808,0.262016
10103,0.05056,0.782816,2.6104,0.26816,0.259968,0.25792,0.250752,0.251776,0.262016
10104,0.050112,0.5264,2.6144,0.269184,0.26,0.255872,0.251776,0.251776,0.259968
10105,0.050208,0.526592,2.61162,0.26816,0.259968,0.255872,0.251776,0.253824,0.262016
10106,0.050688,0.52416,2.88995,0.26816,0.259968,0.25792,0.251776,0.251776,0.261376
10107,0.050112,0.525024,2.61363,0.269184,0.26,0.255872,0.251776,0.251776,0.262016
10108,0.050208,0.52816,2.60832,0.26816,0.262016,0.255872,0.251776,0.251776,0.259968
10109,0.05072,0.52656,2.6089,0.26816,0.263392,0.255872,0.2528,0.427904,0.262016
10110,0.05056,0.694368,2.61763,0.270208,0.261024,0.255872,0.251776,0.251808,0.262016
10111,0.050496,0.523392,2.60982,0.270208,0.259936,0.256896,0.251776,0.251776,0.262016
10112,0.050112,0.526464,2.6079,0.26816,0.262016,0.25792,0.251776,0.251808,0.258944
10113,0.049728,0.5288,3.05574,0.26816,0.259968,0.255872,0.251776,0.251776,0.259168
10114,0.050272,0.527136,2.60458,0.269184,0.259936,0.257952,0.251776,0.253824,0.262016
10115,0.051104,0.531232,2.6047,0.26816,0.26,0.255872,0.251776,0.251776,0.262016
10116,0.049952,0.52592,2.61379,0.271616,0.259968,0.255872,0.251776,0.251776,0.522112
10117,0.050624,0.531392,2.6103,0.26816,0.260992,0.255872,0.251776,0.251776,0.259968
10118,0.0504,0.523872,2.61024,0.26816,0.259936,0.255872,0.2528,0.251776,0.262016
10119,0.049856,0.526336,2.6152,0.26816,0.259968,0.255872,0.251776,0.251776,0.26304
10120,0.0504,0.528896,2.88214,0.270208,0.259936,0.255872,0.251776,0.251776,0.259296
10121,0.050784,0.524576,2.61456,0.26816,0.262016,0.255872,0.250752,0.251776,0.262016
10122,0.0496,0.525216,2.61318,0.26816,0.259968,0.25792,0.251776,0.251776,0.260992
10123,0.0504,0.524416,2.88758,0.26816,0.26,0.255872,0.251776,0.251776,0.261152
10124,0.050464,0.52944,2.60909,0.26816,0.259968,0.255872,0.250752,0.253824,0.259968
10125,0.049824,0.526272,2.61472,0.269184,0.259968,0.255872,0.251776,0.251776,0.259968
10126,0.051136,0.527968,2.60682,0.26816,0.259968,0.255904,0.251808,0.251776,0.259968
10127,0.0512,0.78048,2.60755,0.26816,0.259968,0.25792,0.250752,0.251776,0.259968
10128,0.050528,0.52656,2.61107,0.269184,0.259968,0.25792,0.251776,0.251776,0.259968
10129,0.050112,0.527968,2.61005,0.26816,0.259968,0.255872,0.251776,0.251776,0.25792
10130,0.051008,0.523488,2.89533,0.26816,0.259968,0.255872,0.251776,0.251776,0.261376
10131,0.050144,0.52896,2.6175,0.269184,0.259968,0.255872,0.251776,0.251776,0.259968
10132,0.05008,0.526112,2.6079,0.26816,0.259968,0.255872,0.251776,0.251776,0.259968
10133,0.051168,0.52944,2.60464,0.26816,0.264064,0.25792,0.415328,0.26064,0.259968
10134,0.050816,0.715296,2.72419,0.26816,0.259968,0.255872,0.251776,0.251776,0.259296
10135,0.050208,0.52336,2.60822,0.270208,0.260992,0.25792,0.251776,0.251776,0.262016
10136,0.050624,0.524608,2.61027,0.26816,0.259968,0.256928,0.251776,0.251776,0.259968
10137,0.050112,0.527296,2.8936,0.26816,0.259968,0.257952,0.251776,0.251776,0.259328
10138,0.050176,0.528672,2.61139,0.26816,0.260992,0.255872,0.251776,0.251776,0.259968
10139,0.05056,0.52608,2.61034,0.26816,0.259968,0.25792,0.2528,0.251776,0.262016
10140,0.050272,0.528864,2.61482,0.527232,0.259968,0.259296,0.251776,0.251776,0.26304
10141,0.050784,0.524416,2.60902,0.270208,0.259968,0.25792,0.251776,0.251776,0.259968
10142,0.05088,0.523424,2.60528,0.270208,0.259968,0.25792,0.250752,0.251808,0.259968
10143,0.049728,0.5248,2.60973,0.269184,0.259968,0.255872,0.251776,0.251776,0.25792
10144,0.050592,0.527008,2.89171,0.26816,0.259936,0.255872,0.251776,0.251776,0.259296
10145,0.05056,0.528864,2.6105,0.26816,0.259968,0.255872,0.251776,0.2528,0.259968
10146,0.049856,0.52624,2.61482,0.269184,0.259968,0.255872,0.251776,0.253824,0.259968
10147,0.050208,0.52592,2.88922,0.26816,0.259968,0.255872,0.251776,0.251776,0.267488
10148,0.050848,0.525312,2.60803,0.26816,0.259968,0.255872,0.251776,0.2528,0.259968
10149,0.050208,0.52336,2.61315,0.269184,0.259968,0.25792,0.251776,0.251776,0.259968
10150,0.052384,0.526432,2.60781,0.26816,0.26,0.255872,0.251776,0.251776,0.259968
10151,0.050752,0.81392,2.60445,0.270208,0.259968,0.25792,0.251776,0.2528,0.259968
10152,0.050112,0.528224,2.61696,0.26816,0.259968,0.256928,0.251776,0.251776,0.259968
10153,0.05008,0.534688,2.60819,0.268192,0.259968,0.255872,0.251776,0.251776,0.25792
10154,0.050912,0.526208,2.88618,0.26816,0.259968,0.255872,0.251776,0.253824,0.261376
10155,0.05024,0.524736,2.61987,0.269184,0.26,0.255872,0.251808,0.251776,0.259968
10156,0.0504,0.522592,2.61133,0.26816,0.259968,0.255872,0.251776,0.251744,0.259968
10157,0.050976,0.529408,2.60803,0.26816,0.263392,0.25792,0.251776,0.512896,0.259968
10158,0.050144,0.694528,2.61491,0.270208,0.261024,0.255872,0.251776,0.251776,0.262016
10159,0.050144,0.525312,2.6095,0.270208,0.259968,0.256896,0.251776,0.253824,0.259968
10160,0.050144,0.527744,2.60925,0.26816,0.259968,0.255904,0.251808,0.253824,0.260992
10161,0.050176,0.53408,2.8919,0.26816,0.259968,0.255872,0.251776,0.251776,0.259232
10162,0.049888,0.52912,2.6111,0.26816,0.259968,0.255872,0.251776,0.253824,0.259968
10163,0.050432,0.525856,2.60803,0.26816,0.259968,0.255872,0.251776,0.2528,0.259968
10164,0.050464,0.52432,2.61056,0.444288,0.414592,0.259296,0.251776,0.253824,0.262016
10165,0.050336,0.530176,2.60675,0.268192,0.26,0.256896,0.251776,0.251744,0.259968
10166,0.050944,0.525664,2.60806,0.26816,0.259968,0.255872,0.251776,0.251776,0.259968
10167,0.049536,0.525472,2.61539,0.26816,0.258944,0.255872,0.251776,0.251776,0.259968
10168,0.050912,0.52352,2.89072,0.26816,0.262016,0.255872,0.251776,0.251808,0.259296
10169,0.050688,0.524256,2.60688,0.26816,0.259968,0.255872,0.2528,0.251776,0.262016
10170,0.04992,0.524928,2.61389,0.269184,0.259968,0.255872,0.251776,0.251776,0.259968
10171,0.050592,0.5288,2.88397,0.268192,0.259968,0.255872,0.251776,0.251776,0.263392
10172,0.050336,0.5264,2.61008,0.26816,0.259968,0.255872,0.251808,0.2528,0.262016
10173,0.049856,0.524448,2.61283,0.269184,0.259968,0.255872,0.251776,0.251776,0.262016
10174,0.050336,0.525568,2.60877,0.268192,0.259936,0.25792,0.251776,0.251808,0.259968
10175,0.050816,0.812832,2.60464,0.26816,0.260992,0.255872,0.251776,0.251776,0.262016
10176,0.0504,0.526176,2.61421,0.270208,0.259968,0.256896,0.251776,0.253824,0.264064
10177,0.050144,0.531872,2.60826,0.26816,0.259968,0.255872,0.251776,0.251776,0.262016
10178,0.050496,0.527232,2.90429,0.26752,0.259968,0.255904,0.251808,0.251776,0.403712
10179,0.049888,0.52832,2.6127,0.26816,0.258944,0.255872,0.251776,0.251776,0.259968
10180,0.049824,0.529056,2.60653,0.27024,0.259968,0.256896,0.251776,0.253824,0.259968
10181,0.050496,0.522368,2.6088,0.26816,0.262016,0.255872,0.514944,0.25728,0.260992
10182,0.050432,0.530688,2.6095,0.26816,0.259968,0.255872,0.251808,0.251776,0.260992
10183,0.0504,0.527936,2.61414,0.26816,0.262016,0.255872,0.249696,0.251808,0.259968
10184,0.05056,0.526464,2.60854,0.26816,0.259968,0.25792,0.250752,0.251776,0.262016
10185,0.05056,0.53024,2.89034,0.26816,0.259968,0.255904,0.251776,0.251776,0.265408
10186,0.050048,0.526144,2.60557,0.26816,0.259968,0.255872,0.251776,0.251776,0.259968
10187,0.050464,0.527296,2.60822,0.26816,0.259968,0.255872,0.250752,0.251776,0.259968
10188,0.052128,0.530048,2.60883,0.428352,0.414624,0.264,0.253824,0.253824,0.262016
10189,0.050176,0.528128,2.60758,0.268192,0.259968,0.255872,0.250752,0.251744,0.259968
10190,0.050496,0.527168,2.60957,0.26816,0.259968,0.25792,0.251776,0.251776,0.26304
10191,0.050304,0.527328,2.61469,0.26816,0.260992,0.255872,0.251776,0.251776,0.262016
10192,0.050912,0.528704,2.8848,0.26816,0.262016,0.25792,0.251776,0.251776,0.263392
10193,0.050144,0.529024,2.61008,0.26816,0.259968,0.255872,0.251776,0.2528,0.262016
10194,0.050208,0.528288,2.6169,0.269184,0.259968,0.25792,0.249728,0.251776,0.262016
10195,0.050656,0.528032,2.88365,0.26816,0.259968,0.255872,0.251776,0.251776,0.267488
10196,0.050368,0.52976,2.60614,0.26816,0.259968,0.25792,0.251776,0.2528,0.262016
10197,0.049856,0.524992,2.61174,0.269184,0.259968,0.255872,0.251776,0.251776,0.264064
10198,0.049984,0.524,2.60634,0.26816,0.259968,0.255872,0.251808,0.251776,0.262016
10199,0.05104,0.813184,2.60992,0.26816,0.260992,0.255872,0.251776,0.251808,0.264064
10200,0.050176,0.525824,2.61638,0.26816,0.259968,0.256896,0.251776,0.251776,0.262016
10201,0.050496,0.527264,2.60893,0.268288,0.259968,0.257792,0.251776,0.251776,0.262016
10202,0.050592,0.525536,2.87158,0.267488,0.259968,0.255872,0.251776,0.251776,0.42112
10203,0.050336,0.527872,2.60896,0.26816,0.261024,0.255872,0.251776,0.251776,0.262016
10204,0.050464,0.527424,2.61171,0.26816,0.259968,0.256896,0.251776,0.253824,0.264064
10205,0.050656,0.526944,2.60934,0.26816,0.264064,0.255872,0.415392,0.260576,0.265088
10206,0.050688,0.700544,2.61526,0.26816,0.260992,0.255872,0.251776,0.251776,0.264064
10207,0.050144,0.526944,2.60544,0.26816,0.259968,0.256896,0.251776,0.253824,0.262016
10208,0.050784,0.529248,2.60931,0.26816,0.259968,0.255872,0.251776,0.251776,0.265088
10209,0.050432,0.5256,2.8928,0.26816,0.259968,0.25792,0.251776,0.251776,0.263424
10210,0.050688,0.524128,2.6096,0.26816,0.259968,0.255872,0.251776,0.251776,0.264064
10211,0.050112,0.53232,2.60902,0.26816,0.259968,0.255872,0.251776,0.2528,0.264064
10212,0.050432,0.525088,2.61018,0.444288,0.265504,0.259296,0.253824,0.404352,0.26816
10213,0.050112,0.528288,2.60778,0.270208,0.259968,0.256896,0.251808,0.251776,0.264064
10214,0.050592,0.526464,2.60522,0.26816,0.259968,0.255872,0.251776,0.251776,0.264064
10215,0.050048,0.52352,2.61242,0.26816,0.260992,0.257952,0.251776,0.251776,0.264064
10216,0.050784,0.52672,2.89632,0.26816,0.262016,0.25792,0.251776,0.251776,0.263392
10217,0.050368,0.5264,2.60874,0.26816,0.262016,0.255872,0.2528,0.251776,0.264064
10218,0.050144,0.526336,2.6152,0.269184,0.259968,0.25792,0.251776,0.251776,0.264064
10219,0.0504,0.530496,2.89046,0.26816,0.259968,0.255872,0.251776,0.251776,0.265408
10220,0.050464,0.525472,2.61075,0.26816,0.259968,0.255872,0.250752,0.251776,0.264064
10221,0.049728,0.527488,2.61498,0.267136,0.259968,0.255904,0.251808,0.251776,0.264064
10222,0.052928,0.52656,2.61027,0.26816,0.259968,0.25792,0.251776,0.251808,0.264064
10223,0.050592,0.779584,2.61117,0.270208,0.259968,0.255872,0.2528,0.251776,0.266112
10224,0.049824,0.526304,2.61654,0.269184,0.259968,0.255872,0.251776,0.251776,0.264064
10225,0.050208,0.526048,2.60643,0.26816,0.26,0.255872,0.251776,0.251776,0.262016
10226,0.05072,0.528128,3.03997,0.266112,0.259968,0.255872,0.251776,0.251776,0.267488
10227,0.050272,0.527872,2.61309,0.26816,0.259968,0.255904,0.251776,0.2528,0.262016
10228,0.050272,0.527648,2.61341,0.26816,0.259968,0.256896,0.251776,0.251776,0.262016
10229,0.050784,0.527232,2.604,0.26816,0.262016,0.25792,0.51392,0.25728,0.264064
10230,0.049536,0.52768,2.61389,0.26816,0.259968,0.255872,0.251776,0.251776,0.260992
10231,0.05024,0.524416,2.61235,0.266112,0.259968,0.255872,0.251776,0.253824,0.262016
10232,0.050592,0.527968,2.60816,0.26816,0.259968,0.255904,0.250752,0.251808,0.264064
10233,0.05024,0.52432,2.99085,0.26816,0.259968,0.255872,0.251776,0.251776,0.263392
10234,0.049984,0.527168,2.61002,0.26816,0.259968,0.254848,0.251776,0.251776,0.264064
10235,0.050528,0.530624,2.61043,0.26816,0.259968,0.25792,0.251776,0.251776,0.267136
10236,0.05056,0.526688,2.61514,0.275712,0.265504,0.257952,0.251776,0.410496,0.441216
10237,0.049952,0.525504,2.6144,0.269184,0.259968,0.255872,0.251776,0.251776,0.266112
10238,0.050304,0.52864,2.60499,0.26816,0.259968,0.25792,0.251776,0.251776,0.26816
10239,0.049792,0.530944,2.61322,0.26816,0.259968,0.255872,0.251776,0.2528,0.266112
10240,0.050848,0.52944,2.88355,0.26816,0.260992,0.255872,0.251776,0.251776,0.26544
10241,0.050528,0.528512,2.60307,0.26816,0.259968,0.255872,0.250784,0.253856,0.266112
10242,0.050112,0.527392,2.61581,0.26816,0.259968,0.255872,0.251776,0.251776,0.265088
10243,0.050304,0.530144,2.89107,0.26816,0.259968,0.255872,0.249728,0.253824,0.267488
10244,0.05072,0.527008,2.6096,0.270208,0.259968,0.25792,0.250752,0.251776,0.26816
10245,0.050528,0.528736,2.80042,0.26816,0.259968,0.255904,0.251776,0.251776,0.269536
10246,0.050336,0.530176,2.6056,0.26816,0.262016,0.25792,0.251776,0.251744,0.26816
10247,0.050496,0.775072,2.78672,0.26816,0.259968,0.25792,0.251776,0.251776,0.269568
10248,0.049984,0.528,2.61581,0.26816,0.260992,0.255872,0.251776,0.251776,0.266112
10249,0.0504,0.527648,2.60528,0.26816,0.259968,0.256896,0.251776,0.251776,0.266112
10250,0.050656,0.530048,2.89046,0.26816,0.262016,0.255872,0.251776,0.251776,0.26752
10251,0.050336,0.527296,2.61459,0.26816,0.259968,0.255872,0.251776,0.253824,0.266112
10252,0.050176,0.529472,2.60845,0.26816,0.26,0.257952,0.251776,0.2528,0.266112
10253,0.050688,0.52992,2.60458,0.26816,0.259968,0.430976,0.2552,0.253824,0.266112
10254,0.050048,0.528608,2.61274,0.26816,0.259968,0.25792,0.250752,0.251776,0.266112
10255,0.049792,0.53184,2.61363,0.26816,0.259968,0.255872,0.251776,0.251776,0.265088
10256,0.050336,0.52848,2.60998,0.270208,0.259968,0.255872,0.251776,0.251776,0.26816
10257,0.050656,0.529824,2.89558,0.26816,0.259968,0.255904,0.251808,0.251776,0.267488
10258,0.050336,0.535328,2.60659,0.26816,0.259968,0.255872,0.251776,0.2528,0.266112
10259,0.050528,0.527264,2.61002,0.267136,0.262016,0.255872,0.251776,0.251776,0.266112
10260,0.050848,0.531808,2.88208,0.270208,0.259968,0.25792,0.251776,0.251776,0.279648
10261,0.050048,0.528768,2.61171,0.26816,0.259968,0.25584,0.251776,0.2528,0.266112
10262,0.050624,0.52752,2.60947,0.26816,0.259968,0.256896,0.251776,0.251808,0.266112
10263,0.049792,0.530592,2.61206,0.26816,0.262016,0.255872,0.251776,0.251776,0.266112
10264,0.050816,0.811488,2.61414,0.26816,0.260992,0.255872,0.251776,0.253824,0.266112
10265,0.050592,0.528768,2.61085,0.26816,0.26,0.256896,0.251776,0.251776,0.26816
10266,0.050368,0.530112,2.61395,0.26816,0.259968,0.25792,0.251776,0.251776,0.266112
10267,0.050816,0.528768,2.87427,0.26752,0.26,0.255872,0.249728,0.251776,0.407776
10268,0.050368,0.529312,2.60912,0.26816,0.260992,0.25792,0.251776,0.251776,0.266112
10269,0.04976,0.52864,2.61869,0.26816,0.259968,0.256896,0.249728,0.251776,0.266112
10270,0.050048,0.529312,2.60845,0.26816,0.263424,0.25792,0.251776,0.424832,0.267136
10271,0.050816,0.701792,2.61149,0.26816,0.260992,0.255872,0.251776,0.251776,0.26816
10272,0.049856,0.529248,2.61299,0.26816,0.262016,0.256928,0.251776,0.251776,0.266112
10273,0.050144,0.52784,2.60954,0.26816,0.259968,0.255872,0.251776,0.251808,0.265088
10274,0.05088,0.529088,2.89456,0.26816,0.259968,0.255872,0.251776,0.251776,0.26736
10275,0.050208,0.533088,2.61286,0.270208,0.26,0.255872,0.251776,0.251776,0.266112
10276,0.05024,0.532128,2.61002,0.26816,0.259936,0.255872,0.2528,0.251776,0.266112
10277,0.050496,0.528928,2.60982,0.441216,0.419712,0.259296,0.251776,0.251776,0.272256
10278,0.051712,0.531488,2.61434,0.26816,0.26,0.256896,0.251776,0.251776,0.266112
10279,0.05008,0.528064,2.60845,0.26816,0.259968,0.255872,0.251776,0.253824,0.266112
10280,0.05056,0.531904,2.60595,0.26816,0.258944,0.255872,0.251776,0.251808,0.266112
10281,0.050112,0.536448,2.89725,0.26816,0.259968,0.255872,0.251776,0.251776,0.267488
10282,0.050304,0.527296,2.6087,0.26816,0.259968,0.255872,0.250752,0.251776,0.266112
10283,0.049952,0.529056,2.60758,0.26816,0.262016,0.255904,0.251808,0.251776,0.267136
10284,0.050656,0.531936,2.80922,0.419712,0.262016,0.261376,0.253824,0.251776,0.26752
10285,0.050176,0.52848,2.60621,0.268192,0.259936,0.25792,0.251776,0.251808,0.266112
10286,0.0504,0.528416,2.61136,0.26816,0.259968,0.25792,0.251776,0.2528,0.26816
10287,0.057152,0.531936,2.61542,0.267136,0.427904,0.255872,0.251808,0.251776,0.266112
10288,0.050048,0.53136,2.78902,0.26816,0.26,0.255872,0.251776,0.251776,0.26752
10289,0.050432,0.529792,2.6079,0.26816,0.259968,0.255872,0.251776,0.2528,0.266112
10290,0.049984,0.533312,2.61565,0.269184,0.259968,0.255872,0.251776,0.251776,0.26816
10291,0.050272,0.529184,3.04576,0.266112,0.259968,0.255872,0.251776,0.251776,0.26752
10292,0.05088,0.5272,2.61021,0.26816,0.259968,0.255872,0.250752,0.251776,0.266112
10293,0.050144,0.52656,2.61155,0.269184,0.259968,0.255872,0.249728,0.253856,0.266112
10294,0.051872,0.53008,2.61075,0.270208,0.259968,0.42688,0.255168,0.253824,0.266112
10295,0.051104,0.529888,2.60752,0.26816,0.259968,0.25792,0.2528,0.253824,0.266112
10296,0.050144,0.526624,2.61792,0.26816,0.259968,0.255872,0.251776,0.251776,0.267136
10297,0.050208,0.52848,2.60954,0.270208,0.259968,0.255872,0.251776,0.251776,0.266112
10298,0.050752,0.529184,2.99149,0.266112,0.259968,0.255872,0.251776,0.251776,0.26752
10299,0.049888,0.531136,2.61357,0.267136,0.26,0.255872,0.251808,0.251776,0.266112
10300,0.050016,0.532032,2.60947,0.270208,0.259968,0.255872,0.24976,0.251744,0.266112
10301,0.051136,0.530272,2.89037,0.26816,0.259968,0.25792,0.251776,0.251808,0.279776
10302,0.050496,0.532544,2.61363,0.26816,0.259968,0.255872,0.251776,0.2528,0.26816
10303,0.05024,0.529216,2.60944,0.26816,0.259968,0.256896,0.251776,0.251776,0.266112
10304,0.050496,0.532736,2.60563,0.26816,0.259968,0.255872,0.251776,0.251808,0.266112
10305,0.050368,0.806432,2.61766,0.26816,0.258944,0.255904,0.251776,0.251776,0.26816
10306,0.050144,0.529504,2.60755,0.26816,0.259968,0.254848,0.251776,0.251776,0.266112
10307,0.050304,0.528256,2.61069,0.26816,0.259968,0.25792,0.251776,0.251776,0.267136
10308,0.050496,0.526944,2.89901,0.26816,0.259968,0.255904,0.251776,0.251776,0.267488
10309,0.050272,0.530144,2.61056,0.26816,0.262048,0.256896,0.251776,0.251776,0.266112
10310,0.050368,0.52816,2.60931,0.266112,0.259968,0.25792,0.251776,0.251776,0.266112
10311,0.050624,0.528192,2.61405,0.26816,0.26336,0.255872,0.251776,0.422784,0.266112
10312,0.050368,0.700896,2.60704,0.26816,0.260992,0.255872,0.251776,0.251744,0.266112
10313,0.050464,0.532096,2.60864,0.26816,0.259968,0.25792,0.250752,0.251808,0.266112
10314,0.05024,0.5248,2.61418,0.26816,0.259968,0.25792,0.251776,0.251776,0.267136
10315,0.05056,0.527488,3.05722,0.26816,0.259968,0.255872,0.251776,0.251776,0.26752
10316,0.050336,0.528896,2.60726,0.26816,0.259968,0.256896,0.251808,0.251776,0.26816
10317,0.05008,0.52768,2.61366,0.26816,0.259968,0.255872,0.251776,0.253824,0.267136
10318,0.050624,0.528928,2.60915,0.440192,0.26752,0.259328,0.251776,0.403328,0.270208
10319,0.05008,0.532928,2.61056,0.26816,0.262016,0.256896,0.251776,0.251776,0.26816
10320,0.049728,0.528416,2.61581,0.268192,0.259968,0.255872,0.251776,0.251776,0.266112
10321,0.050336,0.5344,2.60445,0.26816,0.259968,0.255872,0.251776,0.2528,0.266112
10322,0.050496,0.531776,2.89229,0.268192,0.259968,0.255872,0.251776,0.253824,0.26752
10323,0.050464,0.527712,2.61235,0.26816,0.259968,0.25792,0.250752,0.251776,0.266112
10324,0.049888,0.526848,2.6079,0.269216,0.259968,0.255872,0.251776,0.251744,0.266112
10325,0.050752,0.529184,2.88758,0.26816,0.259968,0.255872,0.251776,0.251776,0.26752
10326,0.050336,0.527072,2.61546,0.26816,0.259968,0.255872,0.250752,0.251808,0.266112
10327,0.050752,0.530784,2.60982,0.268192,0.259968,0.255872,0.249728,0.251776,0.265088
10328,0.05056,0.531232,2.60765,0.26816,0.259968,0.25792,0.251776,0.253824,0.266112
10329,0.050048,0.527008,2.792,0.26816,0.259968,0.255872,0.251808,0.251776,0.267488
10330,0.050304,0.533184,2.60538,0.26816,0.262016,0.255872,0.251776,0.2528,0.266112
10331,0.050688,0.530336,2.60435,0.26816,0.259968,0.254848,0.251776,0.251776,0.266112
10332,0.050304,0.531264,2.88573,0.26816,0.259968,0.255872,0.251776,0.251776,0.267488
10333,0.050144,0.530304,2.61072,0.26816,0.262016,0.25792,0.251776,0.251808,0.267136
10334,0.050912,0.525504,2.60595,0.26816,0.260992,0.25792,0.251776,0.251776,0.26816
10335,0.05056,0.528672,2.60758,0.26816,0.259968,0.508832,0.257248,0.253824,0.266112
10336,0.050688,0.53312,2.60454,0.26816,0.259968,0.25792,0.251776,0.251776,0.267168
10337,0.050752,0.530848,2.60893,0.26816,0.258944,0.255872,0.251776,0.251776,0.266112
10338,0.049824,0.526624,2.61581,0.26816,0.259968,0.256896,0.251776,0.251776,0.266112
10339,0.050432,0.53088,3.05974,0.266112,0.259968,0.255872,0.249728,0.251808,0.265472
10340,0.050112,0.531168,2.60502,0.267136,0.262016,0.25792,0.251776,0.251776,0.26816
10341,0.050112,0.529088,2.62013,0.26816,0.259968,0.255872,0.251776,0.251776,0.266112
10342,0.050272,0.532192,2.61024,0.2696,0.263424,0.25792,0.251776,0.408448,0.440192
10343,0.050336,0.528288,2.60762,0.269184,0.259968,0.255872,0.251808,0.251776,0.266112
10344,0.050112,0.53088,2.61286,0.26816,0.262016,0.25792,0.251776,0.251776,0.26816
10345,0.050272,0.530112,2.60896,0.270208,0.259968,0.255872,0.249728,0.2528,0.266112
10346,0.050944,0.809856,2.61158,0.26816,0.260992,0.255872,0.251776,0.251808,0.266112
10347,0.049728,0.53056,2.61798,0.26816,0.259968,0.256896,0.251776,0.251776,0.266112
10348,0.049952,0.532256,2.60755,0.268192,0.259968,0.25792,0.251776,0.251776,0.267136
10349,0.050784,0.528288,2.88253,0.26816,0.259968,0.255872,0.251776,0.251776,0.26752
10350,0.050048,0.529024,2.61405,0.26816,0.259968,0.256896,0.251776,0.251776,0.266112
10351,0.050176,0.52784,2.61165,0.268416,0.259968,0.255648,0.251808,0.253824,0.267136
10352,0.05104,0.532064,2.60947,0.26816,0.434048,0.255872,0.251776,0.251776,0.26816
10353,0.050816,0.528416,2.79034,0.26816,0.259968,0.25792,0.251776,0.251776,0.267456
10354,0.050656,0.530816,2.60874,0.26816,0.259968,0.255904,0.25088,0.25376,0.266112
10355,0.050496,0.532256,2.60746,0.26816,0.259968,0.255872,0.251776,0.251776,0.267136
10356,0.05024,0.532576,2.89626,0.270208,0.26,0.255872,0.251776,0.251776,0.26752
10357,0.050144,0.531648,2.61072,0.26816,0.259968,0.255872,0.251776,0.251776,0.266112
10358,0.050208,0.529216,2.6065,0.26816,0.259968,0.25792,0.251776,0.2528,0.26816
10359,0.050592,0.527712,2.61306,0.269184,0.259968,0.428928,0.255232,0.253824,0.266112
10360,0.05024,0.530368,2.60896,0.26816,0.259968,0.255872,0.250752,0.253824,0.266112
10361,0.050368,0.526816,2.6119,0.26816,0.259968,0.25792,0.251776,0.251776,0.267136
10362,0.049952,0.529792,2.61235,0.26816,0.259968,0.255904,0.251808,0.251776,0.266112
10363,0.0504,0.531552,3.06134,0.26816,0.259968,0.255872,0.251776,0.251776,0.267488
10364,0.050368,0.526528,2.60954,0.26816,0.259968,0.25792,0.251776,0.251776,0.267136
10365,0.049952,0.5288,2.61328,0.26816,0.258944,0.255872,0.251776,0.251776,0.266112
10366,0.05024,0.528896,2.81027,0.26816,0.259936,0.408448,0.255232,0.253824,0.275648
10367,0.050656,0.528352,2.60525,0.26816,0.259968,0.255872,0.249728,0.251776,0.267136
10368,0.050112,0.529472,2.616,0.26816,0.260992,0.255872,0.251776,0.251776,0.266112
10369,0.051776,0.528576,2.60669,0.26816,0.259968,0.254816,0.251776,0.251776,0.266112
10370,0.050592,0.786624,2.6097,0.26816,0.259872,0.255872,0.251776,0.250848,0.26816
10371,0.050112,0.528448,2.61667,0.269184,0.262048,0.255872,0.251776,0.251808,0.266112
10372,0.05056,0.529056,2.6096,0.26816,0.259968,0.255872,0.251776,0.251776,0.266112
10373,0.050688,0.53056,2.88,0.26816,0.259968,0.255872,0.251776,0.251776,0.267456
10374,0.049888,0.53024,2.61658,0.267136,0.259968,0.255872,0.251776,0.251776,0.266112
10375,0.05008,0.532128,2.61053,0.26816,0.259968,0.255872,0.251776,0.251776,0.266112
10376,0.050528,0.532032,2.60781,0.26816,0.262016,0.25792,0.505728,0.261376,0.266112
10377,0.050048,0.531168,2.61114,0.267136,0.259968,0.257952,0.251776,0.251776,0.266112
10378,0.049984,0.530272,2.61107,0.26816,0.26,0.255872,0.251776,0.251776,0.266112
10379,0.050432,0.529888,2.60986,0.270208,0.26,0.255872,0.2528,0.251776,0.26816
10380,0.050336,0.53136,2.89526,0.26816,0.259968,0.255904,0.251776,0.251776,0.26752
10381,0.050208,0.532896,2.60701,0.26816,0.262016,0.25792,0.251776,0.251776,0.266112
10382,0.050464,0.530016,2.6063,0.26816,0.259968,0.255872,0.251776,0.2528,0.266112
10383,0.050464,0.529536,2.61526,0.277728,0.259968,0.259968,0.251776,0.253824,0.52928
10384,0.04992,0.528864,2.60794,0.26816,0.26,0.25792,0.251776,0.251776,0.266112
10385,0.049952,0.529376,2.60918,0.270208,0.259968,0.25792,0.250752,0.251776,0.26816
10386,0.04992,0.530432,2.61098,0.26816,0.259968,0.255872,0.251776,0.251776,0.267136
10387,0.050464,0.52912,3.05638,0.26816,0.259968,0.255904,0.251808,0.251776,0.267392
10388,0.05072,0.532448,2.60787,0.26816,0.259968,0.255872,0.251776,0.251776,0.267136
10389,0.050176,0.533152,2.61277,0.26816,0.260992,0.25792,0.251776,0.251776,0.26816
10390,0.050784,0.529184,2.88042,0.26816,0.259968,0.255872,0.251776,0.251776,0.267488
10391,0.05088,0.530144,2.60589,0.26816,0.259968,0.255872,0.250752,0.251776,0.266112
10392,0.049824,0.526784,2.61162,0.26816,0.259968,0.255872,0.251776,0.251776,0.267136
10393,0.050016,0.532224,2.60832,0.26816,0.260992,0.255904,0.251808,0.251776,0.26816
10394,0.050816,0.78288,2.61142,0.270208,0.259968,0.255872,0.250752,0.251776,0.266112
10395,0.050208,0.527648,2.61456,0.267136,0.259968,0.255872,0.251776,0.251776,0.266112
10396,0.050528,0.5312,2.60701,0.26816,0.259968,0.255872,0.251776,0.251776,0.266112
10397,0.050784,0.528544,2.88829,0.26816,0.259968,0.255872,0.251776,0.251776,0.26752
10398,0.050016,0.52912,2.61338,0.269184,0.259968,0.255872,0.251776,0.251776,0.266112
10399,0.050304,0.529888,2.60874,0.26816,0.259968,0.255872,0.251776,0.251776,0.266112
10400,0.051232,0.526784,2.60294,0.26816,0.262016,0.25792,0.51392,0.25728,0.266112
10401,0.049792,0.531968,2.61322,0.26816,0.259968,0.257952,0.251776,0.251776,0.267136
10402,0.05072,0.53072,2.60592,0.268192,0.259968,0.25792,0.251776,0.251776,0.266112
10403,0.05056,0.528992,2.60838,0.26816,0.259968,0.255872,0.2528,0.251776,0.266112
10404,0.050528,0.529408,2.8913,0.270208,0.259968,0.25792,0.251776,0.251776,0.267456
10405,0.04992,0.52944,2.61011,0.26816,0.259968,0.255872,0.251776,0.251776,0.266112
10406,0.050688,0.5272,2.60902,0.26816,0.259968,0.255872,0.2528,0.251776,0.266112
10407,0.050528,0.533536,2.61562,0.459648,0.26752,0.259296,0.253824,0.475008,0.271232
10408,0.049696,0.528736,2.60774,0.26816,0.26,0.256896,0.251776,0.251776,0.266112
10409,0.050912,0.531712,2.60861,0.26816,0.262016,0.255872,0.251776,0.251776,0.266112
10410,0.050304,0.529184,2.61462,0.26816,0.259968,0.255872,0.251776,0.2528,0.266112
10411,0.050144,0.805536,2.6097,0.26816,0.261024,0.255872,0.251776,0.251776,0.266112
10412,0.050688,0.531328,2.60931,0.26816,0.259968,0.255872,0.2528,0.251776,0.266112
10413,0.049952,0.528832,2.61187,0.26816,0.259968,0.255872,0.251776,0.251776,0.267136
10414,0.050432,0.529952,2.89382,0.26816,0.259968,0.255872,0.251776,0.251776,0.267456
10415,0.050112,0.529824,2.60698,0.26816,0.259968,0.255872,0.250752,0.251776,0.266112
10416,0.050976,0.530816,2.61296,0.26816,0.259968,0.25792,0.251776,0.251776,0.267136
10417,0.318912,0.528224,2.61126,0.26816,0.259968,0.255872,0.251776,0.251776,0.266112
10418,0.0504,0.535744,2.60794,0.26816,0.259968,0.255904,0.252832,0.251776,0.26816
10419,0.049888,0.530912,2.61722,0.26816,0.259968,0.255872,0.251776,0.251776,0.267136
10420,0.050496,0.533056,2.61117,0.26816,0.262016,0.255872,0.251776,0.251776,0.266112
10421,0.050688,0.530112,2.89136,0.26816,0.259968,0.255872,0.251776,0.251776,0.267456
10422,0.049984,0.530752,2.61635,0.26816,0.259968,0.257952,0.251776,0.253824,0.267136
10423,0.050048,0.533216,2.60957,0.27024,0.258944,0.255872,0.251776,0.251776,0.266112
10424,0.051136,0.5272,2.60765,0.26816,0.262016,0.256896,0.425856,0.253184,0.266112
10425,0.049856,0.6952,2.61309,0.27024,0.259968,0.255872,0.251776,0.2528,0.266112
10426,0.05056,0.530944,2.60835,0.269184,0.259968,0.255872,0.251776,0.251776,0.266112
10427,0.050656,0.529632,2.60794,0.26816,0.259968,0.255872,0.251776,0.251776,0.266112
10428,0.050176,0.529472,3.06611,0.26816,0.259968,0.255872,0.251776,0.251776,0.267488
10429,0.050112,0.532064,2.61149,0.267136,0.259968,0.255904,0.251808,0.251776,0.266112
10430,0.050272,0.530432,2.61091,0.266112,0.259968,0.255872,0.251776,0.251776,0.266112
10431,0.05008,0.5296,2.61078,0.26752,0.262016,0.255872,0.406432,0.257248,0.438144
10432,0.050016,0.535136,2.60954,0.267136,0.259968,0.255872,0.251776,0.251776,0.266112
10433,0.050304,0.53168,2.60653,0.26816,0.262048,0.255872,0.251776,0.251776,0.26816
10434,0.04976,0.527072,2.60918,0.26816,0.259968,0.255872,0.250752,0.251776,0.266112
10435,0.050496,0.802144,2.61309,0.26816,0.260992,0.255872,0.251776,0.253824,0.266112
10436,0.050464,0.530048,2.61027,0.26816,0.259968,0.256896,0.251776,0.251776,0.266112
10437,0.050112,0.528352,2.60861,0.270208,0.259968,0.25792,0.251776,0.251776,0.267136
10438,0.050528,0.528832,2.88784,0.26816,0.259968,0.255872,0.251776,0.251776,0.267488
10439,0.050752,0.532096,2.61216,0.26816,0.259968,0.256896,0.251776,0.251776,0.26816
10440,0.050336,0.52832,2.6137,0.26816,0.259968,0.255872,0.251776,0.251776,0.266112
10441,0.050208,0.529824,2.61222,0.26816,0.265472,0.255872,0.251776,0.504704,0.266112
10442,0.050592,0.5312,2.60698,0.269184,0.259968,0.255872,0.251808,0.251776,0.26816
10443,0.050144,0.529824,2.61603,0.26816,0.259968,0.255872,0.251776,0.251776,0.266112
10444,0.050304,0.528576,2.60579,0.26816,0.259968,0.255872,0.251776,0.25072,0.266112
10445,0.050976,0.529792,2.88694,0.26816,0.262048,0.255872,0.251776,0.251776,0.26752
10446,0.050336,0.5272,2.6161,0.26816,0.259968,0.255872,0.251776,0.251776,0.266112
10447,0.051104,0.528736,2.6097,0.26816,0.259968,0.25792,0.251776,0.2528,0.266112
10448,0.052448,0.530624,2.61168,0.269184,0.340864,0.520064,0.253088,0.253824,0.26816
10449,0.05088,0.531872,2.61328,0.270208,0.259968,0.255872,0.250752,0.253824,0.26816
10450,0.049792,0.52816,2.60602,0.26816,0.259968,0.255904,0.251808,0.251776,0.267136
10451,0.050528,0.532736,2.60694,0.26816,0.260992,0.255872,0.251776,0.251776,0.266112
10452,0.050464,0.532288,2.90237,0.26816,0.259968,0.255872,0.249728,0.251776,0.267488
10453,0.050496,0.533568,2.61088,0.26816,0.26,0.255872,0.251776,0.251776,0.266112
10454,0.050432,0.52928,2.608,0.26816,0.259968,0.255872,0.251776,0.2528,0.266112
10455,0.050336,0.53104,2.90861,0.270208,0.259968,0.255872,0.251776,0.251776,0.279776
10456,0.050464,0.533824,2.60586,0.26816,0.259968,0.25792,0.251776,0.2528,0.266112
10457,0.05088,0.529664,2.60915,0.26816,0.259968,0.256896,0.251776,0.253824,0.26816
10458,0.0504,0.5296,2.61389,0.26816,0.259968,0.255872,0.251776,0.251776,0.266112
10459,0.050464,0.808256,2.61024,0.26816,0.261024,0.25792,0.251776,0.251776,0.266112
10460,0.05056,0.533408,2.60979,0.26816,0.259968,0.256896,0.251776,0.251776,0.266112
10461,0.050464,0.526432,2.60957,0.26816,0.259968,0.255872,0.251776,0.251776,0.266112
10462,0.050592,0.526336,2.89306,0.26816,0.259968,0.255872,0.251776,0.251808,0.267488
10463,0.050496,0.528576,2.60778,0.269184,0.259968,0.255872,0.251776,0.251776,0.26816
10464,0.050752,0.531552,2.61459,0.26816,0.259968,0.255872,0.251776,0.251776,0.266112
10465,0.050624,0.529312,2.60835,0.26816,0.263424,0.255904,0.251808,0.515968,0.266112
10466,0.050464,0.5304,2.60726,0.269184,0.259968,0.255872,0.251776,0.251776,0.26816
10467,0.049888,0.52736,2.61645,0.26816,0.259968,0.255872,0.251776,0.251776,0.266112
10468,0.050272,0.5328,2.6057,0.26816,0.26,0.255872,0.251776,0.2528,0.266112
10469,0.051264,0.536416,2.88365,0.26816,0.259968,0.255872,0.251776,0.251776,0.26752
10470,0.049952,0.531744,2.61594,0.26816,0.262016,0.255872,0.251776,0.251776,0.266112
10471,0.050464,0.53056,2.60762,0.26816,0.259968,0.255872,0.251776,0.2528,0.266112
10472,0.055616,0.528544,2.60579,0.408448,0.505728,0.263424,0.251776,0.253824,0.266112
10473,0.050624,0.53184,2.78384,0.26816,0.259968,0.255872,0.251776,0.251776,0.26752
10474,0.049984,0.53008,2.60912,0.268192,0.259968,0.255872,0.250752,0.253824,0.266112
10475,0.050528,0.526752,2.60794,0.269184,0.262016,0.255872,0.251776,0.251776,0.266112
10476,0.050368,0.531264,2.89523,0.26816,0.259968,0.255872,0.251776,0.251776,0.267488
10477,0.050592,0.52912,2.60883,0.26816,0.259968,0.255872,0.251776,0.2528,0.266112
10478,0.050368,0.53072,2.60762,0.269184,0.259968,0.255872,0.251776,0.253824,0.26816
10479,0.0504,0.53296,2.88579,0.26816,0.259968,0.255872,0.251776,0.251776,0.267488
10480,0.0504,0.534432,2.60666,0.26816,0.259968,0.25792,0.250752,0.253824,0.26816
10481,0.050688,0.531104,2.60934,0.269184,0.259968,0.255872,0.251776,0.251776,0.26816
10482,0.049792,0.527648,2.61382,0.26816,0.259968,0.255872,0.251776,0.253824,0.266112
10483,0.050368,0.788032,2.61248,0.26816,0.259968,0.255872,0.249728,0.2528,0.266112
10484,0.050464,0.530848,2.60941,0.269184,0.26,0.255872,0.251776,0.251776,0.26816
10485,0.050144,0.528576,2.61411,0.26816,0.259968,0.255872,0.251776,0.251776,0.266112
10486,0.050176,0.52912,2.88819,0.266112,0.259968,0.255872,0.251776,0.253824,0.26752
10487,0.050976,0.530464,2.60806,0.26816,0.259968,0.25792,0.251776,0.251776,0.267136
10488,0.050144,0.52928,2.61197,0.26816,0.262016,0.255872,0.251808,0.251776,0.26816
10489,0.050528,0.526912,2.60803,0.26816,0.262016,0.255872,0.515968,0.25728,0.266112
10490,0.050464,0.641696,2.60989,0.26816,0.260992,0.255872,0.251776,0.251776,0.266112
10491,0.050272,0.52672,2.61654,0.26816,0.259968,0.256896,0.251776,0.251776,0.266112
10492,0.049856,0.53296,2.60944,0.26816,0.259968,0.255872,0.251776,0.251776,0.266112
10493,0.0504,0.534208,2.89325,0.26816,0.259968,0.25792,0.251776,0.251776,0.26752
10494,0.050272,0.528256,2.61389,0.26816,0.260992,0.255872,0.251776,0.251776,0.26816
10495,0.050464,0.52848,2.60634,0.26816,0.259968,0.256896,0.251776,0.251776,0.266112
10496,0.051296,0.531168,2.60714,0.279008,0.265472,0.259968,0.251776,0.407424,0.434816
10497,0.050272,0.532832,2.6127,0.269184,0.259968,0.255872,0.251776,0.251776,0.266112
10498,0.05056,0.532256,2.61168,0.26816,0.259968,0.255872,0.251776,0.251776,0.266112
10499,0.05024,0.527904,2.60547,0.26816,0.259968,0.255872,0.251776,0.2528,0.266112
10500,0.05072,0.534528,2.89066,0.26816,0.260992,0.255872,0.251776,0.251776,0.267488
10501,0.050336,0.52864,2.61168,0.26816,0.259968,0.255872,0.250752,0.251776,0.266112
10502,0.050816,0.530432,2.60797,0.26816,0.259968,0.255872,0.251776,0.251776,0.267136
10503,0.05024,0.53232,2.89568,0.26816,0.259968,0.255872,0.251776,0.251776,0.267488
10504,0.050336,0.529792,2.60915,0.26816,0.26,0.255872,0.250784,0.251744,0.266112
10505,0.050816,0.528224,2.60845,0.26816,0.259968,0.25792,0.251776,0.251776,0.267136
10506,0.319232,0.531264,2.61251,0.26816,0.259968,0.255872,0.251776,0.251776,0.266112
10507,0.050752,0.53392,2.61498,0.26816,0.259968,0.255872,0.250752,0.251776,0.266112
10508,0.05024,0.534272,2.60963,0.270208,0.259968,0.255872,0.251776,0.251776,0.267136
10509,0.049792,0.530784,2.61347,0.26816,0.259968,0.255872,0.251776,0.251776,0.266112
10510,0.05088,0.530336,2.88986,0.26816,0.26,0.257952,0.251776,0.251776,0.267488
10511,0.050464,0.5312,2.60858,0.26816,0.262016,0.255872,0.251776,0.251776,0.267136
10512,0.04992,0.528416,2.61594,0.26816,0.260992,0.255872,0.251776,0.251776,0.266112
10513,0.050624,0.527936,2.60778,0.26816,0.260064,0.49856,0.25936,0.253824,0.266112
10514,0.050688,0.693088,2.6073,0.270208,0.259968,0.255872,0.250752,0.251776,0.266112
10515,0.050208,0.532544,2.61469,0.267136,0.259968,0.255872,0.251776,0.251776,0.266112
10516,0.05024,0.530656,2.60768,0.26816,0.259968,0.25792,0.251776,0.251808,0.266112
10517,0.050528,0.529088,2.8904,0.26816,0.259968,0.255872,0.251776,0.251776,0.267552
10518,0.050496,0.528448,2.61546,0.26816,0.260992,0.255872,0.251776,0.251776,0.266112
10519,0.049888,0.529248,2.60966,0.26816,0.259968,0.256896,0.251776,0.251808,0.266112
10520,0.05088,0.530336,2.60781,0.269536,0.259968,0.255872,0.251776,0.251776,0.532352
10521,0.04976,0.532352,2.61619,0.26816,0.260992,0.255872,0.251776,0.251776,0.26816
10522,0.04992,0.533056,2.61142,0.26816,0.259968,0.256896,0.251808,0.251776,0.266112
10523,0.050272,0.526912,2.60829,0.26816,0.259968,0.255872,0.251776,0.253824,0.267136
10524,0.050816,0.534336,2.89421,0.26816,0.259968,0.255872,0.251776,0.251776,0.267488
10525,0.050272,0.531168,2.6064,0.268192,0.259968,0.255872,0.2528,0.253824,0.266112
10526,0.050336,0.529152,2.60762,0.26816,0.259968,0.255872,0.251776,0.251776,0.267136
10527,0.050432,0.52848,2.89027,0.26816,0.259968,0.255872,0.251776,0.251776,0.267488
10528,0.050048,0.527712,2.61158,0.26816,0.259968,0.256896,0.251776,0.251776,0.266112
10529,0.050208,0.534048,2.60931,0.26816,0.259968,0.255872,0.251776,0.253824,0.267136
10530,0.050176,0.532352,2.61869,0.26816,0.518016,0.255872,0.249728,0.251776,0.266112
10531,0.050336,0.52816,2.6073,0.26816,0.259968,0.256896,0.251776,0.251776,0.266112
10532,0.050944,0.528992,2.60714,0.26816,0.259968,0.255872,0.251776,0.253824,0.267136
10533,0.050592,0.527456,2.61178,0.26816,0.260992,0.255872,0.251776,0.251776,0.266112
10534,0.050592,0.531744,3.04861,0.26816,0.259968,0.255872,0.249728,0.251808,0.265472
10535,0.050272,0.529408,2.60742,0.26816,0.259968,0.25792,0.2528,0.251776,0.266112
10536,0.04992,0.526528,2.61626,0.270208,0.259968,0.255872,0.251776,0.251776,0.267136
10537,0.050048,0.529088,2.60736,0.26816,0.259968,0.515968,0.253248,0.25376,0.266112
10538,0.050976,0.53088,2.61037,0.26816,0.259968,0.255872,0.251776,0.251776,0.266112
10539,0.049888,0.529568,2.61405,0.26816,0.259968,0.255872,0.251808,0.2528,0.266112
10540,0.050624,0.532768,2.60682,0.26816,0.259968,0.256896,0.251776,0.251808,0.266112
10541,0.050816,0.528672,2.90522,0.268192,0.259968,0.255872,0.251776,0.251776,0.267488
10542,0.05024,0.52592,2.61389,0.26816,0.259968,0.255872,0.251776,0.2528,0.266112
10543,0.050304,0.530688,2.61069,0.26816,0.259968,0.256896,0.251808,0.251776,0.266112
10544,0.050592,0.529792,2.60733,0.269536,0.262016,0.255872,0.407424,0.259296,0.443264
10545,0.05024,0.526624,2.61587,0.269184,0.259968,0.255872,0.251776,0.251776,0.26816
10546,0.050528,0.530272,2.60784,0.26816,0.259968,0.255872,0.251776,0.251808,0.266112
10547,0.050144,0.531936,2.60979,0.26816,0.259968,0.255872,0.250752,0.251776,0.266112
10548,0.050272,0.81888,2.61366,0.26816,0.260992,0.255872,0.251776,0.251776,0.266112
10549,0.050592,0.529312,2.61379,0.26816,0.259968,0.256896,0.249952,0.2536,0.266112
10550,0.050912,0.528704,2.61053,0.26816,0.259968,0.255904,0.251808,0.253824,0.266112
10551,0.049856,0.529568,2.89661,0.26816,0.259968,0.255872,0.251776,0.251776,0.267488
10552,0.050816,0.53152,2.608,0.26816,0.259968,0.256896,0.251776,0.251776,0.266112
10553,0.050784,0.533056,2.60614,0.26816,0.259968,0.255872,0.251776,0.253824,0.26816
10554,0.050976,0.528704,2.61443,0.26816,0.263296,0.255872,0.251776,0.516992,0.266112
10555,0.050432,0.694336,2.61472,0.26816,0.258944,0.25792,0.251776,0.251776,0.266112
10556,0.050976,0.530976,2.60922,0.26816,0.259968,0.256896,0.251776,0.253824,0.266112
10557,0.050048,0.52976,2.61469,0.270208,0.259968,0.25792,0.251776,0.251776,0.267136
10558,0.05024,0.530336,2.88963,0.26816,0.259968,0.255872,0.251776,0.251776,0.26752
10559,0.05056,0.527648,2.60646,0.270208,0.262016,0.255872,0.251776,0.251776,0.26816
10560,0.05008,0.527712,2.61645,0.26816,0.259968,0.255872,0.251776,0.2528,0.266112
10561,0.051488,0.530016,2.60717,0.435072,0.413568,0.261344,0.251776,0.253856,0.26816
10562,0.05024,0.5296,2.61059,0.26816,0.259968,0.256896,0.251776,0.251776,0.26816
10563,0.050144,0.530816,2.61661,0.26816,0.259968,0.255872,0.251776,0.251776,0.267136
10564,0.050752,0.531648,2.60442,0.26816,0.258912,0.255872,0.251776,0.251776,0.266112
10565,0.050912,0.53008,2.89389,0.26816,0.259968,0.255872,0.251776,0.251776,0.267456
10566,0.04992,0.532416,2.6192,0.26816,0.262016,0.255872,0.250752,0.251776,0.266112
10567,0.050208,0.527968,2.61187,0.267136,0.259968,0.255872,0.251776,0.251776,0.266112
10568,0.050944,0.530272,2.89642,0.26816,0.259968,0.255872,0.251776,0.251776,0.271584
10569,0.050304,0.528928,2.61331,0.26816,0.259968,0.255872,0.251776,0.2528,0.266112
10570,0.050112,0.526528,2.60413,0.269184,0.259968,0.255872,0.251776,0.251776,0.266112
10571,0.0536,0.526464,2.60541,0.26816,0.259968,0.255872,0.251776,0.251776,0.266112
10572,0.05072,0.781152,2.61424,0.26816,0.259968,0.25792,0.251776,0.2528,0.266112
10573,0.05056,0.533824,2.60902,0.269184,0.259968,0.255872,0.251776,0.251776,0.266112
10574,0.050528,0.527936,2.60554,0.26816,0.259968,0.255872,0.251776,0.251776,0.266112
10575,0.050624,0.530272,2.88829,0.26816,0.259968,0.255872,0.251776,0.251776,0.269536
10576,0.050304,0.52672,2.612,0.269184,0.259968,0.257952,0.251776,0.251776,0.266112
10577,0.050592,0.53136,2.60634,0.26816,0.25792,0.255872,0.251776,0.251776,0.26816
10578,0.050752,0.527104,2.61251,0.26816,0.262016,0.25792,0.488736,0.259904,0.266112
10579,0.050432,0.696928,2.61299,0.26816,0.260992,0.255904,0.249728,0.251776,0.266112
10580,0.050592,0.530432,2.61184,0.270208,0.259968,0.256896,0.251776,0.251776,0.26816
10581,0.050112,0.528288,2.6145,0.270208,0.259968,0.255872,0.251776,0.251776,0.267136
10582,0.050336,0.529472,2.8863,0.26816,0.259968,0.255872,0.251776,0.251808,0.267424
10583,0.050432,0.52848,2.60934,0.26816,0.259968,0.255872,0.249728,0.251776,0.26816
10584,0.049632,0.53216,2.61402,0.26816,0.259968,0.255872,0.250752,0.251776,0.266112
10585,0.050752,0.53056,2.60915,0.44224,0.268096,0.259328,0.251776,0.399616,0.270208
10586,0.050304,0.53072,2.61181,0.26816,0.259968,0.256896,0.251776,0.251776,0.266112
10587,0.050336,0.525792,2.61226,0.26816,0.259968,0.255872,0.251776,0.251776,0.266112
10588,0.04992,0.5312,2.60704,0.268192,0.260992,0.255872,0.251776,0.251776,0.266112
10589,0.050784,0.536384,2.88982,0.26816,0.260992,0.255872,0.249728,0.251776,0.26752
10590,0.050144,0.52672,2.61606,0.26816,0.259968,0.25792,0.2528,0.251776,0.266112
10591,0.049888,0.529696,2.6033,0.26816,0.259968,0.255872,0.251776,0.253824,0.267136
10592,0.050752,0.529344,2.88982,0.26816,0.259968,0.255872,0.251776,0.251776,0.267488
10593,0.049824,0.532448,2.61216,0.26816,0.259968,0.255872,0.250752,0.251776,0.266112
10594,0.050624,0.528704,2.60678,0.26816,0.259968,0.255872,0.251776,0.251808,0.265088
10595,0.059744,0.529984,2.61126,0.26816,0.51776,0.255872,0.251776,0.253824,0.26816
10596,0.04912,0.529248,2.61171,0.26816,0.259968,0.255872,0.250752,0.251776,0.26816
10597,0.050496,0.530784,2.6071,0.26816,0.259968,0.255872,0.251776,0.251776,0.265088
10598,0.0512,0.533376,2.60829,0.26816,0.259968,0.255872,0.251776,0.251776,0.26816
10599,0.05056,0.528128,3.06515,0.26816,0.259968,0.255872,0.251776,0.251776,0.269536
10600,0.04992,0.52992,2.60742,0.268192,0.26,0.255872,0.251776,0.2528,0.266112
10601,0.05024,0.529824,2.60726,0.26816,0.259968,0.256896,0.251776,0.251776,0.26816
10602,0.05024,0.528704,2.61331,0.26816,0.262016,0.255872,0.422784,0.2552,0.26816
10603,0.05008,0.693664,2.61168,0.26816,0.259968,0.255872,0.251776,0.2528,0.266112
10604,0.050656,0.525824,2.60547,0.267136,0.259968,0.25792,0.251776,0.251776,0.266112
10605,0.050336,0.529408,2.61469,0.26816,0.259968,0.25792,0.251776,0.251776,0.26816
10606,0.050176,0.529568,2.88915,0.26816,0.259968,0.255872,0.251776,0.251776,0.267488
10607,0.050624,0.531808,2.60784,0.26816,0.258944,0.25792,0.251776,0.251776,0.266112
10608,0.050464,0.531936,2.61571,0.26816,0.259968,0.254848,0.251808,0.251776,0.266112
10609,0.051008,0.528256,2.60861,0.26752,0.26336,0.255872,0.251776,0.407424,0.439168
10610,0.050624,0.532224,2.60701,0.267136,0.26,0.255872,0.251776,0.251776,0.266112
10611,0.050144,0.532064,2.61181,0.26816,0.259968,0.255872,0.249728,0.251776,0.266112
10612,0.0504,0.53312,2.60643,0.26816,0.259968,0.255904,0.251808,0.250752,0.266112
10613,0.050784,0.532992,2.88502,0.26816,0.262016,0.25792,0.251776,0.251776,0.26752
10614,0.050048,0.529504,2.60797,0.26816,0.259968,0.255872,0.250752,0.251776,0.266112
10615,0.050112,0.529504,2.60768,0.267136,0.259968,0.25792,0.251776,0.251808,0.266112
10616,0.050368,0.53296,2.89578,0.26816,0.259968,0.255872,0.251776,0.251776,0.26752
10617,0.04992,0.528096,2.61296,0.26816,0.259968,0.256896,0.251776,0.251776,0.266112
10618,0.05008,0.533024,2.61162,0.26816,0.259968,0.255872,0.251776,0.251776,0.266112
10619,0.051008,0.528704,2.60502,0.26816,0.267488,0.25792,0.251776,0.502656,0.266112
10620,0.05056,0.528288,2.6113,0.26816,0.259968,0.256896,0.251776,0.251776,0.26816
10621,0.050176,0.534976,2.60902,0.268192,0.259968,0.255872,0.251776,0.251776,0.266112
10622,0.050464,0.532288,2.60749,0.26816,0.259968,0.255872,0.251776,0.2528,0.26816
10623,0.05024,0.526656,3.05117,0.26816,0.259968,0.255872,0.251776,0.251776,0.267488
10624,0.050112,0.531712,2.61123,0.26816,0.259968,0.255872,0.250752,0.251776,0.266112
10625,0.050624,0.528256,2.60464,0.267136,0.259968,0.25792,0.251776,0.251808,0.266112
10626,0.215648,0.525824,2.60973,0.26816,0.259968,0.427904,0.253184,0.251776,0.266112
10627,0.049984,0.537568,2.61098,0.268192,0.259968,0.255872,0.250752,0.251776,0.266112
10628,0.050592,0.530624,2.60845,0.26816,0.26,0.25792,0.251776,0.251776,0.267136
10629,0.050048,0.527552,2.61226,0.26816,0.259968,0.255872,0.251776,0.251776,0.266112
10630,0.050432,0.53328,2.89194,0.26816,0.26,0.255872,0.251776,0.251776,0.26752
10631,0.050208,0.531872,2.60762,0.26816,0.259968,0.255904,0.251808,0.2528,0.26816
10632,0.04976,0.526464,2.61286,0.267136,0.259968,0.255872,0.251776,0.251776,0.266112
10633,0.05104,0.529536,2.87853,0.26816,0.259968,0.255872,0.251776,0.251776,0.277568
10634,0.050272,0.531264,2.60714,0.26816,0.259968,0.255872,0.251776,0.2528,0.266112
10635,0.050176,0.528512,2.61101,0.26816,0.259968,0.256896,0.251776,0.251776,0.266112
10636,0.050016,0.532736,2.60787,0.26816,0.259968,0.255872,0.251776,0.251776,0.266112
10637,0.050784,0.818112,2.60707,0.26816,0.258944,0.255872,0.249728,0.251776,0.26816
10638,0.050144,0.527936,2.61674,0.26816,0.259968,0.256896,0.251776,0.251776,0.26816
10639,0.050464,0.531648,2.60851,0.266112,0.259968,0.255872,0.251776,0.251776,0.266112
10640,0.05056,0.531136,2.88426,0.266112,0.259968,0.255872,0.251776,0.251776,0.267328
10641,0.050208,0.529312,2.6175,0.269184,0.259968,0.255872,0.251776,0.251776,0.266112
10642,0.050336,0.531872,2.61037,0.26816,0.259968,0.255872,0.251776,0.251776,0.266112
10643,0.050752,0.52992,2.60422,0.26816,0.263392,0.255872,0.251776,0.523136,0.266112
10644,0.050656,0.683776,2.61504,0.26816,0.258944,0.25792,0.251776,0.251776,0.266112
10645,0.050656,0.534336,2.60922,0.26816,0.259968,0.255872,0.250752,0.251776,0.266112
10646,0.050528,0.5288,2.60525,0.26816,0.259968,0.25792,0.251776,0.251776,0.267136
10647,0.050336,0.527264,2.89722,0.26816,0.259968,0.255872,0.251776,0.251776,0.267488
10648,0.050112,0.530112,2.6104,0.26816,0.259968,0.255904,0.251808,0.253824,0.266112
10649,0.050432,0.530304,2.60813,0.26816,0.259968,0.255872,0.251776,0.250752,0.266112
10650,0.052192,0.532352,2.61027,0.269184,0.41152,0.42688,0.253184,0.251776,0.26816
10651,0.050048,0.529696,2.60438,0.26816,0.259968,0.255872,0.250752,0.251776,0.266112
10652,0.050624,0.529472,2.60746,0.26816,0.259968,0.25792,0.251776,0.253824,0.267136
10653,0.050016,0.530848,2.60912,0.26816,0.258944,0.255872,0.251776,0.251776,0.266112
10654,0.050496,0.527232,2.88634,0.26816,0.259968,0.255872,0.251776,0.251776,0.265472
10655,0.050784,0.529088,2.61059,0.266112,0.259968,0.255872,0.249728,0.2528,0.266112
10656,0.050208,0.527904,2.61245,0.267136,0.259968,0.255872,0.251776,0.251776,0.266112
10657,0.050816,0.528768,2.60506,0.267424,0.261344,0.255872,0.251776,0.408448,0.443264
10658,0.050848,0.529248,2.60819,0.269184,0.259968,0.255872,0.251776,0.251776,0.26816
10659,0.050528,0.527936,2.60762,0.26816,0.259968,0.255872,0.251776,0.251776,0.266112
10660,0.052704,0.526656,2.60909,0.268192,0.259968,0.255872,0.251776,0.250752,0.266112
10661,0.050688,0.785952,2.60931,0.26816,0.259968,0.255872,0.249728,0.2528,0.266112
10662,0.049824,0.52928,2.60902,0.267136,0.259968,0.255872,0.251776,0.251776,0.266112
10663,0.050752,0.527776,2.60822,0.26816,0.259968,0.255872,0.251776,0.251776,0.266112
10664,0.050752,0.531776,2.8897,0.26816,0.259968,0.255872,0.251776,0.251776,0.26752
10665,0.04976,0.524544,2.61187,0.269184,0.259968,0.255872,0.251776,0.251776,0.266112
10666,0.050656,0.529248,2.6089,0.26816,0.259968,0.255872,0.251776,0.251776,0.266112
10667,0.051136,0.528672,2.60608,0.26816,0.263424,0.257952,0.251776,0.490368,0.266112
10668,0.05024,0.70384,2.61478,0.26816,0.258944,0.255872,0.251776,0.251776,0.266112
10669,0.04992,0.529824,2.60739,0.26816,0.259968,0.256896,0.251776,0.251776,0.266112
10670,0.050432,0.52864,2.60701,0.26816,0.259968,0.255872,0.251776,0.251776,0.267136
10671,0.050304,0.525792,2.8929,0.26816,0.259968,0.255872,0.251776,0.251776,0.267456
10672,0.05024,0.527232,2.61104,0.26816,0.259968,0.255872,0.251776,0.251808,0.266112
10673,0.05072,0.527424,2.6064,0.26816,0.259968,0.255872,0.249728,0.2528,0.26816
10674,0.05072,0.53488,2.61213,0.443264,0.265472,0.257248,0.251776,0.403328,0.272256
10675,0.050112,0.529376,2.60464,0.26816,0.259968,0.256896,0.251808,0.251776,0.266112
10676,0.05072,0.531904,2.60995,0.26816,0.259968,0.25792,0.251776,0.251776,0.26816
10677,0.050176,0.529312,2.61677,0.26816,0.259968,0.255872,0.249728,0.252832,0.266112
10678,0.050432,0.5304,2.89178,0.26816,0.259968,0.255872,0.251776,0.251776,0.265472
10679,0.050624,0.533408,2.6079,0.268192,0.259968,0.255872,0.250752,0.251776,0.26816
10680,0.05056,0.529632,2.61037,0.269184,0.259968,0.255872,0.251776,0.251776,0.266112
10681,0.050528,0.526944,2.88842,0.26816,0.259968,0.255872,0.251776,0.251776,0.267456
10682,0.050912,0.530336,2.60458,0.26816,0.259968,0.255872,0.250752,0.251776,0.266112
10683,0.050464,0.526784,2.61395,0.269184,0.259968,0.255872,0.251776,0.251776,0.266112
10684,0.051104,0.529568,2.60829,0.26816,0.259968,0.255904,0.251808,0.251776,0.266112
10685,0.050816,0.78464,2.60717,0.26816,0.259968,0.255872,0.251776,0.2528,0.266112
10686,0.05088,0.53056,2.61469,0.269184,0.259968,0.253824,0.251776,0.251776,0.266112
10687,0.049856,0.52928,2.60659,0.268192,0.259968,0.25792,0.251776,0.251776,0.266112
10688,0.050944,0.532,3.0025,0.26816,0.259968,0.255872,0.249728,0.251776,0.269568
10689,0.050272,0.530016,2.61014,0.26816,0.259968,0.25792,0.251776,0.2528,0.266112
10690,0.050336,0.533696,2.60758,0.268288,0.259968,0.254688,0.24976,0.251776,0.266112
10691,0.050752,0.530752,2.60701,0.26816,0.262016,0.255872,0.424832,0.255232,0.266112
10692,0.050272,0.701696,2.61331,0.26816,0.258944,0.255872,0.251776,0.251776,0.266112
10693,0.050208,0.528896,2.60867,0.26816,0.259968,0.256896,0.251776,0.251776,0.266112
10694,0.050496,0.530464,2.60768,0.26816,0.259968,0.255872,0.251776,0.251776,0.266112
10695,0.050112,0.528928,2.89686,0.270208,0.259968,0.255872,0.251776,0.251776,0.267488
10696,0.050496,0.53072,2.60781,0.26816,0.258944,0.255872,0.251776,0.251808,0.266112
10697,0.050656,0.531104,2.6071,0.26816,0.259968,0.255872,0.250752,0.251776,0.266112
10698,0.050336,0.531776,2.60874,0.273664,0.263424,0.255872,0.251776,0.408448,0.440192
10699,0.050112,0.5304,2.60608,0.267136,0.259968,0.255872,0.251776,0.251776,0.266112
10700,0.050784,0.532448,2.6079,0.26816,0.259968,0.255872,0.249728,0.251776,0.266112
10701,0.049952,0.528,2.61542,0.270208,0.259968,0.255872,0.251776,0.2528,0.266112
10702,0.050912,0.720096,2.79344,0.26816,0.259968,0.255872,0.251776,0.251776,0.26736
10703,0.050592,0.52944,2.60317,0.266112,0.259968,0.25792,0.251776,0.251776,0.266112
10704,0.050112,0.528832,2.6129,0.26816,0.259968,0.25792,0.251776,0.2528,0.266112
10705,0.050208,0.533248,2.89309,0.26816,0.259968,0.255872,0.251776,0.251776,0.267488
10706,0.0504,0.529088,2.60966,0.26816,0.259968,0.256896,0.251776,0.251776,0.26816
10707,0.050112,0.53248,2.61037,0.26816,0.259968,0.255872,0.251776,0.251776,0.267136
10708,0.050976,0.527936,2.60422,0.270208,0.516992,0.255872,0.251776,0.253824,0.266112
10709,0.050368,0.533824,2.60499,0.26816,0.259968,0.254848,0.251776,0.251776,0.26816
10710,0.050176,0.528992,2.61411,0.26816,0.259968,0.255872,0.249728,0.251776,0.267136
10711,0.050176,0.529664,2.60454,0.268192,0.258944,0.255872,0.251776,0.251776,0.266112
10712,0.050624,0.53152,3.05158,0.26816,0.259968,0.255872,0.249728,0.251776,0.26752
10713,0.050208,0.527616,2.61309,0.26816,0.259968,0.255872,0.250752,0.251776,0.266112
10714,0.050176,0.529568,2.60563,0.269216,0.26,0.255872,0.251776,0.251776,0.266112
10715,0.050784,0.526144,2.60528,0.26816,0.259968,0.425856,0.2552,0.253824,0.266112
10716,0.050464,0.691776,2.61581,0.26816,0.259968,0.255872,0.2528,0.251776,0.266112
10717,0.049984,0.532768,2.60608,0.269184,0.26,0.255872,0.251776,0.251776,0.266112
10718,0.050336,0.5304,2.6055,0.26816,0.259968,0.25792,0.249728,0.251776,0.266112
10719,0.050496,0.52672,2.89456,0.26816,0.259968,0.255872,0.249728,0.251776,0.267488
10720,0.050592,0.532864,2.60902,0.26816,0.259968,0.255904,0.251808,0.2528,0.266112
10721,0.05072,0.529472,2.60861,0.26816,0.26,0.254848,0.251776,0.251776,0.26816
10722,0.050208,0.530752,2.88915,0.26816,0.259968,0.255872,0.251776,0.251776,0.277664
10723,0.050304,0.528864,2.61085,0.26816,0.259968,0.255872,0.249728,0.252832,0.266112
10724,0.050816,0.526048,2.60822,0.26816,0.259968,0.256896,0.249728,0.251776,0.266112
10725,0.050336,0.52896,2.61488,0.26816,0.259968,0.255872,0.249728,0.251808,0.266112
10726,0.050912,0.804864,2.6144,0.26816,0.260992,0.255872,0.251776,0.251776,0.266112
10727,0.05104,0.529056,2.6049,0.26816,0.259968,0.256896,0.249728,0.251776,0.26816
10728,0.04976,0.531168,2.61149,0.26816,0.259968,0.255872,0.251776,0.251776,0.265088
10729,0.050752,0.533088,2.89008,0.26816,0.25792,0.255872,0.24976,0.251776,0.265472
10730,0.050688,0.531104,2.60499,0.26816,0.259968,0.256896,0.251776,0.251776,0.266112
10731,0.050016,0.5336,2.61475,0.26816,0.259968,0.255872,0.251776,0.251776,0.26816
10732,0.0504,0.529888,2.6049,0.268192,0.265472,0.25792,0.251776,0.51904,0.266112
10733,0.051072,0.530112,2.77142,0.26816,0.258944,0.255872,0.251776,0.251776,0.26752
10734,0.050432,0.52784,2.8616,0.26816,0.259968,0.255872,0.251776,0.251776,0.267488
10735,0.050432,0.529344,2.61053,0.26816,0.259968,0.255872,0.251776,0.252832,0.266112
10736,0.05088,0.529216,2.88621,0.26816,0.259968,0.255872,0.251776,0.251776,0.267424
10737,0.05008,0.532544,2.61133,0.26816,0.259968,0.255872,0.249728,0.251776,0.266112
10738,0.050208,0.529568,2.60864,0.26816,0.259968,0.255872,0.250752,0.251776,0.266112
10739,0.05072,0.53168,2.60506,0.280608,0.265472,0.259968,0.251776,0.405376,0.429152
10740,0.050432,0.52976,2.61434,0.269184,0.259968,0.255872,0.251776,0.251776,0.266112
10741,0.049696,0.528256,2.61011,0.26816,0.259968,0.255872,0.251776,0.251776,0.266112
10742,0.050496,0.531488,2.6088,0.26816,0.259968,0.255872,0.251776,0.2528,0.266112
10743,0.049952,0.5312,2.8865,0.26816,0.260992,0.255872,0.249728,0.251808,0.267488
10744,0.049856,0.527808,2.6079,0.26816,0.259968,0.255872,0.25072,0.251808,0.266112
10745,0.0504,0.528,2.60669,0.26816,0.259968,0.255872,0.251776,0.251776,0.267136
10746,0.050528,0.528832,2.89459,0.26816,0.259968,0.255872,0.251776,0.251776,0.267488
10747,0.051264,0.531552,2.61139,0.26816,0.259968,0.255904,0.250784,0.251776,0.266144
10748,0.05024,0.530688,2.60672,0.26816,0.259968,0.255872,0.251776,0.251776,0.267136
10749,0.055904,0.528992,2.61533,0.26816,0.519072,0.255904,0.249728,0.251808,0.266112
10750,0.050432,0.530272,2.60758,0.26816,0.259968,0.255904,0.250784,0.251776,0.266144
10751,0.051136,0.53136,2.6072,0.26816,0.259968,0.255872,0.251776,0.253824,0.267136
10752,0.050272,0.530368,2.60944,0.26816,0.258944,0.255872,0.251776,0.251776,0.266112
10753,0.050368,0.533376,3.00806,0.26816,0.26,0.255872,0.251776,0.251776,0.269536
10754,0.050592,0.53024,2.60621,0.26816,0.259968,0.255872,0.249728,0.2528,0.26816
10755,0.050368,0.528864,2.61014,0.269184,0.259968,0.255872,0.251776,0.251776,0.26816
10756,0.050464,0.526528,2.60765,0.26816,0.259968,0.509824,0.25728,0.253824,0.266112
10757,0.050368,0.529184,2.60403,0.26816,0.259968,0.255872,0.251776,0.251776,0.269184
10758,0.0504,0.52784,2.61005,0.26816,0.258944,0.255872,0.251776,0.251776,0.266112
10759,0.050048,0.528928,2.61002,0.268192,0.26,0.256896,0.251776,0.251744,0.266112
10760,0.050656,0.53248,2.88957,0.26816,0.259968,0.255872,0.249728,0.251776,0.267488
10761,0.050144,0.530208,2.61309,0.26816,0.260992,0.255872,0.251776,0.251776,0.26816
10762,0.050496,0.529536,2.60768,0.268192,0.259968,0.255872,0.250752,0.251776,0.266112
10763,0.051168,0.531872,2.60634,0.27776,0.259968,0.259968,0.251776,0.251776,0.526208
10764,0.05024,0.527552,2.61363,0.26816,0.259968,0.255872,0.251776,0.251776,0.266112
10765,0.05008,0.527552,2.60838,0.268192,0.259968,0.25792,0.250752,0.251776,0.266112
10766,0.050464,0.526624,2.60426,0.26816,0.259968,0.255904,0.251808,0.251776,0.267136
10767,0.050496,0.534688,2.88835,0.26816,0.259968,0.255872,0.251776,0.251776,0.267232
10768,0.050336,0.53168,2.6064,0.26816,0.259968,0.255872,0.250752,0.251776,0.266112
10769,0.050944,0.529696,2.61318,0.26816,0.259968,0.257952,0.251776,0.251776,0.267136
10770,0.050496,0.52848,2.90288,0.26816,0.259968,0.255872,0.251776,0.251776,0.267488
10771,0.050272,0.530624,2.61242,0.268192,0.259968,0.255872,0.250752,0.253824,0.266112
10772,0.05024,0.531168,2.60698,0.26816,0.26,0.255872,0.251776,0.251776,0.267136
10773,0.056096,0.532352,2.60995,0.26816,0.513952,0.255872,0.251808,0.251776,0.266112
10774,0.050432,0.528032,2.60694,0.26816,0.259968,0.255872,0.250752,0.251776,0.266112
10775,0.049856,0.528704,2.60784,0.26816,0.259968,0.255872,0.251776,0.251776,0.267136
10776,0.050112,0.531392,2.61152,0.26816,0.260992,0.255872,0.249728,0.251808,0.266112
10777,0.05024,0.533248,3.0497,0.26816,0.259968,0.255872,0.251776,0.251776,0.267456
10778,0.050528,0.530528,2.60602,0.26816,0.259968,0.255872,0.249728,0.2528,0.266112
10779,0.050496,0.529888,2.61101,0.269184,0.259968,0.255872,0.251776,0.251776,0.266112
10780,0.0504,0.528512,2.60749,0.26816,0.259936,0.255872,0.420736,0.2552,0.266112
10781,0.050976,0.692192,2.60493,0.26816,0.259968,0.255872,0.251776,0.2528,0.266112
10782,0.050016,0.528896,2.61558,0.269184,0.259968,0.255872,0.251776,0.251776,0.266112
10783,0.050368,0.528576,2.6121,0.26816,0.26,0.255872,0.249728,0.251776,0.266112
10784,0.050784,0.527072,2.88698,0.26816,0.259968,0.255872,0.251776,0.251776,0.26752
10785,0.049952,0.526528,2.61328,0.26816,0.258944,0.255872,0.251776,0.251776,0.266112
10786,0.050432,0.531232,2.60822,0.26816,0.259968,0.256896,0.251776,0.251776,0.266112
10787,0.050304,0.530912,2.60752,0.267488,0.262016,0.255872,0.402304,0.25728,0.444288
10788,0.050176,0.528544,2.61638,0.269184,0.259968,0.255872,0.251776,0.251776,0.26816
10789,0.050464,0.531296,2.60877,0.26816,0.259968,0.255872,0.251776,0.251776,0.266112
10790,0.05072,0.52928,2.60227,0.268192,0.259968,0.255872,0.250752,0.251776,0.266112
10791,0.050304,0.80688,2.6151,0.26816,0.258944,0.25792,0.251776,0.251776,0.266112
10792,0.050368,0.529472,2.60707,0.26816,0.259968,0.256896,0.251776,0.251744,0.266112
10793,0.050464,0.534368,2.60861,0.26816,0.259968,0.255872,0.251808,0.251776,0.267136
10794,0.050912,0.529024,2.89469,0.270208,0.259968,0.255872,0.251776,0.251776,0.26752
10795,0.050112,0.529856,2.60643,0.26816,0.259968,0.256896,0.251776,0.251808,0.266112
10796,0.050176,0.532736,2.61024,0.26816,0.26,0.255872,0.251776,0.251776,0.267136
10797,0.051872,0.531456,2.61312,0.26816,0.435072,0.255872,0.251776,0.251776,0.266112
10798,0.05056,0.527872,2.78816,0.26816,0.259968,0.255872,0.251776,0.253824,0.267456
10799,0.05056,0.529248,2.6039,0.26816,0.259968,0.255872,0.250752,0.251776,0.266112
10800,0.050144,0.527712,2.6152,0.269184,0.259968,0.255872,0.251776,0.251776,0.266112
10801,0.050112,0.52912,3.04662,0.26816,0.259968,0.255872,0.249728,0.251808,0.267456
10802,0.05056,0.528192,2.60851,0.26816,0.26,0.255872,0.250752,0.251776,0.266112
10803,0.049664,0.532384,2.61238,0.26816,0.259968,0.255872,0.251776,0.251776,0.267136
10804,0.052256,0.52896,2.60944,0.26816,0.409504,0.42688,0.253184,0.251808,0.266112
10805,0.050688,0.527872,2.60579,0.26816,0.259968,0.255872,0.250752,0.251776,0.266112
10806,0.050272,0.53088,2.61581,0.26816,0.259968,0.255872,0.251808,0.251776,0.267136
10807,0.04976,0.532256,2.60992,0.26816,0.260992,0.255904,0.24976,0.251776,0.266112
10808,0.050656,0.528768,2.88381,0.268192,0.259968,0.255872,0.251776,0.251776,0.26752
10809,0.050496,0.530336,2.61542,0.26816,0.259968,0.255872,0.249728,0.250752,0.266112
10810,0.05024,0.529216,2.60976,0.269184,0.259968,0.255872,0.251776,0.251776,0.266112
10811,0.05088,0.530016,2.8831,0.26816,0.259968,0.255872,0.251776,0.251776,0.271488
10812,0.04992,0.531328,2.6153,0.270208,0.259968,0.255872,0.251776,0.2528,0.26816
10813,0.048704,0.525376,2.60176,0.269184,0.275328,0.255904,0.251808,0.251776,0.266112
10814,0.0504,0.529216,2.61072,0.26816,0.26,0.25792,0.251776,0.251776,0.26816
10815,0.05056,0.79632,2.61728,0.26816,0.259968,0.255904,0.24976,0.2528,0.266112
10816,0.050208,0.529504,2.60768,0.267136,0.259968,0.255872,0.251808,0.251776,0.266112
10817,0.050304,0.531936,2.60579,0.26816,0.259968,0.255872,0.251776,0.251776,0.266112
10818,0.050368,0.53024,2.89453,0.26816,0.259968,0.255872,0.251776,0.251776,0.267488
10819,0.050432,0.530592,2.60634,0.269216,0.262016,0.255872,0.249792,0.251712,0.266112
10820,0.050112,0.530944,2.60803,0.26816,0.259968,0.25792,0.251776,0.251776,0.266112
10821,0.050528,0.526048,2.61613,0.26816,0.26336,0.255872,0.249728,0.518048,0.266112
10822,0.050112,0.641024,2.60896,0.26816,0.258944,0.255872,0.251776,0.251776,0.266112
10823,0.050272,0.531328,2.60755,0.270208,0.259968,0.254848,0.251776,0.251808,0.26816
10824,0.049856,0.527392,2.61379,0.26816,0.259968,0.25792,0.251776,0.251776,0.267136
10825,0.050336,0.528672,2.88899,0.26816,0.259968,0.255872,0.251776,0.251808,0.26544
10826,0.050432,0.526784,2.60461,0.266112,0.259968,0.255872,0.251776,0.251776,0.266112
10827,0.049952,0.529664,2.61254,0.26816,0.26,0.255904,0.249728,0.250784,0.26816
10828,0.052096,0.526816,2.60483,0.42912,0.415616,0.264128,0.253824,0.253824,0.266112
10829,0.05104,0.528736,2.60842,0.26816,0.259968,0.256896,0.251776,0.251776,0.26816
10830,0.049952,0.527872,2.61277,0.26816,0.25792,0.255904,0.251808,0.251776,0.267136
10831,0.050336,0.531168,2.60749,0.26816,0.258944,0.255872,0.251776,0.251776,0.266112
10832,0.050624,0.529952,2.89283,0.26816,0.259968,0.255872,0.251776,0.251776,0.26752
10833,0.050208,0.52832,2.61306,0.26816,0.259968,0.255872,0.250784,0.251776,0.266112
10834,0.050144,0.527584,2.60589,0.267136,0.259968,0.255872,0.251776,0.251776,0.266112
10835,0.051232,0.530368,2.89206,0.26816,0.259968,0.255872,0.249728,0.251776,0.271584
10836,0.050272,0.529664,2.61437,0.26816,0.26,0.255872,0.249728,0.250784,0.266112
10837,0.050112,0.528576,2.61053,0.267136,0.259968,0.255872,0.251776,0.251776,0.266112
10838,0.05088,0.531296,2.60909,0.26816,0.259968,0.255872,0.251776,0.251776,0.266112
10839,0.04992,0.808768,2.61699,0.26816,0.259968,0.255872,0.251776,0.2528,0.26816
10840,0.050784,0.529536,2.60589,0.267136,0.259968,0.255872,0.249728,0.251776,0.266112
10841,0.050528,0.529728,2.60928,0.26816,0.259968,0.255872,0.251776,0.251808,0.26816
10842,0.050688,0.530816,2.88211,0.26816,0.25792,0.255872,0.251776,0.251776,0.267488
10843,0.050816,0.528704,2.61171,0.269184,0.259936,0.255872,0.251776,0.251776,0.266112
10844,0.050368,0.531424,2.60746,0.26816,0.259968,0.255872,0.251776,0.251776,0.266112
10845,0.050432,0.527552,2.6129,0.26816,0.263392,0.255872,0.250784,0.392096,0.266112
10846,0.050624,0.80144,2.60854,0.26816,0.258944,0.255872,0.249728,0.251776,0.266112
10847,0.05072,0.532064,2.61254,0.26816,0.259968,0.256896,0.249728,0.251776,0.26816
10848,0.050272,0.529472,2.6152,0.270208,0.259968,0.255872,0.249728,0.251776,0.267136
10849,0.050784,0.528,2.8864,0.26816,0.259968,0.255872,0.251776,0.251776,0.26544
10850,0.050144,0.533184,2.60797,0.26816,0.259968,0.255872,0.249728,0.251776,0.266112
10851,0.050144,0.52944,2.61488,0.26816,0.26,0.255872,0.250784,0.251808,0.266112
10852,0.05056,0.52912,2.61408,0.528256,0.259968,0.259328,0.251744,0.253856,0.270208
10853,0.050752,0.530528,2.60752,0.26816,0.259968,0.255872,0.251776,0.251776,0.266112
10854,0.049728,0.531264,2.6128,0.26816,0.259968,0.255872,0.250784,0.251776,0.266112
10855,0.0504,0.5272,2.60669,0.267136,0.259968,0.255872,0.249728,0.251776,0.266112
10856,0.050976,0.527648,2.89062,0.26816,0.259968,0.255872,0.251776,0.251776,0.269568
10857,0.05008,0.525824,2.60966,0.26816,0.25792,0.255872,0.251776,0.250752,0.26816
10858,0.050752,0.527008,2.60006,0.267168,0.25792,0.253824,0.249728,0.249728,0.266112
10859,0.050656,0.52416,2.86237,0.266112,0.25792,0.253824,0.249728,0.249728,0.267488
10860,0.0504,0.52976,2.58864,0.266112,0.25792,0.253824,0.249728,0.250752,0.266112
10861,0.050208,0.524864,2.58618,0.265088,0.26,0.253824,0.249728,0.249728,0.266144
10862,0.0504,0.525568,2.58576,0.266112,0.25792,0.253856,0.249728,0.249728,0.266112
10863,0.050176,0.812736,2.59142,0.266112,0.258944,0.253824,0.249728,0.249728,0.266112
10864,0.050464,0.53296,2.58611,0.26608,0.25792,0.254848,0.249728,0.251776,0.26816
10865,0.050592,0.528032,2.58992,0.266112,0.25792,0.253824,0.249728,0.249728,0.267136
10866,0.050272,0.523616,2.8479,0.266112,0.25792,0.407424,0.251168,0.251776,0.267488
10867,0.050336,0.528608,2.58403,0.266112,0.25792,0.253824,0.249728,0.249728,0.266112
10868,0.050624,0.527424,2.58762,0.266112,0.258944,0.253824,0.249728,0.249728,0.266112
10869,0.056672,0.525312,2.59114,0.266112,0.425856,0.254848,0.24768,0.249728,0.266112
10870,0.050368,0.525152,2.76333,0.266112,0.25792,0.253824,0.24976,0.249728,0.26544
10871,0.050016,0.527296,2.58246,0.266112,0.25792,0.253824,0.24768,0.250752,0.266112
10872,0.049792,0.526528,2.5944,0.267136,0.25792,0.255872,0.249728,0.249728,0.266112
10873,0.050944,0.527744,2.87315,0.266112,0.257952,0.253824,0.249728,0.249728,0.265408
10874,0.050336,0.528896,2.58477,0.266112,0.25792,0.253856,0.249728,0.249728,0.265088
10875,0.049984,0.527168,2.59286,0.266112,0.258944,0.253824,0.24768,0.24976,0.266112
10876,0.050528,0.529792,2.58934,0.266112,0.259968,0.255872,0.423808,0.25312,0.266112
10877,0.050688,0.707808,2.59078,0.266112,0.258944,0.253824,0.249728,0.249728,0.266112
10878,0.050272,0.529952,2.59235,0.266112,0.25792,0.25488,0.249728,0.249728,0.266112
10879,0.050528,0.52352,2.5888,0.266112,0.25792,0.253824,0.249728,0.24976,0.265088
10880,0.050688,0.528224,2.86118,0.266112,0.25792,0.253824,0.249728,0.249728,0.26752
10881,0.050144,0.526976,2.59242,0.266112,0.25792,0.253824,0.24976,0.249728,0.266112
10882,0.050816,0.527584,2.58794,0.266112,0.25792,0.253824,0.250752,0.249728,0.266112
10883,0.050912,0.533184,2.58659,0.528256,0.25792,0.25728,0.24976,0.251776,0.271232
10884,0.04976,0.525568,2.58906,0.264064,0.25792,0.255872,0.249728,0.249728,0.266112
10885,0.050624,0.526112,2.58618,0.266144,0.25792,0.253824,0.249728,0.250752,0.266112
10886,0.050496,0.527936,2.58371,0.267136,0.25792,0.253824,0.249728,0.251776,0.266112
10887,0.050368,0.524608,2.87232,0.266112,0.25792,0.253824,0.249728,0.249728,0.26752
10888,0.04976,0.528704,2.58707,0.266112,0.257888,0.253824,0.249728,0.250752,0.266112
10889,0.0504,0.5264,2.5881,0.265088,0.25792,0.253824,0.249728,0.249728,0.266112
10890,0.050016,0.527904,2.59133,0.265472,0.259968,0.253824,0.48832,0.257248,0.404352
10891,0.050272,0.701984,2.5872,0.266112,0.258944,0.255872,0.249728,0.249728,0.266144
10892,0.050816,0.52928,2.5895,0.266112,0.25792,0.254848,0.249728,0.249728,0.266112
10893,0.050304,0.525888,2.58838,0.266112,0.25792,0.253824,0.24976,0.251776,0.265088
10894,0.049856,0.806272,2.58662,0.266112,0.257888,0.255872,0.249728,0.250752,0.266112
10895,0.050656,0.531232,2.58755,0.266112,0.25792,0.254848,0.249728,0.249728,0.266112
10896,0.05024,0.527104,2.58851,0.266112,0.25792,0.253824,0.249728,0.249728,0.266112
10897,0.05056,0.527488,2.87203,0.266112,0.257952,0.253824,0.249728,0.249728,0.26544
10898,0.050144,0.530592,2.58358,0.264064,0.25792,0.254848,0.24768,0.249728,0.266112
10899,0.04992,0.525824,2.59078,0.266112,0.25792,0.253824,0.249728,0.249728,0.265088
10900,0.055584,0.528224,2.5823,0.26624,0.42896,0.253696,0.249728,0.249728,0.266112
10901,0.050912,0.525344,2.76115,0.266112,0.25792,0.255872,0.249728,0.249728,0.26752
10902,0.049856,0.527424,2.58963,0.266112,0.25792,0.253824,0.249728,0.250752,0.266112
10903,0.050208,0.528608,2.58429,0.265056,0.25792,0.255904,0.24976,0.249728,0.264064
10904,0.050752,0.528064,2.85981,0.266112,0.25792,0.253824,0.249728,0.249728,0.265472
10905,0.049312,0.527072,2.5913,0.266112,0.259968,0.253824,0.24976,0.249728,0.267136
10906,0.050432,0.52688,2.58797,0.266176,0.256896,0.25376,0.249728,0.249728,0.266112
10907,0.050848,0.529664,2.58237,0.266112,0.259968,0.255872,0.509824,0.253184,0.266112
10908,0.050656,0.636416,2.58909,0.266112,0.256896,0.253856,0.249728,0.249728,0.266112
10909,0.050112,0.523552,2.58701,0.266144,0.257952,0.2528,0.249728,0.249728,0.266112
10910,0.05072,0.530048,2.58678,0.266112,0.257952,0.253824,0.249728,0.249728,0.265088
10911,0.050752,0.526304,2.86714,0.266112,0.25792,0.253824,0.249728,0.251776,0.26752
10912,0.050112,0.528384,2.58883,0.266112,0.25792,0.253824,0.249728,0.24976,0.266112
10913,0.050176,0.528,2.5895,0.266144,0.257952,0.253824,0.248704,0.249728,0.266112
10914,0.051488,0.524896,2.59184,0.433024,0.414592,0.261344,0.249728,0.24976,0.26816
10915,0.05056,0.526848,2.5913,0.266112,0.259968,0.254848,0.249728,0.249728,0.266112
10916,0.050176,0.528896,2.58083,0.266112,0.25792,0.255872,0.249728,0.24976,0.267136
10917,0.049856,0.529824,2.59229,0.266112,0.258976,0.253824,0.249728,0.24976,0.266112
10918,0.050976,0.53008,2.86349,0.266112,0.257952,0.253824,0.249728,0.249696,0.265472
10919,0.050624,0.52608,2.58422,0.266112,0.25792,0.255872,0.249728,0.250752,0.266112
10920,0.050464,0.527136,2.58934,0.266112,0.257952,0.254848,0.249728,0.249728,0.266112
10921,0.050272,0.532352,2.58906,0.265472,0.259968,0.253824,0.40128,0.255232,0.441216
10922,0.0504,0.529312,2.58614,0.267136,0.25792,0.253824,0.249728,0.249728,0.266112
10923,0.0504,0.525024,2.58851,0.266112,0.25792,0.253824,0.24976,0.249728,0.266112
10924,0.050176,0.529664,2.58618,0.266112,0.25792,0.253792,0.24976,0.250752,0.266112
10925,0.051008,0.810208,2.592,0.266112,0.256896,0.253824,0.249728,0.249728,0.266112
10926,0.050208,0.524608,2.58934,0.266112,0.25792,0.254848,0.249728,0.249728,0.266112
10927,0.050144,0.528128,2.58858,0.266112,0.25792,0.253824,0.249728,0.249728,0.265088
10928,0.050912,0.526624,2.8809,0.266112,0.25792,0.253824,0.249728,0.249728,0.26752
10929,0.050016,0.529248,2.58906,0.266112,0.257952,0.253824,0.248704,0.249728,0.266112
10930,0.050304,0.527712,2.58518,0.266112,0.25792,0.253824,0.249728,0.249728,0.265088
10931,0.055488,0.525696,2.58566,0.266112,0.497536,0.253856,0.249728,0.251776,0.266112
10932,0.050432,0.5328,2.75866,0.266112,0.25792,0.253824,0.249728,0.249728,0.26544
10933,0.05056,0.530656,2.58541,0.266112,0.25792,0.253824,0.24768,0.248704,0.266112
10934,0.050432,0.52928,2.58499,0.265088,0.25792,0.255872,0.249728,0.249728,0.266112
10935,0.050464,0.525344,2.88131,0.266144,0.25792,0.253824,0.24976,0.249728,0.26752
10936,0.049984,0.533088,2.5832,0.267136,0.25792,0.255904,0.249728,0.249696,0.266112
10937,0.0504,0.527776,2.58352,0.266112,0.25792,0.253824,0.249728,0.24976,0.266112
10938,0.050624,0.528032,2.59152,0.266112,0.261376,0.253824,0.24976,0.423808,0.266112
10939,0.050848,0.700672,2.59056,0.266144,0.258944,0.253824,0.249728,0.249728,0.266112
10940,0.050688,0.531616,2.58995,0.266112,0.25792,0.254848,0.249728,0.249728,0.266112
10941,0.050336,0.524832,2.58704,0.266112,0.25792,0.251776,0.24976,0.249728,0.265088
10942,0.050848,0.527584,2.86576,0.266112,0.25792,0.253856,0.249728,0.251776,0.26544
10943,0.0504,0.527488,2.5832,0.266112,0.25792,0.253824,0.249728,0.251808,0.266112
10944,0.049984,0.528608,2.58877,0.266112,0.25792,0.255872,0.249728,0.250784,0.266112
10945,0.050368,0.529632,2.58563,0.52416,0.259968,0.259296,0.249728,0.251776,0.266112
10946,0.050208,0.529984,2.58406,0.266112,0.25792,0.253824,0.249728,0.24976,0.266112
10947,0.050464,0.53088,2.58918,0.26816,0.25792,0.253824,0.249728,0.250752,0.266112
10948,0.05072,0.523552,2.59082,0.267136,0.25792,0.253824,0.249728,0.24976,0.266112
10949,0.050624,0.527008,2.86848,0.26816,0.257952,0.253824,0.249728,0.249728,0.26752
10950,0.050528,0.52816,2.5911,0.264064,0.256896,0.255904,0.249728,0.249728,0.266112
10951,0.049984,0.526656,2.58774,0.266112,0.25792,0.2528,0.249728,0.249728,0.266112
10952,0.050528,0.524,2.58454,0.26544,0.259232,0.253824,0.249728,0.39104,0.546688
10953,0.049888,0.532448,2.59139,0.267136,0.25792,0.253824,0.249728,0.249728,0.266112
10954,0.050752,0.52624,2.58605,0.266112,0.25792,0.253824,0.249728,0.249728,0.266112
10955,0.050688,0.526528,2.5856,0.266112,0.25792,0.255872,0.249728,0.248704,0.266112
10956,0.05056,0.803232,2.59366,0.266112,0.258976,0.255904,0.249728,0.249728,0.266112
10957,0.050496,0.526304,2.58781,0.266144,0.25792,0.255872,0.248704,0.249728,0.266144
10958,0.049984,0.525952,2.5825,0.266112,0.25792,0.253824,0.249728,0.249728,0.267136
10959,0.050656,0.527392,2.86166,0.266112,0.25792,0.253824,0.249728,0.249728,0.267456
10960,0.050176,0.532192,2.58784,0.266112,0.25792,0.253824,0.249728,0.250752,0.264064
10961,0.05056,0.528288,2.5959,0.265088,0.25792,0.255872,0.249728,0.249728,0.266112
10962,0.053472,0.526144,2.59194,0.266112,0.25792,0.253824,0.249728,0.249728,0.266112
10963,0.050304,0.811264,2.58723,0.266112,0.258944,0.253824,0.249728,0.249728,0.266112
10964,0.050432,0.528256,2.5816,0.266112,0.25792,0.254848,0.249728,0.249728,0.266112
10965,0.050016,0.52896,2.58986,0.264064,0.25792,0.253824,0.249728,0.249728,0.265088
10966,0.05056,0.530496,2.86886,0.264064,0.257952,0.251776,0.249728,0.249728,0.265312
10967,0.05104,0.524864,2.5872,0.266112,0.25792,0.254848,0.249728,0.249728,0.266112
10968,0.050176,0.527424,2.58947,0.266112,0.25792,0.253824,0.24976,0.249728,0.266112
10969,0.05024,0.5264,2.58922,0.266112,0.433024,0.255872,0.249728,0.249728,0.266112
10970,0.050816,0.527488,2.76435,0.266112,0.25792,0.253824,0.247712,0.249728,0.267424
10971,0.04976,0.52928,2.59245,0.26816,0.257952,0.255872,0.248704,0.24976,0.266112
10972,0.050368,0.528864,2.58634,0.267136,0.257888,0.253824,0.247712,0.249728,0.266112
10973,0.050848,0.527808,2.86397,0.266112,0.259968,0.253856,0.249728,0.249728,0.267424
10974,0.049728,0.53136,2.58989,0.266112,0.257952,0.253824,0.249728,0.249728,0.266112
10975,0.050496,0.525984,2.58794,0.266112,0.258944,0.255872,0.249728,0.249728,0.266112
10976,0.051104,0.52672,2.5833,0.266112,0.25792,0.491392,0.255168,0.251776,0.266112
10977,0.050624,0.688544,2.59098,0.266112,0.257952,0.253824,0.250752,0.249728,0.266112
10978,0.04992,0.526528,2.58602,0.265088,0.25792,0.253824,0.249728,0.24976,0.266112
10979,0.050656,0.529056,2.58678,0.266112,0.25792,0.253824,0.249728,0.249728,0.266112
10980,0.050464,0.527648,2.87238,0.266112,0.25792,0.253824,0.249728,0.249728,0.265472
10981,0.04992,0.527296,2.58589,0.266112,0.257952,0.255872,0.249728,0.249696,0.266112
10982,0.050208,0.531872,2.58541,0.266112,0.25792,0.255872,0.248704,0.249728,0.266112
10983,0.050336,0.52624,2.59056,0.444288,0.263424,0.257248,0.249728,0.404352,0.271232
10984,0.050368,0.525088,2.58682,0.266112,0.25792,0.254848,0.249728,0.251776,0.266112
10985,0.050496,0.525344,2.5881,0.266112,0.25792,0.253824,0.249728,0.249728,0.266112
10986,0.050496,0.528832,2.58701,0.266112,0.258944,0.253824,0.249728,0.251776,0.266112
10987,0.05088,0.526848,2.86448,0.266144,0.25792,0.253824,0.249728,0.249728,0.26544
10988,0.051168,0.531552,2.58499,0.26816,0.25792,0.253824,0.248736,0.249728,0.266112
10989,0.049664,0.53264,2.59142,0.265088,0.25792,0.253824,0.249728,0.249728,0.266112
10990,0.050656,0.526816,2.85872,0.266112,0.25792,0.253824,0.24976,0.249728,0.267488
10991,0.050464,0.52576,2.58589,0.266112,0.25792,0.253824,0.249728,0.250752,0.266112
10992,0.049888,0.523584,2.5911,0.267136,0.25792,0.253824,0.249728,0.249728,0.266112
10993,0.050176,0.534208,2.58621,0.266112,0.25792,0.253824,0.24976,0.249728,0.266112
10994,0.050976,0.810368,2.58877,0.266112,0.256896,0.255872,0.249728,0.249728,0.266112
10995,0.050112,0.530528,2.59331,0.266112,0.25792,0.254848,0.249728,0.249728,0.266112
10996,0.05024,0.530464,2.58627,0.266112,0.25792,0.253824,0.249728,0.249728,0.265088
10997,0.050784,0.524448,2.85792,0.273664,0.25792,0.255872,0.249728,0.24976,0.406784
10998,0.05056,0.524608,2.59152,0.266112,0.257952,0.253824,0.249728,0.24976,0.266112
10999,0.050464,0.5264,2.58496,0.26608,0.257952,0.253824,0.248704,0.249728,0.266112
11000,0.057664,0.529248,2.58931,0.265088,0.422784,0.253824,0.249728,0.249728,0.266112
11001,0.050304,0.523136,2.76627,0.266112,0.25792,0.253824,0.24976,0.249728,0.267456
11002,0.050368,0.52688,2.5887,0.266112,0.25792,0.253824,0.249728,0.250752,0.266112
11003,0.050432,0.525376,2.58237,0.267136,0.25792,0.253824,0.249728,0.249728,0.266112
11004,0.050336,0.52672,2.87171,0.264064,0.257952,0.253856,0.24976,0.24976,0.265472
11005,0.05024,0.526016,2.58832,0.266112,0.25792,0.253824,0.249728,0.249728,0.265088
11006,0.050336,0.529664,2.58755,0.264064,0.25792,0.255872,0.249728,0.249728,0.266112
11007,0.050432,0.527584,2.59168,0.266112,0.259968,0.255872,0.425856,0.25312,0.266112
11008,0.050336,0.698784,2.58563,0.266112,0.258944,0.253824,0.24976,0.249728,0.266112
11009,0.0504,0.526912,2.58493,0.266112,0.25792,0.25488,0.249728,0.249728,0.266112
11010,0.049984,0.526656,2.58966,0.266112,0.25792,0.253824,0.249728,0.249728,0.267136
11011,0.050944,0.526752,2.86883,0.26624,0.257952,0.253728,0.249728,0.249728,0.265472
11012,0.05024,0.526816,2.58557,0.264064,0.257888,0.253824,0.249728,0.249728,0.266112
11013,0.050464,0.52736,2.59632,0.266112,0.25792,0.253824,0.248704,0.249728,0.266112
11014,0.0504,0.528928,2.58963,0.530336,0.259968,0.25728,0.249728,0.249728,0.26816
11015,0.050688,0.528384,2.5879,0.266112,0.25792,0.255872,0.249728,0.249728,0.266112
11016,0.050144,0.529728,2.59178,0.266112,0.25792,0.253824,0.248704,0.249728,0.266112
11017,0.05024,0.525664,2.58304,0.267136,0.25792,0.255872,0.249728,0.249728,0.266112
11018,0.05056,0.52752,2.8633,0.266112,0.25792,0.253824,0.249728,0.249728,0.26752
11019,0.04976,0.528864,2.58461,0.26816,0.25792,0.253824,0.24976,0.250752,0.266112
11020,0.05072,0.529216,2.58861,0.26512,0.25792,0.255872,0.249728,0.249728,0.266112
11021,0.050336,0.524544,2.5823,0.265376,0.262048,0.253856,0.489344,0.25728,0.408448
11022,0.050592,0.691424,2.58781,0.266112,0.258944,0.253824,0.249728,0.249728,0.266112
11023,0.050528,0.529312,2.58925,0.266112,0.26,0.254848,0.249728,0.249696,0.266112
11024,0.050752,0.527072,2.58346,0.266112,0.25792,0.253824,0.249728,0.251776,0.265088
11025,0.050624,0.806944,2.59338,0.266112,0.258976,0.255872,0.249728,0.249728,0.266112
11026,0.050336,0.528224,2.58598,0.264064,0.25792,0.254848,0.249728,0.251776,0.266112
11027,0.05056,0.527424,2.59101,0.266112,0.259968,0.255872,0.249728,0.249728,0.267136
11028,0.050208,0.526272,2.87488,0.266112,0.255872,0.253824,0.24768,0.24976,0.267488
11029,0.050656,0.52624,2.58637,0.266144,0.25792,0.25488,0.249728,0.249728,0.264064
11030,0.050688,0.529728,2.5856,0.266112,0.25792,0.253824,0.249728,0.249728,0.267136
11031,0.05744,0.528768,2.59053,0.266112,0.424864,0.255904,0.249728,0.249728,0.266112
11032,0.050304,0.52608,2.75728,0.266144,0.257888,0.253824,0.249728,0.249728,0.265376
11033,0.050592,0.529472,2.58554,0.266112,0.25792,0.253824,0.249728,0.250752,0.266112
11034,0.050272,0.5272,2.58906,0.265088,0.25792,0.253824,0.249728,0.249728,0.266112
11035,0.05248,0.526208,2.86006,0.26416,0.25792,0.253728,0.249728,0.249728,0.265376
11036,0.050464,0.529056,2.58685,0.266112,0.25792,0.253824,0.249728,0.249728,0.267136
11037,0.050176,0.528896,2.59251,0.266112,0.25792,0.255872,0.249728,0.249728,0.266112
11038,0.050784,0.529856,2.58592,0.266112,0.259968,0.253824,0.506752,0.255232,0.266112
11039,0.05152,0.528832,2.5864,0.266112,0.25792,0.253824,0.24976,0.249728,0.265088
11040,0.050176,0.52608,2.59037,0.266112,0.25792,0.253824,0.249728,0.249728,0.266112
11041,0.05056,0.527872,2.5856,0.266112,0.25792,0.253824,0.250752,0.249728,0.266112
11042,0.050752,0.526624,3.03274,0.266112,0.25792,0.253824,0.249728,0.24976,0.26752
11043,0.049984,0.520672,2.5936,0.266112,0.25792,0.253824,0.248736,0.24976,0.266112
11044,0.050176,0.528544,2.58445,0.266112,0.257952,0.255872,0.249728,0.249728,0.265088
11045,0.052544,0.527584,2.588,0.432,0.413568,0.2592,0.249728,0.251776,0.26816
11046,0.049952,0.525088,2.58797,0.26816,0.25792,0.253824,0.248704,0.24976,0.266112
11047,0.049856,0.524384,2.5871,0.266112,0.257888,0.253856,0.249728,0.249728,0.265088
11048,0.050688,0.529856,2.58589,0.266112,0.259968,0.253824,0.249728,0.249728,0.266112
11049,0.050304,0.527328,2.87187,0.266112,0.25792,0.255872,0.249728,0.249728,0.26752
11050,0.050368,0.527968,2.58131,0.266144,0.25792,0.253824,0.249728,0.250752,0.266112
11051,0.050752,0.528032,2.58419,0.26512,0.25792,0.253792,0.249728,0.249728,0.266112
11052,0.050368,0.530336,2.5951,0.26544,0.259968,0.253824,0.402304,0.2552,0.438144
11053,0.050112,0.52896,2.58544,0.265088,0.25792,0.253824,0.249728,0.249728,0.266112
11054,0.050592,0.52512,2.5889,0.266112,0.26,0.253824,0.249728,0.249728,0.266112
11055,0.050144,0.524544,2.5889,0.266112,0.25792,0.253824,0.249728,0.248704,0.266112
11056,0.050752,0.52704,2.92912,0.266112,0.25792,0.253792,0.24976,0.251776,0.26544
11057,0.050752,0.527232,2.5831,0.266144,0.25792,0.255872,0.249728,0.249728,0.266112
11058,0.050208,0.526976,2.5921,0.266112,0.25792,0.253824,0.249728,0.250752,0.266112
11059,0.050464,0.527232,2.8585,0.266112,0.25792,0.253824,0.249728,0.24976,0.26544
11060,0.05056,0.530496,2.58762,0.266112,0.25792,0.254848,0.249728,0.251776,0.266112
11061,0.050336,0.52832,2.58998,0.266112,0.25792,0.253824,0.249728,0.249728,0.267136
11062,0.059776,0.530432,2.58576,0.266112,0.508384,0.253824,0.249696,0.249728,0.266112
11063,0.050816,0.524192,2.58195,0.266112,0.25792,0.253824,0.248704,0.249728,0.266112
11064,0.050304,0.52688,2.59322,0.26816,0.25792,0.255872,0.249728,0.249728,0.267136
11065,0.050016,0.528896,2.58518,0.266112,0.25792,0.253824,0.24976,0.249696,0.266112
11066,0.050784,0.522144,2.74867,0.271584,0.261376,0.255872,0.249728,0.402336,0.509184
11067,0.050304,0.532192,2.59152,0.267136,0.25792,0.253824,0.249728,0.249728,0.266112
11068,0.050592,0.525568,2.59024,0.26816,0.257888,0.253824,0.249728,0.251808,0.266112
11069,0.050528,0.527744,2.5871,0.266144,0.25792,0.253824,0.419712,0.253184,0.266112
11070,0.050496,0.704512,2.7831,0.266112,0.25792,0.253824,0.249728,0.249728,0.26752
11071,0.050368,0.530464,2.5825,0.266112,0.25792,0.253824,0.24976,0.249728,0.264064
11072,0.050368,0.52608,2.58291,0.266112,0.259968,0.253824,0.248704,0.249728,0.266112
11073,0.050592,0.524992,2.87914,0.266112,0.25792,0.253824,0.24768,0.249728,0.265472
11074,0.050208,0.52912,2.58413,0.266112,0.25792,0.255872,0.249728,0.249728,0.266112
11075,0.050176,0.53008,2.58717,0.266112,0.25792,0.253856,0.249728,0.250752,0.266112
11076,0.050624,0.526464,2.59424,0.269568,0.261376,0.255872,0.249728,0.405376,0.450432
11077,0.050496,0.529888,2.59005,0.265088,0.25792,0.253824,0.249728,0.24976,0.266112
11078,0.05056,0.527552,2.58598,0.264064,0.257952,0.253824,0.249728,0.249728,0.266112
11079,0.049952,0.52784,2.59213,0.266112,0.25792,0.253824,0.249728,0.250752,0.266112
11080,0.050144,0.530432,2.85891,0.266112,0.257952,0.253824,0.249728,0.249728,0.265472
11081,0.050688,0.523488,2.58512,0.266112,0.257952,0.255872,0.248704,0.249728,0.266112
11082,0.050112,0.527808,2.59072,0.265088,0.25792,0.253824,0.249728,0.249728,0.266112
11083,0.050816,0.5288,2.84704,0.266112,0.25792,0.407424,0.253184,0.251776,0.269536
11084,0.050528,0.529888,2.58269,0.266112,0.25792,0.253824,0.249728,0.249728,0.267136
11085,0.050048,0.527744,2.59379,0.266112,0.258944,0.253824,0.249728,0.249728,0.266112
11086,0.053056,0.525408,2.58806,0.264032,0.257952,0.2528,0.249728,0.249728,0.266112
11087,0.050368,0.784352,2.58656,0.266112,0.25792,0.253824,0.248704,0.249728,0.26816
11088,0.050752,0.527136,2.59158,0.265088,0.25792,0.253824,0.249728,0.249728,0.266112
11089,0.050112,0.526528,2.58819,0.266112,0.25792,0.253792,0.24976,0.251776,0.266112
11090,0.051072,0.529696,2.86528,0.266112,0.25792,0.253824,0.249728,0.249728,0.26752
11091,0.050592,0.52544,2.58835,0.266112,0.257952,0.254848,0.249728,0.249728,0.266112
11092,0.050144,0.530144,2.5872,0.266112,0.25792,0.255872,0.249728,0.249728,0.266112
11093,0.050944,0.52512,2.5857,0.264064,0.428928,0.255872,0.249728,0.249728,0.266112
11094,0.050304,0.527328,2.7663,0.266112,0.25792,0.253824,0.249728,0.249728,0.265312
11095,0.05056,0.525856,2.58784,0.266112,0.25792,0.253824,0.250784,0.249728,0.266112
11096,0.0504,0.525504,2.58218,0.265088,0.25792,0.255904,0.249728,0.249728,0.266112
11097,0.05024,0.527424,2.87427,0.266112,0.257952,0.253824,0.249728,0.249728,0.26544
11098,0.050272,0.527392,2.58582,0.266144,0.25792,0.253824,0.249728,0.249728,0.265088
11099,0.050432,0.527456,2.58778,0.266112,0.25792,0.253856,0.249728,0.249728,0.26816
11100,0.050432,0.530976,2.59251,0.266112,0.257984,0.253824,0.423808,0.253056,0.266112
11101,0.050336,0.697088,2.58445,0.266112,0.25792,0.253824,0.249728,0.250752,0.266112
11102,0.050944,0.527232,2.58483,0.267136,0.25792,0.253824,0.249728,0.249728,0.266112
11103,0.050528,0.526176,2.59299,0.266112,0.25792,0.253824,0.249728,0.249728,0.26816
11104,0.050688,0.53136,2.86704,0.266112,0.25792,0.253824,0.249728,0.249728,0.26544
11105,0.049952,0.528512,2.58176,0.266112,0.25792,0.253824,0.251776,0.249728,0.266112
11106,0.05008,0.527968,2.59216,0.266112,0.25792,0.253824,0.248704,0.249728,0.266112
11107,0.050688,0.530688,2.5865,0.507776,0.264736,0.25712,0.249728,0.396896,0.270208
11108,0.050592,0.524,2.58525,0.266112,0.25792,0.254848,0.249728,0.249728,0.266112
11109,0.049824,0.52784,2.58941,0.266112,0.25792,0.253824,0.249728,0.249728,0.266112
11110,0.050144,0.52688,2.5896,0.266112,0.258944,0.253824,0.247744,0.249664,0.266112
11111,0.050912,0.5272,2.86989,0.266112,0.25792,0.255872,0.249728,0.249728,0.267488
11112,0.04992,0.526496,2.59053,0.266112,0.25792,0.253824,0.249728,0.250752,0.266112
11113,0.050432,0.526272,2.58502,0.26512,0.25792,0.253824,0.249728,0.249728,0.264064
11114,0.050656,0.528192,2.86234,0.266112,0.25792,0.253824,0.249728,0.249728,0.27568
11115,0.049792,0.527648,2.58886,0.266112,0.25792,0.253824,0.249728,0.250752,0.266112
11116,0.050112,0.524128,2.58678,0.266112,0.25792,0.254848,0.24976,0.249728,0.266112
11117,0.050304,0.527648,2.5896,0.266112,0.25792,0.253824,0.249728,0.249728,0.266112
11118,0.05072,0.800832,2.59434,0.266112,0.256896,0.253824,0.24976,0.251776,0.266112
11119,0.050272,0.525504,2.58669,0.266112,0.25792,0.253824,0.248704,0.251776,0.266112
11120,0.050464,0.527936,2.5847,0.266144,0.25792,0.253824,0.249728,0.249728,0.265088
11121,0.050592,0.526208,2.86886,0.266112,0.259968,0.253824,0.249728,0.249728,0.26544
11122,0.050272,0.527648,2.58458,0.266112,0.25792,0.254848,0.249728,0.249728,0.266112
11123,0.050656,0.532896,2.58301,0.266112,0.25792,0.253824,0.249728,0.249728,0.265088
11124,0.05952,0.529408,2.58867,0.266112,0.509856,0.253824,0.249728,0.249728,0.266112
11125,0.050624,0.530112,2.58787,0.266112,0.25792,0.253824,0.248704,0.249728,0.266112
11126,0.05072,0.530816,2.58726,0.266112,0.25792,0.255904,0.249728,0.249728,0.267136
11127,0.050144,0.525056,2.59395,0.266112,0.25792,0.253824,0.249728,0.249728,0.266112
11128,0.050592,0.5264,3.0288,0.264064,0.25792,0.253824,0.249728,0.249728,0.269376
11129,0.050784,0.527328,2.58467,0.266112,0.25792,0.253824,0.249728,0.250784,0.266112
11130,0.050176,0.525088,2.59536,0.266112,0.25792,0.254848,0.249728,0.249728,0.266112
11131,0.050528,0.529408,2.58627,0.266112,0.259968,0.253824,0.42176,0.257248,0.266144
11132,0.050816,0.702528,2.58752,0.266112,0.256896,0.255872,0.249728,0.249728,0.266112
11133,0.050112,0.528064,2.59011,0.266112,0.257952,0.254848,0.249728,0.249728,0.266112
11134,0.050432,0.525344,2.58534,0.266112,0.25792,0.255872,0.249728,0.249728,0.265088
11135,0.050784,0.527168,2.86582,0.266112,0.25792,0.253824,0.249728,0.249728,0.26752
11136,0.050304,0.529856,2.59347,0.266112,0.25792,0.255872,0.249728,0.249728,0.266112
11137,0.05008,0.527328,2.59053,0.26816,0.257952,0.253824,0.249728,0.250784,0.266112
11138,0.051328,0.523008,2.58288,0.432032,0.415616,0.259296,0.249728,0.249728,0.266112
11139,0.04992,0.527456,2.59325,0.266112,0.25792,0.254848,0.24768,0.24976,0.266112
11140,0.050432,0.52976,2.58384,0.266112,0.257952,0.255872,0.249728,0.249728,0.265088
11141,0.050368,0.52496,2.58387,0.266112,0.258944,0.255872,0.249728,0.249728,0.266112
11142,0.050272,0.52672,2.86637,0.266112,0.25792,0.253856,0.249728,0.249728,0.267488
11143,0.050848,0.52736,2.58422,0.266112,0.25792,0.253824,0.249728,0.250752,0.266112
11144,0.050272,0.527776,2.58131,0.266112,0.25792,0.254848,0.249728,0.24976,0.266112
11145,0.050304,0.526816,2.75075,0.266112,0.26,0.255872,0.4064,0.253152,0.278784
11146,0.050112,0.528864,2.58301,0.267168,0.25792,0.253824,0.249728,0.251776,0.266144
11147,0.050816,0.528096,2.58317,0.266112,0.25792,0.255872,0.249728,0.249728,0.266112
11148,0.050208,0.528192,2.58966,0.266112,0.25792,0.253824,0.249728,0.250752,0.266112
11149,0.050432,0.801824,2.59053,0.264064,0.258944,0.253824,0.249728,0.24976,0.266112
11150,0.05088,0.528608,2.58525,0.266112,0.25792,0.253824,0.248704,0.249728,0.266112
11151,0.050272,0.525472,2.59024,0.266112,0.257952,0.253824,0.24976,0.249728,0.265088
11152,0.050176,0.528512,2.84925,0.419712,0.25792,0.25728,0.249728,0.249728,0.265472
11153,0.050624,0.52736,2.5848,0.266112,0.25792,0.255904,0.249728,0.249728,0.266112
11154,0.050304,0.531584,2.59616,0.266112,0.25792,0.253824,0.249728,0.250752,0.266112
11155,0.049984,0.527872,2.59062,0.265056,0.257888,0.253824,0.249728,0.251776,0.266112
11156,0.05072,0.700128,2.76262,0.266112,0.257888,0.253856,0.249728,0.249728,0.267456
11157,0.050272,0.527008,2.588,0.266112,0.258944,0.255872,0.249728,0.249728,0.266112
11158,0.050144,0.530048,2.58458,0.266112,0.25792,0.254848,0.249728,0.249728,0.266112
11159,0.051104,0.527328,2.86586,0.264064,0.25792,0.255872,0.249728,0.251776,0.267488
11160,0.050304,0.527424,2.5904,0.267136,0.25792,0.255872,0.249728,0.249728,0.266112
11161,0.050112,0.529856,2.58781,0.266112,0.25792,0.253824,0.249728,0.251776,0.266112
11162,0.050944,0.526208,2.58458,0.266112,0.26336,0.253824,0.249728,0.420736,0.266112
11163,0.050112,0.696608,2.59123,0.266112,0.258976,0.255872,0.249728,0.249728,0.266112
11164,0.050176,0.526944,2.58787,0.266112,0.257952,0.253824,0.248704,0.249728,0.266112
11165,0.050304,0.525184,2.58298,0.266112,0.25792,0.253824,0.249728,0.249728,0.265088
11166,0.05024,0.527456,2.87094,0.266112,0.257952,0.253824,0.249728,0.249728,0.26544
11167,0.05024,0.526624,2.5872,0.266112,0.25792,0.255872,0.249728,0.24976,0.266112
11168,0.05008,0.527104,2.58419,0.266112,0.25792,0.253824,0.249728,0.250752,0.266112
11169,0.050112,0.526048,2.58877,0.266112,0.25792,0.510848,0.251136,0.251776,0.266112
11170,0.050144,0.529536,2.58563,0.266112,0.25792,0.253824,0.249728,0.249728,0.266112
11171,0.050688,0.529888,2.58739,0.266112,0.258944,0.253824,0.249728,0.249728,0.266112
11172,0.04992,0.526048,2.59248,0.266112,0.25792,0.254848,0.249728,0.249728,0.266112
11173,0.050048,0.5288,2.87357,0.266112,0.25792,0.253824,0.249728,0.249728,0.26544
11174,0.050432,0.526688,2.58646,0.266112,0.258944,0.253824,0.249728,0.249728,0.266112
11175,0.049824,0.526528,2.59037,0.266112,0.25792,0.254848,0.249728,0.249728,0.266112
11176,0.050784,0.522848,2.58608,0.273664,0.263424,0.255872,0.249728,0.504704,0.408448
11177,0.050176,0.526464,2.5888,0.266112,0.259968,0.254848,0.24768,0.24976,0.266112
11178,0.049952,0.525184,2.58646,0.266112,0.25792,0.253856,0.249728,0.249728,0.266112
11179,0.050144,0.52544,2.5865,0.266112,0.258944,0.253824,0.249728,0.249696,0.266112
11180,0.050656,0.529376,2.85834,0.266112,0.25792,0.255872,0.249728,0.249728,0.26752
11181,0.050112,0.527456,2.58986,0.266112,0.25792,0.253824,0.248736,0.249728,0.266112
11182,0.050496,0.527264,2.58739,0.265056,0.257888,0.255872,0.249728,0.249728,0.266112
11183,0.050944,0.530976,2.86765,0.264064,0.25792,0.253824,0.249728,0.249728,0.2736
11184,0.050432,0.52736,2.5904,0.266112,0.25792,0.255872,0.249728,0.250752,0.266112
11185,0.050208,0.528576,2.59069,0.266112,0.257888,0.252768,0.24976,0.249696,0.266112
11186,0.049856,0.527104,2.5841,0.266112,0.25792,0.253824,0.249728,0.24976,0.266112
11187,0.050208,0.791456,2.59216,0.266112,0.25792,0.253824,0.249728,0.250752,0.266112
11188,0.050144,0.527264,2.58912,0.267136,0.25792,0.253824,0.249728,0.249728,0.266112
11189,0.050816,0.526336,2.5849,0.266112,0.25792,0.253824,0.249728,0.251776,0.266112
11190,0.050304,0.524832,2.86752,0.266112,0.25792,0.253824,0.249728,0.249728,0.26736
11191,0.05024,0.527808,2.58269,0.266112,0.257888,0.254848,0.249728,0.249728,0.266112
11192,0.050528,0.528736,2.5927,0.266112,0.25792,0.253824,0.249728,0.249728,0.266112
11193,0.050304,0.526752,2.5927,0.266112,0.513952,0.253824,0.24976,0.249728,0.266112
11194,0.050304,0.527104,2.59018,0.266144,0.25792,0.254848,0.249728,0.249728,0.266144
11195,0.050656,0.52704,2.58429,0.266112,0.25792,0.253824,0.249728,0.249728,0.266112
11196,0.050208,0.526592,2.59072,0.266112,0.258976,0.253824,0.24976,0.249728,0.266112
11197,0.050112,0.529376,3.02272,0.266112,0.257888,0.253824,0.249728,0.249696,0.267488
11198,0.050304,0.528416,2.58432,0.266112,0.25792,0.253824,0.249728,0.250752,0.266112
11199,0.0504,0.52576,2.59315,0.267136,0.259968,0.253824,0.249728,0.249728,0.266112
11200,0.050272,0.524384,2.58682,0.266112,0.259968,0.255904,0.417664,0.253184,0.266112
11201,0.051104,0.702016,2.58458,0.266112,0.256896,0.253824,0.249728,0.251776,0.266112
11202,0.050176,0.526208,2.59194,0.266112,0.25792,0.254848,0.249728,0.249728,0.266112
11203,0.05056,0.527744,2.58531,0.266112,0.25792,0.255872,0.249728,0.249728,0.267136
11204,0.050656,0.52336,2.87002,0.266112,0.25792,0.253824,0.249728,0.24976,0.26752
11205,0.05024,0.527456,2.5897,0.266112,0.256896,0.253824,0.249728,0.249728,0.266112
11206,0.050176,0.526784,2.59018,0.266112,0.25792,0.253824,0.248704,0.249696,0.266112
11207,0.050944,0.527456,2.58493,0.43712,0.415616,0.259296,0.249728,0.251776,0.269184
11208,0.050784,0.527936,2.5967,0.266112,0.25792,0.25488,0.249728,0.249728,0.266112
11209,0.05024,0.530752,2.58966,0.266112,0.25792,0.253824,0.249728,0.24976,0.265088
11210,0.050528,0.529888,2.58723,0.266144,0.258944,0.253824,0.249728,0.249728,0.266112
11211,0.05024,0.52704,2.87258,0.266112,0.25792,0.255872,0.249728,0.249728,0.267488
11212,0.050144,0.53328,2.58672,0.266112,0.25792,0.253824,0.249728,0.250752,0.266112
11213,0.050496,0.52656,2.58368,0.267136,0.25792,0.255872,0.249728,0.249728,0.266112
11214,0.048768,0.528576,2.85696,0.266112,0.25792,0.253824,0.249728,0.249728,0.271584
11215,0.050048,0.528288,2.58362,0.266112,0.25792,0.255872,0.249728,0.250752,0.266112
11216,0.050368,0.52992,2.58486,0.265088,0.25792,0.253824,0.249728,0.249728,0.266112
11217,0.04992,0.524704,2.59229,0.266112,0.257952,0.255872,0.24768,0.249728,0.266112
11218,0.050656,0.53152,2.93085,0.266112,0.25792,0.253856,0.24768,0.249728,0.265408
11219,0.0504,0.526848,2.58179,0.266112,0.25792,0.255872,0.249728,0.249728,0.266112
11220,0.04992,0.527264,2.59443,0.266112,0.25792,0.253824,0.249728,0.250752,0.266112
11221,0.050624,0.528352,2.86096,0.408448,0.25792,0.259328,0.249728,0.249728,0.26544
11222,0.05056,0.525248,2.58669,0.266112,0.25792,0.255872,0.249728,0.249728,0.266112
11223,0.050144,0.525056,2.59226,0.266112,0.25792,0.255872,0.249728,0.248704,0.266112
11224,0.058624,0.528,2.58669,0.266144,0.425888,0.2528,0.24976,0.249696,0.266112
11225,0.050912,0.529248,2.75814,0.266112,0.259968,0.253824,0.249728,0.24976,0.26752
11226,0.049984,0.52624,2.59261,0.266112,0.25792,0.253824,0.24768,0.250752,0.266112
11227,0.050208,0.52672,2.58656,0.267136,0.25792,0.253824,0.249728,0.249728,0.266112
11228,0.05088,0.52448,2.87453,0.266112,0.25792,0.253824,0.249728,0.249728,0.267456
11229,0.050016,0.528704,2.59142,0.266112,0.25792,0.253824,0.249728,0.249728,0.267136
11230,0.05024,0.527936,2.58803,0.266112,0.257888,0.253824,0.24976,0.249728,0.266112
11231,0.050976,0.529024,2.58483,0.266112,0.261376,0.253824,0.250752,0.511872,0.266112
11232,0.049856,0.527584,2.58973,0.265088,0.257952,0.253824,0.24976,0.249728,0.266112
11233,0.050592,0.529312,2.58672,0.264064,0.25792,0.253824,0.249728,0.249728,0.266144
11234,0.050784,0.530176,2.5848,0.266112,0.25792,0.255872,0.249728,0.250784,0.266112
11235,0.050336,0.524,2.87402,0.266112,0.257952,0.253824,0.249728,0.249728,0.265472
11236,0.049856,0.52528,2.58851,0.266112,0.25792,0.253824,0.249728,0.251776,0.266112
11237,0.050688,0.526784,2.58675,0.266112,0.25792,0.255872,0.249728,0.250752,0.266112
11238,0.052576,0.526752,2.59158,0.426336,0.41056,0.260896,0.251808,0.249728,0.266112
11239,0.050816,0.531968,2.58714,0.266144,0.25792,0.255904,0.248672,0.249728,0.266112
11240,0.050496,0.532352,2.58739,0.266112,0.25792,0.253824,0.249728,0.249728,0.267136
11241,0.050208,0.528896,2.59296,0.266112,0.25792,0.253824,0.24768,0.249728,0.266112
11242,0.050496,0.526976,2.87226,0.266112,0.257952,0.253824,0.249728,0.249728,0.26544
11243,0.050048,0.527392,2.58797,0.26816,0.25792,0.253824,0.249728,0.250752,0.266112
11244,0.050048,0.53088,2.59008,0.266112,0.25792,0.254848,0.249728,0.249728,0.266112
11245,0.050464,0.52624,2.58963,0.26752,0.261376,0.253824,0.249728,0.510848,0.405376
11246,0.050528,0.526368,2.59302,0.267168,0.25792,0.255872,0.249728,0.249728,0.266112
11247,0.050176,0.528544,2.59286,0.266112,0.25792,0.253824,0.249728,0.249728,0.266112
11248,0.050656,0.527872,2.58381,0.266112,0.25792,0.253824,0.249728,0.250784,0.266112
11249,0.050656,0.802752,2.58957,0.266112,0.256896,0.253824,0.249728,0.24976,0.266112
11250,0.049664,0.524256,2.59226,0.266112,0.25792,0.255872,0.248704,0.24976,0.266112
11251,0.05024,0.526496,2.58864,0.266112,0.25792,0.253792,0.249728,0.249728,0.265088
11252,0.050816,0.532384,2.87251,0.266112,0.25792,0.253824,0.249728,0.24976,0.26752
11253,0.049696,0.532064,2.58995,0.266112,0.257952,0.253856,0.248704,0.249728,0.266112
11254,0.05072,0.525632,2.59136,0.265088,0.257952,0.253824,0.249728,0.249696,0.266144
11255,0.058528,0.527616,2.5831,0.266112,0.527232,0.253824,0.249728,0.249728,0.266112
11256,0.04992,0.525984,2.59101,0.266112,0.257952,0.253824,0.248704,0.249728,0.266112
11257,0.050208,0.528864,2.58605,0.266112,0.25792,0.253824,0.249728,0.24976,0.267136
11258,0.050464,0.528416,2.58893,0.266144,0.25792,0.255872,0.249728,0.249728,0.266112
11259,0.050624,0.529984,2.86602,0.266112,0.25792,0.253824,0.249728,0.249728,0.267488
11260,0.050976,0.527712,2.58634,0.265088,0.25792,0.253824,0.24976,0.249728,0.266144
11261,0.05056,0.528128,2.5863,0.266112,0.25792,0.253824,0.24976,0.249728,0.266112
11262,0.050688,0.529024,2.58838,0.266112,0.261376,0.253824,0.249728,0.507776,0.266112
11263,0.050208,0.525312,2.58394,0.267136,0.259968,0.255872,0.249728,0.249728,0.266112
11264,0.050688,0.532064,2.58394,0.266112,0.25792,0.253824,0.24976,0.249728,0.266112
11265,0.049984,0.527008,2.58992,0.266112,0.25792,0.253824,0.249728,0.250752,0.266112
11266,0.05008,0.533472,3.03482,0.264064,0.25792,0.253824,0.24768,0.249728,0.267488
11267,0.050688,0.528448,2.58394,0.266112,0.25792,0.255872,0.249728,0.250784,0.266112
11268,0.050112,0.525984,2.59328,0.265088,0.25792,0.253824,0.249728,0.249728,0.266112
11269,0.05024,0.52512,2.58646,0.266112,0.25792,0.419712,0.255232,0.251776,0.266112
11270,0.050976,0.690624,2.58502,0.266112,0.25792,0.253824,0.249728,0.250752,0.266112
11271,0.049888,0.528736,2.59334,0.267136,0.25792,0.253824,0.249728,0.249728,0.266112
11272,0.05024,0.5288,2.58755,0.266144,0.25792,0.253824,0.249728,0.249728,0.266112
11273,0.05072,0.527616,2.86842,0.266112,0.25792,0.253824,0.24976,0.249728,0.26752
11274,0.049856,0.526592,2.59885,0.266112,0.258944,0.253824,0.249728,0.249728,0.266112
11275,0.050208,0.527424,2.58554,0.266144,0.25792,0.255872,0.248704,0.249728,0.266112
11276,0.050336,0.529216,2.58512,0.26752,0.25792,0.253824,0.24768,0.251776,0.532352
11277,0.050432,0.527648,2.5889,0.266112,0.258944,0.255872,0.249728,0.249728,0.266112
11278,0.050432,0.52736,2.58758,0.266112,0.25792,0.253824,0.248704,0.249728,0.266112
11279,0.050208,0.52944,2.58682,0.266112,0.25792,0.255872,0.249728,0.251776,0.267136
11280,0.050656,0.532288,2.87203,0.266144,0.25792,0.255872,0.249728,0.249728,0.26544
11281,0.050112,0.5256,2.58586,0.266112,0.258976,0.253824,0.249728,0.249696,0.266112
11282,0.050176,0.530816,2.58525,0.266112,0.25792,0.254848,0.24768,0.249728,0.266112
11283,0.050464,0.527904,2.87229,0.266112,0.257952,0.253824,0.249728,0.249728,0.269568
11284,0.050464,0.526432,2.58589,0.266144,0.257952,0.253824,0.24768,0.250784,0.266144
11285,0.050176,0.530816,2.58925,0.267136,0.25792,0.253824,0.249728,0.249728,0.266112
11286,0.049472,0.52896,2.59552,0.266112,0.25792,0.253824,0.249728,0.249728,0.266112
11287,0.051072,0.805408,2.75667,0.266112,0.25792,0.253856,0.249728,0.249728,0.265376
11288,0.050368,0.530208,2.58224,0.266112,0.25792,0.253824,0.249728,0.24976,0.266112
11289,0.049888,0.525056,2.5929,0.266112,0.257952,0.253824,0.248704,0.24976,0.266112
11290,0.050624,0.527008,2.87286,0.266112,0.257952,0.253824,0.249728,0.249728,0.26544
11291,0.050528,0.52848,2.58349,0.266112,0.25792,0.254848,0.249728,0.249728,0.266112
11292,0.049792,0.52512,2.59059,0.266112,0.25792,0.253824,0.249728,0.249728,0.266112
11293,0.050816,0.529152,2.58579,0.266112,0.432,0.253824,0.249728,0.24976,0.266112
11294,0.052416,0.530944,2.76566,0.266112,0.25792,0.255872,0.249728,0.249728,0.267392
11295,0.050272,0.524928,2.58816,0.266112,0.25792,0.253824,0.248704,0.24976,0.266112
11296,0.050304,0.532384,2.58646,0.267136,0.25792,0.253824,0.249728,0.251776,0.266112
11297,0.050176,0.527968,2.85757,0.266112,0.25792,0.253824,0.249728,0.249728,0.26752
11298,0.051488,0.528128,2.59357,0.266112,0.25792,0.253824,0.249728,0.249728,0.266112
11299,0.050016,0.526848,2.58762,0.266112,0.256928,0.253824,0.249728,0.249728,0.266112
11300,0.051104,0.527904,2.58035,0.266112,0.259968,0.512896,0.253152,0.251776,0.266112
11301,0.050112,0.525568,2.5913,0.266112,0.25792,0.253824,0.24976,0.249728,0.267136
11302,0.050368,0.528576,2.58736,0.266112,0.258944,0.253824,0.249728,0.24976,0.266112
11303,0.050848,0.52736,2.58442,0.266112,0.25792,0.255872,0.248704,0.249728,0.266112
11304,0.050528,0.52656,2.86832,0.266112,0.25792,0.255872,0.249728,0.251776,0.267328
11305,0.050112,0.524768,2.58506,0.266112,0.25792,0.253824,0.247808,0.2496,0.266112
11306,0.050528,0.527456,2.57981,0.266112,0.25792,0.253824,0.248704,0.249728,0.266112
11307,0.050144,0.526144,2.59206,0.52928,0.25792,0.259296,0.249728,0.251776,0.26816
11308,0.050336,0.528672,2.58643,0.266112,0.25792,0.255872,0.249728,0.249728,0.266112
11309,0.050432,0.526528,2.58458,0.266112,0.25792,0.253856,0.249728,0.250752,0.266112
11310,0.050016,0.529664,2.59283,0.265088,0.257952,0.253824,0.24976,0.249728,0.266112
11311,0.050944,0.52784,3.03222,0.266112,0.25792,0.253856,0.249728,0.249728,0.265376
11312,0.05072,0.53088,2.58675,0.266112,0.259968,0.253824,0.249728,0.249728,0.267136
11313,0.050304,0.526688,2.59264,0.26816,0.25792,0.253824,0.249728,0.249728,0.266112
11314,0.050432,0.530304,2.85962,0.264064,0.25792,0.253824,0.249728,0.249728,0.27776
11315,0.050848,0.527872,2.58224,0.266112,0.258944,0.253824,0.249728,0.249728,0.266112
11316,0.049888,0.524288,2.59178,0.266112,0.25792,0.254848,0.249728,0.249728,0.266112
11317,0.050048,0.526592,2.58426,0.266112,0.25792,0.253824,0.249728,0.24976,0.265088
11318,0.050496,0.809568,2.58797,0.266112,0.258944,0.255872,0.24768,0.249728,0.266112
11319,0.04992,0.528512,2.5921,0.266112,0.25792,0.254848,0.249728,0.249728,0.266112
11320,0.05088,0.529056,2.58771,0.266112,0.25792,0.253824,0.249728,0.249728,0.265088
11321,0.050624,0.531104,2.86291,0.266112,0.257952,0.253824,0.249728,0.249728,0.26752
11322,0.050048,0.531552,2.58707,0.266112,0.25792,0.253856,0.248736,0.24976,0.266112
11323,0.050144,0.52352,2.58912,0.266112,0.25792,0.255904,0.249728,0.249728,0.265088
11324,0.31264,0.529696,2.58349,0.266112,0.25792,0.253824,0.249728,0.249728,0.266112
11325,0.050688,0.527392,2.59603,0.266112,0.26,0.253824,0.248736,0.24976,0.266112
11326,0.050112,0.529024,2.5921,0.265088,0.25792,0.253824,0.249728,0.24976,0.266112
11327,0.050624,0.5296,2.58342,0.266112,0.25792,0.255872,0.249728,0.249728,0.266112
11328,0.050464,0.529344,2.86998,0.266112,0.25792,0.253824,0.249728,0.249728,0.267488
11329,0.050112,0.528096,2.58595,0.265088,0.25792,0.253824,0.249728,0.249728,0.266112
11330,0.050272,0.528896,2.58426,0.266112,0.25792,0.253824,0.249728,0.249728,0.266112
11331,0.050944,0.527776,2.59213,0.266112,0.263424,0.253824,0.249728,0.416672,0.266112
11332,0.050592,0.525824,2.86189,0.266112,0.25792,0.253824,0.24976,0.249728,0.26544
11333,0.050816,0.529824,2.58291,0.266112,0.259968,0.255904,0.249728,0.251776,0.266112
11334,0.050208,0.529632,2.58755,0.266112,0.257952,0.253824,0.24976,0.248704,0.266112
11335,0.050368,0.527296,2.87325,0.266112,0.25792,0.253824,0.249728,0.249728,0.265376
11336,0.050176,0.530976,2.58608,0.264064,0.25792,0.253824,0.249728,0.249728,0.266112
11337,0.049696,0.526016,2.59187,0.266112,0.25792,0.253824,0.24976,0.250752,0.266112
11338,0.052704,0.527008,2.58627,0.266208,0.412544,0.43088,0.251136,0.249728,0.266112
11339,0.050496,0.529952,2.58723,0.266112,0.25792,0.253824,0.248704,0.251776,0.266112
11340,0.050048,0.527968,2.58838,0.26816,0.25792,0.253824,0.24768,0.24976,0.267136
11341,0.049856,0.528448,2.58538,0.266144,0.259968,0.253824,0.249728,0.249728,0.266112
11342,0.050784,0.52592,2.86275,0.266112,0.25792,0.253824,0.24976,0.249728,0.265472
11343,0.049952,0.529472,2.58554,0.266112,0.256928,0.253824,0.24976,0.249728,0.266112
11344,0.050528,0.528192,2.5833,0.266112,0.25792,0.254848,0.249728,0.249728,0.266112
11345,0.0512,0.52896,2.58086,0.265472,0.25792,0.253824,0.249728,0.249728,0.521088
11346,0.05008,0.53344,2.59014,0.266112,0.258944,0.253824,0.24976,0.249728,0.266112
11347,0.050464,0.5272,2.58608,0.266112,0.25792,0.254848,0.249728,0.249728,0.266112
11348,0.0504,0.526176,2.58531,0.266144,0.25792,0.253824,0.249728,0.249728,0.267136
11349,0.050048,0.7976,2.59098,0.266112,0.258944,0.253856,0.24976,0.251776,0.266112
11350,0.049824,0.525856,2.58499,0.266112,0.25792,0.253824,0.248736,0.249696,0.266112
11351,0.050304,0.52704,2.58397,0.266112,0.25792,0.253824,0.249728,0.24976,0.267136
11352,0.050752,0.529856,2.86838,0.266112,0.25792,0.253824,0.249728,0.249728,0.267488
11353,0.05024,0.5288,2.58717,0.266112,0.257952,0.253824,0.248704,0.249728,0.266112
11354,0.05072,0.52592,2.5903,0.267136,0.25792,0.255872,0.249728,0.249728,0.266112
11355,0.050016,0.525216,2.59034,0.266112,0.25792,0.253824,0.249728,0.249728,0.266112
11356,0.050304,0.798048,2.77827,0.266112,0.257952,0.253824,0.249728,0.249728,0.265408
11357,0.05056,0.527744,2.58723,0.266112,0.257952,0.253824,0.249728,0.249728,0.266112
11358,0.050368,0.5264,2.5928,0.266112,0.25792,0.253824,0.249728,0.250752,0.266112
11359,0.050912,0.525792,2.86957,0.264064,0.25792,0.253824,0.24768,0.249728,0.26544
11360,0.050848,0.527168,2.5823,0.266112,0.25792,0.254848,0.249728,0.251776,0.266112
11361,0.050144,0.5296,2.59357,0.266112,0.25792,0.253824,0.249728,0.249728,0.266112
11362,0.050432,0.532128,2.58544,0.26816,0.433024,0.253824,0.24976,0.249728,0.266112
11363,0.050656,0.526624,2.76038,0.26816,0.25792,0.253824,0.24976,0.249728,0.26752
11364,0.050304,0.527296,2.59395,0.266112,0.25792,0.253824,0.250784,0.249728,0.266112
11365,0.050208,0.530112,2.5865,0.267136,0.25792,0.253824,0.249728,0.249728,0.266144
11366,0.05056,0.526944,2.88221,0.264064,0.257952,0.253824,0.249728,0.249728,0.267456
11367,0.05008,0.525568,2.58986,0.266112,0.257952,0.253824,0.249728,0.249728,0.266112
11368,0.049792,0.528096,2.5855,0.266112,0.258944,0.255904,0.24976,0.249728,0.266112
11369,0.05072,0.528704,2.58774,0.266112,0.25792,0.5088,0.253184,0.251776,0.266112
11370,0.050016,0.528224,2.59168,0.26816,0.25792,0.253824,0.249728,0.249728,0.267136
11371,0.050112,0.525568,2.58406,0.266112,0.258944,0.253824,0.249728,0.249728,0.266112
11372,0.0504,0.527296,2.58122,0.266112,0.25792,0.253824,0.248704,0.249728,0.266112
11373,0.049888,0.527712,2.86928,0.266112,0.25792,0.253824,0.249728,0.249728,0.26544
11374,0.05008,0.525344,2.58672,0.266112,0.259968,0.253856,0.249728,0.249728,0.266112
11375,0.050528,0.524,2.5839,0.266112,0.25792,0.253824,0.248704,0.249728,0.266112
11376,0.050176,0.528576,2.59024,0.438144,0.423808,0.257248,0.249728,0.251808,0.26816
11377,0.050432,0.528384,2.6823,0.266112,0.25792,0.253824,0.249728,0.249728,0.26544
11378,0.050592,0.529056,2.58397,0.266112,0.25792,0.253824,0.250752,0.249728,0.266112
11379,0.05008,0.526752,2.58989,0.267136,0.257952,0.253824,0.249728,0.249728,0.266112
11380,0.05024,0.525344,2.8656,0.266112,0.25792,0.253824,0.249728,0.249728,0.265472
11381,0.050848,0.526624,2.58653,0.266112,0.25792,0.253824,0.249728,0.248704,0.266112
11382,0.050048,0.525344,2.58838,0.267136,0.25792,0.253824,0.249728,0.249728,0.266112
11383,0.050464,0.525088,2.88502,0.266112,0.25792,0.253824,0.249728,0.24976,0.27568
11384,0.050656,0.527584,2.58915,0.266112,0.25792,0.253824,0.249728,0.250752,0.266112
11385,0.0496,0.525952,2.58605,0.266112,0.25792,0.254848,0.249728,0.249728,0.266112
11386,0.050432,0.525696,2.58451,0.266112,0.25792,0.253792,0.249728,0.249728,0.266112
11387,0.051008,0.81296,2.58464,0.266112,0.258944,0.255872,0.249728,0.249728,0.266112
11388,0.049952,0.529792,2.59021,0.266112,0.25792,0.2528,0.249728,0.249728,0.266112
11389,0.050272,0.527936,2.58499,0.266112,0.257888,0.253792,0.249728,0.249696,0.265088
11390,0.050944,0.527904,2.86099,0.266112,0.257952,0.253824,0.249728,0.249728,0.267424
11391,0.0504,0.52736,2.59213,0.266112,0.257952,0.254848,0.249728,0.249728,0.266112
11392,0.050016,0.53232,2.5863,0.266112,0.25792,0.253856,0.249728,0.249728,0.265088
11393,0.053024,0.523936,2.584,0.266112,0.521088,0.253824,0.24976,0.249728,0.266112
11394,0.05008,0.526112,2.5905,0.266112,0.25792,0.254848,0.249728,0.249728,0.26816
11395,0.05072,0.52736,2.58534,0.266112,0.259968,0.253856,0.249728,0.249728,0.265088
11396,0.050304,0.528832,2.58406,0.266112,0.25792,0.253856,0.249728,0.249728,0.266112
11397,0.050688,0.525952,2.86893,0.266112,0.25792,0.253824,0.249728,0.249728,0.26544
11398,0.04992,0.525664,2.58496,0.267136,0.25792,0.253824,0.24976,0.249696,0.266112
11399,0.050528,0.52976,2.58422,0.266144,0.25792,0.253824,0.249728,0.249728,0.266112
11400,0.050336,0.53376,2.58966,0.266112,0.263424,0.253824,0.24976,0.489344,0.266112
11401,0.050112,0.698496,2.58829,0.266112,0.258944,0.253824,0.249728,0.249728,0.266112
11402,0.050496,0.528192,2.5863,0.266112,0.257952,0.255872,0.248704,0.249728,0.26816
11403,0.050016,0.527616,2.59075,0.266112,0.25792,0.253856,0.24976,0.24976,0.267136
11404,0.050656,0.528224,2.86829,0.266112,0.25792,0.253824,0.249728,0.24976,0.265472
11405,0.050176,0.528736,2.58419,0.266112,0.25792,0.253824,0.249728,0.249728,0.266112
11406,0.050016,0.52512,2.5943,0.266112,0.25792,0.253824,0.249728,0.250752,0.26816
11407,0.050656,0.527808,2.58525,0.266112,0.25792,0.425856,0.251136,0.251776,0.266112
11408,0.050304,0.528896,2.58566,0.266112,0.25792,0.253824,0.248704,0.249728,0.26816
11409,0.050368,0.5248,2.59414,0.265088,0.25792,0.253824,0.24976,0.249728,0.266112
11410,0.05024,0.5304,2.58966,0.266112,0.25792,0.253824,0.249728,0.249728,0.266112
11411,0.05072,0.52672,2.86259,0.266112,0.25792,0.255872,0.249728,0.249728,0.26752
11412,0.04976,0.530208,2.58726,0.266112,0.25792,0.253824,0.249728,0.250752,0.266112
11413,0.050304,0.527392,2.58646,0.266112,0.25792,0.254848,0.249728,0.249728,0.266112
11414,0.05104,0.529088,2.58237,0.265472,0.25792,0.253824,0.249728,0.249728,0.532352
11415,0.04992,0.527872,2.59411,0.266112,0.256896,0.253824,0.249728,0.249728,0.266112
11416,0.050112,0.529472,2.58381,0.266144,0.26,0.253824,0.248704,0.249728,0.264064
11417,0.050592,0.530656,2.58445,0.266112,0.25792,0.253824,0.249728,0.249728,0.267136
11418,0.050464,0.530144,2.86579,0.266112,0.25792,0.253824,0.24976,0.249728,0.26544
11419,0.050304,0.532384,2.5849,0.266112,0.25792,0.253824,0.248704,0.249696,0.266112
11420,0.050336,0.53072,2.58538,0.265088,0.25792,0.255872,0.249728,0.249728,0.266112
11421,0.050016,0.525856,2.87651,0.266112,0.259968,0.395136,0.253184,0.249728,0.26752
11422,0.050624,0.528992,2.58627,0.266112,0.25792,0.255872,0.249728,0.251776,0.266112
11423,0.050656,0.529184,2.58547,0.266112,0.258944,0.253824,0.24976,0.249728,0.266112
11424,0.052352,0.524832,2.58906,0.266112,0.257952,0.254848,0.249728,0.249728,0.266112
11425,0.050368,0.785664,2.5895,0.266112,0.25792,0.253824,0.249728,0.250752,0.266112
11426,0.05056,0.531008,2.58323,0.267136,0.25792,0.253824,0.249728,0.249728,0.266112
11427,0.049856,0.532,2.58922,0.266112,0.25792,0.253824,0.249728,0.249728,0.266112
11428,0.050688,0.529152,2.86586,0.266112,0.257952,0.253824,0.249728,0.249728,0.265472
11429,0.05072,0.525344,2.58624,0.266112,0.25792,0.254848,0.249728,0.249728,0.266112
11430,0.050016,0.527584,2.59171,0.266112,0.25792,0.253824,0.249728,0.249728,0.266112
11431,0.050592,0.527168,2.5905,0.266112,0.265472,0.253824,0.249728,0.417664,0.266112
11432,0.050592,0.531488,2.75674,0.266112,0.259968,0.253824,0.249728,0.251776,0.267488
11433,0.04992,0.526784,2.59472,0.266112,0.25792,0.253824,0.248704,0.249728,0.266112
11434,0.049952,0.52656,2.58438,0.267136,0.25792,0.253824,0.249728,0.249728,0.266144
11435,0.050688,0.528416,2.86378,0.266112,0.25792,0.255872,0.249728,0.249728,0.26752
11436,0.050144,0.526816,2.5945,0.266112,0.257952,0.253824,0.24976,0.249728,0.266112
11437,0.05024,0.528256,2.58746,0.266112,0.258944,0.253792,0.249728,0.249728,0.266112
11438,0.050624,0.532032,2.58275,0.266112,0.259968,0.254848,0.425856,0.251136,0.266112
11439,0.050272,0.690304,2.59043,0.266112,0.25792,0.255872,0.249728,0.250752,0.266112
11440,0.050304,0.528,2.5887,0.267136,0.25792,0.255904,0.249728,0.249696,0.266112
11441,0.050464,0.527104,2.58586,0.266112,0.25792,0.253824,0.249728,0.249728,0.266112
11442,0.050368,0.524928,2.86656,0.266112,0.25792,0.253824,0.249728,0.249728,0.267488
11443,0.05024,0.527776,2.58554,0.266112,0.259968,0.253824,0.24976,0.249728,0.266112
11444,0.050336,0.531776,2.5857,0.266112,0.259968,0.253824,0.248704,0.249728,0.266112
11445,0.049952,0.527552,2.59498,0.41152,0.265504,0.257216,0.249728,0.487296,0.270208
11446,0.050016,0.690048,2.5864,0.266112,0.258944,0.253824,0.249728,0.249728,0.266112
11447,0.0504,0.528224,2.58819,0.266112,0.259968,0.253824,0.248704,0.249728,0.266112
11448,0.05024,0.5264,2.59184,0.266112,0.25792,0.253824,0.249728,0.249728,0.265088
11449,0.050624,0.535392,2.86106,0.266112,0.25792,0.253824,0.249728,0.249728,0.265472
11450,0.050592,0.526944,2.58397,0.266112,0.25792,0.253824,0.248704,0.249728,0.266112
11451,0.050112,0.527616,2.59446,0.266112,0.257952,0.255872,0.249728,0.249728,0.267136
11452,0.050688,0.53072,2.86688,0.264064,0.25792,0.253824,0.249728,0.249728,0.267488
11453,0.050944,0.528928,2.58662,0.266112,0.25792,0.253824,0.249728,0.250752,0.266112
11454,0.049824,0.52544,2.59024,0.265088,0.25792,0.253824,0.24976,0.249728,0.266112
11455,0.053088,0.52864,2.58534,0.268192,0.25792,0.253824,0.249728,0.249728,0.266112
11456,0.050592,0.782912,2.58573,0.266112,0.25792,0.253824,0.249728,0.250752,0.266112
11457,0.050112,0.526688,2.59168,0.267136,0.25792,0.255872,0.249728,0.249728,0.26816
11458,0.05024,0.529024,2.58678,0.266112,0.257952,0.253824,0.249728,0.249728,0.266112
11459,0.050784,0.525536,2.86205,0.266112,0.25792,0.253824,0.249728,0.249728,0.265344
11460,0.05008,0.525856,2.59194,0.266112,0.25792,0.254848,0.249728,0.249728,0.266112
11461,0.050272,0.530688,2.58902,0.266112,0.25792,0.253824,0.249728,0.249728,0.266112
11462,0.05104,0.526144,2.58515,0.266112,0.26544,0.253824,0.24768,0.500608,0.266112
11463,0.0504,0.526016,2.69238,0.266112,0.25792,0.255904,0.249728,0.249728,0.267424
11464,0.050368,0.52816,2.5855,0.266112,0.257888,0.253824,0.248704,0.249728,0.266112
11465,0.050208,0.5256,2.58246,0.267136,0.25792,0.253824,0.249728,0.251776,0.266112
11466,0.0504,0.52608,2.86176,0.266112,0.257952,0.253824,0.249728,0.249728,0.26752
11467,0.05008,0.528256,2.58656,0.266144,0.257888,0.253824,0.249728,0.249728,0.265088
11468,0.050656,0.527776,2.58976,0.264064,0.25792,0.253824,0.249728,0.249728,0.266112
11469,0.050432,0.52848,2.59472,0.266112,0.25792,0.253824,0.420736,0.253184,0.266112
11470,0.050208,0.694496,2.58314,0.266112,0.258976,0.253824,0.249728,0.249696,0.266112
11471,0.050528,0.527904,2.58458,0.264064,0.26,0.2528,0.249728,0.249728,0.266112
11472,0.050016,0.527712,2.59075,0.266112,0.257952,0.253824,0.249728,0.249728,0.267136
11473,0.050048,0.526656,2.87101,0.264064,0.25792,0.253824,0.249728,0.249728,0.26544
11474,0.050496,0.528096,2.58531,0.266112,0.25792,0.253824,0.24976,0.249728,0.266112
11475,0.050016,0.527744,2.59549,0.266112,0.25792,0.253824,0.249728,0.250752,0.266112
11476,0.050688,0.527008,2.58646,0.450432,0.26544,0.25728,0.249696,0.402336,0.26816
11477,0.050592,0.526656,2.58227,0.266112,0.25792,0.254848,0.249728,0.249728,0.266112
11478,0.04992,0.528512,2.59088,0.266112,0.25792,0.255872,0.249728,0.251776,0.266112
11479,0.0504,0.52816,2.58198,0.266112,0.256896,0.253824,0.249728,0.24976,0.266112
11480,0.050912,0.528384,2.87024,0.266112,0.25792,0.255872,0.249728,0.249728,0.26752
11481,0.050176,0.525952,2.58915,0.266112,0.25792,0.253824,0.249728,0.248704,0.266112
11482,0.050368,0.527392,2.5896,0.267136,0.257888,0.253824,0.249728,0.249728,0.266112
11483,0.051072,0.525792,2.86106,0.266112,0.25792,0.253824,0.249728,0.249728,0.27776
11484,0.050272,0.529504,2.59034,0.266112,0.25792,0.255872,0.249728,0.248704,0.266112
11485,0.050624,0.526624,2.58586,0.266112,0.25792,0.254848,0.24976,0.249728,0.266112
11486,0.050592,0.531552,2.58515,0.266112,0.25792,0.255872,0.249728,0.249728,0.266112
11487,0.050336,0.528064,3.03462,0.266112,0.25792,0.251776,0.24976,0.249728,0.265472
11488,0.050144,0.530048,2.58474,0.267136,0.25792,0.253792,0.249728,0.249728,0.266112
11489,0.050304,0.527616,2.58752,0.266144,0.25792,0.253856,0.249728,0.249728,0.266112
11490,0.050528,0.523456,2.86966,0.266112,0.25792,0.253824,0.249728,0.249728,0.267488
11491,0.050272,0.525888,2.58634,0.266112,0.257952,0.254848,0.249728,0.249696,0.266112
11492,0.050496,0.525344,2.58464,0.266144,0.25792,0.253824,0.249728,0.249728,0.267136
11493,0.05664,0.529888,2.5897,0.266112,0.427936,0.253824,0.249728,0.249728,0.266112
11494,0.050912,0.529504,2.76886,0.266112,0.25792,0.253824,0.24976,0.249696,0.267488
11495,0.050432,0.529952,2.5832,0.266144,0.25792,0.253824,0.249728,0.250752,0.266112
11496,0.049952,0.528512,2.59222,0.265088,0.257952,0.253856,0.249728,0.249728,0.266112
11497,0.0504,0.530688,2.86352,0.266112,0.25792,0.253856,0.249728,0.249728,0.267488
11498,0.050176,0.530144,2.58605,0.266112,0.25792,0.253824,0.24976,0.249728,0.267136
11499,0.04992,0.527456,2.59242,0.266112,0.25792,0.253824,0.249728,0.249728,0.266112
11500,0.050336,0.52768,2.58979,0.266112,0.259968,0.253824,0.510848,0.2552,0.266112
11501,0.05024,0.527264,2.58406,0.265088,0.25792,0.253824,0.249728,0.249728,0.266112
11502,0.050304,0.528096,2.58765,0.266112,0.25792,0.253824,0.249728,0.249728,0.266112
11503,0.050144,0.529664,2.58611,0.266112,0.25792,0.253824,0.249728,0.250752,0.266112
11504,0.050656,0.527904,2.85738,0.264064,0.257952,0.253824,0.249728,0.249728,0.265472
11505,0.050368,0.530368,2.58909,0.266112,0.25792,0.253824,0.24976,0.249728,0.266112
11506,0.050624,0.526624,2.58922,0.266112,0.25792,0.255872,0.249728,0.250752,0.266112
11507,0.212608,0.529504,2.58656,0.265088,0.259968,0.427904,0.251136,0.251776,0.266112
11508,0.050208,0.529216,2.59341,0.266112,0.25792,0.253824,0.248704,0.249728,0.266112
11509,0.049984,0.526656,2.59037,0.267136,0.257952,0.253824,0.249728,0.249728,0.266112
11510,0.050432,0.527904,2.58602,0.266112,0.25792,0.253824,0.249728,0.249728,0.266112
11511,0.05024,0.525056,3.03347,0.266112,0.25792,0.253824,0.249728,0.251776,0.26544
11512,0.050304,0.529792,2.58522,0.26512,0.25792,0.253824,0.249728,0.249728,0.266112
11513,0.050336,0.525856,2.58739,0.266112,0.257952,0.255872,0.249728,0.249728,0.266112
11514,0.050304,0.530272,2.87101,0.264064,0.25792,0.253824,0.249728,0.249728,0.27568
11515,0.050528,0.52816,2.58243,0.264192,0.25792,0.255776,0.249728,0.250752,0.264064
11516,0.050624,0.525952,2.58803,0.266144,0.25792,0.2528,0.249728,0.249728,0.266112
11517,0.050368,0.527296,2.58995,0.266112,0.25792,0.255872,0.249728,0.249728,0.266112
11518,0.050336,0.530464,2.85834,0.264128,0.25792,0.25376,0.249728,0.249728,0.26544
11519,0.050496,0.52672,2.58598,0.266112,0.25792,0.253824,0.248704,0.24976,0.266112
11520,0.050144,0.525664,2.59082,0.265088,0.25792,0.253856,0.24976,0.249728,0.266112
11521,0.050528,0.531648,2.86659,0.266112,0.25792,0.253824,0.249728,0.249728,0.265376
11522,0.050656,0.5256,2.58224,0.266112,0.257952,0.253824,0.248704,0.249728,0.266112
11523,0.049184,0.526528,2.59178,0.266112,0.25792,0.253824,0.249728,0.249728,0.267136
11524,0.058304,0.525984,2.58426,0.266112,0.5088,0.253856,0.249728,0.249728,0.266112
11525,0.050464,0.5264,2.58704,0.266112,0.25792,0.253824,0.250752,0.249728,0.266112
11526,0.049888,0.528416,2.59238,0.26816,0.25792,0.253824,0.249728,0.249728,0.267136
11527,0.05024,0.529856,2.58403,0.266112,0.25792,0.255872,0.249728,0.249728,0.266112
11528,0.050656,0.527968,2.85978,0.266112,0.25792,0.253824,0.249728,0.249728,0.267552
11529,0.0504,0.525984,2.59232,0.265088,0.25792,0.255872,0.249728,0.249728,0.266112
11530,0.05008,0.527296,2.58432,0.266112,0.257952,0.253824,0.249728,0.249696,0.266112
11531,0.050912,0.525952,2.58134,0.266112,0.428928,0.253824,0.249728,0.250752,0.266112
11532,0.04992,0.523232,2.76838,0.266112,0.25792,0.253824,0.249728,0.249728,0.26752
11533,0.050112,0.52736,2.58342,0.266112,0.25792,0.253856,0.249728,0.250752,0.266112
11534,0.050496,0.530016,2.58461,0.26512,0.25792,0.255872,0.249728,0.249728,0.266112
11535,0.050496,0.525984,3.03875,0.266112,0.25792,0.253824,0.249728,0.249728,0.267488
11536,0.049824,0.527424,2.58643,0.266144,0.257952,0.253824,0.248704,0.249728,0.266112
11537,0.050528,0.527648,2.58298,0.267136,0.25792,0.253824,0.249728,0.249728,0.266112
11538,0.0512,0.526976,2.59235,0.266112,0.259968,0.424832,0.25312,0.251776,0.266112
11539,0.050176,0.668032,2.58922,0.266112,0.25792,0.255872,0.248672,0.24976,0.266112
11540,0.050368,0.524032,2.58374,0.265088,0.25792,0.255872,0.249728,0.249728,0.266112
11541,0.049952,0.529952,2.59398,0.266112,0.25792,0.255872,0.249728,0.249728,0.266112
11542,0.050752,0.524384,2.85901,0.266112,0.25792,0.255872,0.249728,0.249728,0.26544
11543,0.050432,0.528864,2.58602,0.266112,0.256896,0.253824,0.249728,0.249728,0.266112
11544,0.050272,0.524992,2.59395,0.266112,0.25792,0.254848,0.249728,0.249728,0.266112
11545,0.0504,0.528096,2.5888,0.265472,0.25792,0.253824,0.249728,0.249728,0.528256
11546,0.050496,0.528832,2.58291,0.264064,0.258944,0.253824,0.249728,0.249728,0.266112
11547,0.049888,0.52512,2.58906,0.266112,0.25792,0.253824,0.248704,0.249728,0.266112
11548,0.049984,0.529024,2.58624,0.266112,0.25792,0.253824,0.249696,0.249728,0.265088
11549,0.05072,0.52896,2.85821,0.266112,0.25792,0.253824,0.24768,0.249728,0.267456
11550,0.050656,0.528576,2.5888,0.266112,0.25792,0.253824,0.248704,0.249728,0.266112
11551,0.050368,0.529472,2.58467,0.265088,0.25792,0.253824,0.249728,0.24976,0.266112
11552,0.050752,0.52736,2.86218,0.266112,0.25792,0.255872,0.249728,0.249728,0.27776
11553,0.050176,0.528992,2.59331,0.266112,0.25792,0.253856,0.24768,0.250784,0.26816
11554,0.050304,0.529152,2.58749,0.266144,0.25792,0.254848,0.249728,0.249728,0.266112
11555,0.05056,0.527232,2.58589,0.266112,0.257952,0.253824,0.249728,0.249728,0.266112
11556,0.050208,0.801024,2.7552,0.267136,0.25792,0.253824,0.249728,0.249728,0.267488
11557,0.050208,0.524896,2.58685,0.26816,0.25792,0.253824,0.249728,0.249728,0.266112
11558,0.050464,0.523264,2.58851,0.266112,0.25792,0.253824,0.249728,0.250752,0.266112
11559,0.0504,0.526016,2.86157,0.266112,0.25792,0.253824,0.24768,0.249792,0.265472
11560,0.0504,0.526144,2.58813,0.266112,0.25792,0.254848,0.249728,0.24976,0.266112
11561,0.050688,0.528,2.58618,0.266112,0.25792,0.253824,0.249728,0.249728,0.265088
11562,0.050336,0.52768,2.59043,0.266112,0.428928,0.253824,0.24976,0.249728,0.266112
11563,0.050336,0.524672,2.76102,0.266112,0.25792,0.253824,0.249728,0.249728,0.26544
11564,0.0504,0.529568,2.5855,0.266112,0.25792,0.253824,0.24768,0.250752,0.266112
11565,0.050336,0.525344,2.58717,0.265088,0.25792,0.253824,0.249728,0.249728,0.266112
11566,0.050112,0.527776,2.86035,0.264128,0.25792,0.25376,0.249728,0.249728,0.26544
11567,0.050624,0.524032,2.58602,0.266112,0.257952,0.255872,0.249728,0.249728,0.267136
11568,0.050048,0.530496,2.59053,0.266112,0.258944,0.253824,0.249728,0.249728,0.266112
11569,0.05072,0.529056,2.58557,0.26608,0.259968,0.253824,0.505728,0.253088,0.266144
11570,0.050752,0.531712,2.58509,0.266112,0.25792,0.253824,0.249728,0.249728,0.267136
11571,0.049984,0.525056,2.59232,0.266112,0.25792,0.255872,0.249728,0.249728,0.266112
11572,0.04992,0.528192,2.58598,0.266112,0.25792,0.253824,0.248736,0.249728,0.266112
11573,0.05072,0.529376,2.86118,0.266112,0.25792,0.253824,0.249728,0.249728,0.267456
11574,0.05008,0.530816,2.59254,0.266112,0.25792,0.253824,0.249728,0.249728,0.266112
11575,0.049856,0.532256,2.58787,0.266112,0.25792,0.253824,0.249728,0.250752,0.266112
11576,0.05248,0.527168,2.58771,0.267136,0.408448,0.423808,0.251136,0.251776,0.266112
11577,0.050752,0.526976,2.59222,0.266112,0.25792,0.253824,0.248736,0.24976,0.266112
11578,0.050592,0.530592,2.58554,0.266112,0.25792,0.253824,0.249728,0.249728,0.265088
11579,0.050688,0.52752,2.58342,0.266112,0.25792,0.253824,0.249728,0.249728,0.266112
11580,0.050592,0.526816,3.04112,0.266112,0.257952,0.253824,0.249728,0.249728,0.265408
11581,0.050336,0.531616,2.58442,0.266112,0.257888,0.255872,0.249728,0.249728,0.265088
11582,0.050336,0.528096,2.58486,0.266112,0.25792,0.253824,0.249728,0.249728,0.266112
11583,0.050624,0.52672,2.86515,0.266112,0.25792,0.255872,0.249728,0.249728,0.279776
11584,0.049856,0.527296,2.58707,0.266112,0.256928,0.253824,0.249728,0.249728,0.266112
11585,0.049952,0.52752,2.58304,0.266112,0.257952,0.254848,0.249728,0.249728,0.266112
11586,0.04992,0.530624,2.59306,0.266112,0.25792,0.255872,0.24768,0.249728,0.267136
11587,0.050144,0.820864,2.58746,0.266112,0.258944,0.253824,0.249728,0.249728,0.266112
11588,0.050496,0.527232,2.58493,0.266112,0.25792,0.254848,0.249728,0.249728,0.266112
11589,0.050272,0.526912,2.58739,0.266112,0.25792,0.253824,0.24976,0.249728,0.265088
11590,0.050112,0.530272,2.86374,0.266112,0.25792,0.253824,0.249728,0.249728,0.26544
11591,0.05088,0.528416,2.58416,0.266112,0.25792,0.253824,0.248704,0.249728,0.266112
11592,0.050272,0.530112,2.59184,0.26816,0.257952,0.253824,0.249728,0.249728,0.267136
11593,0.0592,0.529664,2.58787,0.266112,0.504128,0.253824,0.249728,0.249728,0.266112
11594,0.050816,0.525536,2.58637,0.266112,0.25792,0.253856,0.248704,0.249728,0.266112
11595,0.050208,0.527968,2.5887,0.266112,0.25792,0.253824,0.249728,0.249728,0.265088
11596,0.05024,0.527936,2.58624,0.266112,0.25792,0.253792,0.24976,0.249728,0.266112
11597,0.050944,0.532736,2.86413,0.266112,0.25792,0.253824,0.249728,0.249728,0.26752
11598,0.050144,0.53088,2.58938,0.265088,0.25792,0.253824,0.249728,0.249728,0.266112
11599,0.050272,0.525888,2.58781,0.266112,0.257984,0.253824,0.24976,0.249728,0.266112
11600,0.050912,0.527968,2.58538,0.266112,0.26544,0.253824,0.249728,0.420736,0.266112
11601,0.050336,0.527808,2.93978,0.266112,0.25792,0.253824,0.249728,0.249728,0.26544
11602,0.049792,0.525408,2.58646,0.266112,0.25792,0.253824,0.249728,0.24976,0.266112
11603,0.050272,0.527424,2.58605,0.266112,0.25792,0.253824,0.249728,0.250752,0.266112
11604,0.050336,0.52816,2.8663,0.266112,0.25792,0.253824,0.24976,0.249728,0.265376
11605,0.050016,0.526848,2.58698,0.266144,0.25792,0.253824,0.249728,0.249728,0.266112
11606,0.04992,0.52416,2.58474,0.266112,0.25792,0.255872,0.249728,0.250752,0.266112
11607,0.050368,0.527808,2.58733,0.267136,0.25792,0.423808,0.253184,0.249728,0.266112
11608,0.050528,0.52688,2.5887,0.266112,0.25792,0.253824,0.248672,0.24976,0.266112
11609,0.05056,0.527232,2.58867,0.265088,0.25792,0.253824,0.24768,0.249728,0.266112
11610,0.050144,0.524768,2.58819,0.266112,0.25792,0.255872,0.249728,0.249728,0.266112
11611,0.0504,0.523456,2.86672,0.266112,0.25792,0.253824,0.249728,0.249696,0.265344
11612,0.050464,0.531232,2.58563,0.266112,0.258944,0.253824,0.24976,0.249728,0.266112
11613,0.05056,0.526848,2.59162,0.266112,0.25792,0.254848,0.249728,0.249728,0.266112
11614,0.050688,0.527168,2.58403,0.265376,0.257888,0.253824,0.249728,0.249728,0.546688
11615,0.050528,0.5272,2.58458,0.266112,0.256896,0.253824,0.249728,0.249728,0.266112
11616,0.049952,0.52608,2.59085,0.266112,0.25792,0.253824,0.248704,0.24976,0.266112
11617,0.051776,0.524992,2.58819,0.266112,0.25792,0.253824,0.249728,0.249728,0.265088
11618,0.05072,0.80288,2.59053,0.266112,0.258944,0.255872,0.249728,0.249728,0.266112
11619,0.0504,0.529216,2.59094,0.266112,0.25792,0.253824,0.248704,0.249728,0.266112
11620,0.05008,0.53088,2.58605,0.264064,0.25792,0.253824,0.249728,0.249728,0.265088
11621,0.050656,0.528992,2.87958,0.264064,0.25792,0.3368,0.2552,0.251776,0.269568
11622,0.050624,0.527712,2.58947,0.266112,0.259968,0.253824,0.249728,0.249728,0.267136
11623,0.050336,0.526432,2.58477,0.266112,0.258944,0.253824,0.24976,0.249728,0.266112
11624,0.05376,0.527104,2.58589,0.266144,0.25792,0.255904,0.248704,0.249728,0.266112
11625,0.050304,0.811616,2.59683,0.266112,0.25792,0.253824,0.24976,0.250752,0.266112
11626,0.04976,0.528704,2.58214,0.266112,0.25792,0.2528,0.249728,0.249728,0.266112
11627,0.05056,0.529056,2.58659,0.266112,0.25792,0.253824,0.249728,0.249728,0.266112
11628,0.0504,0.529792,2.87117,0.264064,0.25792,0.253856,0.249728,0.249728,0.26544
11629,0.050656,0.529504,2.58685,0.266112,0.25792,0.2528,0.249728,0.249728,0.266112
11630,0.050432,0.532448,2.58432,0.264064,0.25792,0.253824,0.249728,0.249728,0.266112
11631,0.050304,0.523648,2.59363,0.266112,0.433024,0.253824,0.249728,0.249728,0.266112
11632,0.050368,0.529152,2.7591,0.266112,0.25792,0.253824,0.249728,0.249728,0.265344
11633,0.050464,0.52672,2.58432,0.266112,0.25792,0.253824,0.250752,0.249728,0.266112
11634,0.050272,0.527872,2.5944,0.267136,0.25792,0.255872,0.24768,0.24976,0.266112
11635,0.05056,0.528,2.86595,0.266112,0.25792,0.253824,0.249728,0.249728,0.265408
11636,0.050496,0.526784,2.58275,0.266112,0.25792,0.255872,0.249728,0.249728,0.267136
11637,0.050368,0.524832,2.59286,0.266112,0.256896,0.253824,0.24976,0.249728,0.266112
11638,0.0504,0.524992,2.58947,0.266112,0.25792,0.253824,0.50368,0.253152,0.266112
11639,0.050528,0.527648,2.58544,0.266112,0.259968,0.253824,0.249728,0.249728,0.267136
11640,0.050688,0.524832,2.58845,0.266112,0.25792,0.253856,0.24976,0.249728,0.266112
11641,0.050336,0.53392,2.58774,0.266208,0.257888,0.253728,0.250752,0.249728,0.266112
11642,0.05072,0.5272,2.87101,0.266112,0.25792,0.253824,0.249728,0.249728,0.26752
11643,0.049696,0.527616,2.59142,0.266112,0.25792,0.253824,0.24976,0.249728,0.266112
11644,0.049632,0.52944,2.58509,0.266112,0.25792,0.253824,0.249728,0.250752,0.266112
11645,0.051424,0.528608,2.58285,0.407424,0.511872,0.259264,0.249728,0.249728,0.26816
11646,0.050016,0.526048,2.59229,0.266112,0.25792,0.254848,0.249728,0.249728,0.266112
11647,0.050016,0.529376,2.58365,0.264032,0.25792,0.253824,0.249728,0.249728,0.265088
11648,0.050752,0.527392,2.58848,0.266112,0.258944,0.253824,0.249728,0.249728,0.266112
11649,0.050432,0.5264,2.87107,0.266112,0.25792,0.253824,0.24768,0.249728,0.265472
11650,0.049984,0.528832,2.58688,0.266144,0.25792,0.253824,0.249728,0.250752,0.266112
11651,0.050784,0.52992,2.58637,0.265088,0.25792,0.253824,0.249728,0.249728,0.266112
11652,0.050624,0.524864,2.85984,0.266112,0.25792,0.255872,0.249728,0.249728,0.279744
11653,0.049952,0.529856,2.58518,0.266144,0.256896,0.253824,0.249728,0.249728,0.266112
11654,0.050528,0.5296,2.58458,0.266112,0.25792,0.254848,0.249728,0.251776,0.266112
11655,0.049952,0.526208,2.59389,0.266112,0.25792,0.253824,0.24976,0.249728,0.265088
11656,0.049952,0.799616,2.59386,0.266112,0.258944,0.253792,0.24976,0.249696,0.266112
11657,0.05008,0.527424,2.58886,0.266112,0.25792,0.253824,0.248704,0.24976,0.266112
11658,0.050944,0.528512,2.59267,0.266112,0.25792,0.255872,0.249728,0.249728,0.265088
11659,0.050592,0.527584,2.87597,0.266112,0.25792,0.253824,0.24976,0.249728,0.265472
11660,0.050048,0.524512,2.58493,0.26816,0.25792,0.253824,0.250752,0.249728,0.266112
11661,0.050176,0.527488,2.59382,0.266112,0.25792,0.253824,0.24768,0.249728,0.265088
11662,0.050208,0.527872,2.58803,0.266112,0.259968,0.253856,0.249728,0.249728,0.266112
11663,0.050688,0.787136,2.58573,0.266112,0.25792,0.253824,0.249728,0.250752,0.266112
11664,0.050528,0.529312,2.59299,0.267136,0.25792,0.253824,0.249728,0.249728,0.266112
11665,0.050272,0.524864,2.5864,0.266112,0.257952,0.253824,0.249728,0.249728,0.266112
11666,0.05072,0.526304,2.84723,0.26752,0.25792,0.255904,0.249728,0.249728,0.420096
11667,0.050752,0.532704,2.59178,0.266112,0.256896,0.253824,0.249728,0.249728,0.266112
11668,0.05056,0.526848,2.5872,0.266112,0.25792,0.255872,0.248704,0.249728,0.266112
11669,0.05088,0.530752,2.58134,0.266112,0.259968,0.253824,0.51904,0.257248,0.267136
11670,0.05008,0.525376,2.59018,0.265088,0.25792,0.253856,0.249728,0.249728,0.266112
11671,0.050336,0.532064,2.58394,0.266112,0.25792,0.253824,0.249728,0.249728,0.266112
11672,0.050368,0.524256,2.58285,0.266112,0.25792,0.253824,0.249728,0.250752,0.266112
11673,0.050784,0.525824,2.86586,0.266112,0.25792,0.253824,0.24976,0.249728,0.265472
11674,0.050208,0.526944,2.58442,0.266112,0.25792,0.255872,0.249728,0.249728,0.266112
11675,0.050464,0.52704,2.58602,0.266112,0.258944,0.253824,0.249728,0.24976,0.266112
11676,0.05024,0.52688,2.5913,0.266112,0.259968,0.514944,0.253184,0.251776,0.266112
11677,0.050464,0.5264,2.58874,0.266112,0.25792,0.253824,0.249728,0.249728,0.265088
11678,0.050784,0.52928,2.58445,0.266112,0.258976,0.253824,0.249728,0.249728,0.266112
11679,0.050272,0.532768,2.58957,0.266112,0.25792,0.25488,0.249728,0.249728,0.266112
11680,0.050208,0.529632,2.86947,0.266112,0.25792,0.253824,0.249728,0.249728,0.265408
11681,0.050752,0.526976,2.57962,0.266112,0.258944,0.253824,0.249728,0.24976,0.266112
11682,0.049888,0.525216,2.58992,0.266112,0.257952,0.253824,0.250752,0.249728,0.266112
11683,0.050464,0.528928,2.58835,0.269568,0.25792,0.253792,0.249728,0.249728,0.53232
11684,0.050752,0.529088,2.58093,0.266112,0.25792,0.253824,0.249728,0.249728,0.266112
11685,0.050016,0.526368,2.5913,0.266112,0.25792,0.253824,0.248704,0.24976,0.266112
11686,0.050112,0.528096,2.59123,0.265088,0.25792,0.253824,0.249728,0.249728,0.264064
11687,0.050528,0.525312,3.03645,0.266144,0.259968,0.253824,0.249728,0.249728,0.26752
11688,0.050048,0.525184,2.58688,0.266112,0.25792,0.255904,0.249728,0.249728,0.267136
11689,0.050176,0.53088,2.58701,0.26816,0.258944,0.253824,0.249728,0.249728,0.266112
11690,0.051136,0.53088,2.86259,0.264064,0.25792,0.253824,0.249728,0.249728,0.273664
11691,0.04976,0.522624,2.58909,0.266112,0.25792,0.253824,0.249728,0.250784,0.266112
11692,0.050144,0.529952,2.58947,0.266112,0.25792,0.252832,0.249728,0.249728,0.266112
11693,0.050304,0.527648,2.58339,0.266112,0.25792,0.255904,0.249728,0.249728,0.266112
11694,0.050688,0.528832,2.87357,0.266112,0.257952,0.253824,0.249728,0.249728,0.267488
11695,0.04992,0.526368,2.59274,0.266112,0.25792,0.253824,0.248704,0.249728,0.266112
11696,0.050624,0.531616,2.58074,0.265088,0.25792,0.255872,0.24768,0.249728,0.266112
11697,0.05008,0.525856,2.87011,0.266112,0.25792,0.255904,0.249728,0.249728,0.267488
11698,0.050048,0.531424,2.58966,0.266144,0.25792,0.254848,0.249728,0.249728,0.266112
11699,0.050144,0.52912,2.58304,0.266112,0.257952,0.253824,0.249728,0.249728,0.267136
11700,0.050368,0.529216,2.58883,0.266112,0.521088,0.253824,0.249728,0.249728,0.266112
11701,0.050208,0.527456,2.59152,0.266112,0.25792,0.254848,0.249728,0.249728,0.266144
11702,0.050944,0.529152,2.58282,0.266112,0.25792,0.253824,0.249728,0.249728,0.265088
11703,0.050016,0.527232,2.59014,0.266112,0.256896,0.253824,0.24976,0.249728,0.266112
11704,0.050112,0.528928,2.86678,0.266112,0.25792,0.255872,0.248704,0.24976,0.26544
11705,0.05056,0.525024,2.5856,0.267136,0.25792,0.253824,0.249728,0.249728,0.266112
11706,0.05024,0.52768,2.59008,0.266112,0.25792,0.253824,0.249728,0.249728,0.266112
11707,0.050464,0.52784,2.58643,0.266112,0.261376,0.253824,0.249728,0.424832,0.266112
11708,0.05056,0.711584,2.74784,0.266112,0.25792,0.255872,0.249728,0.249728,0.26752
11709,0.049824,0.530752,2.58861,0.266112,0.258944,0.253824,0.249728,0.249728,0.266112
11710,0.05072,0.527136,2.58586,0.266112,0.25792,0.253792,0.248704,0.24976,0.266112
11711,0.050816,0.527104,2.86618,0.266112,0.25792,0.253824,0.249728,0.249728,0.26544
11712,0.050016,0.527104,2.59245,0.266112,0.25792,0.255872,0.249728,0.249728,0.266112
11713,0.051104,0.52832,2.58317,0.264032,0.25792,0.253824,0.250752,0.249728,0.266112
11714,0.050304,0.526688,2.58413,0.44224,0.263232,0.25728,0.249728,0.402304,0.270208
11715,0.050272,0.52992,2.59232,0.266112,0.25792,0.254848,0.249728,0.249728,0.266112
11716,0.050656,0.525792,2.58387,0.266112,0.25792,0.253824,0.249728,0.249728,0.266112
11717,0.05056,0.525088,2.58368,0.266112,0.258944,0.253824,0.24976,0.249728,0.26816
11718,0.050432,0.52576,2.87619,0.266112,0.25792,0.255904,0.249728,0.249728,0.267488
11719,0.049696,0.529504,2.58589,0.266112,0.25792,0.255872,0.249728,0.250752,0.266112
11720,0.050624,0.526048,2.58883,0.267168,0.25792,0.253824,0.249728,0.249728,0.266112
11721,0.049984,0.523552,2.74941,0.266112,0.259968,0.253824,0.404352,0.253152,0.278848
11722,0.050112,0.527008,2.58704,0.267136,0.25792,0.253824,0.249728,0.249728,0.266112
11723,0.050464,0.52784,2.5841,0.266112,0.257952,0.253824,0.249728,0.249728,0.266112
11724,0.049984,0.52576,2.58976,0.266112,0.25792,0.255872,0.249728,0.250752,0.266112
11725,0.050688,0.809728,2.58794,0.266112,0.258944,0.253824,0.249728,0.24976,0.266112
11726,0.050656,0.526848,2.58499,0.266112,0.257952,0.255872,0.250752,0.249728,0.266112
11727,0.050016,0.522272,2.59187,0.266112,0.257952,0.253824,0.24976,0.249728,0.265088
11728,0.050432,0.527296,2.86406,0.264288,0.257888,0.2536,0.249728,0.249728,0.265472
11729,0.050656,0.527584,2.58477,0.266112,0.25792,0.254848,0.249728,0.249728,0.266112
11730,0.050336,0.52528,2.59318,0.266112,0.257952,0.253824,0.24976,0.249728,0.265088
11731,0.058272,0.530848,2.58893,0.266112,0.49856,0.253824,0.249728,0.249728,0.266112
11732,0.050912,0.52768,2.76166,0.264064,0.25792,0.253824,0.249728,0.251776,0.26544
11733,0.050432,0.526944,2.5879,0.266112,0.25792,0.253824,0.249728,0.250752,0.266112
11734,0.050528,0.526528,2.58586,0.266112,0.25792,0.254848,0.249728,0.249728,0.266112
11735,0.05072,0.528704,2.86298,0.266112,0.25792,0.253824,0.24768,0.249728,0.267552
11736,0.049952,0.528544,2.58989,0.265088,0.25792,0.253824,0.24976,0.249728,0.266112
11737,0.050304,0.532736,2.58349,0.266112,0.257984,0.253856,0.249728,0.249728,0.266112
11738,0.050944,0.529184,2.58336,0.266112,0.259968,0.253824,0.501632,0.25728,0.266112
11739,0.049856,0.5312,2.59014,0.267136,0.25792,0.253824,0.249728,0.249728,0.266112
11740,0.050464,0.526976,2.588,0.266112,0.257952,0.253824,0.249728,0.249728,0.266112
11741,0.050432,0.528992,2.59418,0.264064,0.25792,0.253824,0.249728,0.250752,0.266112
11742,0.050432,0.52736,2.8736,0.266112,0.25792,0.253824,0.249728,0.249728,0.265472
11743,0.050016,0.526976,2.58637,0.266112,0.259968,0.253824,0.249728,0.251776,0.266112
11744,0.050528,0.527168,2.58682,0.266112,0.258944,0.253824,0.249728,0.249728,0.266112
11745,0.05216,0.528576,2.59171,0.266112,0.409504,0.429952,0.250944,0.249728,0.266112
11746,0.050368,0.527488,2.58611,0.266112,0.25792,0.253824,0.248704,0.249728,0.266112
11747,0.050496,0.5264,2.58554,0.266112,0.25792,0.253824,0.249728,0.249728,0.267136
11748,0.050336,0.530016,2.58928,0.266112,0.25792,0.253824,0.24768,0.249728,0.266112
11749,0.050752,0.526368,2.86867,0.271488,0.257888,0.253824,0.249728,0.249728,2.37078
11750,0.050784,0.525312,2.5865,0.266112,0.257952,0.253824,0.249728,0.249728,0.266112
11751,0.050176,0.527616,2.58918,0.266112,0.25792,0.253824,0.250752,0.249728,0.266112
11752,0.050336,2.26762,2.97642,0.266112,0.257952,0.253824,0.249728,0.249696,0.267488
11753,0.050848,0.527904,2.58803,0.266112,0.25792,0.253824,0.249728,0.249728,0.267136
11754,0.049952,0.531168,2.59178,0.266112,0.258944,0.253824,0.24976,0.249728,0.266112
11755,0.050496,0.524128,2.86637,0.266112,0.255872,0.253824,0.249728,0.249728,0.265472
11756,0.050432,0.529824,2.58694,0.266112,0.25792,0.253824,0.249728,0.249728,0.266112
11757,0.050272,0.524064,2.59165,0.266112,0.25792,0.253824,0.249728,0.250752,0.266112
11758,0.052512,0.528704,2.5881,0.266112,0.409504,0.427904,0.251136,0.249728,0.266112
11759,0.050688,0.531488,2.58118,0.266112,0.25792,0.253824,0.250752,0.249728,0.266112
11760,0.049952,0.527552,2.59302,0.266112,0.257952,0.255872,0.249728,0.249728,0.267136
11761,0.05008,0.5248,2.58326,0.266112,0.25792,0.253824,0.249728,0.249728,0.266112
11762,0.050944,0.52736,2.86557,0.266112,0.25792,0.253824,0.249728,0.249728,0.267488
11763,0.05024,0.526176,2.58848,0.266112,0.25792,0.255872,0.249728,0.250752,0.266112
11764,0.050528,0.528288,2.58666,0.266112,0.25792,0.25488,0.249728,0.249728,0.266112
11765,0.050688,0.526912,2.59213,0.26752,0.261344,0.253824,0.249728,0.405408,0.440192
11766,0.050912,0.530496,2.59142,0.265088,0.25792,0.253824,0.249728,0.249728,0.266112
11767,0.050272,0.525184,2.58803,0.266112,0.25792,0.253824,0.249728,0.249728,0.266112
11768,0.050272,0.530688,2.5848,0.266112,0.25792,0.253824,0.249728,0.248704,0.26816
11769,0.050496,0.809792,2.5897,0.266112,0.258976,0.253824,0.249728,0.249728,0.266112
11770,0.050208,0.527168,2.58474,0.264032,0.257952,0.253856,0.248704,0.249728,0.266112
11771,0.050432,0.527552,2.58701,0.266112,0.257952,0.253824,0.249728,0.249728,0.267136
11772,0.050304,0.525728,2.87574,0.266112,0.25792,0.253824,0.249728,0.249728,0.267488
11773,0.050272,0.52608,2.58646,0.266112,0.25792,0.254848,0.249728,0.249728,0.266112
11774,0.050496,0.531136,2.58368,0.266112,0.257952,0.253824,0.249728,0.249728,0.267136
11775,0.0528,0.526944,2.59293,0.266112,0.258976,0.255872,0.249728,0.249728,0.266112
11776,0.050336,0.769216,2.76384,0.266112,0.257888,0.253824,0.249728,0.249728,0.26544
11777,0.050336,0.530112,2.58288,0.266112,0.258944,0.253824,0.249728,0.249728,0.266112
11778,0.04992,0.524672,2.59021,0.266112,0.25792,0.254848,0.249728,0.249728,0.266112
11779,0.050464,0.527648,2.86512,0.266112,0.257952,0.253824,0.249728,0.249696,0.26544
11780,0.050528,0.527296,2.58666,0.265088,0.25792,0.255904,0.249728,0.249728,0.266112
11781,0.050048,0.531296,2.59411,0.266112,0.25792,0.253824,0.24976,0.249728,0.266112
11782,0.049984,0.52672,2.59104,0.266112,0.265472,0.253792,0.24976,0.500608,0.266112
11783,0.050848,0.5264,2.58528,0.266112,0.25792,0.254848,0.24976,0.249728,0.266112
11784,0.050624,0.528192,2.58896,0.266112,0.257952,0.253824,0.24768,0.24976,0.266112
11785,0.049984,0.528288,2.58902,0.266112,0.258976,0.253824,0.249728,0.249728,0.266112
11786,0.050912,0.530496,2.85984,0.266112,0.25792,0.253824,0.249728,0.249728,0.265472
11787,0.049824,0.527136,2.58659,0.266112,0.25792,0.253824,0.249728,0.249728,0.267136
11788,0.050336,0.528384,2.5855,0.266112,0.258944,0.253824,0.249728,0.249728,0.266112
11789,0.050528,0.526144,2.58154,0.266112,0.25792,0.507776,0.253152,0.251776,0.266112
11790,0.050336,0.52736,2.59197,0.264064,0.25792,0.253824,0.249728,0.249728,0.265088
11791,0.050016,0.527328,2.59002,0.266112,0.256928,0.253824,0.249728,0.249728,0.266112
11792,0.05024,0.5288,2.58589,0.266112,0.25792,0.253824,0.248704,0.249728,0.266112
11793,0.050272,0.528384,2.8703,0.266112,0.25792,0.253824,0.249728,0.249728,0.26752
11794,0.050688,0.528064,2.58147,0.266112,0.258944,0.253824,0.249728,0.249728,0.266112
11795,0.050592,0.529984,2.58586,0.266112,0.25792,0.253824,0.248704,0.249728,0.266112
11796,0.050592,0.522848,2.59514,0.440192,0.423808,0.257248,0.249728,0.24976,0.271232
11797,0.050336,0.52768,2.68707,0.266112,0.25792,0.253824,0.249728,0.24976,0.26752
11798,0.050624,0.527296,2.58816,0.266112,0.257952,0.255872,0.248704,0.249728,0.266112
11799,0.049888,0.530848,2.59386,0.267136,0.257952,0.253824,0.249728,0.249728,0.266112
11800,0.051168,0.530048,2.86762,0.266144,0.25792,0.253824,0.24976,0.251776,0.26544
11801,0.050688,0.5264,2.58794,0.266112,0.25792,0.253824,0.249728,0.250752,0.266112
11802,0.050304,0.527584,2.59251,0.265088,0.25792,0.255904,0.249728,0.249728,0.266112
11803,0.049952,0.528928,2.85715,0.264064,0.25792,0.253824,0.249728,0.249728,0.267488
11804,0.050624,0.525696,2.58477,0.266112,0.25792,0.255872,0.249728,0.250752,0.266112
11805,0.049984,0.529024,2.59155,0.265088,0.25792,0.253824,0.249728,0.249728,0.266112
11806,0.050304,0.526912,2.5873,0.266112,0.257888,0.253824,0.24976,0.249696,0.264064
11807,0.050912,0.818336,2.58806,0.266112,0.256896,0.253824,0.24976,0.249728,0.266112
11808,0.050176,0.527392,2.5928,0.266112,0.25792,0.254848,0.249728,0.249728,0.266112
11809,0.052576,0.52512,2.58736,0.267616,0.25792,0.253824,0.249728,0.249728,0.28352
11810,0.050752,0.537856,2.8705,0.266112,0.25792,0.253824,0.249728,0.249728,0.265472
11811,0.049984,0.531648,2.5904,0.266112,0.25792,0.254848,0.249728,0.249728,0.266112
11812,0.050016,0.52992,2.58842,0.266112,0.25792,0.255872,0.249728,0.251776,0.265088
11813,0.0504,0.52944,2.58358,0.266112,0.521088,0.253824,0.249728,0.249728,0.266112
11814,0.05008,0.527296,2.59264,0.266112,0.25792,0.254848,0.249728,0.249728,0.266112
11815,0.050752,0.530528,2.58416,0.266112,0.25792,0.253824,0.24976,0.249728,0.265088
11816,0.05056,0.528512,2.58598,0.266112,0.258944,0.253824,0.24976,0.251776,0.266112
11817,0.050624,0.527712,2.87197,0.266112,0.25792,0.253824,0.249728,0.249728,0.265472
11818,0.050464,0.52656,2.58605,0.267136,0.257952,0.253824,0.249728,0.249728,0.266112
11819,0.050112,0.527296,2.58384,0.266112,0.25792,0.253824,0.249728,0.249728,0.266112
11820,0.050016,0.52656,2.59306,0.266112,0.261376,0.253824,0.249728,0.393088,0.266112
11821,0.050592,0.789504,2.59264,0.266112,0.258976,0.253824,0.249728,0.249728,0.266112
11822,0.050496,0.52944,2.5888,0.266112,0.25792,0.253824,0.248704,0.249728,0.266112
11823,0.050016,0.52512,2.59149,0.266112,0.25792,0.253824,0.249728,0.249728,0.265088
11824,0.050272,0.526176,2.85949,0.266112,0.25792,0.253824,0.249728,0.249728,0.265472
11825,0.05056,0.530016,2.58368,0.266112,0.25792,0.253824,0.249728,0.249728,0.266112
11826,0.050016,0.529536,2.59226,0.266112,0.25792,0.255872,0.249728,0.250752,0.266112
11827,0.051264,0.529408,2.58531,0.435072,0.41664,0.261344,0.249728,0.251776,0.266112
11828,0.050592,0.529952,2.58397,0.266112,0.25792,0.254848,0.249728,0.249728,0.266112
11829,0.0504,0.526272,2.59024,0.266112,0.25792,0.253824,0.249728,0.249728,0.267136
11830,0.050208,0.53232,2.58736,0.266112,0.258944,0.253824,0.249728,0.249728,0.266112
11831,0.05056,0.525984,2.86854,0.266112,0.257952,0.253824,0.249728,0.249728,0.267488
11832,0.049248,0.526112,2.58931,0.266112,0.25792,0.253824,0.249728,0.250752,0.266112
11833,0.049952,0.52752,2.58374,0.266112,0.25792,0.254848,0.249728,0.249728,0.266112
11834,0.050976,0.528768,2.73955,0.266112,0.259968,0.253824,0.403328,0.253152,0.278496
11835,0.050496,0.526336,2.58723,0.265088,0.25792,0.253824,0.249728,0.249728,0.266112
11836,0.050048,0.529248,2.58422,0.266112,0.25792,0.253824,0.249728,0.251776,0.266112
11837,0.050784,0.525216,2.58832,0.266112,0.25792,0.253824,0.249728,0.250752,0.266112
11838,0.050272,0.802752,2.5961,0.266112,0.256896,0.253824,0.24768,0.249728,0.266112
11839,0.050304,0.525056,2.58752,0.266112,0.259968,0.253824,0.248704,0.249728,0.266112
11840,0.05072,0.528384,2.58566,0.266112,0.25792,0.253824,0.249728,0.249728,0.267136
11841,0.05056,0.530272,2.8601,0.4136,0.25792,0.259168,0.249728,0.251808,0.267456
11842,0.050624,0.525952,2.58486,0.266112,0.25792,0.253824,0.247808,0.2496,0.266112
11843,0.0504,0.529792,2.58141,0.266112,0.25792,0.253824,0.249728,0.250752,0.266112
11844,0.050112,0.525728,2.5888,0.266112,0.25792,0.254848,0.249728,0.249728,0.266112
11845,0.050528,0.709504,2.7728,0.266112,0.257952,0.253824,0.249728,0.249728,0.265344
11846,0.050176,0.528096,2.58682,0.266112,0.256896,0.253824,0.24976,0.249728,0.266112
11847,0.04992,0.52592,2.59293,0.266112,0.25792,0.254848,0.24768,0.24976,0.266112
11848,0.05024,0.5256,2.86518,0.264064,0.25792,0.253824,0.249728,0.249728,0.265472
11849,0.050944,0.528864,2.58336,0.265088,0.25792,0.255872,0.249728,0.249728,0.266112
11850,0.049888,0.527168,2.59149,0.266112,0.25792,0.253824,0.249728,0.249728,0.266112
11851,0.050464,0.524928,2.5833,0.266112,0.261344,0.255872,0.249728,0.421792,0.266112
11852,0.050752,0.700192,2.58822,0.266112,0.256896,0.253824,0.249728,0.249728,0.266112
11853,0.049888,0.528672,2.59149,0.266112,0.257952,0.253824,0.248704,0.249728,0.266112
11854,0.050176,0.525856,2.58701,0.266112,0.25792,0.253824,0.249728,0.251776,0.265088
11855,0.051296,0.527584,2.8673,0.266112,0.25792,0.253824,0.24976,0.249728,0.267488
11856,0.050144,0.529024,2.59546,0.266112,0.25792,0.255872,0.249728,0.249728,0.266112
11857,0.050464,0.528512,2.58714,0.266112,0.25792,0.253824,0.249728,0.250752,0.266112
11858,0.050752,0.525088,2.58682,0.267136,0.25792,0.507776,0.253152,0.249728,0.266112
11859,0.05024,0.528096,2.59274,0.266112,0.25792,0.253824,0.249728,0.249728,0.266112
11860,0.050688,0.525024,2.59072,0.266112,0.256896,0.253824,0.249728,0.251776,0.266112
11861,0.050624,0.523808,2.58413,0.266112,0.25792,0.254848,0.249728,0.249728,0.266112
11862,0.050272,0.528192,2.87814,0.266112,0.25792,0.255872,0.249728,0.249728,0.267488
11863,0.05024,0.529312,2.58646,0.266112,0.256896,0.253824,0.249728,0.249728,0.266112
11864,0.050336,0.528608,2.58355,0.266112,0.25792,0.253824,0.250752,0.249728,0.266112
11865,0.050528,0.52864,2.59818,0.27776,0.263392,0.255872,0.249728,0.404384,0.504704
11866,0.050496,0.529248,2.58858,0.266112,0.257952,0.254848,0.249728,0.249728,0.266112
11867,0.050784,0.52624,2.58666,0.266112,0.25792,0.253824,0.249728,0.249728,0.266112
11868,0.05008,0.524992,2.59219,0.266112,0.258944,0.253824,0.249728,0.249728,0.266112
11869,0.050784,0.530496,2.85325,0.266112,0.25792,0.253824,0.24976,0.249696,0.26544
11870,0.050304,0.526848,2.58419,0.264064,0.25792,0.255872,0.248704,0.249728,0.266112
11871,0.05008,0.526624,2.58771,0.267136,0.25792,0.253824,0.24768,0.249728,0.266112
11872,0.050208,0.528608,2.86298,0.266112,0.25792,0.253824,0.249728,0.249728,0.267456
11873,0.050496,0.5264,2.58602,0.266112,0.25792,0.253824,0.24768,0.250752,0.266112
11874,0.049856,0.52864,2.59194,0.265088,0.25792,0.253824,0.249728,0.249728,0.266112
11875,0.049792,0.531392,2.58499,0.266112,0.257952,0.253824,0.249728,0.249728,0.266112
11876,0.050752,0.8088,2.58957,0.264064,0.25792,0.253824,0.249728,0.248704,0.266112
11877,0.049952,0.5288,2.59133,0.266112,0.25792,0.254848,0.249728,0.249728,0.266112
11878,0.050304,0.524832,2.5872,0.266144,0.25792,0.253824,0.249728,0.249728,0.266112
11879,0.051008,0.526656,2.85802,0.266112,0.25792,0.253824,0.249728,0.249728,0.267456
11880,0.050528,0.529472,2.59088,0.266112,0.25792,0.254848,0.249728,0.249728,0.266112
11881,0.050464,0.527424,2.58406,0.266144,0.25792,0.253824,0.249728,0.251776,0.266112
11882,0.050912,0.529824,2.58512,0.266112,0.51392,0.253824,0.249728,0.249728,0.266112
11883,0.049984,0.528896,2.59184,0.266112,0.25792,0.2528,0.249728,0.249728,0.266112
11884,0.04992,0.527456,2.58992,0.266144,0.25792,0.255872,0.249728,0.249728,0.265088
11885,0.050912,0.526464,2.58493,0.266112,0.258944,0.253824,0.249728,0.24976,0.266112
11886,0.0504,0.525984,3.03654,0.266112,0.25792,0.253824,0.249728,0.249728,0.269536
11887,0.050368,0.527616,2.58733,0.266112,0.257952,0.253824,0.249728,0.250784,0.266112
11888,0.050432,0.530464,2.58592,0.266112,0.25792,0.254848,0.249728,0.249728,0.266112
11889,0.050624,0.52672,2.5929,0.266112,0.259968,0.253824,0.419712,0.253184,0.266112
11890,0.0504,0.697824,2.58765,0.266112,0.258944,0.253824,0.249728,0.249728,0.266112
11891,0.050656,0.53056,2.58781,0.266112,0.25792,0.254848,0.249728,0.249728,0.266112
11892,0.050432,0.52928,2.59318,0.266112,0.25792,0.253824,0.249728,0.249728,0.265088
11893,0.050656,0.530176,2.87101,0.264064,0.25792,0.253824,0.24976,0.249728,0.26544
11894,0.050624,0.527456,2.58522,0.266112,0.25792,0.253824,0.249728,0.249728,0.266112
11895,0.050208,0.527392,2.59203,0.266112,0.257952,0.253824,0.248704,0.24976,0.266112
11896,0.051008,0.527328,2.58765,0.43712,0.263424,0.257248,0.249728,0.402304,0.270208
11897,0.05024,0.53584,2.58717,0.26816,0.25792,0.254848,0.249728,0.249728,0.266112
11898,0.050176,0.52928,2.59258,0.266112,0.25792,0.253824,0.249728,0.249728,0.266112
11899,0.05024,0.526464,2.58726,0.266112,0.258944,0.255872,0.249728,0.249728,0.266112
11900,0.050944,0.529056,2.87664,0.266112,0.25792,0.253824,0.249728,0.249728,0.26544
11901,0.050048,0.527904,2.5912,0.266112,0.258944,0.253824,0.249728,0.249728,0.266112
11902,0.050432,0.529344,2.58947,0.266112,0.257952,0.254848,0.249728,0.249728,0.266112
11903,0.051136,0.525888,2.87018,0.266112,0.25792,0.253824,0.249728,0.249728,0.277728
11904,0.050016,0.527904,2.58838,0.266112,0.25792,0.253824,0.24768,0.250752,0.266112
11905,0.050368,0.526176,2.59085,0.264064,0.25792,0.254848,0.249728,0.251776,0.266112
11906,0.050592,0.52912,2.58627,0.266112,0.25792,0.255872,0.249728,0.249728,0.266112
11907,0.050656,0.811264,2.59078,0.266112,0.256896,0.253824,0.249728,0.249728,0.266112
11908,0.050208,0.525376,2.58726,0.266112,0.25792,0.254848,0.249728,0.249728,0.266112
11909,0.050368,0.53024,2.58189,0.266112,0.257952,0.253824,0.249728,0.249728,0.265088
11910,0.050016,0.527392,2.86698,0.416672,0.25792,0.261344,0.249728,0.249728,0.267488
11911,0.050176,0.52576,2.58522,0.266112,0.257952,0.253824,0.249728,0.249728,0.266112
11912,0.050816,0.52544,2.58368,0.26816,0.25792,0.253824,0.249728,0.250752,0.266112
11913,0.050688,0.527648,2.58842,0.266112,0.523136,0.254848,0.249728,0.249728,0.266112
11914,0.050336,0.526336,2.58429,0.266112,0.25792,0.2528,0.249728,0.251776,0.266112
11915,0.050976,0.53184,2.58666,0.266112,0.25792,0.255872,0.249728,0.249728,0.267136
11916,0.050144,0.52528,2.5936,0.266112,0.258944,0.253824,0.249728,0.249728,0.266112
11917,0.050208,0.526624,2.86461,0.266112,0.25792,0.253824,0.249728,0.24976,0.26544
11918,0.050816,0.530528,2.58349,0.266112,0.25792,0.253824,0.249728,0.24976,0.267136
11919,0.0504,0.52704,2.59421,0.266112,0.25792,0.253824,0.249728,0.249728,0.266112
11920,0.050432,0.525216,2.58637,0.266112,0.259968,0.253824,0.51392,0.2552,0.266112
11921,0.05072,0.527456,2.58576,0.265088,0.25792,0.253824,0.249728,0.249728,0.266112
11922,0.05008,0.527552,2.59187,0.266112,0.25792,0.253824,0.249728,0.249728,0.266112
11923,0.05024,0.5296,2.58637,0.266112,0.25792,0.253824,0.249728,0.250752,0.266112
11924,0.05056,0.527264,2.85971,0.266112,0.25792,0.253824,0.249728,0.249728,0.267488
11925,0.050336,0.528224,2.59088,0.266112,0.25792,0.253824,0.249728,0.249728,0.266112
11926,0.050208,0.530176,2.58742,0.266112,0.25792,0.253824,0.249728,0.250752,0.266112
11927,0.050528,0.526688,2.58317,0.266112,0.25792,0.515968,0.251008,0.251776,0.266112
11928,0.04992,0.525664,2.59277,0.266112,0.25792,0.255872,0.249728,0.249728,0.266112
11929,0.04992,0.528,2.58579,0.266112,0.256896,0.253856,0.249728,0.249728,0.266112
11930,0.051168,0.526816,2.58541,0.266112,0.25792,0.254848,0.249728,0.249728,0.266112
11931,0.050528,0.528096,3.03616,0.266112,0.25792,0.253824,0.249728,0.249728,0.265376
11932,0.050112,0.524768,2.58515,0.267136,0.25792,0.253824,0.249728,0.249728,0.266112
11933,0.050368,0.527936,2.58742,0.266112,0.25792,0.253824,0.249728,0.249728,0.266112
11934,0.050432,0.524128,2.59334,0.263424,0.259968,0.253856,0.400256,0.255136,0.441216
11935,0.0504,0.529024,2.58666,0.267136,0.25792,0.253824,0.249728,0.249728,0.266112
11936,0.050368,0.530272,2.5849,0.266112,0.25792,0.253824,0.249728,0.249728,0.266112
11937,0.049984,0.526976,2.59075,0.266112,0.25792,0.253824,0.249728,0.250752,0.266112
11938,0.050848,0.806464,2.58717,0.266112,0.258944,0.253824,0.24976,0.251776,0.266112
11939,0.050592,0.5304,2.58573,0.266112,0.25792,0.253824,0.248704,0.249728,0.266112
11940,0.050496,0.5264,2.59606,0.266112,0.25792,0.255872,0.249728,0.249728,0.265088
11941,0.050432,0.526112,2.86666,0.266112,0.25792,0.253856,0.249728,0.249728,0.265408
11942,0.050752,0.528352,2.58464,0.266112,0.25792,0.253824,0.248736,0.249728,0.266112
11943,0.049728,0.52768,2.59091,0.267136,0.25792,0.253824,0.249728,0.249728,0.266112
11944,0.053184,0.533056,2.58163,0.266112,0.25792,0.253824,0.249728,0.24976,0.266112
11945,0.050816,0.77968,2.58406,0.266112,0.25792,0.255872,0.249728,0.250752,0.266112
11946,0.049568,0.528608,2.58992,0.267136,0.25792,0.253824,0.249728,0.249728,0.266112
11947,0.050688,0.528064,2.58816,0.266112,0.25792,0.253824,0.249728,0.249728,0.266112
11948,0.05072,0.527936,2.8601,0.266112,0.25792,0.255904,0.249728,0.249728,0.267392
11949,0.050528,0.525792,2.59046,0.266112,0.25792,0.254848,0.249728,0.249728,0.266112
11950,0.050176,0.531392,2.58595,0.266112,0.257952,0.253824,0.24768,0.249728,0.266112
11951,0.050912,0.527584,2.58957,0.266112,0.26544,0.253824,0.249728,0.505728,0.266112
11952,0.050464,0.529792,2.58995,0.266112,0.25792,0.254848,0.249728,0.249728,0.266112
11953,0.050336,0.528352,2.58928,0.266112,0.25792,0.253824,0.24976,0.249728,0.266112
11954,0.050304,0.526304,2.58083,0.266112,0.258944,0.253824,0.249728,0.249728,0.266112
11955,0.050624,0.52704,3.03622,0.264064,0.25792,0.253824,0.249728,0.249728,0.26752
11956,0.050176,0.526688,2.58966,0.266112,0.25792,0.255872,0.249728,0.250752,0.266112
11957,0.050784,0.52784,2.58234,0.265088,0.25792,0.253824,0.249728,0.249728,0.266112
11958,0.050144,0.531584,2.58771,0.266112,0.259968,0.422784,0.253152,0.251776,0.266112
11959,0.050464,0.69152,2.58496,0.266112,0.25792,0.255872,0.249728,0.250752,0.266112
11960,0.050496,0.528032,2.58784,0.267136,0.25792,0.253824,0.249728,0.249728,0.266112
11961,0.0504,0.53104,2.59114,0.266112,0.25792,0.253824,0.249728,0.24976,0.266112
11962,0.050304,0.524928,2.86806,0.264096,0.25792,0.253824,0.24768,0.249728,0.265472
11963,0.05088,0.528928,2.58394,0.266112,0.258976,0.253824,0.249728,0.249728,0.266112
11964,0.049888,0.529152,2.5911,0.266112,0.25792,0.253824,0.248704,0.249728,0.266112
11965,0.050368,0.527232,2.5879,0.271616,0.25792,0.255872,0.249728,0.249728,0.522112
11966,0.050848,0.528032,2.58614,0.266112,0.25792,0.253824,0.249728,0.249728,0.266112
11967,0.050176,0.52848,2.59101,0.266112,0.25792,0.253824,0.248704,0.249728,0.266112
11968,0.050144,0.527456,2.5872,0.267136,0.25792,0.253824,0.249728,0.249728,0.266112
11969,0.050848,0.533376,2.8767,0.266112,0.257952,0.255872,0.249728,0.249728,0.26752
11970,0.050016,0.5352,2.58781,0.266112,0.25792,0.255872,0.248704,0.249728,0.266112
11971,0.050144,0.528928,2.58464,0.265088,0.25792,0.253824,0.249728,0.249728,0.266112
11972,0.050976,0.52608,2.85242,0.266112,0.257952,0.253824,0.249728,0.249728,0.27776
11973,0.050464,0.529952,2.5879,0.266112,0.25792,0.253824,0.249728,0.250752,0.266112
11974,0.050144,0.526528,2.588,0.266112,0.25792,0.25488,0.249728,0.249728,0.266112
11975,0.050592,0.529376,2.58451,0.266112,0.25792,0.255872,0.249728,0.251776,0.266112
11976,0.050176,0.813088,2.75629,0.266112,0.25792,0.253824,0.249728,0.249728,0.265376
11977,0.050592,0.525824,2.58365,0.266112,0.25792,0.253856,0.249728,0.249728,0.266112
11978,0.050752,0.53056,2.5825,0.266112,0.25792,0.255872,0.249728,0.250752,0.266112
11979,0.051904,0.5288,2.86515,0.266112,0.25792,0.253824,0.249728,0.249728,0.26544
11980,0.050208,0.52864,2.58678,0.266112,0.25792,0.254848,0.249728,0.249728,0.266112
11981,0.050624,0.5288,2.5856,0.266112,0.25792,0.253824,0.249728,0.249728,0.265088
11982,0.054912,0.523136,2.59245,0.266112,0.431008,0.253824,0.249728,0.249728,0.266112
11983,0.051072,0.525248,2.76346,0.264064,0.25792,0.253824,0.247712,0.249728,0.26544
11984,0.051456,0.527936,2.58851,0.266112,0.25792,0.253824,0.24976,0.250752,0.266112
11985,0.049984,0.529376,2.59037,0.267136,0.25792,0.253824,0.249728,0.249728,0.266112
11986,0.050592,0.528736,2.86662,0.266112,0.25792,0.253824,0.249728,0.249728,0.26544
11987,0.050208,0.527968,2.58384,0.266112,0.25792,0.253824,0.249728,0.249728,0.265088
11988,0.050016,0.527776,2.59187,0.266112,0.25792,0.253824,0.249728,0.249728,0.266112
11989,0.0504,0.527136,2.58672,0.266112,0.25792,0.253824,0.50688,0.255072,0.264064
11990,0.050752,0.526464,2.5801,0.267136,0.25792,0.255872,0.249728,0.249728,0.266112
11991,0.051936,0.528768,2.58816,0.266112,0.25792,0.253824,0.249728,0.249728,0.266112
11992,0.049856,0.52992,2.59024,0.266112,0.25792,0.253824,0.248736,0.249728,0.266112
11993,0.05056,0.52672,2.86269,0.266112,0.25792,0.253824,0.249728,0.249728,0.265344
11994,0.05056,0.52656,2.58925,0.266112,0.25792,0.255872,0.249728,0.24976,0.266112
11995,0.05184,0.527264,2.58445,0.266112,0.25792,0.253824,0.249728,0.250752,0.266112
11996,0.052704,0.527904,2.58326,0.267136,0.410496,0.429952,0.251104,0.251808,0.266112
11997,0.050176,0.52576,2.59117,0.266112,0.25792,0.253824,0.248704,0.249728,0.266112
11998,0.050528,0.527392,2.58515,0.266112,0.25792,0.253824,0.249728,0.249728,0.265088
11999,0.052864,0.525792,2.5832,0.266112,0.25792,0.253824,0.249728,0.249728,0.266112
12000,0.0504,0.525952,3.02496,0.266112,0.25792,0.253824,0.249728,0.249728,0.267488
12001,0.050112,0.526336,2.58592,0.266112,0.25792,0.253824,0.249728,0.249728,0.267136
12002,0.050752,0.526176,2.58294,0.264064,0.25792,0.255872,0.249728,0.249728,0.266112
12003,0.050304,0.524896,2.86314,0.266112,0.25792,0.253824,0.249728,0.249728,0.27968
12004,0.050048,0.525504,2.58602,0.266112,0.258976,0.253824,0.249728,0.249728,0.266112
12005,0.050144,0.52736,2.58698,0.266112,0.25792,0.254848,0.249728,0.251776,0.266112
12006,0.049984,0.527008,2.5896,0.266112,0.25792,0.253824,0.249728,0.249728,0.265088
12007,0.050656,0.805728,2.58797,0.266112,0.258944,0.253824,0.249728,0.249728,0.266112
12008,0.050464,0.528448,2.58531,0.266112,0.25792,0.253824,0.248704,0.24976,0.266112
12009,0.050272,0.528672,2.58803,0.268192,0.25792,0.253824,0.249728,0.249728,0.267136
12010,0.050624,0.52992,2.86646,0.266112,0.25792,0.253824,0.24976,0.249728,0.265376
12011,0.05056,0.526144,2.58138,0.26816,0.25792,0.253824,0.248736,0.249728,0.266112
12012,0.049888,0.526688,2.58989,0.265088,0.25792,0.253824,0.249728,0.249728,0.266112
12013,0.0528,0.528928,2.58714,0.266112,0.25792,0.253824,0.249728,0.249728,0.266112
12014,0.050656,0.783744,2.58934,0.266112,0.25792,0.253824,0.249728,0.250752,0.266112
12015,0.050464,0.527712,2.59034,0.265088,0.25792,0.253824,0.24976,0.249728,0.266112
12016,0.05072,0.525824,2.58768,0.266112,0.25792,0.253824,0.249728,0.249728,0.266112
12017,0.050496,0.523904,2.8777,0.266112,0.257952,0.253824,0.249728,0.249728,0.267488
12018,0.050112,0.527808,2.5904,0.266112,0.25792,0.2528,0.249728,0.249728,0.266112
12019,0.050688,0.529632,2.58598,0.266112,0.25792,0.253824,0.249728,0.251776,0.266112
12020,0.05088,0.526304,2.58659,0.266112,0.265472,0.253824,0.249728,0.492416,0.266112
12021,0.050432,0.528224,2.75782,0.266112,0.25792,0.255872,0.249728,0.249728,0.267328
12022,0.050688,0.527712,2.5856,0.266112,0.25792,0.253824,0.248736,0.249728,0.264064
12023,0.050464,0.528512,2.58499,0.265088,0.25792,0.253824,0.249728,0.249728,0.266112
12024,0.050592,0.53088,2.86694,0.266112,0.259968,0.253824,0.249728,0.249728,0.265472
12025,0.05008,0.528128,2.58733,0.266112,0.25792,0.253824,0.249728,0.249728,0.266112
12026,0.05056,0.528064,2.5873,0.266112,0.258944,0.253824,0.24768,0.249728,0.266112
12027,0.050112,0.528224,2.59005,0.266112,0.257952,0.511872,0.253184,0.251776,0.266112
12028,0.050624,0.529792,2.58586,0.266112,0.257888,0.253824,0.249728,0.249728,0.265088
12029,0.050368,0.528672,2.58294,0.266112,0.258944,0.253824,0.249728,0.249728,0.266112
12030,0.04992,0.527168,2.59146,0.266112,0.259968,0.253824,0.248704,0.249728,0.266112
12031,0.050304,0.52848,2.86211,0.264032,0.25792,0.253856,0.249728,0.251776,0.26544
12032,0.050016,0.528544,2.58666,0.266112,0.258944,0.253824,0.249728,0.249728,0.266112
12033,0.050112,0.529856,2.59165,0.266112,0.25792,0.253824,0.250752,0.249728,0.266112
12034,0.050656,0.52704,2.58742,0.520064,0.257888,0.259296,0.249728,0.251808,0.269184
12035,0.05072,0.526592,2.58262,0.266112,0.25792,0.253824,0.249728,0.249728,0.266112
12036,0.050208,0.524832,2.58826,0.266112,0.25792,0.255872,0.24768,0.250784,0.266112
12037,0.049952,0.531424,2.58544,0.266144,0.257952,0.254848,0.24768,0.249728,0.266112
12038,0.051072,0.526912,2.96496,0.266112,0.25792,0.253824,0.249728,0.249728,0.267456
12039,0.050304,0.525888,2.59194,0.266112,0.25792,0.253824,0.249728,0.249728,0.267136
12040,0.050016,0.527648,2.58602,0.266112,0.25792,0.255872,0.249728,0.249728,0.266112
12041,0.050784,0.52736,2.86166,0.266112,0.25792,0.336768,0.2552,0.251776,0.271552
12042,0.049856,0.525248,2.59181,0.266112,0.25792,0.255872,0.249728,0.249728,0.267136
12043,0.049792,0.529856,2.58621,0.266112,0.258944,0.253824,0.249728,0.249728,0.266112
12044,0.05056,0.527776,2.58243,0.266112,0.25792,0.255872,0.250752,0.249728,0.266112
12045,0.050048,0.812224,2.59328,0.264064,0.258944,0.253824,0.249728,0.249728,0.266112
12046,0.049952,0.52912,2.58368,0.266112,0.25792,0.254848,0.249728,0.249728,0.266112
12047,0.050944,0.531776,2.58102,0.266112,0.25792,0.253856,0.249728,0.249728,0.267136
12048,0.050528,0.5264,2.87114,0.266112,0.25792,0.253824,0.249728,0.249728,0.26752
12049,0.050048,0.527232,2.58682,0.266112,0.25792,0.254848,0.249728,0.249728,0.266112
12050,0.050176,0.527072,2.58909,0.266112,0.25792,0.255872,0.249728,0.249728,0.267136
12051,0.05712,0.523552,2.58976,0.266112,0.42176,0.255872,0.249728,0.249728,0.266112
12052,0.05024,0.524736,2.76294,0.266112,0.25792,0.253792,0.24976,0.249728,0.267488
12053,0.050624,0.527744,2.5815,0.266112,0.25792,0.255872,0.249728,0.250752,0.266112
12054,0.050208,0.524512,2.58954,0.267136,0.25792,0.253824,0.249728,0.249728,0.266112
